source_row_id,date,kitchen,sku,units_wasted,est_waste_cost_thb,week_start,packaging_cost_per_cup_thb,labor_cost_per_cup_thb,base_price_thb,fruit_cost_raw_thb,fruit_cost_used_thb,waste_cost_raw_thb,waste_cost_status
2,2025-09-01,BKK_Ladprao,Guava,3,46.95,2025-09-01,6,5.5,49.0,9.65,9.65,46.95,observed_estimated_cost
3,2025-09-01,BKK_Ladprao,PassionFruit,4,99.92,2025-09-01,6,6,65.0,18.98,18.98,99.92,observed_estimated_cost
4,2025-09-01,BKK_Ladprao,Pineapple,2,31.76,2025-09-01,6,5,49.0,9.88,9.88,31.76,observed_estimated_cost
5,2025-09-01,BKK_Ladprao,Watermelon,7,99.54,2025-09-01,6,5,45.0,8.22,8.22,99.54,observed_estimated_cost
6,2025-09-01,BKK_Sukhumvit,Guava,2,31.3,2025-09-01,6,5.5,49.0,9.65,9.65,31.3,observed_estimated_cost
7,2025-09-01,BKK_Sukhumvit,PassionFruit,3,74.94,2025-09-01,6,6,65.0,18.98,18.98,74.94,observed_estimated_cost
8,2025-09-01,BKK_Sukhumvit,Pineapple,3,47.64,2025-09-01,6,5,49.0,9.88,9.88,47.64,observed_estimated_cost
9,2025-09-01,BKK_Sukhumvit,Watermelon,5,71.1,2025-09-01,6,5,45.0,8.22,8.22,71.1,observed_estimated_cost
10,2025-09-01,Pattaya_Beach,Guava,4,62.6,2025-09-01,6,5.5,49.0,9.65,9.65,62.6,observed_estimated_cost
11,2025-09-01,Pattaya_Beach,PassionFruit,4,99.92,2025-09-01,6,6,65.0,18.98,18.98,99.92,observed_estimated_cost
12,2025-09-01,Pattaya_Beach,Pineapple,8,127.04,2025-09-01,6,5,49.0,9.88,9.88,127.04,observed_estimated_cost
13,2025-09-01,Pattaya_Beach,Watermelon,5,71.1,2025-09-01,6,5,45.0,8.22,8.22,71.1,observed_estimated_cost
14,2025-09-01,Pattaya_Central,Guava,2,31.3,2025-09-01,6,5.5,49.0,9.65,9.65,31.3,observed_estimated_cost
15,2025-09-01,Pattaya_Central,PassionFruit,5,124.9,2025-09-01,6,6,65.0,18.98,18.98,124.9,observed_estimated_cost
16,2025-09-01,Pattaya_Central,Pineapple,4,63.52,2025-09-01,6,5,49.0,9.88,9.88,63.52,observed_estimated_cost
17,2025-09-01,Pattaya_Central,Watermelon,3,42.66,2025-09-01,6,5,45.0,8.22,8.22,42.66,observed_estimated_cost
18,2025-09-02,BKK_Ladprao,Guava,3,46.95,2025-09-01,6,5.5,49.0,9.65,9.65,46.95,observed_estimated_cost
19,2025-09-02,BKK_Ladprao,PassionFruit,2,49.96,2025-09-01,6,6,65.0,18.98,18.98,49.96,observed_estimated_cost
20,2025-09-02,BKK_Ladprao,Pineapple,4,63.52,2025-09-01,6,5,49.0,9.88,9.88,63.52,observed_estimated_cost
21,2025-09-02,BKK_Ladprao,Watermelon,5,71.1,2025-09-01,6,5,45.0,8.22,8.22,71.1,observed_estimated_cost
22,2025-09-02,BKK_Sukhumvit,Guava,2,31.3,2025-09-01,6,5.5,49.0,9.65,9.65,31.3,observed_estimated_cost
23,2025-09-02,BKK_Sukhumvit,PassionFruit,5,124.9,2025-09-01,6,6,65.0,18.98,18.98,124.9,observed_estimated_cost
24,2025-09-02,BKK_Sukhumvit,Pineapple,1,15.88,2025-09-01,6,5,49.0,9.88,9.88,15.88,observed_estimated_cost
25,2025-09-02,BKK_Sukhumvit,Watermelon,4,56.88,2025-09-01,6,5,45.0,8.22,8.22,56.88,observed_estimated_cost
26,2025-09-02,Pattaya_Beach,Guava,3,46.95,2025-09-01,6,5.5,49.0,9.65,9.65,46.95,observed_estimated_cost
27,2025-09-02,Pattaya_Beach,PassionFruit,1,24.98,2025-09-01,6,6,65.0,18.98,18.98,24.98,observed_estimated_cost
28,2025-09-02,Pattaya_Beach,Pineapple,2,31.76,2025-09-01,6,5,49.0,9.88,9.88,31.76,observed_estimated_cost
29,2025-09-02,Pattaya_Beach,Watermelon,2,28.44,2025-09-01,6,5,45.0,8.22,8.22,28.44,observed_estimated_cost
30,2025-09-02,Pattaya_Central,Guava,2,31.3,2025-09-01,6,5.5,49.0,9.65,9.65,31.3,observed_estimated_cost
31,2025-09-02,Pattaya_Central,PassionFruit,3,74.94,2025-09-01,6,6,65.0,18.98,18.98,74.94,observed_estimated_cost
32,2025-09-02,Pattaya_Central,Pineapple,2,31.76,2025-09-01,6,5,49.0,9.88,9.88,31.76,observed_estimated_cost
33,2025-09-02,Pattaya_Central,Watermelon,5,71.1,2025-09-01,6,5,45.0,8.22,8.22,71.1,observed_estimated_cost
34,2025-09-03,BKK_Ladprao,Guava,1,15.65,2025-09-01,6,5.5,49.0,9.65,9.65,15.65,observed_estimated_cost
35,2025-09-03,BKK_Ladprao,PassionFruit,4,99.92,2025-09-01,6,6,65.0,18.98,18.98,99.92,observed_estimated_cost
36,2025-09-03,BKK_Ladprao,Pineapple,3,47.64,2025-09-01,6,5,49.0,9.88,9.88,47.64,observed_estimated_cost
37,2025-09-03,BKK_Ladprao,Watermelon,4,56.88,2025-09-01,6,5,45.0,8.22,8.22,56.88,observed_estimated_cost
38,2025-09-03,BKK_Sukhumvit,Guava,2,31.3,2025-09-01,6,5.5,49.0,9.65,9.65,31.3,observed_estimated_cost
39,2025-09-03,BKK_Sukhumvit,PassionFruit,3,74.94,2025-09-01,6,6,65.0,18.98,18.98,74.94,observed_estimated_cost
40,2025-09-03,BKK_Sukhumvit,Pineapple,3,47.64,2025-09-01,6,5,49.0,9.88,9.88,47.64,observed_estimated_cost
41,2025-09-03,BKK_Sukhumvit,Watermelon,6,85.32,2025-09-01,6,5,45.0,8.22,8.22,85.32,observed_estimated_cost
42,2025-09-03,Pattaya_Beach,Guava,3,46.95,2025-09-01,6,5.5,49.0,9.65,9.65,46.95,observed_estimated_cost
43,2025-09-03,Pattaya_Beach,PassionFruit,3,74.94,2025-09-01,6,6,65.0,18.98,18.98,74.94,observed_estimated_cost
44,2025-09-03,Pattaya_Beach,Pineapple,6,95.28,2025-09-01,6,5,49.0,9.88,9.88,95.28,observed_estimated_cost
45,2025-09-03,Pattaya_Beach,Watermelon,5,71.1,2025-09-01,6,5,45.0,8.22,8.22,71.1,observed_estimated_cost
46,2025-09-03,Pattaya_Central,Guava,3,46.95,2025-09-01,6,5.5,49.0,9.65,9.65,46.95,observed_estimated_cost
47,2025-09-03,Pattaya_Central,PassionFruit,3,74.94,2025-09-01,6,6,65.0,18.98,18.98,74.94,observed_estimated_cost
48,2025-09-03,Pattaya_Central,Pineapple,5,79.4,2025-09-01,6,5,49.0,9.88,9.88,79.4,observed_estimated_cost
49,2025-09-03,Pattaya_Central,Watermelon,2,28.44,2025-09-01,6,5,45.0,8.22,8.22,28.44,observed_estimated_cost
50,2025-09-04,BKK_Ladprao,Guava,1,15.65,2025-09-01,6,5.5,49.0,9.65,9.65,15.65,observed_estimated_cost
51,2025-09-04,BKK_Ladprao,PassionFruit,1,24.98,2025-09-01,6,6,65.0,18.98,18.98,24.98,observed_estimated_cost
52,2025-09-04,BKK_Ladprao,Pineapple,3,47.64,2025-09-01,6,5,49.0,9.88,9.88,47.64,observed_estimated_cost
53,2025-09-04,BKK_Ladprao,Watermelon,3,42.66,2025-09-01,6,5,45.0,8.22,8.22,42.66,observed_estimated_cost
54,2025-09-04,BKK_Sukhumvit,Guava,3,46.95,2025-09-01,6,5.5,49.0,9.65,9.65,46.95,observed_estimated_cost
55,2025-09-04,BKK_Sukhumvit,PassionFruit,3,74.94,2025-09-01,6,6,65.0,18.98,18.98,74.94,observed_estimated_cost
56,2025-09-04,BKK_Sukhumvit,Pineapple,4,63.52,2025-09-01,6,5,49.0,9.88,9.88,63.52,observed_estimated_cost
57,2025-09-04,BKK_Sukhumvit,Watermelon,4,56.88,2025-09-01,6,5,45.0,8.22,8.22,56.88,observed_estimated_cost
58,2025-09-04,Pattaya_Beach,Guava,2,31.3,2025-09-01,6,5.5,49.0,9.65,9.65,31.3,observed_estimated_cost
59,2025-09-04,Pattaya_Beach,PassionFruit,1,24.98,2025-09-01,6,6,65.0,18.98,18.98,24.98,observed_estimated_cost
60,2025-09-04,Pattaya_Beach,Pineapple,4,63.52,2025-09-01,6,5,49.0,9.88,9.88,63.52,observed_estimated_cost
61,2025-09-04,Pattaya_Beach,Watermelon,4,56.88,2025-09-01,6,5,45.0,8.22,8.22,56.88,observed_estimated_cost
62,2025-09-04,Pattaya_Central,Guava,5,78.25,2025-09-01,6,5.5,49.0,9.65,9.65,78.25,observed_estimated_cost
63,2025-09-04,Pattaya_Central,PassionFruit,5,124.9,2025-09-01,6,6,65.0,18.98,18.98,124.9,observed_estimated_cost
64,2025-09-04,Pattaya_Central,Pineapple,7,111.16,2025-09-01,6,5,49.0,9.88,9.88,111.16,observed_estimated_cost
65,2025-09-04,Pattaya_Central,Watermelon,1,14.22,2025-09-01,6,5,45.0,8.22,8.22,14.22,observed_estimated_cost
66,2025-09-05,BKK_Ladprao,Guava,3,46.95,2025-09-01,6,5.5,49.0,9.65,9.65,46.95,observed_estimated_cost
67,2025-09-05,BKK_Ladprao,PassionFruit,6,149.88,2025-09-01,6,6,65.0,18.98,18.98,149.88,observed_estimated_cost
68,2025-09-05,BKK_Ladprao,Pineapple,7,111.16,2025-09-01,6,5,49.0,9.88,9.88,111.16,observed_estimated_cost
69,2025-09-05,BKK_Ladprao,Watermelon,4,56.88,2025-09-01,6,5,45.0,8.22,8.22,56.88,observed_estimated_cost
70,2025-09-05,BKK_Sukhumvit,Guava,2,31.3,2025-09-01,6,5.5,49.0,9.65,9.65,31.3,observed_estimated_cost
71,2025-09-05,BKK_Sukhumvit,PassionFruit,5,124.9,2025-09-01,6,6,65.0,18.98,18.98,124.9,observed_estimated_cost
72,2025-09-05,BKK_Sukhumvit,Pineapple,7,111.16,2025-09-01,6,5,49.0,9.88,9.88,111.16,observed_estimated_cost
73,2025-09-05,BKK_Sukhumvit,Watermelon,5,71.1,2025-09-01,6,5,45.0,8.22,8.22,71.1,observed_estimated_cost
74,2025-09-05,Pattaya_Beach,Guava,4,62.6,2025-09-01,6,5.5,49.0,9.65,9.65,62.6,observed_estimated_cost
75,2025-09-05,Pattaya_Beach,PassionFruit,4,99.92,2025-09-01,6,6,65.0,18.98,18.98,99.92,observed_estimated_cost
76,2025-09-05,Pattaya_Beach,Pineapple,4,63.52,2025-09-01,6,5,49.0,9.88,9.88,63.52,observed_estimated_cost
77,2025-09-05,Pattaya_Beach,Watermelon,3,42.66,2025-09-01,6,5,45.0,8.22,8.22,42.66,observed_estimated_cost
78,2025-09-05,Pattaya_Central,Guava,3,46.95,2025-09-01,6,5.5,49.0,9.65,9.65,46.95,observed_estimated_cost
79,2025-09-05,Pattaya_Central,PassionFruit,6,149.88,2025-09-01,6,6,65.0,18.98,18.98,149.88,observed_estimated_cost
80,2025-09-05,Pattaya_Central,Pineapple,11,174.68,2025-09-01,6,5,49.0,9.88,9.88,174.68,observed_estimated_cost
81,2025-09-05,Pattaya_Central,Watermelon,6,85.32,2025-09-01,6,5,45.0,8.22,8.22,85.32,observed_estimated_cost
82,2025-09-06,BKK_Ladprao,Guava,4,62.6,2025-09-01,6,5.5,49.0,9.65,9.65,62.6,observed_estimated_cost
83,2025-09-06,BKK_Ladprao,PassionFruit,2,49.96,2025-09-01,6,6,65.0,18.98,18.98,49.96,observed_estimated_cost
84,2025-09-06,BKK_Ladprao,Pineapple,4,63.52,2025-09-01,6,5,49.0,9.88,9.88,63.52,observed_estimated_cost
85,2025-09-06,BKK_Ladprao,Watermelon,5,71.1,2025-09-01,6,5,45.0,8.22,8.22,71.1,observed_estimated_cost
86,2025-09-06,BKK_Sukhumvit,Guava,1,15.65,2025-09-01,6,5.5,49.0,9.65,9.65,15.65,observed_estimated_cost
87,2025-09-06,BKK_Sukhumvit,PassionFruit,5,124.9,2025-09-01,6,6,65.0,18.98,18.98,124.9,observed_estimated_cost
88,2025-09-06,BKK_Sukhumvit,Pineapple,5,79.4,2025-09-01,6,5,49.0,9.88,9.88,79.4,observed_estimated_cost
89,2025-09-06,BKK_Sukhumvit,Watermelon,4,56.88,2025-09-01,6,5,45.0,8.22,8.22,56.88,observed_estimated_cost
90,2025-09-06,Pattaya_Beach,Guava,3,46.95,2025-09-01,6,5.5,49.0,9.65,9.65,46.95,observed_estimated_cost
91,2025-09-06,Pattaya_Beach,PassionFruit,3,74.94,2025-09-01,6,6,65.0,18.98,18.98,74.94,observed_estimated_cost
92,2025-09-06,Pattaya_Beach,Pineapple,6,95.28,2025-09-01,6,5,49.0,9.88,9.88,95.28,observed_estimated_cost
93,2025-09-06,Pattaya_Beach,Watermelon,6,85.32,2025-09-01,6,5,45.0,8.22,8.22,85.32,observed_estimated_cost
94,2025-09-06,Pattaya_Central,Guava,5,78.25,2025-09-01,6,5.5,49.0,9.65,9.65,78.25,observed_estimated_cost
95,2025-09-06,Pattaya_Central,PassionFruit,8,199.84,2025-09-01,6,6,65.0,18.98,18.98,199.84,observed_estimated_cost
96,2025-09-06,Pattaya_Central,Pineapple,7,111.16,2025-09-01,6,5,49.0,9.88,9.88,111.16,observed_estimated_cost
97,2025-09-06,Pattaya_Central,Watermelon,7,99.54,2025-09-01,6,5,45.0,8.22,8.22,99.54,observed_estimated_cost
98,2025-09-07,BKK_Ladprao,Guava,3,46.95,2025-09-01,6,5.5,49.0,9.65,9.65,46.95,observed_estimated_cost
99,2025-09-07,BKK_Ladprao,PassionFruit,3,74.94,2025-09-01,6,6,65.0,18.98,18.98,74.94,observed_estimated_cost
100,2025-09-07,BKK_Ladprao,Pineapple,5,79.4,2025-09-01,6,5,49.0,9.88,9.88,79.4,observed_estimated_cost
101,2025-09-07,BKK_Ladprao,Watermelon,5,71.1,2025-09-01,6,5,45.0,8.22,8.22,71.1,observed_estimated_cost
102,2025-09-07,BKK_Sukhumvit,Guava,2,31.3,2025-09-01,6,5.5,49.0,9.65,9.65,31.3,observed_estimated_cost
103,2025-09-07,BKK_Sukhumvit,PassionFruit,4,99.92,2025-09-01,6,6,65.0,18.98,18.98,99.92,observed_estimated_cost
104,2025-09-07,BKK_Sukhumvit,Pineapple,2,31.76,2025-09-01,6,5,49.0,9.88,9.88,31.76,observed_estimated_cost
105,2025-09-07,BKK_Sukhumvit,Watermelon,3,42.66,2025-09-01,6,5,45.0,8.22,8.22,42.66,observed_estimated_cost
106,2025-09-07,Pattaya_Beach,Guava,4,62.6,2025-09-01,6,5.5,49.0,9.65,9.65,62.6,observed_estimated_cost
107,2025-09-07,Pattaya_Beach,PassionFruit,3,74.94,2025-09-01,6,6,65.0,18.98,18.98,74.94,observed_estimated_cost
108,2025-09-07,Pattaya_Beach,Pineapple,4,63.52,2025-09-01,6,5,49.0,9.88,9.88,63.52,observed_estimated_cost
109,2025-09-07,Pattaya_Beach,Watermelon,3,42.66,2025-09-01,6,5,45.0,8.22,8.22,42.66,observed_estimated_cost
110,2025-09-07,Pattaya_Central,Guava,6,93.9,2025-09-01,6,5.5,49.0,9.65,9.65,93.9,observed_estimated_cost
111,2025-09-07,Pattaya_Central,PassionFruit,4,99.92,2025-09-01,6,6,65.0,18.98,18.98,99.92,observed_estimated_cost
112,2025-09-07,Pattaya_Central,Pineapple,5,79.4,2025-09-01,6,5,49.0,9.88,9.88,79.4,observed_estimated_cost
113,2025-09-07,Pattaya_Central,Watermelon,4,56.88,2025-09-01,6,5,45.0,8.22,8.22,56.88,observed_estimated_cost
114,2025-09-08,BKK_Ladprao,Guava,3,46.41,2025-09-08,6,5.5,49.0,9.47,9.47,46.41,observed_estimated_cost
115,2025-09-08,BKK_Ladprao,PassionFruit,7,176.54,2025-09-08,6,6,65.0,19.22,19.22,176.54,observed_estimated_cost
116,2025-09-08,BKK_Ladprao,Pineapple,2,33.9,2025-09-08,6,5,49.0,10.95,10.95,33.9,observed_estimated_cost
117,2025-09-08,BKK_Ladprao,Watermelon,3,41.04,2025-09-08,6,5,45.0,7.68,7.68,41.04,observed_estimated_cost
118,2025-09-08,BKK_Sukhumvit,Guava,2,30.94,2025-09-08,6,5.5,49.0,9.47,9.47,30.94,observed_estimated_cost
119,2025-09-08,BKK_Sukhumvit,PassionFruit,4,100.88,2025-09-08,6,6,65.0,19.22,19.22,100.88,observed_estimated_cost
120,2025-09-08,BKK_Sukhumvit,Pineapple,4,67.8,2025-09-08,6,5,49.0,10.95,10.95,67.8,observed_estimated_cost
121,2025-09-08,BKK_Sukhumvit,Watermelon,5,68.4,2025-09-08,6,5,45.0,7.68,7.68,68.4,observed_estimated_cost
122,2025-09-08,Pattaya_Beach,Guava,1,15.47,2025-09-08,6,5.5,49.0,9.47,9.47,15.47,observed_estimated_cost
123,2025-09-08,Pattaya_Beach,PassionFruit,3,75.66,2025-09-08,6,6,65.0,19.22,19.22,75.66,observed_estimated_cost
124,2025-09-08,Pattaya_Beach,Pineapple,2,33.9,2025-09-08,6,5,49.0,10.95,10.95,33.9,observed_estimated_cost
125,2025-09-08,Pattaya_Beach,Watermelon,3,41.04,2025-09-08,6,5,45.0,7.68,7.68,41.04,observed_estimated_cost
126,2025-09-08,Pattaya_Central,Guava,2,30.94,2025-09-08,6,5.5,49.0,9.47,9.47,30.94,observed_estimated_cost
127,2025-09-08,Pattaya_Central,PassionFruit,2,50.44,2025-09-08,6,6,65.0,19.22,19.22,50.44,observed_estimated_cost
128,2025-09-08,Pattaya_Central,Pineapple,5,84.75,2025-09-08,6,5,49.0,10.95,10.95,84.75,observed_estimated_cost
129,2025-09-08,Pattaya_Central,Watermelon,4,54.72,2025-09-08,6,5,45.0,7.68,7.68,54.72,observed_estimated_cost
130,2025-09-09,BKK_Ladprao,Guava,5,77.35,2025-09-08,6,5.5,49.0,9.47,9.47,77.35,observed_estimated_cost
131,2025-09-09,BKK_Ladprao,PassionFruit,12,302.64,2025-09-08,6,6,65.0,19.22,19.22,302.64,observed_estimated_cost
132,2025-09-09,BKK_Ladprao,Pineapple,10,169.5,2025-09-08,6,5,49.0,10.95,10.95,169.5,observed_estimated_cost
133,2025-09-09,BKK_Ladprao,Watermelon,11,150.48,2025-09-08,6,5,45.0,7.68,7.68,150.48,observed_estimated_cost
134,2025-09-09,BKK_Sukhumvit,Guava,4,61.88,2025-09-08,6,5.5,49.0,9.47,9.47,61.88,observed_estimated_cost
135,2025-09-09,BKK_Sukhumvit,PassionFruit,9,226.98,2025-09-08,6,6,65.0,19.22,19.22,226.98,observed_estimated_cost
136,2025-09-09,BKK_Sukhumvit,Pineapple,8,135.6,2025-09-08,6,5,49.0,10.95,10.95,135.6,observed_estimated_cost
137,2025-09-09,BKK_Sukhumvit,Watermelon,6,82.08,2025-09-08,6,5,45.0,7.68,7.68,82.08,observed_estimated_cost
138,2025-09-09,Pattaya_Beach,Guava,5,77.35,2025-09-08,6,5.5,49.0,9.47,9.47,77.35,observed_estimated_cost
139,2025-09-09,Pattaya_Beach,PassionFruit,5,126.1,2025-09-08,6,6,65.0,19.22,19.22,126.1,observed_estimated_cost
140,2025-09-09,Pattaya_Beach,Pineapple,8,135.6,2025-09-08,6,5,49.0,10.95,10.95,135.6,observed_estimated_cost
141,2025-09-09,Pattaya_Beach,Watermelon,7,95.76,2025-09-08,6,5,45.0,7.68,7.68,95.76,observed_estimated_cost
142,2025-09-09,Pattaya_Central,Guava,3,46.41,2025-09-08,6,5.5,49.0,9.47,9.47,46.41,observed_estimated_cost
143,2025-09-09,Pattaya_Central,PassionFruit,6,151.32,2025-09-08,6,6,65.0,19.22,19.22,151.32,observed_estimated_cost
144,2025-09-09,Pattaya_Central,Pineapple,9,152.55,2025-09-08,6,5,49.0,10.95,10.95,152.55,observed_estimated_cost
145,2025-09-09,Pattaya_Central,Watermelon,12,164.16,2025-09-08,6,5,45.0,7.68,7.68,164.16,observed_estimated_cost
146,2025-09-10,BKK_Ladprao,Guava,1,15.47,2025-09-08,6,5.5,49.0,9.47,9.47,15.47,observed_estimated_cost
147,2025-09-10,BKK_Ladprao,PassionFruit,4,100.88,2025-09-08,6,6,65.0,19.22,19.22,100.88,observed_estimated_cost
148,2025-09-10,BKK_Ladprao,Pineapple,3,50.85,2025-09-08,6,5,49.0,10.95,10.95,50.85,observed_estimated_cost
149,2025-09-10,BKK_Ladprao,Watermelon,4,54.72,2025-09-08,6,5,45.0,7.68,7.68,54.72,observed_estimated_cost
150,2025-09-10,BKK_Sukhumvit,Guava,3,46.41,2025-09-08,6,5.5,49.0,9.47,9.47,46.41,observed_estimated_cost
151,2025-09-10,BKK_Sukhumvit,PassionFruit,4,100.88,2025-09-08,6,6,65.0,19.22,19.22,100.88,observed_estimated_cost
152,2025-09-10,BKK_Sukhumvit,Pineapple,2,33.9,2025-09-08,6,5,49.0,10.95,10.95,33.9,observed_estimated_cost
153,2025-09-10,BKK_Sukhumvit,Watermelon,2,27.36,2025-09-08,6,5,45.0,7.68,7.68,27.36,observed_estimated_cost
154,2025-09-10,Pattaya_Beach,Guava,3,46.41,2025-09-08,6,5.5,49.0,9.47,9.47,46.41,observed_estimated_cost
155,2025-09-10,Pattaya_Beach,PassionFruit,5,126.1,2025-09-08,6,6,65.0,19.22,19.22,126.1,observed_estimated_cost
156,2025-09-10,Pattaya_Beach,Pineapple,4,67.8,2025-09-08,6,5,49.0,10.95,10.95,67.8,observed_estimated_cost
157,2025-09-10,Pattaya_Beach,Watermelon,3,41.04,2025-09-08,6,5,45.0,7.68,7.68,41.04,observed_estimated_cost
158,2025-09-10,Pattaya_Central,Guava,4,61.88,2025-09-08,6,5.5,49.0,9.47,9.47,61.88,observed_estimated_cost
159,2025-09-10,Pattaya_Central,PassionFruit,2,50.44,2025-09-08,6,6,65.0,19.22,19.22,50.44,observed_estimated_cost
160,2025-09-10,Pattaya_Central,Pineapple,2,33.9,2025-09-08,6,5,49.0,10.95,10.95,33.9,observed_estimated_cost
161,2025-09-10,Pattaya_Central,Watermelon,1,13.68,2025-09-08,6,5,45.0,7.68,7.68,13.68,observed_estimated_cost
162,2025-09-11,BKK_Ladprao,Guava,3,46.41,2025-09-08,6,5.5,49.0,9.47,9.47,46.41,observed_estimated_cost
163,2025-09-11,BKK_Ladprao,PassionFruit,6,151.32,2025-09-08,6,6,65.0,19.22,19.22,151.32,observed_estimated_cost
164,2025-09-11,BKK_Ladprao,Pineapple,6,101.7,2025-09-08,6,5,49.0,10.95,10.95,101.7,observed_estimated_cost
165,2025-09-11,BKK_Ladprao,Watermelon,4,54.72,2025-09-08,6,5,45.0,7.68,7.68,54.72,observed_estimated_cost
166,2025-09-11,BKK_Sukhumvit,Guava,4,61.88,2025-09-08,6,5.5,49.0,9.47,9.47,61.88,observed_estimated_cost
167,2025-09-11,BKK_Sukhumvit,PassionFruit,3,75.66,2025-09-08,6,6,65.0,19.22,19.22,75.66,observed_estimated_cost
168,2025-09-11,BKK_Sukhumvit,Pineapple,5,84.75,2025-09-08,6,5,49.0,10.95,10.95,84.75,observed_estimated_cost
169,2025-09-11,BKK_Sukhumvit,Watermelon,4,54.72,2025-09-08,6,5,45.0,7.68,7.68,54.72,observed_estimated_cost
170,2025-09-11,Pattaya_Beach,Guava,3,46.41,2025-09-08,6,5.5,49.0,9.47,9.47,46.41,observed_estimated_cost
171,2025-09-11,Pattaya_Beach,PassionFruit,6,151.32,2025-09-08,6,6,65.0,19.22,19.22,151.32,observed_estimated_cost
172,2025-09-11,Pattaya_Beach,Pineapple,3,50.85,2025-09-08,6,5,49.0,10.95,10.95,50.85,observed_estimated_cost
173,2025-09-11,Pattaya_Beach,Watermelon,5,68.4,2025-09-08,6,5,45.0,7.68,7.68,68.4,observed_estimated_cost
174,2025-09-11,Pattaya_Central,Guava,4,61.88,2025-09-08,6,5.5,49.0,9.47,9.47,61.88,observed_estimated_cost
175,2025-09-11,Pattaya_Central,PassionFruit,4,100.88,2025-09-08,6,6,65.0,19.22,19.22,100.88,observed_estimated_cost
176,2025-09-11,Pattaya_Central,Pineapple,5,84.75,2025-09-08,6,5,49.0,10.95,10.95,84.75,observed_estimated_cost
177,2025-09-11,Pattaya_Central,Watermelon,2,27.36,2025-09-08,6,5,45.0,7.68,7.68,27.36,observed_estimated_cost
178,2025-09-12,BKK_Ladprao,Guava,3,46.41,2025-09-08,6,5.5,49.0,9.47,9.47,46.41,observed_estimated_cost
179,2025-09-12,BKK_Ladprao,PassionFruit,4,100.88,2025-09-08,6,6,65.0,19.22,19.22,100.88,observed_estimated_cost
180,2025-09-12,BKK_Ladprao,Pineapple,2,33.9,2025-09-08,6,5,49.0,10.95,10.95,33.9,observed_estimated_cost
181,2025-09-12,BKK_Ladprao,Watermelon,7,95.76,2025-09-08,6,5,45.0,7.68,7.68,95.76,observed_estimated_cost
182,2025-09-12,BKK_Sukhumvit,PassionFruit,2,50.44,2025-09-08,6,6,65.0,19.22,19.22,50.44,observed_estimated_cost
183,2025-09-12,BKK_Sukhumvit,Pineapple,3,50.85,2025-09-08,6,5,49.0,10.95,10.95,50.85,observed_estimated_cost
184,2025-09-12,BKK_Sukhumvit,Watermelon,5,68.4,2025-09-08,6,5,45.0,7.68,7.68,68.4,observed_estimated_cost
185,2025-09-12,Pattaya_Beach,Guava,3,46.41,2025-09-08,6,5.5,49.0,9.47,9.47,46.41,observed_estimated_cost
186,2025-09-12,Pattaya_Beach,PassionFruit,4,100.88,2025-09-08,6,6,65.0,19.22,19.22,100.88,observed_estimated_cost
187,2025-09-12,Pattaya_Beach,Pineapple,3,50.85,2025-09-08,6,5,49.0,10.95,10.95,50.85,observed_estimated_cost
188,2025-09-12,Pattaya_Beach,Watermelon,6,82.08,2025-09-08,6,5,45.0,7.68,7.68,82.08,observed_estimated_cost
189,2025-09-12,Pattaya_Central,Guava,3,46.41,2025-09-08,6,5.5,49.0,9.47,9.47,46.41,observed_estimated_cost
190,2025-09-12,Pattaya_Central,PassionFruit,4,100.88,2025-09-08,6,6,65.0,19.22,19.22,100.88,observed_estimated_cost
191,2025-09-12,Pattaya_Central,Pineapple,5,84.75,2025-09-08,6,5,49.0,10.95,10.95,84.75,observed_estimated_cost
192,2025-09-12,Pattaya_Central,Watermelon,5,68.4,2025-09-08,6,5,45.0,7.68,7.68,68.4,observed_estimated_cost
193,2025-09-13,BKK_Ladprao,Guava,4,61.88,2025-09-08,6,5.5,49.0,9.47,9.47,61.88,observed_estimated_cost
194,2025-09-13,BKK_Ladprao,PassionFruit,7,176.54,2025-09-08,6,6,65.0,19.22,19.22,176.54,observed_estimated_cost
195,2025-09-13,BKK_Ladprao,Pineapple,4,67.8,2025-09-08,6,5,49.0,10.95,10.95,67.8,observed_estimated_cost
196,2025-09-13,BKK_Ladprao,Watermelon,5,68.4,2025-09-08,6,5,45.0,7.68,7.68,68.4,observed_estimated_cost
197,2025-09-13,BKK_Sukhumvit,Guava,2,30.94,2025-09-08,6,5.5,49.0,9.47,9.47,30.94,observed_estimated_cost
198,2025-09-13,BKK_Sukhumvit,PassionFruit,5,126.1,2025-09-08,6,6,65.0,19.22,19.22,126.1,observed_estimated_cost
199,2025-09-13,BKK_Sukhumvit,Pineapple,2,33.9,2025-09-08,6,5,49.0,10.95,10.95,33.9,observed_estimated_cost
200,2025-09-13,BKK_Sukhumvit,Watermelon,3,41.04,2025-09-08,6,5,45.0,7.68,7.68,41.04,observed_estimated_cost
201,2025-09-13,Pattaya_Beach,Guava,3,46.41,2025-09-08,6,5.5,49.0,9.47,9.47,46.41,observed_estimated_cost
202,2025-09-13,Pattaya_Beach,PassionFruit,4,100.88,2025-09-08,6,6,65.0,19.22,19.22,100.88,observed_estimated_cost
203,2025-09-13,Pattaya_Beach,Pineapple,3,50.85,2025-09-08,6,5,49.0,10.95,10.95,50.85,observed_estimated_cost
204,2025-09-13,Pattaya_Beach,Watermelon,5,68.4,2025-09-08,6,5,45.0,7.68,7.68,68.4,observed_estimated_cost
205,2025-09-13,Pattaya_Central,Guava,5,77.35,2025-09-08,6,5.5,49.0,9.47,9.47,77.35,observed_estimated_cost
206,2025-09-13,Pattaya_Central,PassionFruit,15,378.3,2025-09-08,6,6,65.0,19.22,19.22,378.3,observed_estimated_cost
207,2025-09-13,Pattaya_Central,Pineapple,7,118.65,2025-09-08,6,5,49.0,10.95,10.95,118.65,observed_estimated_cost
208,2025-09-13,Pattaya_Central,Watermelon,9,123.12,2025-09-08,6,5,45.0,7.68,7.68,123.12,observed_estimated_cost
209,2025-09-14,BKK_Ladprao,Guava,6,92.82,2025-09-08,6,5.5,49.0,9.47,9.47,92.82,observed_estimated_cost
210,2025-09-14,BKK_Ladprao,PassionFruit,4,100.88,2025-09-08,6,6,65.0,19.22,19.22,100.88,observed_estimated_cost
211,2025-09-14,BKK_Ladprao,Pineapple,4,67.8,2025-09-08,6,5,49.0,10.95,10.95,67.8,observed_estimated_cost
212,2025-09-14,BKK_Ladprao,Watermelon,2,27.36,2025-09-08,6,5,45.0,7.68,7.68,27.36,observed_estimated_cost
213,2025-09-14,BKK_Sukhumvit,Guava,4,61.88,2025-09-08,6,5.5,49.0,9.47,9.47,61.88,observed_estimated_cost
214,2025-09-14,BKK_Sukhumvit,PassionFruit,4,100.88,2025-09-08,6,6,65.0,19.22,19.22,100.88,observed_estimated_cost
215,2025-09-14,BKK_Sukhumvit,Pineapple,4,67.8,2025-09-08,6,5,49.0,10.95,10.95,67.8,observed_estimated_cost
216,2025-09-14,BKK_Sukhumvit,Watermelon,5,68.4,2025-09-08,6,5,45.0,7.68,7.68,68.4,observed_estimated_cost
217,2025-09-14,Pattaya_Beach,Guava,3,46.41,2025-09-08,6,5.5,49.0,9.47,9.47,46.41,observed_estimated_cost
218,2025-09-14,Pattaya_Beach,PassionFruit,5,126.1,2025-09-08,6,6,65.0,19.22,19.22,126.1,observed_estimated_cost
219,2025-09-14,Pattaya_Beach,Pineapple,7,118.65,2025-09-08,6,5,49.0,10.95,10.95,118.65,observed_estimated_cost
220,2025-09-14,Pattaya_Beach,Watermelon,5,68.4,2025-09-08,6,5,45.0,7.68,7.68,68.4,observed_estimated_cost
221,2025-09-14,Pattaya_Central,Guava,5,77.35,2025-09-08,6,5.5,49.0,9.47,9.47,77.35,observed_estimated_cost
222,2025-09-14,Pattaya_Central,PassionFruit,9,226.98,2025-09-08,6,6,65.0,19.22,19.22,226.98,observed_estimated_cost
223,2025-09-14,Pattaya_Central,Pineapple,9,152.55,2025-09-08,6,5,49.0,10.95,10.95,152.55,observed_estimated_cost
224,2025-09-14,Pattaya_Central,Watermelon,10,136.8,2025-09-08,6,5,45.0,7.68,7.68,136.8,observed_estimated_cost
225,2025-09-15,BKK_Ladprao,Guava,1,14.77,2025-09-15,6,5.5,49.0,8.77,8.77,14.77,observed_estimated_cost
226,2025-09-15,BKK_Ladprao,PassionFruit,3,76.8,2025-09-15,6,6,65.0,19.6,19.6,76.8,observed_estimated_cost
227,2025-09-15,BKK_Ladprao,Pineapple,7,111.3,2025-09-15,6,5,49.0,9.9,9.9,111.3,observed_estimated_cost
228,2025-09-15,BKK_Ladprao,Watermelon,3,41.1,2025-09-15,6,5,45.0,7.7,7.7,41.1,observed_estimated_cost
229,2025-09-15,BKK_Sukhumvit,Guava,2,29.54,2025-09-15,6,5.5,49.0,8.77,8.77,29.54,observed_estimated_cost
230,2025-09-15,BKK_Sukhumvit,PassionFruit,5,128.0,2025-09-15,6,6,65.0,19.6,19.6,128.0,observed_estimated_cost
231,2025-09-15,BKK_Sukhumvit,Pineapple,6,95.4,2025-09-15,6,5,49.0,9.9,9.9,95.4,observed_estimated_cost
232,2025-09-15,BKK_Sukhumvit,Watermelon,6,82.2,2025-09-15,6,5,45.0,7.7,7.7,82.2,observed_estimated_cost
233,2025-09-15,Pattaya_Beach,Guava,5,73.85,2025-09-15,6,5.5,49.0,8.77,8.77,73.85,observed_estimated_cost
234,2025-09-15,Pattaya_Beach,PassionFruit,3,76.8,2025-09-15,6,6,65.0,19.6,19.6,76.8,observed_estimated_cost
235,2025-09-15,Pattaya_Beach,Pineapple,5,79.5,2025-09-15,6,5,49.0,9.9,9.9,79.5,observed_estimated_cost
236,2025-09-15,Pattaya_Beach,Watermelon,6,82.2,2025-09-15,6,5,45.0,7.7,7.7,82.2,observed_estimated_cost
237,2025-09-15,Pattaya_Central,Guava,1,14.77,2025-09-15,6,5.5,49.0,8.77,8.77,14.77,observed_estimated_cost
238,2025-09-15,Pattaya_Central,PassionFruit,2,51.2,2025-09-15,6,6,65.0,19.6,19.6,51.2,observed_estimated_cost
239,2025-09-15,Pattaya_Central,Pineapple,3,47.7,2025-09-15,6,5,49.0,9.9,9.9,47.7,observed_estimated_cost
240,2025-09-15,Pattaya_Central,Watermelon,2,27.4,2025-09-15,6,5,45.0,7.7,7.7,27.4,observed_estimated_cost
241,2025-09-16,BKK_Ladprao,Guava,2,29.54,2025-09-15,6,5.5,49.0,8.77,8.77,29.54,observed_estimated_cost
242,2025-09-16,BKK_Ladprao,PassionFruit,4,102.4,2025-09-15,6,6,65.0,19.6,19.6,102.4,observed_estimated_cost
243,2025-09-16,BKK_Ladprao,Pineapple,1,15.9,2025-09-15,6,5,49.0,9.9,9.9,15.9,observed_estimated_cost
244,2025-09-16,BKK_Ladprao,Watermelon,4,54.8,2025-09-15,6,5,45.0,7.7,7.7,54.8,observed_estimated_cost
245,2025-09-16,BKK_Sukhumvit,Guava,1,14.77,2025-09-15,6,5.5,49.0,8.77,8.77,14.77,observed_estimated_cost
246,2025-09-16,BKK_Sukhumvit,PassionFruit,1,25.6,2025-09-15,6,6,65.0,19.6,19.6,25.6,observed_estimated_cost
247,2025-09-16,BKK_Sukhumvit,Pineapple,4,63.6,2025-09-15,6,5,49.0,9.9,9.9,63.6,observed_estimated_cost
248,2025-09-16,BKK_Sukhumvit,Watermelon,5,68.5,2025-09-15,6,5,45.0,7.7,7.7,68.5,observed_estimated_cost
249,2025-09-16,Pattaya_Beach,Guava,4,59.08,2025-09-15,6,5.5,49.0,8.77,8.77,59.08,observed_estimated_cost
250,2025-09-16,Pattaya_Beach,PassionFruit,3,76.8,2025-09-15,6,6,65.0,19.6,19.6,76.8,observed_estimated_cost
251,2025-09-16,Pattaya_Beach,Pineapple,2,31.8,2025-09-15,6,5,49.0,9.9,9.9,31.8,observed_estimated_cost
252,2025-09-16,Pattaya_Beach,Watermelon,2,27.4,2025-09-15,6,5,45.0,7.7,7.7,27.4,observed_estimated_cost
253,2025-09-16,Pattaya_Central,Guava,5,73.85,2025-09-15,6,5.5,49.0,8.77,8.77,73.85,observed_estimated_cost
254,2025-09-16,Pattaya_Central,PassionFruit,4,102.4,2025-09-15,6,6,65.0,19.6,19.6,102.4,observed_estimated_cost
255,2025-09-16,Pattaya_Central,Pineapple,6,95.4,2025-09-15,6,5,49.0,9.9,9.9,95.4,observed_estimated_cost
256,2025-09-16,Pattaya_Central,Watermelon,7,95.9,2025-09-15,6,5,45.0,7.7,7.7,95.9,observed_estimated_cost
257,2025-09-17,BKK_Ladprao,Guava,5,73.85,2025-09-15,6,5.5,49.0,8.77,8.77,73.85,observed_estimated_cost
258,2025-09-17,BKK_Ladprao,PassionFruit,1,25.6,2025-09-15,6,6,65.0,19.6,19.6,25.6,observed_estimated_cost
259,2025-09-17,BKK_Ladprao,Pineapple,6,95.4,2025-09-15,6,5,49.0,9.9,9.9,95.4,observed_estimated_cost
260,2025-09-17,BKK_Ladprao,Watermelon,4,54.8,2025-09-15,6,5,45.0,7.7,7.7,54.8,observed_estimated_cost
261,2025-09-17,BKK_Sukhumvit,Guava,4,59.08,2025-09-15,6,5.5,49.0,8.77,8.77,59.08,observed_estimated_cost
262,2025-09-17,BKK_Sukhumvit,PassionFruit,3,76.8,2025-09-15,6,6,65.0,19.6,19.6,76.8,observed_estimated_cost
263,2025-09-17,BKK_Sukhumvit,Pineapple,3,47.7,2025-09-15,6,5,49.0,9.9,9.9,47.7,observed_estimated_cost
264,2025-09-17,BKK_Sukhumvit,Watermelon,2,27.4,2025-09-15,6,5,45.0,7.7,7.7,27.4,observed_estimated_cost
265,2025-09-17,Pattaya_Beach,Guava,1,14.77,2025-09-15,6,5.5,49.0,8.77,8.77,14.77,observed_estimated_cost
266,2025-09-17,Pattaya_Beach,PassionFruit,5,128.0,2025-09-15,6,6,65.0,19.6,19.6,128.0,observed_estimated_cost
267,2025-09-17,Pattaya_Beach,Pineapple,3,47.7,2025-09-15,6,5,49.0,9.9,9.9,47.7,observed_estimated_cost
268,2025-09-17,Pattaya_Beach,Watermelon,4,54.8,2025-09-15,6,5,45.0,7.7,7.7,54.8,observed_estimated_cost
269,2025-09-17,Pattaya_Central,Guava,4,59.08,2025-09-15,6,5.5,49.0,8.77,8.77,59.08,observed_estimated_cost
270,2025-09-17,Pattaya_Central,PassionFruit,8,204.8,2025-09-15,6,6,65.0,19.6,19.6,204.8,observed_estimated_cost
271,2025-09-17,Pattaya_Central,Pineapple,3,47.7,2025-09-15,6,5,49.0,9.9,9.9,47.7,observed_estimated_cost
272,2025-09-17,Pattaya_Central,Watermelon,4,54.8,2025-09-15,6,5,45.0,7.7,7.7,54.8,observed_estimated_cost
273,2025-09-18,BKK_Ladprao,Guava,2,29.54,2025-09-15,6,5.5,49.0,8.77,8.77,29.54,observed_estimated_cost
274,2025-09-18,BKK_Ladprao,PassionFruit,5,128.0,2025-09-15,6,6,65.0,19.6,19.6,128.0,observed_estimated_cost
275,2025-09-18,BKK_Ladprao,Pineapple,2,31.8,2025-09-15,6,5,49.0,9.9,9.9,31.8,observed_estimated_cost
276,2025-09-18,BKK_Ladprao,Watermelon,4,54.8,2025-09-15,6,5,45.0,7.7,7.7,54.8,observed_estimated_cost
277,2025-09-18,BKK_Sukhumvit,Guava,2,29.54,2025-09-15,6,5.5,49.0,8.77,8.77,29.54,observed_estimated_cost
278,2025-09-18,BKK_Sukhumvit,PassionFruit,8,204.8,2025-09-15,6,6,65.0,19.6,19.6,204.8,observed_estimated_cost
279,2025-09-18,BKK_Sukhumvit,Pineapple,5,79.5,2025-09-15,6,5,49.0,9.9,9.9,79.5,observed_estimated_cost
280,2025-09-18,BKK_Sukhumvit,Watermelon,3,41.1,2025-09-15,6,5,45.0,7.7,7.7,41.1,observed_estimated_cost
281,2025-09-18,Pattaya_Beach,Guava,2,29.54,2025-09-15,6,5.5,49.0,8.77,8.77,29.54,observed_estimated_cost
282,2025-09-18,Pattaya_Beach,PassionFruit,3,76.8,2025-09-15,6,6,65.0,19.6,19.6,76.8,observed_estimated_cost
283,2025-09-18,Pattaya_Beach,Pineapple,4,63.6,2025-09-15,6,5,49.0,9.9,9.9,63.6,observed_estimated_cost
284,2025-09-18,Pattaya_Beach,Watermelon,3,41.1,2025-09-15,6,5,45.0,7.7,7.7,41.1,observed_estimated_cost
285,2025-09-18,Pattaya_Central,Guava,2,29.54,2025-09-15,6,5.5,49.0,8.77,8.77,29.54,observed_estimated_cost
286,2025-09-18,Pattaya_Central,PassionFruit,6,153.6,2025-09-15,6,6,65.0,19.6,19.6,153.6,observed_estimated_cost
287,2025-09-18,Pattaya_Central,Pineapple,6,95.4,2025-09-15,6,5,49.0,9.9,9.9,95.4,observed_estimated_cost
288,2025-09-18,Pattaya_Central,Watermelon,3,41.1,2025-09-15,6,5,45.0,7.7,7.7,41.1,observed_estimated_cost
289,2025-09-19,BKK_Ladprao,Guava,2,29.54,2025-09-15,6,5.5,49.0,8.77,8.77,29.54,observed_estimated_cost
290,2025-09-19,BKK_Ladprao,PassionFruit,5,128.0,2025-09-15,6,6,65.0,19.6,19.6,128.0,observed_estimated_cost
291,2025-09-19,BKK_Ladprao,Pineapple,4,63.6,2025-09-15,6,5,49.0,9.9,9.9,63.6,observed_estimated_cost
292,2025-09-19,BKK_Ladprao,Watermelon,4,54.8,2025-09-15,6,5,45.0,7.7,7.7,54.8,observed_estimated_cost
293,2025-09-19,BKK_Sukhumvit,Guava,5,73.85,2025-09-15,6,5.5,49.0,8.77,8.77,73.85,observed_estimated_cost
294,2025-09-19,BKK_Sukhumvit,PassionFruit,3,76.8,2025-09-15,6,6,65.0,19.6,19.6,76.8,observed_estimated_cost
295,2025-09-19,BKK_Sukhumvit,Pineapple,4,63.6,2025-09-15,6,5,49.0,9.9,9.9,63.6,observed_estimated_cost
296,2025-09-19,BKK_Sukhumvit,Watermelon,5,68.5,2025-09-15,6,5,45.0,7.7,7.7,68.5,observed_estimated_cost
297,2025-09-19,Pattaya_Beach,Guava,1,14.77,2025-09-15,6,5.5,49.0,8.77,8.77,14.77,observed_estimated_cost
298,2025-09-19,Pattaya_Beach,PassionFruit,5,128.0,2025-09-15,6,6,65.0,19.6,19.6,128.0,observed_estimated_cost
299,2025-09-19,Pattaya_Beach,Pineapple,3,47.7,2025-09-15,6,5,49.0,9.9,9.9,47.7,observed_estimated_cost
300,2025-09-19,Pattaya_Beach,Watermelon,4,54.8,2025-09-15,6,5,45.0,7.7,7.7,54.8,observed_estimated_cost
301,2025-09-19,Pattaya_Central,Guava,3,44.31,2025-09-15,6,5.5,49.0,8.77,8.77,44.31,observed_estimated_cost
302,2025-09-19,Pattaya_Central,PassionFruit,3,76.8,2025-09-15,6,6,65.0,19.6,19.6,76.8,observed_estimated_cost
303,2025-09-19,Pattaya_Central,Pineapple,6,95.4,2025-09-15,6,5,49.0,9.9,9.9,95.4,observed_estimated_cost
304,2025-09-19,Pattaya_Central,Watermelon,6,82.2,2025-09-15,6,5,45.0,7.7,7.7,82.2,observed_estimated_cost
305,2025-09-20,BKK_Ladprao,Guava,4,59.08,2025-09-15,6,5.5,49.0,8.77,8.77,59.08,observed_estimated_cost
306,2025-09-20,BKK_Ladprao,PassionFruit,4,102.4,2025-09-15,6,6,65.0,19.6,19.6,102.4,observed_estimated_cost
307,2025-09-20,BKK_Ladprao,Pineapple,1,15.9,2025-09-15,6,5,49.0,9.9,9.9,15.9,observed_estimated_cost
308,2025-09-20,BKK_Ladprao,Watermelon,3,41.1,2025-09-15,6,5,45.0,7.7,7.7,41.1,observed_estimated_cost
309,2025-09-20,BKK_Sukhumvit,Guava,2,29.54,2025-09-15,6,5.5,49.0,8.77,8.77,29.54,observed_estimated_cost
310,2025-09-20,BKK_Sukhumvit,PassionFruit,6,153.6,2025-09-15,6,6,65.0,19.6,19.6,153.6,observed_estimated_cost
311,2025-09-20,BKK_Sukhumvit,Pineapple,7,111.3,2025-09-15,6,5,49.0,9.9,9.9,111.3,observed_estimated_cost
312,2025-09-20,BKK_Sukhumvit,Watermelon,3,41.1,2025-09-15,6,5,45.0,7.7,7.7,41.1,observed_estimated_cost
313,2025-09-20,Pattaya_Beach,Guava,3,44.31,2025-09-15,6,5.5,49.0,8.77,8.77,44.31,observed_estimated_cost
314,2025-09-20,Pattaya_Beach,PassionFruit,2,51.2,2025-09-15,6,6,65.0,19.6,19.6,51.2,observed_estimated_cost
315,2025-09-20,Pattaya_Beach,Pineapple,4,63.6,2025-09-15,6,5,49.0,9.9,9.9,63.6,observed_estimated_cost
316,2025-09-20,Pattaya_Beach,Watermelon,5,68.5,2025-09-15,6,5,45.0,7.7,7.7,68.5,observed_estimated_cost
317,2025-09-20,Pattaya_Central,Guava,4,59.08,2025-09-15,6,5.5,49.0,8.77,8.77,59.08,observed_estimated_cost
318,2025-09-20,Pattaya_Central,PassionFruit,6,153.6,2025-09-15,6,6,65.0,19.6,19.6,153.6,observed_estimated_cost
319,2025-09-20,Pattaya_Central,Pineapple,4,63.6,2025-09-15,6,5,49.0,9.9,9.9,63.6,observed_estimated_cost
320,2025-09-20,Pattaya_Central,Watermelon,5,68.5,2025-09-15,6,5,45.0,7.7,7.7,68.5,observed_estimated_cost
321,2025-09-21,BKK_Ladprao,Guava,3,44.31,2025-09-15,6,5.5,49.0,8.77,8.77,44.31,observed_estimated_cost
322,2025-09-21,BKK_Ladprao,PassionFruit,2,51.2,2025-09-15,6,6,65.0,19.6,19.6,51.2,observed_estimated_cost
323,2025-09-21,BKK_Ladprao,Pineapple,3,47.7,2025-09-15,6,5,49.0,9.9,9.9,47.7,observed_estimated_cost
324,2025-09-21,BKK_Ladprao,Watermelon,4,54.8,2025-09-15,6,5,45.0,7.7,7.7,54.8,observed_estimated_cost
325,2025-09-21,BKK_Sukhumvit,Guava,2,29.54,2025-09-15,6,5.5,49.0,8.77,8.77,29.54,observed_estimated_cost
326,2025-09-21,BKK_Sukhumvit,PassionFruit,5,128.0,2025-09-15,6,6,65.0,19.6,19.6,128.0,observed_estimated_cost
327,2025-09-21,BKK_Sukhumvit,Pineapple,0,0.0,2025-09-15,6,5,49.0,9.9,9.9,0.0,observed_estimated_cost
328,2025-09-21,BKK_Sukhumvit,Watermelon,6,82.2,2025-09-15,6,5,45.0,7.7,7.7,82.2,observed_estimated_cost
329,2025-09-21,Pattaya_Beach,Guava,3,44.31,2025-09-15,6,5.5,49.0,8.77,8.77,44.31,observed_estimated_cost
330,2025-09-21,Pattaya_Beach,PassionFruit,5,128.0,2025-09-15,6,6,65.0,19.6,19.6,128.0,observed_estimated_cost
331,2025-09-21,Pattaya_Beach,Pineapple,5,79.5,2025-09-15,6,5,49.0,9.9,9.9,79.5,observed_estimated_cost
332,2025-09-21,Pattaya_Beach,Watermelon,5,68.5,2025-09-15,6,5,45.0,7.7,7.7,68.5,observed_estimated_cost
333,2025-09-21,Pattaya_Central,Guava,4,59.08,2025-09-15,6,5.5,49.0,8.77,8.77,59.08,observed_estimated_cost
334,2025-09-21,Pattaya_Central,PassionFruit,9,230.4,2025-09-15,6,6,65.0,19.6,19.6,230.4,observed_estimated_cost
335,2025-09-21,Pattaya_Central,Pineapple,8,127.2,2025-09-15,6,5,49.0,9.9,9.9,127.2,observed_estimated_cost
336,2025-09-21,Pattaya_Central,Watermelon,3,41.1,2025-09-15,6,5,45.0,7.7,7.7,41.1,observed_estimated_cost
337,2025-09-22,BKK_Ladprao,Guava,1,14.9,2025-09-22,6,5.5,49.0,8.9,8.9,14.9,observed_estimated_cost
338,2025-09-22,BKK_Ladprao,PassionFruit,5,118.55,2025-09-22,6,6,65.0,17.71,17.71,118.55,observed_estimated_cost
339,2025-09-22,BKK_Ladprao,Pineapple,5,83.25,2025-09-22,6,5,49.0,10.65,10.65,83.25,observed_estimated_cost
340,2025-09-22,BKK_Ladprao,Watermelon,5,70.6,2025-09-22,6,5,45.0,8.12,8.12,70.6,observed_estimated_cost
341,2025-09-22,BKK_Sukhumvit,Guava,1,14.9,2025-09-22,6,5.5,49.0,8.9,8.9,14.9,observed_estimated_cost
342,2025-09-22,BKK_Sukhumvit,PassionFruit,6,142.26,2025-09-22,6,6,65.0,17.71,17.71,142.26,observed_estimated_cost
343,2025-09-22,BKK_Sukhumvit,Pineapple,5,83.25,2025-09-22,6,5,49.0,10.65,10.65,83.25,observed_estimated_cost
344,2025-09-22,BKK_Sukhumvit,Watermelon,2,28.24,2025-09-22,6,5,45.0,8.12,8.12,28.24,observed_estimated_cost
345,2025-09-22,Pattaya_Beach,Guava,4,59.6,2025-09-22,6,5.5,49.0,8.9,8.9,59.6,observed_estimated_cost
346,2025-09-22,Pattaya_Beach,PassionFruit,3,71.13,2025-09-22,6,6,65.0,17.71,17.71,71.13,observed_estimated_cost
347,2025-09-22,Pattaya_Beach,Pineapple,3,49.95,2025-09-22,6,5,49.0,10.65,10.65,49.95,observed_estimated_cost
348,2025-09-22,Pattaya_Beach,Watermelon,4,56.48,2025-09-22,6,5,45.0,8.12,8.12,56.48,observed_estimated_cost
349,2025-09-22,Pattaya_Central,Guava,5,74.5,2025-09-22,6,5.5,49.0,8.9,8.9,74.5,observed_estimated_cost
350,2025-09-22,Pattaya_Central,PassionFruit,4,94.84,2025-09-22,6,6,65.0,17.71,17.71,94.84,observed_estimated_cost
351,2025-09-22,Pattaya_Central,Pineapple,3,49.95,2025-09-22,6,5,49.0,10.65,10.65,49.95,observed_estimated_cost
352,2025-09-22,Pattaya_Central,Watermelon,2,28.24,2025-09-22,6,5,45.0,8.12,8.12,28.24,observed_estimated_cost
353,2025-09-23,BKK_Ladprao,Guava,2,29.8,2025-09-22,6,5.5,49.0,8.9,8.9,29.8,observed_estimated_cost
354,2025-09-23,BKK_Ladprao,PassionFruit,2,47.42,2025-09-22,6,6,65.0,17.71,17.71,47.42,observed_estimated_cost
355,2025-09-23,BKK_Ladprao,Pineapple,3,49.95,2025-09-22,6,5,49.0,10.65,10.65,49.95,observed_estimated_cost
356,2025-09-23,BKK_Ladprao,Watermelon,4,56.48,2025-09-22,6,5,45.0,8.12,8.12,56.48,observed_estimated_cost
357,2025-09-23,BKK_Sukhumvit,Guava,3,44.7,2025-09-22,6,5.5,49.0,8.9,8.9,44.7,observed_estimated_cost
358,2025-09-23,BKK_Sukhumvit,PassionFruit,6,142.26,2025-09-22,6,6,65.0,17.71,17.71,142.26,observed_estimated_cost
359,2025-09-23,BKK_Sukhumvit,Pineapple,3,49.95,2025-09-22,6,5,49.0,10.65,10.65,49.95,observed_estimated_cost
360,2025-09-23,BKK_Sukhumvit,Watermelon,7,98.84,2025-09-22,6,5,45.0,8.12,8.12,98.84,observed_estimated_cost
361,2025-09-23,Pattaya_Beach,Guava,5,74.5,2025-09-22,6,5.5,49.0,8.9,8.9,74.5,observed_estimated_cost
362,2025-09-23,Pattaya_Beach,PassionFruit,1,23.71,2025-09-22,6,6,65.0,17.71,17.71,23.71,observed_estimated_cost
363,2025-09-23,Pattaya_Beach,Pineapple,2,33.3,2025-09-22,6,5,49.0,10.65,10.65,33.3,observed_estimated_cost
364,2025-09-23,Pattaya_Beach,Watermelon,4,56.48,2025-09-22,6,5,45.0,8.12,8.12,56.48,observed_estimated_cost
365,2025-09-23,Pattaya_Central,Guava,4,59.6,2025-09-22,6,5.5,49.0,8.9,8.9,59.6,observed_estimated_cost
366,2025-09-23,Pattaya_Central,PassionFruit,3,71.13,2025-09-22,6,6,65.0,17.71,17.71,71.13,observed_estimated_cost
367,2025-09-23,Pattaya_Central,Pineapple,3,49.95,2025-09-22,6,5,49.0,10.65,10.65,49.95,observed_estimated_cost
368,2025-09-23,Pattaya_Central,Watermelon,5,70.6,2025-09-22,6,5,45.0,8.12,8.12,70.6,observed_estimated_cost
369,2025-09-24,BKK_Ladprao,Guava,1,14.9,2025-09-22,6,5.5,49.0,8.9,8.9,14.9,observed_estimated_cost
370,2025-09-24,BKK_Ladprao,PassionFruit,4,94.84,2025-09-22,6,6,65.0,17.71,17.71,94.84,observed_estimated_cost
371,2025-09-24,BKK_Ladprao,Pineapple,4,66.6,2025-09-22,6,5,49.0,10.65,10.65,66.6,observed_estimated_cost
372,2025-09-24,BKK_Ladprao,Watermelon,4,56.48,2025-09-22,6,5,45.0,8.12,8.12,56.48,observed_estimated_cost
373,2025-09-24,BKK_Sukhumvit,Guava,3,44.7,2025-09-22,6,5.5,49.0,8.9,8.9,44.7,observed_estimated_cost
374,2025-09-24,BKK_Sukhumvit,PassionFruit,6,142.26,2025-09-22,6,6,65.0,17.71,17.71,142.26,observed_estimated_cost
375,2025-09-24,BKK_Sukhumvit,Pineapple,2,33.3,2025-09-22,6,5,49.0,10.65,10.65,33.3,observed_estimated_cost
376,2025-09-24,BKK_Sukhumvit,Watermelon,6,84.72,2025-09-22,6,5,45.0,8.12,8.12,84.72,observed_estimated_cost
377,2025-09-24,Pattaya_Beach,Guava,1,14.9,2025-09-22,6,5.5,49.0,8.9,8.9,14.9,observed_estimated_cost
378,2025-09-24,Pattaya_Beach,PassionFruit,5,118.55,2025-09-22,6,6,65.0,17.71,17.71,118.55,observed_estimated_cost
379,2025-09-24,Pattaya_Beach,Pineapple,1,16.65,2025-09-22,6,5,49.0,10.65,10.65,16.65,observed_estimated_cost
380,2025-09-24,Pattaya_Beach,Watermelon,3,42.36,2025-09-22,6,5,45.0,8.12,8.12,42.36,observed_estimated_cost
381,2025-09-24,Pattaya_Central,Guava,4,59.6,2025-09-22,6,5.5,49.0,8.9,8.9,59.6,observed_estimated_cost
382,2025-09-24,Pattaya_Central,PassionFruit,7,165.97,2025-09-22,6,6,65.0,17.71,17.71,165.97,observed_estimated_cost
383,2025-09-24,Pattaya_Central,Pineapple,6,99.9,2025-09-22,6,5,49.0,10.65,10.65,99.9,observed_estimated_cost
384,2025-09-24,Pattaya_Central,Watermelon,2,28.24,2025-09-22,6,5,45.0,8.12,8.12,28.24,observed_estimated_cost
385,2025-09-25,BKK_Ladprao,Guava,5,74.5,2025-09-22,6,5.5,49.0,8.9,8.9,74.5,observed_estimated_cost
386,2025-09-25,BKK_Ladprao,PassionFruit,6,142.26,2025-09-22,6,6,65.0,17.71,17.71,142.26,observed_estimated_cost
387,2025-09-25,BKK_Ladprao,Pineapple,4,66.6,2025-09-22,6,5,49.0,10.65,10.65,66.6,observed_estimated_cost
388,2025-09-25,BKK_Ladprao,Watermelon,3,42.36,2025-09-22,6,5,45.0,8.12,8.12,42.36,observed_estimated_cost
389,2025-09-25,BKK_Sukhumvit,Guava,5,74.5,2025-09-22,6,5.5,49.0,8.9,8.9,74.5,observed_estimated_cost
390,2025-09-25,BKK_Sukhumvit,PassionFruit,4,94.84,2025-09-22,6,6,65.0,17.71,17.71,94.84,observed_estimated_cost
391,2025-09-25,BKK_Sukhumvit,Pineapple,1,16.65,2025-09-22,6,5,49.0,10.65,10.65,16.65,observed_estimated_cost
392,2025-09-25,BKK_Sukhumvit,Watermelon,5,70.6,2025-09-22,6,5,45.0,8.12,8.12,70.6,observed_estimated_cost
393,2025-09-25,Pattaya_Beach,Guava,3,44.7,2025-09-22,6,5.5,49.0,8.9,8.9,44.7,observed_estimated_cost
394,2025-09-25,Pattaya_Beach,PassionFruit,5,118.55,2025-09-22,6,6,65.0,17.71,17.71,118.55,observed_estimated_cost
395,2025-09-25,Pattaya_Beach,Pineapple,3,49.95,2025-09-22,6,5,49.0,10.65,10.65,49.95,observed_estimated_cost
396,2025-09-25,Pattaya_Beach,Watermelon,5,70.6,2025-09-22,6,5,45.0,8.12,8.12,70.6,observed_estimated_cost
397,2025-09-25,Pattaya_Central,Guava,3,44.7,2025-09-22,6,5.5,49.0,8.9,8.9,44.7,observed_estimated_cost
398,2025-09-25,Pattaya_Central,PassionFruit,8,189.68,2025-09-22,6,6,65.0,17.71,17.71,189.68,observed_estimated_cost
399,2025-09-25,Pattaya_Central,Pineapple,4,66.6,2025-09-22,6,5,49.0,10.65,10.65,66.6,observed_estimated_cost
400,2025-09-25,Pattaya_Central,Watermelon,7,98.84,2025-09-22,6,5,45.0,8.12,8.12,98.84,observed_estimated_cost
401,2025-09-26,BKK_Ladprao,Guava,3,44.7,2025-09-22,6,5.5,49.0,8.9,8.9,44.7,observed_estimated_cost
402,2025-09-26,BKK_Ladprao,PassionFruit,6,142.26,2025-09-22,6,6,65.0,17.71,17.71,142.26,observed_estimated_cost
403,2025-09-26,BKK_Ladprao,Pineapple,7,116.55,2025-09-22,6,5,49.0,10.65,10.65,116.55,observed_estimated_cost
404,2025-09-26,BKK_Ladprao,Watermelon,5,70.6,2025-09-22,6,5,45.0,8.12,8.12,70.6,observed_estimated_cost
405,2025-09-26,BKK_Sukhumvit,Guava,3,44.7,2025-09-22,6,5.5,49.0,8.9,8.9,44.7,observed_estimated_cost
406,2025-09-26,BKK_Sukhumvit,PassionFruit,2,47.42,2025-09-22,6,6,65.0,17.71,17.71,47.42,observed_estimated_cost
407,2025-09-26,BKK_Sukhumvit,Pineapple,5,83.25,2025-09-22,6,5,49.0,10.65,10.65,83.25,observed_estimated_cost
408,2025-09-26,BKK_Sukhumvit,Watermelon,4,56.48,2025-09-22,6,5,45.0,8.12,8.12,56.48,observed_estimated_cost
409,2025-09-26,Pattaya_Beach,Guava,3,44.7,2025-09-22,6,5.5,49.0,8.9,8.9,44.7,observed_estimated_cost
410,2025-09-26,Pattaya_Beach,PassionFruit,2,47.42,2025-09-22,6,6,65.0,17.71,17.71,47.42,observed_estimated_cost
411,2025-09-26,Pattaya_Beach,Pineapple,4,66.6,2025-09-22,6,5,49.0,10.65,10.65,66.6,observed_estimated_cost
412,2025-09-26,Pattaya_Beach,Watermelon,2,28.24,2025-09-22,6,5,45.0,8.12,8.12,28.24,observed_estimated_cost
413,2025-09-26,Pattaya_Central,Guava,4,59.6,2025-09-22,6,5.5,49.0,8.9,8.9,59.6,observed_estimated_cost
414,2025-09-26,Pattaya_Central,PassionFruit,6,142.26,2025-09-22,6,6,65.0,17.71,17.71,142.26,observed_estimated_cost
415,2025-09-26,Pattaya_Central,Pineapple,2,33.3,2025-09-22,6,5,49.0,10.65,10.65,33.3,observed_estimated_cost
416,2025-09-26,Pattaya_Central,Watermelon,2,28.24,2025-09-22,6,5,45.0,8.12,8.12,28.24,observed_estimated_cost
417,2025-09-27,BKK_Ladprao,Guava,3,44.7,2025-09-22,6,5.5,49.0,8.9,8.9,44.7,observed_estimated_cost
418,2025-09-27,BKK_Ladprao,PassionFruit,3,71.13,2025-09-22,6,6,65.0,17.71,17.71,71.13,observed_estimated_cost
419,2025-09-27,BKK_Ladprao,Pineapple,3,49.95,2025-09-22,6,5,49.0,10.65,10.65,49.95,observed_estimated_cost
420,2025-09-27,BKK_Ladprao,Watermelon,4,56.48,2025-09-22,6,5,45.0,8.12,8.12,56.48,observed_estimated_cost
421,2025-09-27,BKK_Sukhumvit,Guava,2,29.8,2025-09-22,6,5.5,49.0,8.9,8.9,29.8,observed_estimated_cost
422,2025-09-27,BKK_Sukhumvit,PassionFruit,5,118.55,2025-09-22,6,6,65.0,17.71,17.71,118.55,observed_estimated_cost
423,2025-09-27,BKK_Sukhumvit,Pineapple,2,33.3,2025-09-22,6,5,49.0,10.65,10.65,33.3,observed_estimated_cost
424,2025-09-27,BKK_Sukhumvit,Watermelon,6,84.72,2025-09-22,6,5,45.0,8.12,8.12,84.72,observed_estimated_cost
425,2025-09-27,Pattaya_Beach,Guava,2,29.8,2025-09-22,6,5.5,49.0,8.9,8.9,29.8,observed_estimated_cost
426,2025-09-27,Pattaya_Beach,PassionFruit,5,118.55,2025-09-22,6,6,65.0,17.71,17.71,118.55,observed_estimated_cost
427,2025-09-27,Pattaya_Beach,Pineapple,4,66.6,2025-09-22,6,5,49.0,10.65,10.65,66.6,observed_estimated_cost
428,2025-09-27,Pattaya_Beach,Watermelon,4,56.48,2025-09-22,6,5,45.0,8.12,8.12,56.48,observed_estimated_cost
429,2025-09-27,Pattaya_Central,Guava,6,89.4,2025-09-22,6,5.5,49.0,8.9,8.9,89.4,observed_estimated_cost
430,2025-09-27,Pattaya_Central,PassionFruit,4,94.84,2025-09-22,6,6,65.0,17.71,17.71,94.84,observed_estimated_cost
431,2025-09-27,Pattaya_Central,Pineapple,5,83.25,2025-09-22,6,5,49.0,10.65,10.65,83.25,observed_estimated_cost
432,2025-09-27,Pattaya_Central,Watermelon,5,70.6,2025-09-22,6,5,45.0,8.12,8.12,70.6,observed_estimated_cost
433,2025-09-28,BKK_Ladprao,Guava,3,44.7,2025-09-22,6,5.5,49.0,8.9,8.9,44.7,observed_estimated_cost
434,2025-09-28,BKK_Ladprao,PassionFruit,1,23.71,2025-09-22,6,6,65.0,17.71,17.71,23.71,observed_estimated_cost
435,2025-09-28,BKK_Ladprao,Pineapple,3,49.95,2025-09-22,6,5,49.0,10.65,10.65,49.95,observed_estimated_cost
436,2025-09-28,BKK_Ladprao,Watermelon,5,70.6,2025-09-22,6,5,45.0,8.12,8.12,70.6,observed_estimated_cost
437,2025-09-28,BKK_Sukhumvit,Guava,2,29.8,2025-09-22,6,5.5,49.0,8.9,8.9,29.8,observed_estimated_cost
438,2025-09-28,BKK_Sukhumvit,PassionFruit,7,165.97,2025-09-22,6,6,65.0,17.71,17.71,165.97,observed_estimated_cost
439,2025-09-28,BKK_Sukhumvit,Pineapple,4,66.6,2025-09-22,6,5,49.0,10.65,10.65,66.6,observed_estimated_cost
440,2025-09-28,BKK_Sukhumvit,Watermelon,5,70.6,2025-09-22,6,5,45.0,8.12,8.12,70.6,observed_estimated_cost
441,2025-09-28,Pattaya_Beach,Guava,2,29.8,2025-09-22,6,5.5,49.0,8.9,8.9,29.8,observed_estimated_cost
442,2025-09-28,Pattaya_Beach,PassionFruit,5,118.55,2025-09-22,6,6,65.0,17.71,17.71,118.55,observed_estimated_cost
443,2025-09-28,Pattaya_Beach,Pineapple,3,49.95,2025-09-22,6,5,49.0,10.65,10.65,49.95,observed_estimated_cost
444,2025-09-28,Pattaya_Beach,Watermelon,3,42.36,2025-09-22,6,5,45.0,8.12,8.12,42.36,observed_estimated_cost
445,2025-09-28,Pattaya_Central,Guava,5,74.5,2025-09-22,6,5.5,49.0,8.9,8.9,74.5,observed_estimated_cost
446,2025-09-28,Pattaya_Central,PassionFruit,11,260.81,2025-09-22,6,6,65.0,17.71,17.71,260.81,observed_estimated_cost
447,2025-09-28,Pattaya_Central,Pineapple,7,116.55,2025-09-22,6,5,49.0,10.65,10.65,116.55,observed_estimated_cost
448,2025-09-28,Pattaya_Central,Watermelon,5,70.6,2025-09-22,6,5,45.0,8.12,8.12,70.6,observed_estimated_cost
449,2025-09-29,BKK_Ladprao,Guava,3,46.77,2025-09-29,6,5.5,49.0,9.59,9.59,46.77,observed_estimated_cost
450,2025-09-29,BKK_Ladprao,PassionFruit,2,49.62,2025-09-29,6,6,65.0,18.81,18.81,49.62,observed_estimated_cost
451,2025-09-29,BKK_Ladprao,Pineapple,6,90.78,2025-09-29,6,5,49.0,9.13,9.13,90.78,observed_estimated_cost
452,2025-09-29,BKK_Ladprao,Watermelon,6,84.24,2025-09-29,6,5,45.0,8.04,8.04,84.24,observed_estimated_cost
453,2025-09-29,BKK_Sukhumvit,Guava,4,62.36,2025-09-29,6,5.5,49.0,9.59,9.59,62.36,observed_estimated_cost
454,2025-09-29,BKK_Sukhumvit,PassionFruit,5,124.05,2025-09-29,6,6,65.0,18.81,18.81,124.05,observed_estimated_cost
455,2025-09-29,BKK_Sukhumvit,Pineapple,4,60.52,2025-09-29,6,5,49.0,9.13,9.13,60.52,observed_estimated_cost
456,2025-09-29,BKK_Sukhumvit,Watermelon,4,56.16,2025-09-29,6,5,45.0,8.04,8.04,56.16,observed_estimated_cost
457,2025-09-29,Pattaya_Beach,Guava,4,62.36,2025-09-29,6,5.5,49.0,9.59,9.59,62.36,observed_estimated_cost
458,2025-09-29,Pattaya_Beach,PassionFruit,6,148.86,2025-09-29,6,6,65.0,18.81,18.81,148.86,observed_estimated_cost
459,2025-09-29,Pattaya_Beach,Pineapple,1,15.13,2025-09-29,6,5,49.0,9.13,9.13,15.13,observed_estimated_cost
460,2025-09-29,Pattaya_Beach,Watermelon,5,70.2,2025-09-29,6,5,45.0,8.04,8.04,70.2,observed_estimated_cost
461,2025-09-29,Pattaya_Central,Guava,2,31.18,2025-09-29,6,5.5,49.0,9.59,9.59,31.18,observed_estimated_cost
462,2025-09-29,Pattaya_Central,PassionFruit,9,223.29,2025-09-29,6,6,65.0,18.81,18.81,223.29,observed_estimated_cost
463,2025-09-29,Pattaya_Central,Pineapple,5,75.65,2025-09-29,6,5,49.0,9.13,9.13,75.65,observed_estimated_cost
464,2025-09-29,Pattaya_Central,Watermelon,7,98.28,2025-09-29,6,5,45.0,8.04,8.04,98.28,observed_estimated_cost
465,2025-09-30,BKK_Ladprao,Guava,4,62.36,2025-09-29,6,5.5,49.0,9.59,9.59,62.36,observed_estimated_cost
466,2025-09-30,BKK_Ladprao,PassionFruit,4,99.24,2025-09-29,6,6,65.0,18.81,18.81,99.24,observed_estimated_cost
467,2025-09-30,BKK_Ladprao,Pineapple,4,60.52,2025-09-29,6,5,49.0,9.13,9.13,60.52,observed_estimated_cost
468,2025-09-30,BKK_Ladprao,Watermelon,4,56.16,2025-09-29,6,5,45.0,8.04,8.04,56.16,observed_estimated_cost
469,2025-09-30,BKK_Sukhumvit,Guava,5,77.95,2025-09-29,6,5.5,49.0,9.59,9.59,77.95,observed_estimated_cost
470,2025-09-30,BKK_Sukhumvit,PassionFruit,3,74.43,2025-09-29,6,6,65.0,18.81,18.81,74.43,observed_estimated_cost
471,2025-09-30,BKK_Sukhumvit,Pineapple,4,60.52,2025-09-29,6,5,49.0,9.13,9.13,60.52,observed_estimated_cost
472,2025-09-30,BKK_Sukhumvit,Watermelon,2,28.08,2025-09-29,6,5,45.0,8.04,8.04,28.08,observed_estimated_cost
473,2025-09-30,Pattaya_Beach,Guava,5,77.95,2025-09-29,6,5.5,49.0,9.59,9.59,77.95,observed_estimated_cost
474,2025-09-30,Pattaya_Beach,PassionFruit,3,74.43,2025-09-29,6,6,65.0,18.81,18.81,74.43,observed_estimated_cost
475,2025-09-30,Pattaya_Beach,Pineapple,3,45.39,2025-09-29,6,5,49.0,9.13,9.13,45.39,observed_estimated_cost
476,2025-09-30,Pattaya_Beach,Watermelon,6,84.24,2025-09-29,6,5,45.0,8.04,8.04,84.24,observed_estimated_cost
477,2025-09-30,Pattaya_Central,Guava,3,46.77,2025-09-29,6,5.5,49.0,9.59,9.59,46.77,observed_estimated_cost
478,2025-09-30,Pattaya_Central,PassionFruit,2,49.62,2025-09-29,6,6,65.0,18.81,18.81,49.62,observed_estimated_cost
479,2025-09-30,Pattaya_Central,Pineapple,4,60.52,2025-09-29,6,5,49.0,9.13,9.13,60.52,observed_estimated_cost
480,2025-09-30,Pattaya_Central,Watermelon,5,70.2,2025-09-29,6,5,45.0,8.04,8.04,70.2,observed_estimated_cost
481,2025-10-01,BKK_Ladprao,Guava,2,31.18,2025-09-29,6,5.5,49.0,9.59,9.59,31.18,observed_estimated_cost
482,2025-10-01,BKK_Ladprao,PassionFruit,6,148.86,2025-09-29,6,6,65.0,18.81,18.81,148.86,observed_estimated_cost
483,2025-10-01,BKK_Ladprao,Pineapple,2,30.26,2025-09-29,6,5,49.0,9.13,9.13,30.26,observed_estimated_cost
484,2025-10-01,BKK_Ladprao,Watermelon,5,70.2,2025-09-29,6,5,45.0,8.04,8.04,70.2,observed_estimated_cost
485,2025-10-01,BKK_Sukhumvit,Guava,4,62.36,2025-09-29,6,5.5,49.0,9.59,9.59,62.36,observed_estimated_cost
486,2025-10-01,BKK_Sukhumvit,PassionFruit,6,148.86,2025-09-29,6,6,65.0,18.81,18.81,148.86,observed_estimated_cost
487,2025-10-01,BKK_Sukhumvit,Pineapple,3,45.39,2025-09-29,6,5,49.0,9.13,9.13,45.39,observed_estimated_cost
488,2025-10-01,BKK_Sukhumvit,Watermelon,2,28.08,2025-09-29,6,5,45.0,8.04,8.04,28.08,observed_estimated_cost
489,2025-10-01,Pattaya_Beach,Guava,3,46.77,2025-09-29,6,5.5,49.0,9.59,9.59,46.77,observed_estimated_cost
490,2025-10-01,Pattaya_Beach,PassionFruit,2,49.62,2025-09-29,6,6,65.0,18.81,18.81,49.62,observed_estimated_cost
491,2025-10-01,Pattaya_Beach,Pineapple,2,30.26,2025-09-29,6,5,49.0,9.13,9.13,30.26,observed_estimated_cost
492,2025-10-01,Pattaya_Beach,Watermelon,3,42.12,2025-09-29,6,5,45.0,8.04,8.04,42.12,observed_estimated_cost
493,2025-10-01,Pattaya_Central,Guava,3,46.77,2025-09-29,6,5.5,49.0,9.59,9.59,46.77,observed_estimated_cost
494,2025-10-01,Pattaya_Central,PassionFruit,5,124.05,2025-09-29,6,6,65.0,18.81,18.81,124.05,observed_estimated_cost
495,2025-10-01,Pattaya_Central,Pineapple,4,60.52,2025-09-29,6,5,49.0,9.13,9.13,60.52,observed_estimated_cost
496,2025-10-01,Pattaya_Central,Watermelon,3,42.12,2025-09-29,6,5,45.0,8.04,8.04,42.12,observed_estimated_cost
497,2025-10-02,BKK_Ladprao,Guava,1,15.59,2025-09-29,6,5.5,49.0,9.59,9.59,15.59,observed_estimated_cost
498,2025-10-02,BKK_Ladprao,PassionFruit,4,99.24,2025-09-29,6,6,65.0,18.81,18.81,99.24,observed_estimated_cost
499,2025-10-02,BKK_Ladprao,Pineapple,4,60.52,2025-09-29,6,5,49.0,9.13,9.13,60.52,observed_estimated_cost
500,2025-10-02,BKK_Ladprao,Watermelon,3,42.12,2025-09-29,6,5,45.0,8.04,8.04,42.12,observed_estimated_cost
501,2025-10-02,BKK_Sukhumvit,Guava,3,46.77,2025-09-29,6,5.5,49.0,9.59,9.59,46.77,observed_estimated_cost
502,2025-10-02,BKK_Sukhumvit,PassionFruit,2,49.62,2025-09-29,6,6,65.0,18.81,18.81,49.62,observed_estimated_cost
503,2025-10-02,BKK_Sukhumvit,Pineapple,4,60.52,2025-09-29,6,5,49.0,9.13,9.13,60.52,observed_estimated_cost
504,2025-10-02,BKK_Sukhumvit,Watermelon,7,98.28,2025-09-29,6,5,45.0,8.04,8.04,98.28,observed_estimated_cost
505,2025-10-02,Pattaya_Beach,Guava,3,46.77,2025-09-29,6,5.5,49.0,9.59,9.59,46.77,observed_estimated_cost
506,2025-10-02,Pattaya_Beach,PassionFruit,4,99.24,2025-09-29,6,6,65.0,18.81,18.81,99.24,observed_estimated_cost
507,2025-10-02,Pattaya_Beach,Pineapple,3,45.39,2025-09-29,6,5,49.0,9.13,9.13,45.39,observed_estimated_cost
508,2025-10-02,Pattaya_Beach,Watermelon,4,56.16,2025-09-29,6,5,45.0,8.04,8.04,56.16,observed_estimated_cost
509,2025-10-02,Pattaya_Central,Guava,2,31.18,2025-09-29,6,5.5,49.0,9.59,9.59,31.18,observed_estimated_cost
510,2025-10-02,Pattaya_Central,PassionFruit,6,148.86,2025-09-29,6,6,65.0,18.81,18.81,148.86,observed_estimated_cost
511,2025-10-02,Pattaya_Central,Pineapple,1,15.13,2025-09-29,6,5,49.0,9.13,9.13,15.13,observed_estimated_cost
512,2025-10-02,Pattaya_Central,Watermelon,8,112.32,2025-09-29,6,5,45.0,8.04,8.04,112.32,observed_estimated_cost
513,2025-10-03,BKK_Ladprao,Guava,4,62.36,2025-09-29,6,5.5,49.0,9.59,9.59,62.36,observed_estimated_cost
514,2025-10-03,BKK_Ladprao,PassionFruit,4,99.24,2025-09-29,6,6,65.0,18.81,18.81,99.24,observed_estimated_cost
515,2025-10-03,BKK_Ladprao,Pineapple,3,45.39,2025-09-29,6,5,49.0,9.13,9.13,45.39,observed_estimated_cost
516,2025-10-03,BKK_Ladprao,Watermelon,5,70.2,2025-09-29,6,5,45.0,8.04,8.04,70.2,observed_estimated_cost
517,2025-10-03,BKK_Sukhumvit,Guava,2,31.18,2025-09-29,6,5.5,49.0,9.59,9.59,31.18,observed_estimated_cost
518,2025-10-03,BKK_Sukhumvit,PassionFruit,6,148.86,2025-09-29,6,6,65.0,18.81,18.81,148.86,observed_estimated_cost
519,2025-10-03,BKK_Sukhumvit,Pineapple,6,90.78,2025-09-29,6,5,49.0,9.13,9.13,90.78,observed_estimated_cost
520,2025-10-03,BKK_Sukhumvit,Watermelon,7,98.28,2025-09-29,6,5,45.0,8.04,8.04,98.28,observed_estimated_cost
521,2025-10-03,Pattaya_Beach,Guava,4,62.36,2025-09-29,6,5.5,49.0,9.59,9.59,62.36,observed_estimated_cost
522,2025-10-03,Pattaya_Beach,PassionFruit,3,74.43,2025-09-29,6,6,65.0,18.81,18.81,74.43,observed_estimated_cost
523,2025-10-03,Pattaya_Beach,Pineapple,5,75.65,2025-09-29,6,5,49.0,9.13,9.13,75.65,observed_estimated_cost
524,2025-10-03,Pattaya_Beach,Watermelon,6,84.24,2025-09-29,6,5,45.0,8.04,8.04,84.24,observed_estimated_cost
525,2025-10-03,Pattaya_Central,Guava,3,46.77,2025-09-29,6,5.5,49.0,9.59,9.59,46.77,observed_estimated_cost
526,2025-10-03,Pattaya_Central,PassionFruit,3,74.43,2025-09-29,6,6,65.0,18.81,18.81,74.43,observed_estimated_cost
527,2025-10-03,Pattaya_Central,Pineapple,5,75.65,2025-09-29,6,5,49.0,9.13,9.13,75.65,observed_estimated_cost
528,2025-10-03,Pattaya_Central,Watermelon,2,28.08,2025-09-29,6,5,45.0,8.04,8.04,28.08,observed_estimated_cost
529,2025-10-04,BKK_Ladprao,Guava,2,31.18,2025-09-29,6,5.5,49.0,9.59,9.59,31.18,observed_estimated_cost
530,2025-10-04,BKK_Ladprao,PassionFruit,3,74.43,2025-09-29,6,6,65.0,18.81,18.81,74.43,observed_estimated_cost
531,2025-10-04,BKK_Ladprao,Pineapple,4,60.52,2025-09-29,6,5,49.0,9.13,9.13,60.52,observed_estimated_cost
532,2025-10-04,BKK_Ladprao,Watermelon,6,84.24,2025-09-29,6,5,45.0,8.04,8.04,84.24,observed_estimated_cost
533,2025-10-04,BKK_Sukhumvit,Guava,1,15.59,2025-09-29,6,5.5,49.0,9.59,9.59,15.59,observed_estimated_cost
534,2025-10-04,BKK_Sukhumvit,PassionFruit,4,99.24,2025-09-29,6,6,65.0,18.81,18.81,99.24,observed_estimated_cost
535,2025-10-04,BKK_Sukhumvit,Pineapple,3,45.39,2025-09-29,6,5,49.0,9.13,9.13,45.39,observed_estimated_cost
536,2025-10-04,BKK_Sukhumvit,Watermelon,5,70.2,2025-09-29,6,5,45.0,8.04,8.04,70.2,observed_estimated_cost
537,2025-10-04,Pattaya_Beach,Guava,5,77.95,2025-09-29,6,5.5,49.0,9.59,9.59,77.95,observed_estimated_cost
538,2025-10-04,Pattaya_Beach,PassionFruit,1,24.81,2025-09-29,6,6,65.0,18.81,18.81,24.81,observed_estimated_cost
539,2025-10-04,Pattaya_Beach,Pineapple,5,75.65,2025-09-29,6,5,49.0,9.13,9.13,75.65,observed_estimated_cost
540,2025-10-04,Pattaya_Beach,Watermelon,8,112.32,2025-09-29,6,5,45.0,8.04,8.04,112.32,observed_estimated_cost
541,2025-10-04,Pattaya_Central,Guava,3,46.77,2025-09-29,6,5.5,49.0,9.59,9.59,46.77,observed_estimated_cost
542,2025-10-04,Pattaya_Central,PassionFruit,3,74.43,2025-09-29,6,6,65.0,18.81,18.81,74.43,observed_estimated_cost
543,2025-10-04,Pattaya_Central,Pineapple,11,166.43,2025-09-29,6,5,49.0,9.13,9.13,166.43,observed_estimated_cost
544,2025-10-04,Pattaya_Central,Watermelon,6,84.24,2025-09-29,6,5,45.0,8.04,8.04,84.24,observed_estimated_cost
545,2025-10-05,BKK_Ladprao,Guava,2,31.18,2025-09-29,6,5.5,49.0,9.59,9.59,31.18,observed_estimated_cost
546,2025-10-05,BKK_Ladprao,PassionFruit,3,74.43,2025-09-29,6,6,65.0,18.81,18.81,74.43,observed_estimated_cost
547,2025-10-05,BKK_Ladprao,Pineapple,5,75.65,2025-09-29,6,5,49.0,9.13,9.13,75.65,observed_estimated_cost
548,2025-10-05,BKK_Ladprao,Watermelon,7,98.28,2025-09-29,6,5,45.0,8.04,8.04,98.28,observed_estimated_cost
549,2025-10-05,BKK_Sukhumvit,Guava,2,31.18,2025-09-29,6,5.5,49.0,9.59,9.59,31.18,observed_estimated_cost
550,2025-10-05,BKK_Sukhumvit,PassionFruit,3,74.43,2025-09-29,6,6,65.0,18.81,18.81,74.43,observed_estimated_cost
551,2025-10-05,BKK_Sukhumvit,Pineapple,5,75.65,2025-09-29,6,5,49.0,9.13,9.13,75.65,observed_estimated_cost
552,2025-10-05,BKK_Sukhumvit,Watermelon,4,56.16,2025-09-29,6,5,45.0,8.04,8.04,56.16,observed_estimated_cost
553,2025-10-05,Pattaya_Beach,Guava,1,15.59,2025-09-29,6,5.5,49.0,9.59,9.59,15.59,observed_estimated_cost
554,2025-10-05,Pattaya_Beach,PassionFruit,4,99.24,2025-09-29,6,6,65.0,18.81,18.81,99.24,observed_estimated_cost
555,2025-10-05,Pattaya_Beach,Pineapple,7,105.91,2025-09-29,6,5,49.0,9.13,9.13,105.91,observed_estimated_cost
556,2025-10-05,Pattaya_Beach,Watermelon,6,84.24,2025-09-29,6,5,45.0,8.04,8.04,84.24,observed_estimated_cost
557,2025-10-05,Pattaya_Central,Guava,3,46.77,2025-09-29,6,5.5,49.0,9.59,9.59,46.77,observed_estimated_cost
558,2025-10-05,Pattaya_Central,PassionFruit,7,173.67,2025-09-29,6,6,65.0,18.81,18.81,173.67,observed_estimated_cost
559,2025-10-05,Pattaya_Central,Pineapple,7,105.91,2025-09-29,6,5,49.0,9.13,9.13,105.91,observed_estimated_cost
560,2025-10-05,Pattaya_Central,Watermelon,6,84.24,2025-09-29,6,5,45.0,8.04,8.04,84.24,observed_estimated_cost
561,2025-10-06,BKK_Ladprao,Guava,3,47.55,2025-10-06,6,5.5,49.0,9.85,9.85,47.55,observed_estimated_cost
562,2025-10-06,BKK_Ladprao,PassionFruit,5,127.55,2025-10-06,6,6,65.0,19.51,19.51,127.55,observed_estimated_cost
563,2025-10-06,BKK_Ladprao,Pineapple,3,47.13,2025-10-06,6,5,49.0,9.71,9.71,47.13,observed_estimated_cost
564,2025-10-06,BKK_Ladprao,Watermelon,4,56.84,2025-10-06,6,5,45.0,8.21,8.21,56.84,observed_estimated_cost
565,2025-10-06,BKK_Sukhumvit,Guava,2,31.7,2025-10-06,6,5.5,49.0,9.85,9.85,31.7,observed_estimated_cost
566,2025-10-06,BKK_Sukhumvit,PassionFruit,2,51.02,2025-10-06,6,6,65.0,19.51,19.51,51.02,observed_estimated_cost
567,2025-10-06,BKK_Sukhumvit,Pineapple,4,62.84,2025-10-06,6,5,49.0,9.71,9.71,62.84,observed_estimated_cost
568,2025-10-06,BKK_Sukhumvit,Watermelon,4,56.84,2025-10-06,6,5,45.0,8.21,8.21,56.84,observed_estimated_cost
569,2025-10-06,Pattaya_Beach,Guava,4,63.4,2025-10-06,6,5.5,49.0,9.85,9.85,63.4,observed_estimated_cost
570,2025-10-06,Pattaya_Beach,PassionFruit,5,127.55,2025-10-06,6,6,65.0,19.51,19.51,127.55,observed_estimated_cost
571,2025-10-06,Pattaya_Beach,Pineapple,3,47.13,2025-10-06,6,5,49.0,9.71,9.71,47.13,observed_estimated_cost
572,2025-10-06,Pattaya_Beach,Watermelon,3,42.63,2025-10-06,6,5,45.0,8.21,8.21,42.63,observed_estimated_cost
573,2025-10-06,Pattaya_Central,Guava,3,47.55,2025-10-06,6,5.5,49.0,9.85,9.85,47.55,observed_estimated_cost
574,2025-10-06,Pattaya_Central,PassionFruit,4,102.04,2025-10-06,6,6,65.0,19.51,19.51,102.04,observed_estimated_cost
575,2025-10-06,Pattaya_Central,Pineapple,6,94.26,2025-10-06,6,5,49.0,9.71,9.71,94.26,observed_estimated_cost
576,2025-10-06,Pattaya_Central,Watermelon,3,42.63,2025-10-06,6,5,45.0,8.21,8.21,42.63,observed_estimated_cost
577,2025-10-07,BKK_Ladprao,Guava,5,79.25,2025-10-06,6,5.5,49.0,9.85,9.85,79.25,observed_estimated_cost
578,2025-10-07,BKK_Ladprao,PassionFruit,2,51.02,2025-10-06,6,6,65.0,19.51,19.51,51.02,observed_estimated_cost
579,2025-10-07,BKK_Ladprao,Pineapple,3,47.13,2025-10-06,6,5,49.0,9.71,9.71,47.13,observed_estimated_cost
580,2025-10-07,BKK_Ladprao,Watermelon,4,56.84,2025-10-06,6,5,45.0,8.21,8.21,56.84,observed_estimated_cost
581,2025-10-07,BKK_Sukhumvit,Guava,2,31.7,2025-10-06,6,5.5,49.0,9.85,9.85,31.7,observed_estimated_cost
582,2025-10-07,BKK_Sukhumvit,PassionFruit,3,76.53,2025-10-06,6,6,65.0,19.51,19.51,76.53,observed_estimated_cost
583,2025-10-07,BKK_Sukhumvit,Pineapple,1,15.71,2025-10-06,6,5,49.0,9.71,9.71,15.71,observed_estimated_cost
584,2025-10-07,BKK_Sukhumvit,Watermelon,5,71.05,2025-10-06,6,5,45.0,8.21,8.21,71.05,observed_estimated_cost
585,2025-10-07,Pattaya_Beach,Guava,5,79.25,2025-10-06,6,5.5,49.0,9.85,9.85,79.25,observed_estimated_cost
586,2025-10-07,Pattaya_Beach,PassionFruit,5,127.55,2025-10-06,6,6,65.0,19.51,19.51,127.55,observed_estimated_cost
587,2025-10-07,Pattaya_Beach,Pineapple,2,31.42,2025-10-06,6,5,49.0,9.71,9.71,31.42,observed_estimated_cost
588,2025-10-07,Pattaya_Beach,Watermelon,5,71.05,2025-10-06,6,5,45.0,8.21,8.21,71.05,observed_estimated_cost
589,2025-10-07,Pattaya_Central,Guava,4,63.4,2025-10-06,6,5.5,49.0,9.85,9.85,63.4,observed_estimated_cost
590,2025-10-07,Pattaya_Central,PassionFruit,6,153.06,2025-10-06,6,6,65.0,19.51,19.51,153.06,observed_estimated_cost
591,2025-10-07,Pattaya_Central,Pineapple,4,62.84,2025-10-06,6,5,49.0,9.71,9.71,62.84,observed_estimated_cost
592,2025-10-07,Pattaya_Central,Watermelon,5,71.05,2025-10-06,6,5,45.0,8.21,8.21,71.05,observed_estimated_cost
593,2025-10-08,BKK_Ladprao,Guava,2,31.7,2025-10-06,6,5.5,49.0,9.85,9.85,31.7,observed_estimated_cost
594,2025-10-08,BKK_Ladprao,PassionFruit,4,102.04,2025-10-06,6,6,65.0,19.51,19.51,102.04,observed_estimated_cost
595,2025-10-08,BKK_Ladprao,Pineapple,5,78.55,2025-10-06,6,5,49.0,9.71,9.71,78.55,observed_estimated_cost
596,2025-10-08,BKK_Ladprao,Watermelon,5,71.05,2025-10-06,6,5,45.0,8.21,8.21,71.05,observed_estimated_cost
597,2025-10-08,BKK_Sukhumvit,Guava,1,15.85,2025-10-06,6,5.5,49.0,9.85,9.85,15.85,observed_estimated_cost
598,2025-10-08,BKK_Sukhumvit,PassionFruit,4,102.04,2025-10-06,6,6,65.0,19.51,19.51,102.04,observed_estimated_cost
599,2025-10-08,BKK_Sukhumvit,Pineapple,5,78.55,2025-10-06,6,5,49.0,9.71,9.71,78.55,observed_estimated_cost
600,2025-10-08,BKK_Sukhumvit,Watermelon,5,71.05,2025-10-06,6,5,45.0,8.21,8.21,71.05,observed_estimated_cost
601,2025-10-08,Pattaya_Beach,Guava,2,31.7,2025-10-06,6,5.5,49.0,9.85,9.85,31.7,observed_estimated_cost
602,2025-10-08,Pattaya_Beach,PassionFruit,2,51.02,2025-10-06,6,6,65.0,19.51,19.51,51.02,observed_estimated_cost
603,2025-10-08,Pattaya_Beach,Pineapple,2,31.42,2025-10-06,6,5,49.0,9.71,9.71,31.42,observed_estimated_cost
604,2025-10-08,Pattaya_Beach,Watermelon,3,42.63,2025-10-06,6,5,45.0,8.21,8.21,42.63,observed_estimated_cost
605,2025-10-08,Pattaya_Central,Guava,2,31.7,2025-10-06,6,5.5,49.0,9.85,9.85,31.7,observed_estimated_cost
606,2025-10-08,Pattaya_Central,PassionFruit,7,178.57,2025-10-06,6,6,65.0,19.51,19.51,178.57,observed_estimated_cost
607,2025-10-08,Pattaya_Central,Pineapple,4,62.84,2025-10-06,6,5,49.0,9.71,9.71,62.84,observed_estimated_cost
608,2025-10-08,Pattaya_Central,Watermelon,6,85.26,2025-10-06,6,5,45.0,8.21,8.21,85.26,observed_estimated_cost
609,2025-10-09,BKK_Ladprao,Guava,4,63.4,2025-10-06,6,5.5,49.0,9.85,9.85,63.4,observed_estimated_cost
610,2025-10-09,BKK_Ladprao,PassionFruit,7,178.57,2025-10-06,6,6,65.0,19.51,19.51,178.57,observed_estimated_cost
611,2025-10-09,BKK_Ladprao,Pineapple,3,47.13,2025-10-06,6,5,49.0,9.71,9.71,47.13,observed_estimated_cost
612,2025-10-09,BKK_Ladprao,Watermelon,3,42.63,2025-10-06,6,5,45.0,8.21,8.21,42.63,observed_estimated_cost
613,2025-10-09,BKK_Sukhumvit,Guava,3,47.55,2025-10-06,6,5.5,49.0,9.85,9.85,47.55,observed_estimated_cost
614,2025-10-09,BKK_Sukhumvit,PassionFruit,6,153.06,2025-10-06,6,6,65.0,19.51,19.51,153.06,observed_estimated_cost
615,2025-10-09,BKK_Sukhumvit,Pineapple,6,94.26,2025-10-06,6,5,49.0,9.71,9.71,94.26,observed_estimated_cost
616,2025-10-09,BKK_Sukhumvit,Watermelon,3,42.63,2025-10-06,6,5,45.0,8.21,8.21,42.63,observed_estimated_cost
617,2025-10-09,Pattaya_Beach,Guava,2,31.7,2025-10-06,6,5.5,49.0,9.85,9.85,31.7,observed_estimated_cost
618,2025-10-09,Pattaya_Beach,PassionFruit,4,102.04,2025-10-06,6,6,65.0,19.51,19.51,102.04,observed_estimated_cost
619,2025-10-09,Pattaya_Beach,Pineapple,3,47.13,2025-10-06,6,5,49.0,9.71,9.71,47.13,observed_estimated_cost
620,2025-10-09,Pattaya_Beach,Watermelon,5,71.05,2025-10-06,6,5,45.0,8.21,8.21,71.05,observed_estimated_cost
621,2025-10-09,Pattaya_Central,Guava,3,47.55,2025-10-06,6,5.5,49.0,9.85,9.85,47.55,observed_estimated_cost
622,2025-10-09,Pattaya_Central,PassionFruit,2,51.02,2025-10-06,6,6,65.0,19.51,19.51,51.02,observed_estimated_cost
623,2025-10-09,Pattaya_Central,Pineapple,5,78.55,2025-10-06,6,5,49.0,9.71,9.71,78.55,observed_estimated_cost
624,2025-10-09,Pattaya_Central,Watermelon,7,99.47,2025-10-06,6,5,45.0,8.21,8.21,99.47,observed_estimated_cost
625,2025-10-10,BKK_Ladprao,Guava,7,110.95,2025-10-06,6,5.5,49.0,9.85,9.85,110.95,observed_estimated_cost
626,2025-10-10,BKK_Ladprao,PassionFruit,4,102.04,2025-10-06,6,6,65.0,19.51,19.51,102.04,observed_estimated_cost
627,2025-10-10,BKK_Ladprao,Pineapple,4,62.84,2025-10-06,6,5,49.0,9.71,9.71,62.84,observed_estimated_cost
628,2025-10-10,BKK_Ladprao,Watermelon,7,99.47,2025-10-06,6,5,45.0,8.21,8.21,99.47,observed_estimated_cost
629,2025-10-10,BKK_Sukhumvit,Guava,7,110.95,2025-10-06,6,5.5,49.0,9.85,9.85,110.95,observed_estimated_cost
630,2025-10-10,BKK_Sukhumvit,PassionFruit,11,280.61,2025-10-06,6,6,65.0,19.51,19.51,280.61,observed_estimated_cost
631,2025-10-10,BKK_Sukhumvit,Pineapple,6,94.26,2025-10-06,6,5,49.0,9.71,9.71,94.26,observed_estimated_cost
632,2025-10-10,BKK_Sukhumvit,Watermelon,4,56.84,2025-10-06,6,5,45.0,8.21,8.21,56.84,observed_estimated_cost
633,2025-10-10,Pattaya_Beach,Guava,3,47.55,2025-10-06,6,5.5,49.0,9.85,9.85,47.55,observed_estimated_cost
634,2025-10-10,Pattaya_Beach,PassionFruit,5,127.55,2025-10-06,6,6,65.0,19.51,19.51,127.55,observed_estimated_cost
635,2025-10-10,Pattaya_Beach,Pineapple,9,141.39,2025-10-06,6,5,49.0,9.71,9.71,141.39,observed_estimated_cost
636,2025-10-10,Pattaya_Beach,Watermelon,6,85.26,2025-10-06,6,5,45.0,8.21,8.21,85.26,observed_estimated_cost
637,2025-10-10,Pattaya_Central,Guava,8,126.8,2025-10-06,6,5.5,49.0,9.85,9.85,126.8,observed_estimated_cost
638,2025-10-10,Pattaya_Central,PassionFruit,6,153.06,2025-10-06,6,6,65.0,19.51,19.51,153.06,observed_estimated_cost
639,2025-10-10,Pattaya_Central,Pineapple,2,31.42,2025-10-06,6,5,49.0,9.71,9.71,31.42,observed_estimated_cost
640,2025-10-10,Pattaya_Central,Watermelon,8,113.68,2025-10-06,6,5,45.0,8.21,8.21,113.68,observed_estimated_cost
641,2025-10-11,BKK_Ladprao,Guava,2,31.7,2025-10-06,6,5.5,49.0,9.85,9.85,31.7,observed_estimated_cost
642,2025-10-11,BKK_Ladprao,PassionFruit,5,127.55,2025-10-06,6,6,65.0,19.51,19.51,127.55,observed_estimated_cost
643,2025-10-11,BKK_Ladprao,Pineapple,5,78.55,2025-10-06,6,5,49.0,9.71,9.71,78.55,observed_estimated_cost
644,2025-10-11,BKK_Ladprao,Watermelon,2,28.42,2025-10-06,6,5,45.0,8.21,8.21,28.42,observed_estimated_cost
645,2025-10-11,BKK_Sukhumvit,Guava,3,47.55,2025-10-06,6,5.5,49.0,9.85,9.85,47.55,observed_estimated_cost
646,2025-10-11,BKK_Sukhumvit,PassionFruit,5,127.55,2025-10-06,6,6,65.0,19.51,19.51,127.55,observed_estimated_cost
647,2025-10-11,BKK_Sukhumvit,Pineapple,2,31.42,2025-10-06,6,5,49.0,9.71,9.71,31.42,observed_estimated_cost
648,2025-10-11,BKK_Sukhumvit,Watermelon,4,56.84,2025-10-06,6,5,45.0,8.21,8.21,56.84,observed_estimated_cost
649,2025-10-11,Pattaya_Beach,Guava,3,47.55,2025-10-06,6,5.5,49.0,9.85,9.85,47.55,observed_estimated_cost
650,2025-10-11,Pattaya_Beach,PassionFruit,6,153.06,2025-10-06,6,6,65.0,19.51,19.51,153.06,observed_estimated_cost
651,2025-10-11,Pattaya_Beach,Pineapple,5,78.55,2025-10-06,6,5,49.0,9.71,9.71,78.55,observed_estimated_cost
652,2025-10-11,Pattaya_Beach,Watermelon,6,85.26,2025-10-06,6,5,45.0,8.21,8.21,85.26,observed_estimated_cost
653,2025-10-11,Pattaya_Central,Guava,4,63.4,2025-10-06,6,5.5,49.0,9.85,9.85,63.4,observed_estimated_cost
654,2025-10-11,Pattaya_Central,PassionFruit,7,178.57,2025-10-06,6,6,65.0,19.51,19.51,178.57,observed_estimated_cost
655,2025-10-11,Pattaya_Central,Pineapple,6,94.26,2025-10-06,6,5,49.0,9.71,9.71,94.26,observed_estimated_cost
656,2025-10-11,Pattaya_Central,Watermelon,2,28.42,2025-10-06,6,5,45.0,8.21,8.21,28.42,observed_estimated_cost
657,2025-10-12,BKK_Ladprao,Guava,3,47.55,2025-10-06,6,5.5,49.0,9.85,9.85,47.55,observed_estimated_cost
658,2025-10-12,BKK_Ladprao,PassionFruit,4,102.04,2025-10-06,6,6,65.0,19.51,19.51,102.04,observed_estimated_cost
659,2025-10-12,BKK_Ladprao,Pineapple,3,47.13,2025-10-06,6,5,49.0,9.71,9.71,47.13,observed_estimated_cost
660,2025-10-12,BKK_Ladprao,Watermelon,4,56.84,2025-10-06,6,5,45.0,8.21,8.21,56.84,observed_estimated_cost
661,2025-10-12,BKK_Sukhumvit,Guava,1,15.85,2025-10-06,6,5.5,49.0,9.85,9.85,15.85,observed_estimated_cost
662,2025-10-12,BKK_Sukhumvit,PassionFruit,3,76.53,2025-10-06,6,6,65.0,19.51,19.51,76.53,observed_estimated_cost
663,2025-10-12,BKK_Sukhumvit,Pineapple,0,0.0,2025-10-06,6,5,49.0,9.71,9.71,0.0,observed_estimated_cost
664,2025-10-12,BKK_Sukhumvit,Watermelon,4,56.84,2025-10-06,6,5,45.0,8.21,8.21,56.84,observed_estimated_cost
665,2025-10-12,Pattaya_Beach,Guava,4,63.4,2025-10-06,6,5.5,49.0,9.85,9.85,63.4,observed_estimated_cost
666,2025-10-12,Pattaya_Beach,PassionFruit,8,204.08,2025-10-06,6,6,65.0,19.51,19.51,204.08,observed_estimated_cost
667,2025-10-12,Pattaya_Beach,Pineapple,2,31.42,2025-10-06,6,5,49.0,9.71,9.71,31.42,observed_estimated_cost
668,2025-10-12,Pattaya_Beach,Watermelon,6,85.26,2025-10-06,6,5,45.0,8.21,8.21,85.26,observed_estimated_cost
669,2025-10-12,Pattaya_Central,Guava,5,79.25,2025-10-06,6,5.5,49.0,9.85,9.85,79.25,observed_estimated_cost
670,2025-10-12,Pattaya_Central,PassionFruit,6,153.06,2025-10-06,6,6,65.0,19.51,19.51,153.06,observed_estimated_cost
671,2025-10-12,Pattaya_Central,Pineapple,5,78.55,2025-10-06,6,5,49.0,9.71,9.71,78.55,observed_estimated_cost
672,2025-10-12,Pattaya_Central,Watermelon,7,99.47,2025-10-06,6,5,45.0,8.21,8.21,99.47,observed_estimated_cost
673,2025-10-13,BKK_Ladprao,Guava,4,59.76,2025-10-13,6,5.5,49.0,8.94,8.94,59.76,observed_estimated_cost
674,2025-10-13,BKK_Ladprao,PassionFruit,7,162.54,2025-10-13,6,6,65.0,17.22,17.22,162.54,observed_estimated_cost
675,2025-10-13,BKK_Ladprao,Pineapple,5,76.95,2025-10-13,6,5,49.0,9.39,9.39,76.95,observed_estimated_cost
676,2025-10-13,BKK_Ladprao,Watermelon,4,56.88,2025-10-13,6,5,45.0,8.22,8.22,56.88,observed_estimated_cost
677,2025-10-13,BKK_Sukhumvit,Guava,1,14.94,2025-10-13,6,5.5,49.0,8.94,8.94,14.94,observed_estimated_cost
678,2025-10-13,BKK_Sukhumvit,PassionFruit,3,69.66,2025-10-13,6,6,65.0,17.22,17.22,69.66,observed_estimated_cost
679,2025-10-13,BKK_Sukhumvit,Pineapple,3,46.17,2025-10-13,6,5,49.0,9.39,9.39,46.17,observed_estimated_cost
680,2025-10-13,BKK_Sukhumvit,Watermelon,5,71.1,2025-10-13,6,5,45.0,8.22,8.22,71.1,observed_estimated_cost
681,2025-10-13,Pattaya_Beach,Guava,4,59.76,2025-10-13,6,5.5,49.0,8.94,8.94,59.76,observed_estimated_cost
682,2025-10-13,Pattaya_Beach,Pineapple,4,61.56,2025-10-13,6,5,49.0,9.39,9.39,61.56,observed_estimated_cost
683,2025-10-13,Pattaya_Beach,Watermelon,4,56.88,2025-10-13,6,5,45.0,8.22,8.22,56.88,observed_estimated_cost
684,2025-10-13,Pattaya_Central,Guava,5,74.7,2025-10-13,6,5.5,49.0,8.94,8.94,74.7,observed_estimated_cost
685,2025-10-13,Pattaya_Central,PassionFruit,5,116.1,2025-10-13,6,6,65.0,17.22,17.22,116.1,observed_estimated_cost
686,2025-10-13,Pattaya_Central,Pineapple,7,107.73,2025-10-13,6,5,49.0,9.39,9.39,107.73,observed_estimated_cost
687,2025-10-13,Pattaya_Central,Watermelon,4,56.88,2025-10-13,6,5,45.0,8.22,8.22,56.88,observed_estimated_cost
688,2025-10-14,BKK_Ladprao,Guava,4,59.76,2025-10-13,6,5.5,49.0,8.94,8.94,59.76,observed_estimated_cost
689,2025-10-14,BKK_Ladprao,PassionFruit,2,46.44,2025-10-13,6,6,65.0,17.22,17.22,46.44,observed_estimated_cost
690,2025-10-14,BKK_Ladprao,Pineapple,4,61.56,2025-10-13,6,5,49.0,9.39,9.39,61.56,observed_estimated_cost
691,2025-10-14,BKK_Ladprao,Watermelon,4,56.88,2025-10-13,6,5,45.0,8.22,8.22,56.88,observed_estimated_cost
692,2025-10-14,BKK_Sukhumvit,Guava,2,29.88,2025-10-13,6,5.5,49.0,8.94,8.94,29.88,observed_estimated_cost
693,2025-10-14,BKK_Sukhumvit,PassionFruit,3,69.66,2025-10-13,6,6,65.0,17.22,17.22,69.66,observed_estimated_cost
694,2025-10-14,BKK_Sukhumvit,Pineapple,2,30.78,2025-10-13,6,5,49.0,9.39,9.39,30.78,observed_estimated_cost
695,2025-10-14,BKK_Sukhumvit,Watermelon,5,71.1,2025-10-13,6,5,45.0,8.22,8.22,71.1,observed_estimated_cost
696,2025-10-14,Pattaya_Beach,Guava,2,29.88,2025-10-13,6,5.5,49.0,8.94,8.94,29.88,observed_estimated_cost
697,2025-10-14,Pattaya_Beach,PassionFruit,4,92.88,2025-10-13,6,6,65.0,17.22,17.22,92.88,observed_estimated_cost
698,2025-10-14,Pattaya_Beach,Pineapple,6,92.34,2025-10-13,6,5,49.0,9.39,9.39,92.34,observed_estimated_cost
699,2025-10-14,Pattaya_Beach,Watermelon,4,56.88,2025-10-13,6,5,45.0,8.22,8.22,56.88,observed_estimated_cost
700,2025-10-14,Pattaya_Central,Guava,4,59.76,2025-10-13,6,5.5,49.0,8.94,8.94,59.76,observed_estimated_cost
701,2025-10-14,Pattaya_Central,PassionFruit,5,116.1,2025-10-13,6,6,65.0,17.22,17.22,116.1,observed_estimated_cost
702,2025-10-14,Pattaya_Central,Pineapple,6,92.34,2025-10-13,6,5,49.0,9.39,9.39,92.34,observed_estimated_cost
703,2025-10-14,Pattaya_Central,Watermelon,7,99.54,2025-10-13,6,5,45.0,8.22,8.22,99.54,observed_estimated_cost
704,2025-10-15,BKK_Ladprao,Guava,2,29.88,2025-10-13,6,5.5,49.0,8.94,8.94,29.88,observed_estimated_cost
705,2025-10-15,BKK_Ladprao,PassionFruit,4,92.88,2025-10-13,6,6,65.0,17.22,17.22,92.88,observed_estimated_cost
706,2025-10-15,BKK_Ladprao,Pineapple,4,61.56,2025-10-13,6,5,49.0,9.39,9.39,61.56,observed_estimated_cost
707,2025-10-15,BKK_Ladprao,Watermelon,7,99.54,2025-10-13,6,5,45.0,8.22,8.22,99.54,observed_estimated_cost
708,2025-10-15,BKK_Sukhumvit,Guava,6,89.64,2025-10-13,6,5.5,49.0,8.94,8.94,89.64,observed_estimated_cost
709,2025-10-15,BKK_Sukhumvit,PassionFruit,2,46.44,2025-10-13,6,6,65.0,17.22,17.22,46.44,observed_estimated_cost
710,2025-10-15,BKK_Sukhumvit,Pineapple,4,61.56,2025-10-13,6,5,49.0,9.39,9.39,61.56,observed_estimated_cost
711,2025-10-15,BKK_Sukhumvit,Watermelon,5,71.1,2025-10-13,6,5,45.0,8.22,8.22,71.1,observed_estimated_cost
712,2025-10-15,Pattaya_Beach,Guava,2,29.88,2025-10-13,6,5.5,49.0,8.94,8.94,29.88,observed_estimated_cost
713,2025-10-15,Pattaya_Beach,PassionFruit,3,69.66,2025-10-13,6,6,65.0,17.22,17.22,69.66,observed_estimated_cost
714,2025-10-15,Pattaya_Beach,Pineapple,4,61.56,2025-10-13,6,5,49.0,9.39,9.39,61.56,observed_estimated_cost
715,2025-10-15,Pattaya_Beach,Watermelon,5,71.1,2025-10-13,6,5,45.0,8.22,8.22,71.1,observed_estimated_cost
716,2025-10-15,Pattaya_Central,Guava,9,134.46,2025-10-13,6,5.5,49.0,8.94,8.94,134.46,observed_estimated_cost
717,2025-10-15,Pattaya_Central,PassionFruit,8,185.76,2025-10-13,6,6,65.0,17.22,17.22,185.76,observed_estimated_cost
718,2025-10-15,Pattaya_Central,Pineapple,7,107.73,2025-10-13,6,5,49.0,9.39,9.39,107.73,observed_estimated_cost
719,2025-10-15,Pattaya_Central,Watermelon,5,71.1,2025-10-13,6,5,45.0,8.22,8.22,71.1,observed_estimated_cost
720,2025-10-16,BKK_Ladprao,Guava,3,44.82,2025-10-13,6,5.5,49.0,8.94,8.94,44.82,observed_estimated_cost
721,2025-10-16,BKK_Ladprao,PassionFruit,6,139.32,2025-10-13,6,6,65.0,17.22,17.22,139.32,observed_estimated_cost
722,2025-10-16,BKK_Ladprao,Pineapple,3,46.17,2025-10-13,6,5,49.0,9.39,9.39,46.17,observed_estimated_cost
723,2025-10-16,BKK_Ladprao,Watermelon,4,56.88,2025-10-13,6,5,45.0,8.22,8.22,56.88,observed_estimated_cost
724,2025-10-16,BKK_Sukhumvit,Guava,3,44.82,2025-10-13,6,5.5,49.0,8.94,8.94,44.82,observed_estimated_cost
725,2025-10-16,BKK_Sukhumvit,PassionFruit,2,46.44,2025-10-13,6,6,65.0,17.22,17.22,46.44,observed_estimated_cost
726,2025-10-16,BKK_Sukhumvit,Pineapple,3,46.17,2025-10-13,6,5,49.0,9.39,9.39,46.17,observed_estimated_cost
727,2025-10-16,BKK_Sukhumvit,Watermelon,3,42.66,2025-10-13,6,5,45.0,8.22,8.22,42.66,observed_estimated_cost
728,2025-10-16,Pattaya_Beach,Guava,4,59.76,2025-10-13,6,5.5,49.0,8.94,8.94,59.76,observed_estimated_cost
729,2025-10-16,Pattaya_Beach,PassionFruit,5,116.1,2025-10-13,6,6,65.0,17.22,17.22,116.1,observed_estimated_cost
730,2025-10-16,Pattaya_Beach,Pineapple,4,61.56,2025-10-13,6,5,49.0,9.39,9.39,61.56,observed_estimated_cost
731,2025-10-16,Pattaya_Beach,Watermelon,5,71.1,2025-10-13,6,5,45.0,8.22,8.22,71.1,observed_estimated_cost
732,2025-10-16,Pattaya_Central,Guava,4,59.76,2025-10-13,6,5.5,49.0,8.94,8.94,59.76,observed_estimated_cost
733,2025-10-16,Pattaya_Central,PassionFruit,3,69.66,2025-10-13,6,6,65.0,17.22,17.22,69.66,observed_estimated_cost
734,2025-10-16,Pattaya_Central,Pineapple,4,61.56,2025-10-13,6,5,49.0,9.39,9.39,61.56,observed_estimated_cost
735,2025-10-16,Pattaya_Central,Watermelon,6,85.32,2025-10-13,6,5,45.0,8.22,8.22,85.32,observed_estimated_cost
736,2025-10-17,BKK_Ladprao,Guava,3,44.82,2025-10-13,6,5.5,49.0,8.94,8.94,44.82,observed_estimated_cost
737,2025-10-17,BKK_Ladprao,PassionFruit,2,46.44,2025-10-13,6,6,65.0,17.22,17.22,46.44,observed_estimated_cost
738,2025-10-17,BKK_Ladprao,Pineapple,3,46.17,2025-10-13,6,5,49.0,9.39,9.39,46.17,observed_estimated_cost
739,2025-10-17,BKK_Ladprao,Watermelon,3,42.66,2025-10-13,6,5,45.0,8.22,8.22,42.66,observed_estimated_cost
740,2025-10-17,BKK_Sukhumvit,Guava,4,59.76,2025-10-13,6,5.5,49.0,8.94,8.94,59.76,observed_estimated_cost
741,2025-10-17,BKK_Sukhumvit,PassionFruit,0,0.0,2025-10-13,6,6,65.0,17.22,17.22,0.0,observed_estimated_cost
742,2025-10-17,BKK_Sukhumvit,Pineapple,4,61.56,2025-10-13,6,5,49.0,9.39,9.39,61.56,observed_estimated_cost
743,2025-10-17,BKK_Sukhumvit,Watermelon,6,85.32,2025-10-13,6,5,45.0,8.22,8.22,85.32,observed_estimated_cost
744,2025-10-17,Pattaya_Beach,Guava,3,44.82,2025-10-13,6,5.5,49.0,8.94,8.94,44.82,observed_estimated_cost
745,2025-10-17,Pattaya_Beach,PassionFruit,6,139.32,2025-10-13,6,6,65.0,17.22,17.22,139.32,observed_estimated_cost
746,2025-10-17,Pattaya_Beach,Pineapple,1,15.39,2025-10-13,6,5,49.0,9.39,9.39,15.39,observed_estimated_cost
747,2025-10-17,Pattaya_Beach,Watermelon,2,28.44,2025-10-13,6,5,45.0,8.22,8.22,28.44,observed_estimated_cost
748,2025-10-17,Pattaya_Central,Guava,2,29.88,2025-10-13,6,5.5,49.0,8.94,8.94,29.88,observed_estimated_cost
749,2025-10-17,Pattaya_Central,PassionFruit,7,162.54,2025-10-13,6,6,65.0,17.22,17.22,162.54,observed_estimated_cost
750,2025-10-17,Pattaya_Central,Pineapple,7,107.73,2025-10-13,6,5,49.0,9.39,9.39,107.73,observed_estimated_cost
751,2025-10-17,Pattaya_Central,Watermelon,6,85.32,2025-10-13,6,5,45.0,8.22,8.22,85.32,observed_estimated_cost
752,2025-10-18,BKK_Ladprao,Guava,3,44.82,2025-10-13,6,5.5,49.0,8.94,8.94,44.82,observed_estimated_cost
753,2025-10-18,BKK_Ladprao,PassionFruit,3,69.66,2025-10-13,6,6,65.0,17.22,17.22,69.66,observed_estimated_cost
754,2025-10-18,BKK_Ladprao,Pineapple,3,46.17,2025-10-13,6,5,49.0,9.39,9.39,46.17,observed_estimated_cost
755,2025-10-18,BKK_Ladprao,Watermelon,3,42.66,2025-10-13,6,5,45.0,8.22,8.22,42.66,observed_estimated_cost
756,2025-10-18,BKK_Sukhumvit,Guava,4,59.76,2025-10-13,6,5.5,49.0,8.94,8.94,59.76,observed_estimated_cost
757,2025-10-18,BKK_Sukhumvit,PassionFruit,1,23.22,2025-10-13,6,6,65.0,17.22,17.22,23.22,observed_estimated_cost
758,2025-10-18,BKK_Sukhumvit,Pineapple,3,46.17,2025-10-13,6,5,49.0,9.39,9.39,46.17,observed_estimated_cost
759,2025-10-18,BKK_Sukhumvit,Watermelon,5,71.1,2025-10-13,6,5,45.0,8.22,8.22,71.1,observed_estimated_cost
760,2025-10-18,Pattaya_Beach,Guava,3,44.82,2025-10-13,6,5.5,49.0,8.94,8.94,44.82,observed_estimated_cost
761,2025-10-18,Pattaya_Beach,PassionFruit,6,139.32,2025-10-13,6,6,65.0,17.22,17.22,139.32,observed_estimated_cost
762,2025-10-18,Pattaya_Beach,Pineapple,7,107.73,2025-10-13,6,5,49.0,9.39,9.39,107.73,observed_estimated_cost
763,2025-10-18,Pattaya_Beach,Watermelon,5,71.1,2025-10-13,6,5,45.0,8.22,8.22,71.1,observed_estimated_cost
764,2025-10-18,Pattaya_Central,Guava,5,74.7,2025-10-13,6,5.5,49.0,8.94,8.94,74.7,observed_estimated_cost
765,2025-10-18,Pattaya_Central,PassionFruit,3,69.66,2025-10-13,6,6,65.0,17.22,17.22,69.66,observed_estimated_cost
766,2025-10-18,Pattaya_Central,Pineapple,3,46.17,2025-10-13,6,5,49.0,9.39,9.39,46.17,observed_estimated_cost
767,2025-10-18,Pattaya_Central,Watermelon,10,142.2,2025-10-13,6,5,45.0,8.22,8.22,142.2,observed_estimated_cost
768,2025-10-19,BKK_Ladprao,Guava,2,29.88,2025-10-13,6,5.5,49.0,8.94,8.94,29.88,observed_estimated_cost
769,2025-10-19,BKK_Ladprao,PassionFruit,1,23.22,2025-10-13,6,6,65.0,17.22,17.22,23.22,observed_estimated_cost
770,2025-10-19,BKK_Ladprao,Pineapple,4,61.56,2025-10-13,6,5,49.0,9.39,9.39,61.56,observed_estimated_cost
771,2025-10-19,BKK_Ladprao,Watermelon,4,56.88,2025-10-13,6,5,45.0,8.22,8.22,56.88,observed_estimated_cost
772,2025-10-19,BKK_Sukhumvit,Guava,2,29.88,2025-10-13,6,5.5,49.0,8.94,8.94,29.88,observed_estimated_cost
773,2025-10-19,BKK_Sukhumvit,PassionFruit,3,69.66,2025-10-13,6,6,65.0,17.22,17.22,69.66,observed_estimated_cost
774,2025-10-19,BKK_Sukhumvit,Pineapple,3,46.17,2025-10-13,6,5,49.0,9.39,9.39,46.17,observed_estimated_cost
775,2025-10-19,BKK_Sukhumvit,Watermelon,6,85.32,2025-10-13,6,5,45.0,8.22,8.22,85.32,observed_estimated_cost
776,2025-10-19,Pattaya_Beach,Guava,6,89.64,2025-10-13,6,5.5,49.0,8.94,8.94,89.64,observed_estimated_cost
777,2025-10-19,Pattaya_Beach,PassionFruit,5,116.1,2025-10-13,6,6,65.0,17.22,17.22,116.1,observed_estimated_cost
778,2025-10-19,Pattaya_Beach,Pineapple,5,76.95,2025-10-13,6,5,49.0,9.39,9.39,76.95,observed_estimated_cost
779,2025-10-19,Pattaya_Beach,Watermelon,10,142.2,2025-10-13,6,5,45.0,8.22,8.22,142.2,observed_estimated_cost
780,2025-10-19,Pattaya_Central,Guava,7,104.58,2025-10-13,6,5.5,49.0,8.94,8.94,104.58,observed_estimated_cost
781,2025-10-19,Pattaya_Central,PassionFruit,8,185.76,2025-10-13,6,6,65.0,17.22,17.22,185.76,observed_estimated_cost
782,2025-10-19,Pattaya_Central,Pineapple,6,92.34,2025-10-13,6,5,49.0,9.39,9.39,92.34,observed_estimated_cost
783,2025-10-19,Pattaya_Central,Watermelon,7,99.54,2025-10-13,6,5,45.0,8.22,8.22,99.54,observed_estimated_cost
784,2025-10-20,BKK_Ladprao,Guava,4,61.76,2025-10-20,6,5.5,49.0,9.44,9.44,61.76,observed_estimated_cost
785,2025-10-20,BKK_Ladprao,PassionFruit,3,77.13,2025-10-20,6,6,65.0,19.71,19.71,77.13,observed_estimated_cost
786,2025-10-20,BKK_Ladprao,Pineapple,5,81.85,2025-10-20,6,5,49.0,10.37,10.37,81.85,observed_estimated_cost
787,2025-10-20,BKK_Ladprao,Watermelon,6,82.32,2025-10-20,6,5,45.0,7.72,7.72,82.32,observed_estimated_cost
788,2025-10-20,BKK_Sukhumvit,Guava,4,61.76,2025-10-20,6,5.5,49.0,9.44,9.44,61.76,observed_estimated_cost
789,2025-10-20,BKK_Sukhumvit,PassionFruit,4,102.84,2025-10-20,6,6,65.0,19.71,19.71,102.84,observed_estimated_cost
790,2025-10-20,BKK_Sukhumvit,Pineapple,4,65.48,2025-10-20,6,5,49.0,10.37,10.37,65.48,observed_estimated_cost
791,2025-10-20,BKK_Sukhumvit,Watermelon,4,54.88,2025-10-20,6,5,45.0,7.72,7.72,54.88,observed_estimated_cost
792,2025-10-20,Pattaya_Beach,Guava,2,30.88,2025-10-20,6,5.5,49.0,9.44,9.44,30.88,observed_estimated_cost
793,2025-10-20,Pattaya_Beach,PassionFruit,5,128.55,2025-10-20,6,6,65.0,19.71,19.71,128.55,observed_estimated_cost
794,2025-10-20,Pattaya_Beach,Pineapple,4,65.48,2025-10-20,6,5,49.0,10.37,10.37,65.48,observed_estimated_cost
795,2025-10-20,Pattaya_Beach,Watermelon,6,82.32,2025-10-20,6,5,45.0,7.72,7.72,82.32,observed_estimated_cost
796,2025-10-20,Pattaya_Central,Guava,4,61.76,2025-10-20,6,5.5,49.0,9.44,9.44,61.76,observed_estimated_cost
797,2025-10-20,Pattaya_Central,PassionFruit,5,128.55,2025-10-20,6,6,65.0,19.71,19.71,128.55,observed_estimated_cost
798,2025-10-20,Pattaya_Central,Pineapple,7,114.59,2025-10-20,6,5,49.0,10.37,10.37,114.59,observed_estimated_cost
799,2025-10-20,Pattaya_Central,Watermelon,5,68.6,2025-10-20,6,5,45.0,7.72,7.72,68.6,observed_estimated_cost
800,2025-10-21,BKK_Ladprao,Guava,4,61.76,2025-10-20,6,5.5,49.0,9.44,9.44,61.76,observed_estimated_cost
801,2025-10-21,BKK_Ladprao,PassionFruit,3,77.13,2025-10-20,6,6,65.0,19.71,19.71,77.13,observed_estimated_cost
802,2025-10-21,BKK_Ladprao,Pineapple,4,65.48,2025-10-20,6,5,49.0,10.37,10.37,65.48,observed_estimated_cost
803,2025-10-21,BKK_Ladprao,Watermelon,2,27.44,2025-10-20,6,5,45.0,7.72,7.72,27.44,observed_estimated_cost
804,2025-10-21,BKK_Sukhumvit,Guava,4,61.76,2025-10-20,6,5.5,49.0,9.44,9.44,61.76,observed_estimated_cost
805,2025-10-21,BKK_Sukhumvit,PassionFruit,4,102.84,2025-10-20,6,6,65.0,19.71,19.71,102.84,observed_estimated_cost
806,2025-10-21,BKK_Sukhumvit,Pineapple,5,81.85,2025-10-20,6,5,49.0,10.37,10.37,81.85,observed_estimated_cost
807,2025-10-21,BKK_Sukhumvit,Watermelon,4,54.88,2025-10-20,6,5,45.0,7.72,7.72,54.88,observed_estimated_cost
808,2025-10-21,Pattaya_Beach,Guava,4,61.76,2025-10-20,6,5.5,49.0,9.44,9.44,61.76,observed_estimated_cost
809,2025-10-21,Pattaya_Beach,PassionFruit,5,128.55,2025-10-20,6,6,65.0,19.71,19.71,128.55,observed_estimated_cost
810,2025-10-21,Pattaya_Beach,Pineapple,1,16.37,2025-10-20,6,5,49.0,10.37,10.37,16.37,observed_estimated_cost
811,2025-10-21,Pattaya_Beach,Watermelon,3,41.16,2025-10-20,6,5,45.0,7.72,7.72,41.16,observed_estimated_cost
812,2025-10-21,Pattaya_Central,Guava,2,30.88,2025-10-20,6,5.5,49.0,9.44,9.44,30.88,observed_estimated_cost
813,2025-10-21,Pattaya_Central,PassionFruit,3,77.13,2025-10-20,6,6,65.0,19.71,19.71,77.13,observed_estimated_cost
814,2025-10-21,Pattaya_Central,Pineapple,3,49.11,2025-10-20,6,5,49.0,10.37,10.37,49.11,observed_estimated_cost
815,2025-10-21,Pattaya_Central,Watermelon,5,68.6,2025-10-20,6,5,45.0,7.72,7.72,68.6,observed_estimated_cost
816,2025-10-22,BKK_Ladprao,Guava,1,15.44,2025-10-20,6,5.5,49.0,9.44,9.44,15.44,observed_estimated_cost
817,2025-10-22,BKK_Ladprao,PassionFruit,4,102.84,2025-10-20,6,6,65.0,19.71,19.71,102.84,observed_estimated_cost
818,2025-10-22,BKK_Ladprao,Pineapple,2,32.74,2025-10-20,6,5,49.0,10.37,10.37,32.74,observed_estimated_cost
819,2025-10-22,BKK_Ladprao,Watermelon,5,68.6,2025-10-20,6,5,45.0,7.72,7.72,68.6,observed_estimated_cost
820,2025-10-22,BKK_Sukhumvit,Guava,4,61.76,2025-10-20,6,5.5,49.0,9.44,9.44,61.76,observed_estimated_cost
821,2025-10-22,BKK_Sukhumvit,PassionFruit,5,128.55,2025-10-20,6,6,65.0,19.71,19.71,128.55,observed_estimated_cost
822,2025-10-22,BKK_Sukhumvit,Pineapple,3,49.11,2025-10-20,6,5,49.0,10.37,10.37,49.11,observed_estimated_cost
823,2025-10-22,BKK_Sukhumvit,Watermelon,4,54.88,2025-10-20,6,5,45.0,7.72,7.72,54.88,observed_estimated_cost
824,2025-10-22,Pattaya_Beach,Guava,2,30.88,2025-10-20,6,5.5,49.0,9.44,9.44,30.88,observed_estimated_cost
825,2025-10-22,Pattaya_Beach,PassionFruit,5,128.55,2025-10-20,6,6,65.0,19.71,19.71,128.55,observed_estimated_cost
826,2025-10-22,Pattaya_Beach,Pineapple,4,65.48,2025-10-20,6,5,49.0,10.37,10.37,65.48,observed_estimated_cost
827,2025-10-22,Pattaya_Beach,Watermelon,6,82.32,2025-10-20,6,5,45.0,7.72,7.72,82.32,observed_estimated_cost
828,2025-10-22,Pattaya_Central,Guava,5,77.2,2025-10-20,6,5.5,49.0,9.44,9.44,77.2,observed_estimated_cost
829,2025-10-22,Pattaya_Central,PassionFruit,6,154.26,2025-10-20,6,6,65.0,19.71,19.71,154.26,observed_estimated_cost
830,2025-10-22,Pattaya_Central,Pineapple,6,98.22,2025-10-20,6,5,49.0,10.37,10.37,98.22,observed_estimated_cost
831,2025-10-22,Pattaya_Central,Watermelon,4,54.88,2025-10-20,6,5,45.0,7.72,7.72,54.88,observed_estimated_cost
832,2025-10-23,BKK_Ladprao,Guava,3,46.32,2025-10-20,6,5.5,49.0,9.44,9.44,46.32,observed_estimated_cost
833,2025-10-23,BKK_Ladprao,PassionFruit,2,51.42,2025-10-20,6,6,65.0,19.71,19.71,51.42,observed_estimated_cost
834,2025-10-23,BKK_Ladprao,Pineapple,4,65.48,2025-10-20,6,5,49.0,10.37,10.37,65.48,observed_estimated_cost
835,2025-10-23,BKK_Ladprao,Watermelon,3,41.16,2025-10-20,6,5,45.0,7.72,7.72,41.16,observed_estimated_cost
836,2025-10-23,BKK_Sukhumvit,Guava,3,46.32,2025-10-20,6,5.5,49.0,9.44,9.44,46.32,observed_estimated_cost
837,2025-10-23,BKK_Sukhumvit,PassionFruit,4,102.84,2025-10-20,6,6,65.0,19.71,19.71,102.84,observed_estimated_cost
838,2025-10-23,BKK_Sukhumvit,Pineapple,5,81.85,2025-10-20,6,5,49.0,10.37,10.37,81.85,observed_estimated_cost
839,2025-10-23,BKK_Sukhumvit,Watermelon,4,54.88,2025-10-20,6,5,45.0,7.72,7.72,54.88,observed_estimated_cost
840,2025-10-23,Pattaya_Beach,Guava,1,15.44,2025-10-20,6,5.5,49.0,9.44,9.44,15.44,observed_estimated_cost
841,2025-10-23,Pattaya_Beach,PassionFruit,5,128.55,2025-10-20,6,6,65.0,19.71,19.71,128.55,observed_estimated_cost
842,2025-10-23,Pattaya_Beach,Pineapple,5,81.85,2025-10-20,6,5,49.0,10.37,10.37,81.85,observed_estimated_cost
843,2025-10-23,Pattaya_Beach,Watermelon,4,54.88,2025-10-20,6,5,45.0,7.72,7.72,54.88,observed_estimated_cost
844,2025-10-23,Pattaya_Central,Guava,3,46.32,2025-10-20,6,5.5,49.0,9.44,9.44,46.32,observed_estimated_cost
845,2025-10-23,Pattaya_Central,PassionFruit,3,77.13,2025-10-20,6,6,65.0,19.71,19.71,77.13,observed_estimated_cost
846,2025-10-23,Pattaya_Central,Pineapple,6,98.22,2025-10-20,6,5,49.0,10.37,10.37,98.22,observed_estimated_cost
847,2025-10-23,Pattaya_Central,Watermelon,7,96.04,2025-10-20,6,5,45.0,7.72,7.72,96.04,observed_estimated_cost
848,2025-10-24,BKK_Ladprao,Guava,2,30.88,2025-10-20,6,5.5,49.0,9.44,9.44,30.88,observed_estimated_cost
849,2025-10-24,BKK_Ladprao,PassionFruit,3,77.13,2025-10-20,6,6,65.0,19.71,19.71,77.13,observed_estimated_cost
850,2025-10-24,BKK_Ladprao,Pineapple,2,32.74,2025-10-20,6,5,49.0,10.37,10.37,32.74,observed_estimated_cost
851,2025-10-24,BKK_Ladprao,Watermelon,3,41.16,2025-10-20,6,5,45.0,7.72,7.72,41.16,observed_estimated_cost
852,2025-10-24,BKK_Sukhumvit,Guava,3,46.32,2025-10-20,6,5.5,49.0,9.44,9.44,46.32,observed_estimated_cost
853,2025-10-24,BKK_Sukhumvit,PassionFruit,6,154.26,2025-10-20,6,6,65.0,19.71,19.71,154.26,observed_estimated_cost
854,2025-10-24,BKK_Sukhumvit,Pineapple,3,49.11,2025-10-20,6,5,49.0,10.37,10.37,49.11,observed_estimated_cost
855,2025-10-24,BKK_Sukhumvit,Watermelon,3,41.16,2025-10-20,6,5,45.0,7.72,7.72,41.16,observed_estimated_cost
856,2025-10-24,Pattaya_Beach,Guava,4,61.76,2025-10-20,6,5.5,49.0,9.44,9.44,61.76,observed_estimated_cost
857,2025-10-24,Pattaya_Beach,PassionFruit,4,102.84,2025-10-20,6,6,65.0,19.71,19.71,102.84,observed_estimated_cost
858,2025-10-24,Pattaya_Beach,Pineapple,3,49.11,2025-10-20,6,5,49.0,10.37,10.37,49.11,observed_estimated_cost
859,2025-10-24,Pattaya_Beach,Watermelon,5,68.6,2025-10-20,6,5,45.0,7.72,7.72,68.6,observed_estimated_cost
860,2025-10-24,Pattaya_Central,Guava,3,46.32,2025-10-20,6,5.5,49.0,9.44,9.44,46.32,observed_estimated_cost
861,2025-10-24,Pattaya_Central,PassionFruit,4,102.84,2025-10-20,6,6,65.0,19.71,19.71,102.84,observed_estimated_cost
862,2025-10-24,Pattaya_Central,Pineapple,6,98.22,2025-10-20,6,5,49.0,10.37,10.37,98.22,observed_estimated_cost
863,2025-10-24,Pattaya_Central,Watermelon,3,41.16,2025-10-20,6,5,45.0,7.72,7.72,41.16,observed_estimated_cost
864,2025-10-25,BKK_Ladprao,Guava,2,30.88,2025-10-20,6,5.5,49.0,9.44,9.44,30.88,observed_estimated_cost
865,2025-10-25,BKK_Ladprao,PassionFruit,3,77.13,2025-10-20,6,6,65.0,19.71,19.71,77.13,observed_estimated_cost
866,2025-10-25,BKK_Ladprao,Pineapple,4,65.48,2025-10-20,6,5,49.0,10.37,10.37,65.48,observed_estimated_cost
867,2025-10-25,BKK_Ladprao,Watermelon,5,68.6,2025-10-20,6,5,45.0,7.72,7.72,68.6,observed_estimated_cost
868,2025-10-25,BKK_Sukhumvit,Guava,3,46.32,2025-10-20,6,5.5,49.0,9.44,9.44,46.32,observed_estimated_cost
869,2025-10-25,BKK_Sukhumvit,PassionFruit,4,102.84,2025-10-20,6,6,65.0,19.71,19.71,102.84,observed_estimated_cost
870,2025-10-25,BKK_Sukhumvit,Pineapple,3,49.11,2025-10-20,6,5,49.0,10.37,10.37,49.11,observed_estimated_cost
871,2025-10-25,BKK_Sukhumvit,Watermelon,5,68.6,2025-10-20,6,5,45.0,7.72,7.72,68.6,observed_estimated_cost
872,2025-10-25,Pattaya_Beach,Guava,2,30.88,2025-10-20,6,5.5,49.0,9.44,9.44,30.88,observed_estimated_cost
873,2025-10-25,Pattaya_Beach,PassionFruit,3,77.13,2025-10-20,6,6,65.0,19.71,19.71,77.13,observed_estimated_cost
874,2025-10-25,Pattaya_Beach,Pineapple,8,130.96,2025-10-20,6,5,49.0,10.37,10.37,130.96,observed_estimated_cost
875,2025-10-25,Pattaya_Beach,Watermelon,4,54.88,2025-10-20,6,5,45.0,7.72,7.72,54.88,observed_estimated_cost
876,2025-10-25,Pattaya_Central,Guava,5,77.2,2025-10-20,6,5.5,49.0,9.44,9.44,77.2,observed_estimated_cost
877,2025-10-25,Pattaya_Central,PassionFruit,9,231.39,2025-10-20,6,6,65.0,19.71,19.71,231.39,observed_estimated_cost
878,2025-10-25,Pattaya_Central,Pineapple,2,32.74,2025-10-20,6,5,49.0,10.37,10.37,32.74,observed_estimated_cost
879,2025-10-25,Pattaya_Central,Watermelon,2,27.44,2025-10-20,6,5,45.0,7.72,7.72,27.44,observed_estimated_cost
880,2025-10-26,BKK_Ladprao,Guava,3,46.32,2025-10-20,6,5.5,49.0,9.44,9.44,46.32,observed_estimated_cost
881,2025-10-26,BKK_Ladprao,PassionFruit,3,77.13,2025-10-20,6,6,65.0,19.71,19.71,77.13,observed_estimated_cost
882,2025-10-26,BKK_Ladprao,Pineapple,5,81.85,2025-10-20,6,5,49.0,10.37,10.37,81.85,observed_estimated_cost
883,2025-10-26,BKK_Ladprao,Watermelon,3,41.16,2025-10-20,6,5,45.0,7.72,7.72,41.16,observed_estimated_cost
884,2025-10-26,BKK_Sukhumvit,Guava,4,61.76,2025-10-20,6,5.5,49.0,9.44,9.44,61.76,observed_estimated_cost
885,2025-10-26,BKK_Sukhumvit,PassionFruit,5,128.55,2025-10-20,6,6,65.0,19.71,19.71,128.55,observed_estimated_cost
886,2025-10-26,BKK_Sukhumvit,Pineapple,4,65.48,2025-10-20,6,5,49.0,10.37,10.37,65.48,observed_estimated_cost
887,2025-10-26,BKK_Sukhumvit,Watermelon,5,68.6,2025-10-20,6,5,45.0,7.72,7.72,68.6,observed_estimated_cost
888,2025-10-26,Pattaya_Beach,Guava,2,30.88,2025-10-20,6,5.5,49.0,9.44,9.44,30.88,observed_estimated_cost
889,2025-10-26,Pattaya_Beach,PassionFruit,7,179.97,2025-10-20,6,6,65.0,19.71,19.71,179.97,observed_estimated_cost
890,2025-10-26,Pattaya_Beach,Pineapple,4,65.48,2025-10-20,6,5,49.0,10.37,10.37,65.48,observed_estimated_cost
891,2025-10-26,Pattaya_Beach,Watermelon,5,68.6,2025-10-20,6,5,45.0,7.72,7.72,68.6,observed_estimated_cost
892,2025-10-26,Pattaya_Central,Guava,7,108.08,2025-10-20,6,5.5,49.0,9.44,9.44,108.08,observed_estimated_cost
893,2025-10-26,Pattaya_Central,PassionFruit,5,128.55,2025-10-20,6,6,65.0,19.71,19.71,128.55,observed_estimated_cost
894,2025-10-26,Pattaya_Central,Pineapple,7,114.59,2025-10-20,6,5,49.0,10.37,10.37,114.59,observed_estimated_cost
895,2025-10-26,Pattaya_Central,Watermelon,5,68.6,2025-10-20,6,5,45.0,7.72,7.72,68.6,observed_estimated_cost
896,2025-10-27,BKK_Ladprao,Guava,2,29.9,2025-10-27,6,5.5,49.0,8.95,8.95,29.9,observed_estimated_cost
897,2025-10-27,BKK_Ladprao,PassionFruit,2,47.22,2025-10-27,6,6,65.0,17.61,17.61,47.22,observed_estimated_cost
898,2025-10-27,BKK_Ladprao,Pineapple,4,62.96,2025-10-27,6,5,49.0,9.74,9.74,62.96,observed_estimated_cost
899,2025-10-27,BKK_Ladprao,Watermelon,4,55.44,2025-10-27,6,5,45.0,7.86,7.86,55.44,observed_estimated_cost
900,2025-10-27,BKK_Sukhumvit,Guava,4,59.8,2025-10-27,6,5.5,49.0,8.95,8.95,59.8,observed_estimated_cost
901,2025-10-27,BKK_Sukhumvit,PassionFruit,3,70.83,2025-10-27,6,6,65.0,17.61,17.61,70.83,observed_estimated_cost
902,2025-10-27,BKK_Sukhumvit,Pineapple,5,78.7,2025-10-27,6,5,49.0,9.74,9.74,78.7,observed_estimated_cost
903,2025-10-27,BKK_Sukhumvit,Watermelon,5,69.3,2025-10-27,6,5,45.0,7.86,7.86,69.3,observed_estimated_cost
904,2025-10-27,Pattaya_Beach,Guava,4,59.8,2025-10-27,6,5.5,49.0,8.95,8.95,59.8,observed_estimated_cost
905,2025-10-27,Pattaya_Beach,PassionFruit,3,70.83,2025-10-27,6,6,65.0,17.61,17.61,70.83,observed_estimated_cost
906,2025-10-27,Pattaya_Beach,Pineapple,5,78.7,2025-10-27,6,5,49.0,9.74,9.74,78.7,observed_estimated_cost
907,2025-10-27,Pattaya_Beach,Watermelon,4,55.44,2025-10-27,6,5,45.0,7.86,7.86,55.44,observed_estimated_cost
908,2025-10-27,Pattaya_Central,Guava,4,59.8,2025-10-27,6,5.5,49.0,8.95,8.95,59.8,observed_estimated_cost
909,2025-10-27,Pattaya_Central,PassionFruit,5,118.05,2025-10-27,6,6,65.0,17.61,17.61,118.05,observed_estimated_cost
910,2025-10-27,Pattaya_Central,Pineapple,7,110.18,2025-10-27,6,5,49.0,9.74,9.74,110.18,observed_estimated_cost
911,2025-10-27,Pattaya_Central,Watermelon,4,55.44,2025-10-27,6,5,45.0,7.86,7.86,55.44,observed_estimated_cost
912,2025-10-28,BKK_Ladprao,Guava,3,44.85,2025-10-27,6,5.5,49.0,8.95,8.95,44.85,observed_estimated_cost
913,2025-10-28,BKK_Ladprao,PassionFruit,4,94.44,2025-10-27,6,6,65.0,17.61,17.61,94.44,observed_estimated_cost
914,2025-10-28,BKK_Ladprao,Pineapple,3,47.22,2025-10-27,6,5,49.0,9.74,9.74,47.22,observed_estimated_cost
915,2025-10-28,BKK_Ladprao,Watermelon,3,41.58,2025-10-27,6,5,45.0,7.86,7.86,41.58,observed_estimated_cost
916,2025-10-28,BKK_Sukhumvit,Guava,4,59.8,2025-10-27,6,5.5,49.0,8.95,8.95,59.8,observed_estimated_cost
917,2025-10-28,BKK_Sukhumvit,PassionFruit,5,118.05,2025-10-27,6,6,65.0,17.61,17.61,118.05,observed_estimated_cost
918,2025-10-28,BKK_Sukhumvit,Pineapple,4,62.96,2025-10-27,6,5,49.0,9.74,9.74,62.96,observed_estimated_cost
919,2025-10-28,BKK_Sukhumvit,Watermelon,4,55.44,2025-10-27,6,5,45.0,7.86,7.86,55.44,observed_estimated_cost
920,2025-10-28,Pattaya_Beach,Guava,3,44.85,2025-10-27,6,5.5,49.0,8.95,8.95,44.85,observed_estimated_cost
921,2025-10-28,Pattaya_Beach,PassionFruit,3,70.83,2025-10-27,6,6,65.0,17.61,17.61,70.83,observed_estimated_cost
922,2025-10-28,Pattaya_Beach,Pineapple,4,62.96,2025-10-27,6,5,49.0,9.74,9.74,62.96,observed_estimated_cost
923,2025-10-28,Pattaya_Beach,Watermelon,4,55.44,2025-10-27,6,5,45.0,7.86,7.86,55.44,observed_estimated_cost
924,2025-10-28,Pattaya_Central,Guava,3,44.85,2025-10-27,6,5.5,49.0,8.95,8.95,44.85,observed_estimated_cost
925,2025-10-28,Pattaya_Central,PassionFruit,6,141.66,2025-10-27,6,6,65.0,17.61,17.61,141.66,observed_estimated_cost
926,2025-10-28,Pattaya_Central,Pineapple,9,141.66,2025-10-27,6,5,49.0,9.74,9.74,141.66,observed_estimated_cost
927,2025-10-28,Pattaya_Central,Watermelon,7,97.02,2025-10-27,6,5,45.0,7.86,7.86,97.02,observed_estimated_cost
928,2025-10-29,BKK_Ladprao,Guava,3,44.85,2025-10-27,6,5.5,49.0,8.95,8.95,44.85,observed_estimated_cost
929,2025-10-29,BKK_Ladprao,PassionFruit,4,94.44,2025-10-27,6,6,65.0,17.61,17.61,94.44,observed_estimated_cost
930,2025-10-29,BKK_Ladprao,Pineapple,3,47.22,2025-10-27,6,5,49.0,9.74,9.74,47.22,observed_estimated_cost
931,2025-10-29,BKK_Ladprao,Watermelon,2,27.72,2025-10-27,6,5,45.0,7.86,7.86,27.72,observed_estimated_cost
932,2025-10-29,BKK_Sukhumvit,Guava,3,44.85,2025-10-27,6,5.5,49.0,8.95,8.95,44.85,observed_estimated_cost
933,2025-10-29,BKK_Sukhumvit,PassionFruit,4,94.44,2025-10-27,6,6,65.0,17.61,17.61,94.44,observed_estimated_cost
934,2025-10-29,BKK_Sukhumvit,Pineapple,4,62.96,2025-10-27,6,5,49.0,9.74,9.74,62.96,observed_estimated_cost
935,2025-10-29,BKK_Sukhumvit,Watermelon,4,55.44,2025-10-27,6,5,45.0,7.86,7.86,55.44,observed_estimated_cost
936,2025-10-29,Pattaya_Beach,Guava,2,29.9,2025-10-27,6,5.5,49.0,8.95,8.95,29.9,observed_estimated_cost
937,2025-10-29,Pattaya_Beach,PassionFruit,5,118.05,2025-10-27,6,6,65.0,17.61,17.61,118.05,observed_estimated_cost
938,2025-10-29,Pattaya_Beach,Pineapple,5,78.7,2025-10-27,6,5,49.0,9.74,9.74,78.7,observed_estimated_cost
939,2025-10-29,Pattaya_Beach,Watermelon,5,69.3,2025-10-27,6,5,45.0,7.86,7.86,69.3,observed_estimated_cost
940,2025-10-29,Pattaya_Central,Guava,3,44.85,2025-10-27,6,5.5,49.0,8.95,8.95,44.85,observed_estimated_cost
941,2025-10-29,Pattaya_Central,PassionFruit,3,70.83,2025-10-27,6,6,65.0,17.61,17.61,70.83,observed_estimated_cost
942,2025-10-29,Pattaya_Central,Pineapple,5,78.7,2025-10-27,6,5,49.0,9.74,9.74,78.7,observed_estimated_cost
943,2025-10-29,Pattaya_Central,Watermelon,7,97.02,2025-10-27,6,5,45.0,7.86,7.86,97.02,observed_estimated_cost
944,2025-10-30,BKK_Ladprao,Guava,1,14.95,2025-10-27,6,5.5,49.0,8.95,8.95,14.95,observed_estimated_cost
945,2025-10-30,BKK_Ladprao,PassionFruit,4,94.44,2025-10-27,6,6,65.0,17.61,17.61,94.44,observed_estimated_cost
946,2025-10-30,BKK_Ladprao,Pineapple,4,62.96,2025-10-27,6,5,49.0,9.74,9.74,62.96,observed_estimated_cost
947,2025-10-30,BKK_Ladprao,Watermelon,5,69.3,2025-10-27,6,5,45.0,7.86,7.86,69.3,observed_estimated_cost
948,2025-10-30,BKK_Sukhumvit,Guava,2,29.9,2025-10-27,6,5.5,49.0,8.95,8.95,29.9,observed_estimated_cost
949,2025-10-30,BKK_Sukhumvit,PassionFruit,4,94.44,2025-10-27,6,6,65.0,17.61,17.61,94.44,observed_estimated_cost
950,2025-10-30,BKK_Sukhumvit,Pineapple,2,31.48,2025-10-27,6,5,49.0,9.74,9.74,31.48,observed_estimated_cost
951,2025-10-30,BKK_Sukhumvit,Watermelon,6,83.16,2025-10-27,6,5,45.0,7.86,7.86,83.16,observed_estimated_cost
952,2025-10-30,Pattaya_Beach,Guava,2,29.9,2025-10-27,6,5.5,49.0,8.95,8.95,29.9,observed_estimated_cost
953,2025-10-30,Pattaya_Beach,PassionFruit,5,118.05,2025-10-27,6,6,65.0,17.61,17.61,118.05,observed_estimated_cost
954,2025-10-30,Pattaya_Beach,Pineapple,4,62.96,2025-10-27,6,5,49.0,9.74,9.74,62.96,observed_estimated_cost
955,2025-10-30,Pattaya_Beach,Watermelon,3,41.58,2025-10-27,6,5,45.0,7.86,7.86,41.58,observed_estimated_cost
956,2025-10-30,Pattaya_Central,Guava,3,44.85,2025-10-27,6,5.5,49.0,8.95,8.95,44.85,observed_estimated_cost
957,2025-10-30,Pattaya_Central,PassionFruit,7,165.27,2025-10-27,6,6,65.0,17.61,17.61,165.27,observed_estimated_cost
958,2025-10-30,Pattaya_Central,Pineapple,5,78.7,2025-10-27,6,5,49.0,9.74,9.74,78.7,observed_estimated_cost
959,2025-10-30,Pattaya_Central,Watermelon,5,69.3,2025-10-27,6,5,45.0,7.86,7.86,69.3,observed_estimated_cost
960,2025-10-31,BKK_Ladprao,Guava,2,29.9,2025-10-27,6,5.5,49.0,8.95,8.95,29.9,observed_estimated_cost
961,2025-10-31,BKK_Ladprao,PassionFruit,5,118.05,2025-10-27,6,6,65.0,17.61,17.61,118.05,observed_estimated_cost
962,2025-10-31,BKK_Ladprao,Pineapple,4,62.96,2025-10-27,6,5,49.0,9.74,9.74,62.96,observed_estimated_cost
963,2025-10-31,BKK_Ladprao,Watermelon,2,27.72,2025-10-27,6,5,45.0,7.86,7.86,27.72,observed_estimated_cost
964,2025-10-31,BKK_Sukhumvit,Guava,4,59.8,2025-10-27,6,5.5,49.0,8.95,8.95,59.8,observed_estimated_cost
965,2025-10-31,BKK_Sukhumvit,PassionFruit,3,70.83,2025-10-27,6,6,65.0,17.61,17.61,70.83,observed_estimated_cost
966,2025-10-31,BKK_Sukhumvit,Pineapple,3,47.22,2025-10-27,6,5,49.0,9.74,9.74,47.22,observed_estimated_cost
967,2025-10-31,BKK_Sukhumvit,Watermelon,3,41.58,2025-10-27,6,5,45.0,7.86,7.86,41.58,observed_estimated_cost
968,2025-10-31,Pattaya_Beach,Guava,2,29.9,2025-10-27,6,5.5,49.0,8.95,8.95,29.9,observed_estimated_cost
969,2025-10-31,Pattaya_Beach,PassionFruit,2,47.22,2025-10-27,6,6,65.0,17.61,17.61,47.22,observed_estimated_cost
970,2025-10-31,Pattaya_Beach,Pineapple,4,62.96,2025-10-27,6,5,49.0,9.74,9.74,62.96,observed_estimated_cost
971,2025-10-31,Pattaya_Beach,Watermelon,4,55.44,2025-10-27,6,5,45.0,7.86,7.86,55.44,observed_estimated_cost
972,2025-10-31,Pattaya_Central,Guava,4,59.8,2025-10-27,6,5.5,49.0,8.95,8.95,59.8,observed_estimated_cost
973,2025-10-31,Pattaya_Central,PassionFruit,6,141.66,2025-10-27,6,6,65.0,17.61,17.61,141.66,observed_estimated_cost
974,2025-10-31,Pattaya_Central,Pineapple,5,78.7,2025-10-27,6,5,49.0,9.74,9.74,78.7,observed_estimated_cost
975,2025-10-31,Pattaya_Central,Watermelon,4,55.44,2025-10-27,6,5,45.0,7.86,7.86,55.44,observed_estimated_cost
976,2025-11-01,BKK_Ladprao,Guava,3,44.85,2025-10-27,6,5.5,49.0,8.95,8.95,44.85,observed_estimated_cost
977,2025-11-01,BKK_Ladprao,PassionFruit,8,188.88,2025-10-27,6,6,65.0,17.61,17.61,188.88,observed_estimated_cost
978,2025-11-01,BKK_Ladprao,Pineapple,5,78.7,2025-10-27,6,5,49.0,9.74,9.74,78.7,observed_estimated_cost
979,2025-11-01,BKK_Ladprao,Watermelon,1,13.86,2025-10-27,6,5,45.0,7.86,7.86,13.86,observed_estimated_cost
980,2025-11-01,BKK_Sukhumvit,Guava,3,44.85,2025-10-27,6,5.5,49.0,8.95,8.95,44.85,observed_estimated_cost
981,2025-11-01,BKK_Sukhumvit,PassionFruit,5,118.05,2025-10-27,6,6,65.0,17.61,17.61,118.05,observed_estimated_cost
982,2025-11-01,BKK_Sukhumvit,Pineapple,3,47.22,2025-10-27,6,5,49.0,9.74,9.74,47.22,observed_estimated_cost
983,2025-11-01,BKK_Sukhumvit,Watermelon,4,55.44,2025-10-27,6,5,45.0,7.86,7.86,55.44,observed_estimated_cost
984,2025-11-01,Pattaya_Beach,Guava,4,59.8,2025-10-27,6,5.5,49.0,8.95,8.95,59.8,observed_estimated_cost
985,2025-11-01,Pattaya_Beach,PassionFruit,6,141.66,2025-10-27,6,6,65.0,17.61,17.61,141.66,observed_estimated_cost
986,2025-11-01,Pattaya_Beach,Pineapple,3,47.22,2025-10-27,6,5,49.0,9.74,9.74,47.22,observed_estimated_cost
987,2025-11-01,Pattaya_Beach,Watermelon,7,97.02,2025-10-27,6,5,45.0,7.86,7.86,97.02,observed_estimated_cost
988,2025-11-01,Pattaya_Central,Guava,9,134.55,2025-10-27,6,5.5,49.0,8.95,8.95,134.55,observed_estimated_cost
989,2025-11-01,Pattaya_Central,PassionFruit,3,70.83,2025-10-27,6,6,65.0,17.61,17.61,70.83,observed_estimated_cost
990,2025-11-01,Pattaya_Central,Pineapple,7,110.18,2025-10-27,6,5,49.0,9.74,9.74,110.18,observed_estimated_cost
991,2025-11-01,Pattaya_Central,Watermelon,6,83.16,2025-10-27,6,5,45.0,7.86,7.86,83.16,observed_estimated_cost
992,2025-11-02,BKK_Ladprao,Guava,2,29.9,2025-10-27,6,5.5,49.0,8.95,8.95,29.9,observed_estimated_cost
993,2025-11-02,BKK_Ladprao,PassionFruit,3,70.83,2025-10-27,6,6,65.0,17.61,17.61,70.83,observed_estimated_cost
994,2025-11-02,BKK_Ladprao,Pineapple,6,94.44,2025-10-27,6,5,49.0,9.74,9.74,94.44,observed_estimated_cost
995,2025-11-02,BKK_Ladprao,Watermelon,4,55.44,2025-10-27,6,5,45.0,7.86,7.86,55.44,observed_estimated_cost
996,2025-11-02,BKK_Sukhumvit,Guava,3,44.85,2025-10-27,6,5.5,49.0,8.95,8.95,44.85,observed_estimated_cost
997,2025-11-02,BKK_Sukhumvit,PassionFruit,4,94.44,2025-10-27,6,6,65.0,17.61,17.61,94.44,observed_estimated_cost
998,2025-11-02,BKK_Sukhumvit,Pineapple,4,62.96,2025-10-27,6,5,49.0,9.74,9.74,62.96,observed_estimated_cost
999,2025-11-02,BKK_Sukhumvit,Watermelon,7,97.02,2025-10-27,6,5,45.0,7.86,7.86,97.02,observed_estimated_cost
1000,2025-11-02,Pattaya_Beach,Guava,7,104.65,2025-10-27,6,5.5,49.0,8.95,8.95,104.65,observed_estimated_cost
1001,2025-11-02,Pattaya_Beach,PassionFruit,4,94.44,2025-10-27,6,6,65.0,17.61,17.61,94.44,observed_estimated_cost
1002,2025-11-02,Pattaya_Beach,Pineapple,3,47.22,2025-10-27,6,5,49.0,9.74,9.74,47.22,observed_estimated_cost
1003,2025-11-02,Pattaya_Beach,Watermelon,5,69.3,2025-10-27,6,5,45.0,7.86,7.86,69.3,observed_estimated_cost
1004,2025-11-02,Pattaya_Central,Guava,5,74.75,2025-10-27,6,5.5,49.0,8.95,8.95,74.75,observed_estimated_cost
1005,2025-11-02,Pattaya_Central,PassionFruit,6,141.66,2025-10-27,6,6,65.0,17.61,17.61,141.66,observed_estimated_cost
1006,2025-11-02,Pattaya_Central,Pineapple,8,125.92,2025-10-27,6,5,49.0,9.74,9.74,125.92,observed_estimated_cost
1007,2025-11-02,Pattaya_Central,Watermelon,8,110.88,2025-10-27,6,5,45.0,7.86,7.86,110.88,observed_estimated_cost
1008,2025-11-03,BKK_Ladprao,Guava,4,58.04,2025-11-03,6,5.5,49.0,8.51,8.51,58.04,observed_estimated_cost
1009,2025-11-03,BKK_Ladprao,PassionFruit,2,49.82,2025-11-03,6,6,65.0,18.91,18.91,49.82,observed_estimated_cost
1010,2025-11-03,BKK_Ladprao,Pineapple,8,127.6,2025-11-03,6,5,49.0,9.95,9.95,127.6,observed_estimated_cost
1011,2025-11-03,BKK_Ladprao,Watermelon,6,82.2,2025-11-03,6,5,45.0,7.7,7.7,82.2,observed_estimated_cost
1012,2025-11-03,BKK_Sukhumvit,Guava,4,58.04,2025-11-03,6,5.5,49.0,8.51,8.51,58.04,observed_estimated_cost
1013,2025-11-03,BKK_Sukhumvit,PassionFruit,2,49.82,2025-11-03,6,6,65.0,18.91,18.91,49.82,observed_estimated_cost
1014,2025-11-03,BKK_Sukhumvit,Pineapple,8,127.6,2025-11-03,6,5,49.0,9.95,9.95,127.6,observed_estimated_cost
1015,2025-11-03,BKK_Sukhumvit,Watermelon,6,82.2,2025-11-03,6,5,45.0,7.7,7.7,82.2,observed_estimated_cost
1016,2025-11-03,Pattaya_Beach,Guava,4,58.04,2025-11-03,6,5.5,49.0,8.51,8.51,58.04,observed_estimated_cost
1017,2025-11-03,Pattaya_Beach,PassionFruit,8,199.28,2025-11-03,6,6,65.0,18.91,18.91,199.28,observed_estimated_cost
1018,2025-11-03,Pattaya_Beach,Pineapple,5,79.75,2025-11-03,6,5,49.0,9.95,9.95,79.75,observed_estimated_cost
1019,2025-11-03,Pattaya_Beach,Watermelon,5,68.5,2025-11-03,6,5,45.0,7.7,7.7,68.5,observed_estimated_cost
1020,2025-11-03,Pattaya_Central,Guava,6,87.06,2025-11-03,6,5.5,49.0,8.51,8.51,87.06,observed_estimated_cost
1021,2025-11-03,Pattaya_Central,PassionFruit,6,149.46,2025-11-03,6,6,65.0,18.91,18.91,149.46,observed_estimated_cost
1022,2025-11-03,Pattaya_Central,Pineapple,5,79.75,2025-11-03,6,5,49.0,9.95,9.95,79.75,observed_estimated_cost
1023,2025-11-03,Pattaya_Central,Watermelon,8,109.6,2025-11-03,6,5,45.0,7.7,7.7,109.6,observed_estimated_cost
1024,2025-11-04,BKK_Ladprao,Guava,4,58.04,2025-11-03,6,5.5,49.0,8.51,8.51,58.04,observed_estimated_cost
1025,2025-11-04,BKK_Ladprao,PassionFruit,4,99.64,2025-11-03,6,6,65.0,18.91,18.91,99.64,observed_estimated_cost
1026,2025-11-04,BKK_Ladprao,Pineapple,4,63.8,2025-11-03,6,5,49.0,9.95,9.95,63.8,observed_estimated_cost
1027,2025-11-04,BKK_Ladprao,Watermelon,4,54.8,2025-11-03,6,5,45.0,7.7,7.7,54.8,observed_estimated_cost
1028,2025-11-04,BKK_Sukhumvit,Guava,3,43.53,2025-11-03,6,5.5,49.0,8.51,8.51,43.53,observed_estimated_cost
1029,2025-11-04,BKK_Sukhumvit,PassionFruit,4,99.64,2025-11-03,6,6,65.0,18.91,18.91,99.64,observed_estimated_cost
1030,2025-11-04,BKK_Sukhumvit,Pineapple,3,47.85,2025-11-03,6,5,49.0,9.95,9.95,47.85,observed_estimated_cost
1031,2025-11-04,BKK_Sukhumvit,Watermelon,3,41.1,2025-11-03,6,5,45.0,7.7,7.7,41.1,observed_estimated_cost
1032,2025-11-04,Pattaya_Beach,Guava,7,101.57,2025-11-03,6,5.5,49.0,8.51,8.51,101.57,observed_estimated_cost
1033,2025-11-04,Pattaya_Beach,PassionFruit,7,174.37,2025-11-03,6,6,65.0,18.91,18.91,174.37,observed_estimated_cost
1034,2025-11-04,Pattaya_Beach,Pineapple,7,111.65,2025-11-03,6,5,49.0,9.95,9.95,111.65,observed_estimated_cost
1035,2025-11-04,Pattaya_Beach,Watermelon,4,54.8,2025-11-03,6,5,45.0,7.7,7.7,54.8,observed_estimated_cost
1036,2025-11-04,Pattaya_Central,Guava,6,87.06,2025-11-03,6,5.5,49.0,8.51,8.51,87.06,observed_estimated_cost
1037,2025-11-04,Pattaya_Central,PassionFruit,2,49.82,2025-11-03,6,6,65.0,18.91,18.91,49.82,observed_estimated_cost
1038,2025-11-04,Pattaya_Central,Pineapple,6,95.7,2025-11-03,6,5,49.0,9.95,9.95,95.7,observed_estimated_cost
1039,2025-11-04,Pattaya_Central,Watermelon,4,54.8,2025-11-03,6,5,45.0,7.7,7.7,54.8,observed_estimated_cost
1040,2025-11-05,BKK_Ladprao,Guava,3,43.53,2025-11-03,6,5.5,49.0,8.51,8.51,43.53,observed_estimated_cost
1041,2025-11-05,BKK_Ladprao,PassionFruit,5,124.55,2025-11-03,6,6,65.0,18.91,18.91,124.55,observed_estimated_cost
1042,2025-11-05,BKK_Ladprao,Pineapple,4,63.8,2025-11-03,6,5,49.0,9.95,9.95,63.8,observed_estimated_cost
1043,2025-11-05,BKK_Ladprao,Watermelon,3,41.1,2025-11-03,6,5,45.0,7.7,7.7,41.1,observed_estimated_cost
1044,2025-11-05,BKK_Sukhumvit,Guava,7,101.57,2025-11-03,6,5.5,49.0,8.51,8.51,101.57,observed_estimated_cost
1045,2025-11-05,BKK_Sukhumvit,PassionFruit,4,99.64,2025-11-03,6,6,65.0,18.91,18.91,99.64,observed_estimated_cost
1046,2025-11-05,BKK_Sukhumvit,Pineapple,6,95.7,2025-11-03,6,5,49.0,9.95,9.95,95.7,observed_estimated_cost
1047,2025-11-05,BKK_Sukhumvit,Watermelon,3,41.1,2025-11-03,6,5,45.0,7.7,7.7,41.1,observed_estimated_cost
1048,2025-11-05,Pattaya_Beach,Guava,4,58.04,2025-11-03,6,5.5,49.0,8.51,8.51,58.04,observed_estimated_cost
1049,2025-11-05,Pattaya_Beach,PassionFruit,6,149.46,2025-11-03,6,6,65.0,18.91,18.91,149.46,observed_estimated_cost
1050,2025-11-05,Pattaya_Beach,Pineapple,2,31.9,2025-11-03,6,5,49.0,9.95,9.95,31.9,observed_estimated_cost
1051,2025-11-05,Pattaya_Beach,Watermelon,8,109.6,2025-11-03,6,5,45.0,7.7,7.7,109.6,observed_estimated_cost
1052,2025-11-05,Pattaya_Central,Guava,4,58.04,2025-11-03,6,5.5,49.0,8.51,8.51,58.04,observed_estimated_cost
1053,2025-11-05,Pattaya_Central,PassionFruit,6,149.46,2025-11-03,6,6,65.0,18.91,18.91,149.46,observed_estimated_cost
1054,2025-11-05,Pattaya_Central,Pineapple,4,63.8,2025-11-03,6,5,49.0,9.95,9.95,63.8,observed_estimated_cost
1055,2025-11-05,Pattaya_Central,Watermelon,5,68.5,2025-11-03,6,5,45.0,7.7,7.7,68.5,observed_estimated_cost
1056,2025-11-06,BKK_Ladprao,Guava,4,58.04,2025-11-03,6,5.5,49.0,8.51,8.51,58.04,observed_estimated_cost
1057,2025-11-06,BKK_Ladprao,PassionFruit,4,99.64,2025-11-03,6,6,65.0,18.91,18.91,99.64,observed_estimated_cost
1058,2025-11-06,BKK_Ladprao,Pineapple,6,95.7,2025-11-03,6,5,49.0,9.95,9.95,95.7,observed_estimated_cost
1059,2025-11-06,BKK_Ladprao,Watermelon,6,82.2,2025-11-03,6,5,45.0,7.7,7.7,82.2,observed_estimated_cost
1060,2025-11-06,BKK_Sukhumvit,Guava,3,43.53,2025-11-03,6,5.5,49.0,8.51,8.51,43.53,observed_estimated_cost
1061,2025-11-06,BKK_Sukhumvit,PassionFruit,6,149.46,2025-11-03,6,6,65.0,18.91,18.91,149.46,observed_estimated_cost
1062,2025-11-06,BKK_Sukhumvit,Pineapple,3,47.85,2025-11-03,6,5,49.0,9.95,9.95,47.85,observed_estimated_cost
1063,2025-11-06,BKK_Sukhumvit,Watermelon,7,95.9,2025-11-03,6,5,45.0,7.7,7.7,95.9,observed_estimated_cost
1064,2025-11-06,Pattaya_Beach,Guava,2,29.02,2025-11-03,6,5.5,49.0,8.51,8.51,29.02,observed_estimated_cost
1065,2025-11-06,Pattaya_Beach,PassionFruit,5,124.55,2025-11-03,6,6,65.0,18.91,18.91,124.55,observed_estimated_cost
1066,2025-11-06,Pattaya_Beach,Pineapple,4,63.8,2025-11-03,6,5,49.0,9.95,9.95,63.8,observed_estimated_cost
1067,2025-11-06,Pattaya_Beach,Watermelon,8,109.6,2025-11-03,6,5,45.0,7.7,7.7,109.6,observed_estimated_cost
1068,2025-11-06,Pattaya_Central,Guava,2,29.02,2025-11-03,6,5.5,49.0,8.51,8.51,29.02,observed_estimated_cost
1069,2025-11-06,Pattaya_Central,PassionFruit,8,199.28,2025-11-03,6,6,65.0,18.91,18.91,199.28,observed_estimated_cost
1070,2025-11-06,Pattaya_Central,Pineapple,3,47.85,2025-11-03,6,5,49.0,9.95,9.95,47.85,observed_estimated_cost
1071,2025-11-06,Pattaya_Central,Watermelon,6,82.2,2025-11-03,6,5,45.0,7.7,7.7,82.2,observed_estimated_cost
1072,2025-11-07,BKK_Ladprao,Guava,3,43.53,2025-11-03,6,5.5,49.0,8.51,8.51,43.53,observed_estimated_cost
1073,2025-11-07,BKK_Ladprao,PassionFruit,4,99.64,2025-11-03,6,6,65.0,18.91,18.91,99.64,observed_estimated_cost
1074,2025-11-07,BKK_Ladprao,Pineapple,5,79.75,2025-11-03,6,5,49.0,9.95,9.95,79.75,observed_estimated_cost
1075,2025-11-07,BKK_Ladprao,Watermelon,4,54.8,2025-11-03,6,5,45.0,7.7,7.7,54.8,observed_estimated_cost
1076,2025-11-07,BKK_Sukhumvit,Guava,4,58.04,2025-11-03,6,5.5,49.0,8.51,8.51,58.04,observed_estimated_cost
1077,2025-11-07,BKK_Sukhumvit,PassionFruit,4,99.64,2025-11-03,6,6,65.0,18.91,18.91,99.64,observed_estimated_cost
1078,2025-11-07,BKK_Sukhumvit,Pineapple,2,31.9,2025-11-03,6,5,49.0,9.95,9.95,31.9,observed_estimated_cost
1079,2025-11-07,BKK_Sukhumvit,Watermelon,7,95.9,2025-11-03,6,5,45.0,7.7,7.7,95.9,observed_estimated_cost
1080,2025-11-07,Pattaya_Beach,Guava,1,14.51,2025-11-03,6,5.5,49.0,8.51,8.51,14.51,observed_estimated_cost
1081,2025-11-07,Pattaya_Beach,PassionFruit,4,99.64,2025-11-03,6,6,65.0,18.91,18.91,99.64,observed_estimated_cost
1082,2025-11-07,Pattaya_Beach,Pineapple,3,47.85,2025-11-03,6,5,49.0,9.95,9.95,47.85,observed_estimated_cost
1083,2025-11-07,Pattaya_Beach,Watermelon,8,109.6,2025-11-03,6,5,45.0,7.7,7.7,109.6,observed_estimated_cost
1084,2025-11-07,Pattaya_Central,Guava,1,14.51,2025-11-03,6,5.5,49.0,8.51,8.51,14.51,observed_estimated_cost
1085,2025-11-07,Pattaya_Central,PassionFruit,5,124.55,2025-11-03,6,6,65.0,18.91,18.91,124.55,observed_estimated_cost
1086,2025-11-07,Pattaya_Central,Pineapple,6,95.7,2025-11-03,6,5,49.0,9.95,9.95,95.7,observed_estimated_cost
1087,2025-11-07,Pattaya_Central,Watermelon,7,95.9,2025-11-03,6,5,45.0,7.7,7.7,95.9,observed_estimated_cost
1088,2025-11-08,BKK_Ladprao,Guava,2,29.02,2025-11-03,6,5.5,49.0,8.51,8.51,29.02,observed_estimated_cost
1089,2025-11-08,BKK_Ladprao,PassionFruit,6,149.46,2025-11-03,6,6,65.0,18.91,18.91,149.46,observed_estimated_cost
1090,2025-11-08,BKK_Ladprao,Pineapple,1,15.95,2025-11-03,6,5,49.0,9.95,9.95,15.95,observed_estimated_cost
1091,2025-11-08,BKK_Ladprao,Watermelon,6,82.2,2025-11-03,6,5,45.0,7.7,7.7,82.2,observed_estimated_cost
1092,2025-11-08,BKK_Sukhumvit,Guava,3,43.53,2025-11-03,6,5.5,49.0,8.51,8.51,43.53,observed_estimated_cost
1093,2025-11-08,BKK_Sukhumvit,PassionFruit,7,174.37,2025-11-03,6,6,65.0,18.91,18.91,174.37,observed_estimated_cost
1094,2025-11-08,BKK_Sukhumvit,Pineapple,7,111.65,2025-11-03,6,5,49.0,9.95,9.95,111.65,observed_estimated_cost
1095,2025-11-08,BKK_Sukhumvit,Watermelon,7,95.9,2025-11-03,6,5,45.0,7.7,7.7,95.9,observed_estimated_cost
1096,2025-11-08,Pattaya_Beach,Guava,5,72.55,2025-11-03,6,5.5,49.0,8.51,8.51,72.55,observed_estimated_cost
1097,2025-11-08,Pattaya_Beach,PassionFruit,4,99.64,2025-11-03,6,6,65.0,18.91,18.91,99.64,observed_estimated_cost
1098,2025-11-08,Pattaya_Beach,Pineapple,5,79.75,2025-11-03,6,5,49.0,9.95,9.95,79.75,observed_estimated_cost
1099,2025-11-08,Pattaya_Beach,Watermelon,7,95.9,2025-11-03,6,5,45.0,7.7,7.7,95.9,observed_estimated_cost
1100,2025-11-08,Pattaya_Central,Guava,5,72.55,2025-11-03,6,5.5,49.0,8.51,8.51,72.55,observed_estimated_cost
1101,2025-11-08,Pattaya_Central,PassionFruit,7,174.37,2025-11-03,6,6,65.0,18.91,18.91,174.37,observed_estimated_cost
1102,2025-11-08,Pattaya_Central,Pineapple,8,127.6,2025-11-03,6,5,49.0,9.95,9.95,127.6,observed_estimated_cost
1103,2025-11-08,Pattaya_Central,Watermelon,10,137.0,2025-11-03,6,5,45.0,7.7,7.7,137.0,observed_estimated_cost
1104,2025-11-09,BKK_Ladprao,Guava,4,58.04,2025-11-03,6,5.5,49.0,8.51,8.51,58.04,observed_estimated_cost
1105,2025-11-09,BKK_Ladprao,PassionFruit,4,99.64,2025-11-03,6,6,65.0,18.91,18.91,99.64,observed_estimated_cost
1106,2025-11-09,BKK_Ladprao,Pineapple,3,47.85,2025-11-03,6,5,49.0,9.95,9.95,47.85,observed_estimated_cost
1107,2025-11-09,BKK_Ladprao,Watermelon,5,68.5,2025-11-03,6,5,45.0,7.7,7.7,68.5,observed_estimated_cost
1108,2025-11-09,BKK_Sukhumvit,Guava,6,87.06,2025-11-03,6,5.5,49.0,8.51,8.51,87.06,observed_estimated_cost
1109,2025-11-09,BKK_Sukhumvit,PassionFruit,4,99.64,2025-11-03,6,6,65.0,18.91,18.91,99.64,observed_estimated_cost
1110,2025-11-09,BKK_Sukhumvit,Pineapple,4,63.8,2025-11-03,6,5,49.0,9.95,9.95,63.8,observed_estimated_cost
1111,2025-11-09,BKK_Sukhumvit,Watermelon,4,54.8,2025-11-03,6,5,45.0,7.7,7.7,54.8,observed_estimated_cost
1112,2025-11-09,Pattaya_Beach,Guava,4,58.04,2025-11-03,6,5.5,49.0,8.51,8.51,58.04,observed_estimated_cost
1113,2025-11-09,Pattaya_Beach,PassionFruit,9,224.19,2025-11-03,6,6,65.0,18.91,18.91,224.19,observed_estimated_cost
1114,2025-11-09,Pattaya_Beach,Pineapple,5,79.75,2025-11-03,6,5,49.0,9.95,9.95,79.75,observed_estimated_cost
1115,2025-11-09,Pattaya_Beach,Watermelon,7,95.9,2025-11-03,6,5,45.0,7.7,7.7,95.9,observed_estimated_cost
1116,2025-11-09,Pattaya_Central,Guava,4,58.04,2025-11-03,6,5.5,49.0,8.51,8.51,58.04,observed_estimated_cost
1117,2025-11-09,Pattaya_Central,PassionFruit,8,199.28,2025-11-03,6,6,65.0,18.91,18.91,199.28,observed_estimated_cost
1118,2025-11-09,Pattaya_Central,Pineapple,6,95.7,2025-11-03,6,5,49.0,9.95,9.95,95.7,observed_estimated_cost
1119,2025-11-09,Pattaya_Central,Watermelon,8,109.6,2025-11-03,6,5,45.0,7.7,7.7,109.6,observed_estimated_cost
1120,2025-11-10,BKK_Ladprao,Guava,3,46.08,2025-11-10,6,5.5,49.0,9.36,9.36,46.08,observed_estimated_cost
1121,2025-11-10,BKK_Ladprao,PassionFruit,6,143.64,2025-11-10,6,6,65.0,17.94,17.94,143.64,observed_estimated_cost
1122,2025-11-10,BKK_Ladprao,Pineapple,4,66.68,2025-11-10,6,5,49.0,10.67,10.67,66.68,observed_estimated_cost
1123,2025-11-10,BKK_Ladprao,Watermelon,4,55.8,2025-11-10,6,5,45.0,7.95,7.95,55.8,observed_estimated_cost
1124,2025-11-10,BKK_Sukhumvit,Guava,4,61.44,2025-11-10,6,5.5,49.0,9.36,9.36,61.44,observed_estimated_cost
1125,2025-11-10,BKK_Sukhumvit,PassionFruit,3,71.82,2025-11-10,6,6,65.0,17.94,17.94,71.82,observed_estimated_cost
1126,2025-11-10,BKK_Sukhumvit,Pineapple,6,100.02,2025-11-10,6,5,49.0,10.67,10.67,100.02,observed_estimated_cost
1127,2025-11-10,BKK_Sukhumvit,Watermelon,4,55.8,2025-11-10,6,5,45.0,7.95,7.95,55.8,observed_estimated_cost
1128,2025-11-10,Pattaya_Beach,Guava,3,46.08,2025-11-10,6,5.5,49.0,9.36,9.36,46.08,observed_estimated_cost
1129,2025-11-10,Pattaya_Beach,PassionFruit,5,119.7,2025-11-10,6,6,65.0,17.94,17.94,119.7,observed_estimated_cost
1130,2025-11-10,Pattaya_Beach,Pineapple,6,100.02,2025-11-10,6,5,49.0,10.67,10.67,100.02,observed_estimated_cost
1131,2025-11-10,Pattaya_Beach,Watermelon,3,41.85,2025-11-10,6,5,45.0,7.95,7.95,41.85,observed_estimated_cost
1132,2025-11-10,Pattaya_Central,Guava,3,46.08,2025-11-10,6,5.5,49.0,9.36,9.36,46.08,observed_estimated_cost
1133,2025-11-10,Pattaya_Central,PassionFruit,9,215.46,2025-11-10,6,6,65.0,17.94,17.94,215.46,observed_estimated_cost
1134,2025-11-10,Pattaya_Central,Pineapple,6,100.02,2025-11-10,6,5,49.0,10.67,10.67,100.02,observed_estimated_cost
1135,2025-11-10,Pattaya_Central,Watermelon,5,69.75,2025-11-10,6,5,45.0,7.95,7.95,69.75,observed_estimated_cost
1136,2025-11-11,BKK_Ladprao,Guava,5,76.8,2025-11-10,6,5.5,49.0,9.36,9.36,76.8,observed_estimated_cost
1137,2025-11-11,BKK_Ladprao,PassionFruit,12,287.28,2025-11-10,6,6,65.0,17.94,17.94,287.28,observed_estimated_cost
1138,2025-11-11,BKK_Ladprao,Pineapple,5,83.35,2025-11-10,6,5,49.0,10.67,10.67,83.35,observed_estimated_cost
1139,2025-11-11,BKK_Ladprao,Watermelon,8,111.6,2025-11-10,6,5,45.0,7.95,7.95,111.6,observed_estimated_cost
1140,2025-11-11,BKK_Sukhumvit,Guava,5,76.8,2025-11-10,6,5.5,49.0,9.36,9.36,76.8,observed_estimated_cost
1141,2025-11-11,BKK_Sukhumvit,PassionFruit,7,167.58,2025-11-10,6,6,65.0,17.94,17.94,167.58,observed_estimated_cost
1142,2025-11-11,BKK_Sukhumvit,Pineapple,8,133.36,2025-11-10,6,5,49.0,10.67,10.67,133.36,observed_estimated_cost
1143,2025-11-11,BKK_Sukhumvit,Watermelon,13,181.35,2025-11-10,6,5,45.0,7.95,7.95,181.35,observed_estimated_cost
1144,2025-11-11,Pattaya_Beach,Guava,5,76.8,2025-11-10,6,5.5,49.0,9.36,9.36,76.8,observed_estimated_cost
1145,2025-11-11,Pattaya_Beach,PassionFruit,10,239.4,2025-11-10,6,6,65.0,17.94,17.94,239.4,observed_estimated_cost
1146,2025-11-11,Pattaya_Beach,Pineapple,9,150.03,2025-11-10,6,5,49.0,10.67,10.67,150.03,observed_estimated_cost
1147,2025-11-11,Pattaya_Beach,Watermelon,11,153.45,2025-11-10,6,5,45.0,7.95,7.95,153.45,observed_estimated_cost
1148,2025-11-11,Pattaya_Central,Guava,5,76.8,2025-11-10,6,5.5,49.0,9.36,9.36,76.8,observed_estimated_cost
1149,2025-11-11,Pattaya_Central,PassionFruit,16,383.04,2025-11-10,6,6,65.0,17.94,17.94,383.04,observed_estimated_cost
1150,2025-11-11,Pattaya_Central,Pineapple,10,166.7,2025-11-10,6,5,49.0,10.67,10.67,166.7,observed_estimated_cost
1151,2025-11-11,Pattaya_Central,Watermelon,11,153.45,2025-11-10,6,5,45.0,7.95,7.95,153.45,observed_estimated_cost
1152,2025-11-12,BKK_Ladprao,Guava,4,61.44,2025-11-10,6,5.5,49.0,9.36,9.36,61.44,observed_estimated_cost
1153,2025-11-12,BKK_Ladprao,PassionFruit,3,71.82,2025-11-10,6,6,65.0,17.94,17.94,71.82,observed_estimated_cost
1154,2025-11-12,BKK_Ladprao,Pineapple,2,33.34,2025-11-10,6,5,49.0,10.67,10.67,33.34,observed_estimated_cost
1155,2025-11-12,BKK_Ladprao,Watermelon,6,83.7,2025-11-10,6,5,45.0,7.95,7.95,83.7,observed_estimated_cost
1156,2025-11-12,BKK_Sukhumvit,Guava,3,46.08,2025-11-10,6,5.5,49.0,9.36,9.36,46.08,observed_estimated_cost
1157,2025-11-12,BKK_Sukhumvit,PassionFruit,1,23.94,2025-11-10,6,6,65.0,17.94,17.94,23.94,observed_estimated_cost
1158,2025-11-12,BKK_Sukhumvit,Pineapple,5,83.35,2025-11-10,6,5,49.0,10.67,10.67,83.35,observed_estimated_cost
1159,2025-11-12,BKK_Sukhumvit,Watermelon,6,83.7,2025-11-10,6,5,45.0,7.95,7.95,83.7,observed_estimated_cost
1160,2025-11-12,Pattaya_Beach,Guava,2,30.72,2025-11-10,6,5.5,49.0,9.36,9.36,30.72,observed_estimated_cost
1161,2025-11-12,Pattaya_Beach,PassionFruit,5,119.7,2025-11-10,6,6,65.0,17.94,17.94,119.7,observed_estimated_cost
1162,2025-11-12,Pattaya_Beach,Pineapple,6,100.02,2025-11-10,6,5,49.0,10.67,10.67,100.02,observed_estimated_cost
1163,2025-11-12,Pattaya_Beach,Watermelon,6,83.7,2025-11-10,6,5,45.0,7.95,7.95,83.7,observed_estimated_cost
1164,2025-11-12,Pattaya_Central,Guava,4,61.44,2025-11-10,6,5.5,49.0,9.36,9.36,61.44,observed_estimated_cost
1165,2025-11-12,Pattaya_Central,PassionFruit,4,95.76,2025-11-10,6,6,65.0,17.94,17.94,95.76,observed_estimated_cost
1166,2025-11-12,Pattaya_Central,Pineapple,5,83.35,2025-11-10,6,5,49.0,10.67,10.67,83.35,observed_estimated_cost
1167,2025-11-12,Pattaya_Central,Watermelon,6,83.7,2025-11-10,6,5,45.0,7.95,7.95,83.7,observed_estimated_cost
1168,2025-11-13,BKK_Ladprao,Guava,4,61.44,2025-11-10,6,5.5,49.0,9.36,9.36,61.44,observed_estimated_cost
1169,2025-11-13,BKK_Ladprao,PassionFruit,3,71.82,2025-11-10,6,6,65.0,17.94,17.94,71.82,observed_estimated_cost
1170,2025-11-13,BKK_Ladprao,Pineapple,5,83.35,2025-11-10,6,5,49.0,10.67,10.67,83.35,observed_estimated_cost
1171,2025-11-13,BKK_Ladprao,Watermelon,7,97.65,2025-11-10,6,5,45.0,7.95,7.95,97.65,observed_estimated_cost
1172,2025-11-13,BKK_Sukhumvit,Guava,3,46.08,2025-11-10,6,5.5,49.0,9.36,9.36,46.08,observed_estimated_cost
1173,2025-11-13,BKK_Sukhumvit,PassionFruit,3,71.82,2025-11-10,6,6,65.0,17.94,17.94,71.82,observed_estimated_cost
1174,2025-11-13,BKK_Sukhumvit,Pineapple,4,66.68,2025-11-10,6,5,49.0,10.67,10.67,66.68,observed_estimated_cost
1175,2025-11-13,BKK_Sukhumvit,Watermelon,4,55.8,2025-11-10,6,5,45.0,7.95,7.95,55.8,observed_estimated_cost
1176,2025-11-13,Pattaya_Beach,Guava,2,30.72,2025-11-10,6,5.5,49.0,9.36,9.36,30.72,observed_estimated_cost
1177,2025-11-13,Pattaya_Beach,PassionFruit,4,95.76,2025-11-10,6,6,65.0,17.94,17.94,95.76,observed_estimated_cost
1178,2025-11-13,Pattaya_Beach,Pineapple,6,100.02,2025-11-10,6,5,49.0,10.67,10.67,100.02,observed_estimated_cost
1179,2025-11-13,Pattaya_Beach,Watermelon,2,27.9,2025-11-10,6,5,45.0,7.95,7.95,27.9,observed_estimated_cost
1180,2025-11-13,Pattaya_Central,Guava,6,92.16,2025-11-10,6,5.5,49.0,9.36,9.36,92.16,observed_estimated_cost
1181,2025-11-13,Pattaya_Central,PassionFruit,8,191.52,2025-11-10,6,6,65.0,17.94,17.94,191.52,observed_estimated_cost
1182,2025-11-13,Pattaya_Central,Pineapple,8,133.36,2025-11-10,6,5,49.0,10.67,10.67,133.36,observed_estimated_cost
1183,2025-11-13,Pattaya_Central,Watermelon,6,83.7,2025-11-10,6,5,45.0,7.95,7.95,83.7,observed_estimated_cost
1184,2025-11-14,BKK_Ladprao,Guava,2,30.72,2025-11-10,6,5.5,49.0,9.36,9.36,30.72,observed_estimated_cost
1185,2025-11-14,BKK_Ladprao,PassionFruit,4,95.76,2025-11-10,6,6,65.0,17.94,17.94,95.76,observed_estimated_cost
1186,2025-11-14,BKK_Ladprao,Pineapple,3,50.01,2025-11-10,6,5,49.0,10.67,10.67,50.01,observed_estimated_cost
1187,2025-11-14,BKK_Ladprao,Watermelon,1,13.95,2025-11-10,6,5,45.0,7.95,7.95,13.95,observed_estimated_cost
1188,2025-11-14,BKK_Sukhumvit,Guava,3,46.08,2025-11-10,6,5.5,49.0,9.36,9.36,46.08,observed_estimated_cost
1189,2025-11-14,BKK_Sukhumvit,PassionFruit,5,119.7,2025-11-10,6,6,65.0,17.94,17.94,119.7,observed_estimated_cost
1190,2025-11-14,BKK_Sukhumvit,Pineapple,1,16.67,2025-11-10,6,5,49.0,10.67,10.67,16.67,observed_estimated_cost
1191,2025-11-14,BKK_Sukhumvit,Watermelon,2,27.9,2025-11-10,6,5,45.0,7.95,7.95,27.9,observed_estimated_cost
1192,2025-11-14,Pattaya_Beach,Guava,7,107.52,2025-11-10,6,5.5,49.0,9.36,9.36,107.52,observed_estimated_cost
1193,2025-11-14,Pattaya_Beach,PassionFruit,4,95.76,2025-11-10,6,6,65.0,17.94,17.94,95.76,observed_estimated_cost
1194,2025-11-14,Pattaya_Beach,Pineapple,3,50.01,2025-11-10,6,5,49.0,10.67,10.67,50.01,observed_estimated_cost
1195,2025-11-14,Pattaya_Beach,Watermelon,2,27.9,2025-11-10,6,5,45.0,7.95,7.95,27.9,observed_estimated_cost
1196,2025-11-14,Pattaya_Central,Guava,3,46.08,2025-11-10,6,5.5,49.0,9.36,9.36,46.08,observed_estimated_cost
1197,2025-11-14,Pattaya_Central,PassionFruit,5,119.7,2025-11-10,6,6,65.0,17.94,17.94,119.7,observed_estimated_cost
1198,2025-11-14,Pattaya_Central,Pineapple,7,116.69,2025-11-10,6,5,49.0,10.67,10.67,116.69,observed_estimated_cost
1199,2025-11-14,Pattaya_Central,Watermelon,6,83.7,2025-11-10,6,5,45.0,7.95,7.95,83.7,observed_estimated_cost
1200,2025-11-15,BKK_Ladprao,Guava,3,46.08,2025-11-10,6,5.5,49.0,9.36,9.36,46.08,observed_estimated_cost
1201,2025-11-15,BKK_Ladprao,PassionFruit,6,143.64,2025-11-10,6,6,65.0,17.94,17.94,143.64,observed_estimated_cost
1202,2025-11-15,BKK_Ladprao,Pineapple,4,66.68,2025-11-10,6,5,49.0,10.67,10.67,66.68,observed_estimated_cost
1203,2025-11-15,BKK_Ladprao,Watermelon,4,55.8,2025-11-10,6,5,45.0,7.95,7.95,55.8,observed_estimated_cost
1204,2025-11-15,BKK_Sukhumvit,Guava,5,76.8,2025-11-10,6,5.5,49.0,9.36,9.36,76.8,observed_estimated_cost
1205,2025-11-15,BKK_Sukhumvit,PassionFruit,6,143.64,2025-11-10,6,6,65.0,17.94,17.94,143.64,observed_estimated_cost
1206,2025-11-15,BKK_Sukhumvit,Pineapple,1,16.67,2025-11-10,6,5,49.0,10.67,10.67,16.67,observed_estimated_cost
1207,2025-11-15,BKK_Sukhumvit,Watermelon,7,97.65,2025-11-10,6,5,45.0,7.95,7.95,97.65,observed_estimated_cost
1208,2025-11-15,Pattaya_Beach,Guava,3,46.08,2025-11-10,6,5.5,49.0,9.36,9.36,46.08,observed_estimated_cost
1209,2025-11-15,Pattaya_Beach,PassionFruit,9,215.46,2025-11-10,6,6,65.0,17.94,17.94,215.46,observed_estimated_cost
1210,2025-11-15,Pattaya_Beach,Pineapple,5,83.35,2025-11-10,6,5,49.0,10.67,10.67,83.35,observed_estimated_cost
1211,2025-11-15,Pattaya_Beach,Watermelon,5,69.75,2025-11-10,6,5,45.0,7.95,7.95,69.75,observed_estimated_cost
1212,2025-11-15,Pattaya_Central,Guava,3,46.08,2025-11-10,6,5.5,49.0,9.36,9.36,46.08,observed_estimated_cost
1213,2025-11-15,Pattaya_Central,PassionFruit,4,95.76,2025-11-10,6,6,65.0,17.94,17.94,95.76,observed_estimated_cost
1214,2025-11-15,Pattaya_Central,Pineapple,8,133.36,2025-11-10,6,5,49.0,10.67,10.67,133.36,observed_estimated_cost
1215,2025-11-15,Pattaya_Central,Watermelon,8,111.6,2025-11-10,6,5,45.0,7.95,7.95,111.6,observed_estimated_cost
1216,2025-11-16,BKK_Ladprao,Guava,3,46.08,2025-11-10,6,5.5,49.0,9.36,9.36,46.08,observed_estimated_cost
1217,2025-11-16,BKK_Ladprao,PassionFruit,3,71.82,2025-11-10,6,6,65.0,17.94,17.94,71.82,observed_estimated_cost
1218,2025-11-16,BKK_Ladprao,Pineapple,4,66.68,2025-11-10,6,5,49.0,10.67,10.67,66.68,observed_estimated_cost
1219,2025-11-16,BKK_Ladprao,Watermelon,4,55.8,2025-11-10,6,5,45.0,7.95,7.95,55.8,observed_estimated_cost
1220,2025-11-16,BKK_Sukhumvit,Guava,4,61.44,2025-11-10,6,5.5,49.0,9.36,9.36,61.44,observed_estimated_cost
1221,2025-11-16,BKK_Sukhumvit,PassionFruit,6,143.64,2025-11-10,6,6,65.0,17.94,17.94,143.64,observed_estimated_cost
1222,2025-11-16,BKK_Sukhumvit,Pineapple,3,50.01,2025-11-10,6,5,49.0,10.67,10.67,50.01,observed_estimated_cost
1223,2025-11-16,BKK_Sukhumvit,Watermelon,5,69.75,2025-11-10,6,5,45.0,7.95,7.95,69.75,observed_estimated_cost
1224,2025-11-16,Pattaya_Beach,Guava,7,107.52,2025-11-10,6,5.5,49.0,9.36,9.36,107.52,observed_estimated_cost
1225,2025-11-16,Pattaya_Beach,PassionFruit,5,119.7,2025-11-10,6,6,65.0,17.94,17.94,119.7,observed_estimated_cost
1226,2025-11-16,Pattaya_Beach,Pineapple,3,50.01,2025-11-10,6,5,49.0,10.67,10.67,50.01,observed_estimated_cost
1227,2025-11-16,Pattaya_Beach,Watermelon,3,41.85,2025-11-10,6,5,45.0,7.95,7.95,41.85,observed_estimated_cost
1228,2025-11-16,Pattaya_Central,Guava,5,76.8,2025-11-10,6,5.5,49.0,9.36,9.36,76.8,observed_estimated_cost
1229,2025-11-16,Pattaya_Central,PassionFruit,4,95.76,2025-11-10,6,6,65.0,17.94,17.94,95.76,observed_estimated_cost
1230,2025-11-16,Pattaya_Central,Pineapple,4,66.68,2025-11-10,6,5,49.0,10.67,10.67,66.68,observed_estimated_cost
1231,2025-11-16,Pattaya_Central,Watermelon,11,153.45,2025-11-10,6,5,45.0,7.95,7.95,153.45,observed_estimated_cost
1232,2025-11-17,BKK_Ladprao,Guava,2,29.6,2025-11-17,6,5.5,49.0,8.8,8.8,29.6,observed_estimated_cost
1233,2025-11-17,BKK_Ladprao,PassionFruit,5,119.4,2025-11-17,6,6,65.0,17.88,17.88,119.4,observed_estimated_cost
1234,2025-11-17,BKK_Ladprao,Pineapple,3,49.83,2025-11-17,6,5,49.0,10.61,10.61,49.83,observed_estimated_cost
1235,2025-11-17,BKK_Ladprao,Watermelon,3,42.81,2025-11-17,6,5,45.0,8.27,8.27,42.81,observed_estimated_cost
1236,2025-11-17,BKK_Sukhumvit,Guava,6,88.8,2025-11-17,6,5.5,49.0,8.8,8.8,88.8,observed_estimated_cost
1237,2025-11-17,BKK_Sukhumvit,PassionFruit,2,47.76,2025-11-17,6,6,65.0,17.88,17.88,47.76,observed_estimated_cost
1238,2025-11-17,BKK_Sukhumvit,Pineapple,5,83.05,2025-11-17,6,5,49.0,10.61,10.61,83.05,observed_estimated_cost
1239,2025-11-17,BKK_Sukhumvit,Watermelon,6,85.62,2025-11-17,6,5,45.0,8.27,8.27,85.62,observed_estimated_cost
1240,2025-11-17,Pattaya_Beach,Guava,3,44.4,2025-11-17,6,5.5,49.0,8.8,8.8,44.4,observed_estimated_cost
1241,2025-11-17,Pattaya_Beach,PassionFruit,3,71.64,2025-11-17,6,6,65.0,17.88,17.88,71.64,observed_estimated_cost
1242,2025-11-17,Pattaya_Beach,Pineapple,7,116.27,2025-11-17,6,5,49.0,10.61,10.61,116.27,observed_estimated_cost
1243,2025-11-17,Pattaya_Beach,Watermelon,4,57.08,2025-11-17,6,5,45.0,8.27,8.27,57.08,observed_estimated_cost
1244,2025-11-17,Pattaya_Central,Guava,3,44.4,2025-11-17,6,5.5,49.0,8.8,8.8,44.4,observed_estimated_cost
1245,2025-11-17,Pattaya_Central,PassionFruit,3,71.64,2025-11-17,6,6,65.0,17.88,17.88,71.64,observed_estimated_cost
1246,2025-11-17,Pattaya_Central,Pineapple,5,83.05,2025-11-17,6,5,49.0,10.61,10.61,83.05,observed_estimated_cost
1247,2025-11-17,Pattaya_Central,Watermelon,4,57.08,2025-11-17,6,5,45.0,8.27,8.27,57.08,observed_estimated_cost
1248,2025-11-18,BKK_Ladprao,Guava,4,59.2,2025-11-17,6,5.5,49.0,8.8,8.8,59.2,observed_estimated_cost
1249,2025-11-18,BKK_Ladprao,PassionFruit,3,71.64,2025-11-17,6,6,65.0,17.88,17.88,71.64,observed_estimated_cost
1250,2025-11-18,BKK_Ladprao,Pineapple,2,33.22,2025-11-17,6,5,49.0,10.61,10.61,33.22,observed_estimated_cost
1251,2025-11-18,BKK_Ladprao,Watermelon,6,85.62,2025-11-17,6,5,45.0,8.27,8.27,85.62,observed_estimated_cost
1252,2025-11-18,BKK_Sukhumvit,Guava,2,29.6,2025-11-17,6,5.5,49.0,8.8,8.8,29.6,observed_estimated_cost
1253,2025-11-18,BKK_Sukhumvit,PassionFruit,4,95.52,2025-11-17,6,6,65.0,17.88,17.88,95.52,observed_estimated_cost
1254,2025-11-18,BKK_Sukhumvit,Pineapple,3,49.83,2025-11-17,6,5,49.0,10.61,10.61,49.83,observed_estimated_cost
1255,2025-11-18,BKK_Sukhumvit,Watermelon,5,71.35,2025-11-17,6,5,45.0,8.27,8.27,71.35,observed_estimated_cost
1256,2025-11-18,Pattaya_Beach,Guava,6,88.8,2025-11-17,6,5.5,49.0,8.8,8.8,88.8,observed_estimated_cost
1257,2025-11-18,Pattaya_Beach,PassionFruit,6,143.28,2025-11-17,6,6,65.0,17.88,17.88,143.28,observed_estimated_cost
1258,2025-11-18,Pattaya_Beach,Pineapple,7,116.27,2025-11-17,6,5,49.0,10.61,10.61,116.27,observed_estimated_cost
1259,2025-11-18,Pattaya_Beach,Watermelon,5,71.35,2025-11-17,6,5,45.0,8.27,8.27,71.35,observed_estimated_cost
1260,2025-11-18,Pattaya_Central,Guava,4,59.2,2025-11-17,6,5.5,49.0,8.8,8.8,59.2,observed_estimated_cost
1261,2025-11-18,Pattaya_Central,PassionFruit,9,214.92,2025-11-17,6,6,65.0,17.88,17.88,214.92,observed_estimated_cost
1262,2025-11-18,Pattaya_Central,Pineapple,5,83.05,2025-11-17,6,5,49.0,10.61,10.61,83.05,observed_estimated_cost
1263,2025-11-18,Pattaya_Central,Watermelon,5,71.35,2025-11-17,6,5,45.0,8.27,8.27,71.35,observed_estimated_cost
1264,2025-11-19,BKK_Ladprao,Guava,4,59.2,2025-11-17,6,5.5,49.0,8.8,8.8,59.2,observed_estimated_cost
1265,2025-11-19,BKK_Ladprao,PassionFruit,3,71.64,2025-11-17,6,6,65.0,17.88,17.88,71.64,observed_estimated_cost
1266,2025-11-19,BKK_Ladprao,Pineapple,6,99.66,2025-11-17,6,5,49.0,10.61,10.61,99.66,observed_estimated_cost
1267,2025-11-19,BKK_Ladprao,Watermelon,5,71.35,2025-11-17,6,5,45.0,8.27,8.27,71.35,observed_estimated_cost
1268,2025-11-19,BKK_Sukhumvit,Guava,4,59.2,2025-11-17,6,5.5,49.0,8.8,8.8,59.2,observed_estimated_cost
1269,2025-11-19,BKK_Sukhumvit,PassionFruit,3,71.64,2025-11-17,6,6,65.0,17.88,17.88,71.64,observed_estimated_cost
1270,2025-11-19,BKK_Sukhumvit,Pineapple,6,99.66,2025-11-17,6,5,49.0,10.61,10.61,99.66,observed_estimated_cost
1271,2025-11-19,BKK_Sukhumvit,Watermelon,2,28.54,2025-11-17,6,5,45.0,8.27,8.27,28.54,observed_estimated_cost
1272,2025-11-19,Pattaya_Beach,Guava,4,59.2,2025-11-17,6,5.5,49.0,8.8,8.8,59.2,observed_estimated_cost
1273,2025-11-19,Pattaya_Beach,PassionFruit,2,47.76,2025-11-17,6,6,65.0,17.88,17.88,47.76,observed_estimated_cost
1274,2025-11-19,Pattaya_Beach,Pineapple,4,66.44,2025-11-17,6,5,49.0,10.61,10.61,66.44,observed_estimated_cost
1275,2025-11-19,Pattaya_Beach,Watermelon,7,99.89,2025-11-17,6,5,45.0,8.27,8.27,99.89,observed_estimated_cost
1276,2025-11-19,Pattaya_Central,Guava,6,88.8,2025-11-17,6,5.5,49.0,8.8,8.8,88.8,observed_estimated_cost
1277,2025-11-19,Pattaya_Central,PassionFruit,6,143.28,2025-11-17,6,6,65.0,17.88,17.88,143.28,observed_estimated_cost
1278,2025-11-19,Pattaya_Central,Pineapple,6,99.66,2025-11-17,6,5,49.0,10.61,10.61,99.66,observed_estimated_cost
1279,2025-11-19,Pattaya_Central,Watermelon,8,114.16,2025-11-17,6,5,45.0,8.27,8.27,114.16,observed_estimated_cost
1280,2025-11-20,BKK_Ladprao,Guava,3,44.4,2025-11-17,6,5.5,49.0,8.8,8.8,44.4,observed_estimated_cost
1281,2025-11-20,BKK_Ladprao,PassionFruit,5,119.4,2025-11-17,6,6,65.0,17.88,17.88,119.4,observed_estimated_cost
1282,2025-11-20,BKK_Ladprao,Pineapple,4,66.44,2025-11-17,6,5,49.0,10.61,10.61,66.44,observed_estimated_cost
1283,2025-11-20,BKK_Ladprao,Watermelon,2,28.54,2025-11-17,6,5,45.0,8.27,8.27,28.54,observed_estimated_cost
1284,2025-11-20,BKK_Sukhumvit,Guava,4,59.2,2025-11-17,6,5.5,49.0,8.8,8.8,59.2,observed_estimated_cost
1285,2025-11-20,BKK_Sukhumvit,PassionFruit,3,71.64,2025-11-17,6,6,65.0,17.88,17.88,71.64,observed_estimated_cost
1286,2025-11-20,BKK_Sukhumvit,Pineapple,4,66.44,2025-11-17,6,5,49.0,10.61,10.61,66.44,observed_estimated_cost
1287,2025-11-20,BKK_Sukhumvit,Watermelon,5,71.35,2025-11-17,6,5,45.0,8.27,8.27,71.35,observed_estimated_cost
1288,2025-11-20,Pattaya_Beach,Guava,3,44.4,2025-11-17,6,5.5,49.0,8.8,8.8,44.4,observed_estimated_cost
1289,2025-11-20,Pattaya_Beach,PassionFruit,3,71.64,2025-11-17,6,6,65.0,17.88,17.88,71.64,observed_estimated_cost
1290,2025-11-20,Pattaya_Beach,Pineapple,7,116.27,2025-11-17,6,5,49.0,10.61,10.61,116.27,observed_estimated_cost
1291,2025-11-20,Pattaya_Beach,Watermelon,7,99.89,2025-11-17,6,5,45.0,8.27,8.27,99.89,observed_estimated_cost
1292,2025-11-20,Pattaya_Central,Guava,3,44.4,2025-11-17,6,5.5,49.0,8.8,8.8,44.4,observed_estimated_cost
1293,2025-11-20,Pattaya_Central,PassionFruit,4,95.52,2025-11-17,6,6,65.0,17.88,17.88,95.52,observed_estimated_cost
1294,2025-11-20,Pattaya_Central,Pineapple,7,116.27,2025-11-17,6,5,49.0,10.61,10.61,116.27,observed_estimated_cost
1295,2025-11-20,Pattaya_Central,Watermelon,5,71.35,2025-11-17,6,5,45.0,8.27,8.27,71.35,observed_estimated_cost
1296,2025-11-21,BKK_Ladprao,Guava,5,74.0,2025-11-17,6,5.5,49.0,8.8,8.8,74.0,observed_estimated_cost
1297,2025-11-21,BKK_Ladprao,PassionFruit,4,95.52,2025-11-17,6,6,65.0,17.88,17.88,95.52,observed_estimated_cost
1298,2025-11-21,BKK_Ladprao,Pineapple,6,99.66,2025-11-17,6,5,49.0,10.61,10.61,99.66,observed_estimated_cost
1299,2025-11-21,BKK_Ladprao,Watermelon,3,42.81,2025-11-17,6,5,45.0,8.27,8.27,42.81,observed_estimated_cost
1300,2025-11-21,BKK_Sukhumvit,Guava,4,59.2,2025-11-17,6,5.5,49.0,8.8,8.8,59.2,observed_estimated_cost
1301,2025-11-21,BKK_Sukhumvit,PassionFruit,6,143.28,2025-11-17,6,6,65.0,17.88,17.88,143.28,observed_estimated_cost
1302,2025-11-21,BKK_Sukhumvit,Pineapple,3,49.83,2025-11-17,6,5,49.0,10.61,10.61,49.83,observed_estimated_cost
1303,2025-11-21,BKK_Sukhumvit,Watermelon,5,71.35,2025-11-17,6,5,45.0,8.27,8.27,71.35,observed_estimated_cost
1304,2025-11-21,Pattaya_Beach,Guava,5,74.0,2025-11-17,6,5.5,49.0,8.8,8.8,74.0,observed_estimated_cost
1305,2025-11-21,Pattaya_Beach,PassionFruit,6,143.28,2025-11-17,6,6,65.0,17.88,17.88,143.28,observed_estimated_cost
1306,2025-11-21,Pattaya_Beach,Pineapple,4,66.44,2025-11-17,6,5,49.0,10.61,10.61,66.44,observed_estimated_cost
1307,2025-11-21,Pattaya_Beach,Watermelon,5,71.35,2025-11-17,6,5,45.0,8.27,8.27,71.35,observed_estimated_cost
1308,2025-11-21,Pattaya_Central,Guava,6,88.8,2025-11-17,6,5.5,49.0,8.8,8.8,88.8,observed_estimated_cost
1309,2025-11-21,Pattaya_Central,PassionFruit,6,143.28,2025-11-17,6,6,65.0,17.88,17.88,143.28,observed_estimated_cost
1310,2025-11-21,Pattaya_Central,Pineapple,7,116.27,2025-11-17,6,5,49.0,10.61,10.61,116.27,observed_estimated_cost
1311,2025-11-21,Pattaya_Central,Watermelon,7,99.89,2025-11-17,6,5,45.0,8.27,8.27,99.89,observed_estimated_cost
1312,2025-11-22,BKK_Ladprao,Guava,4,59.2,2025-11-17,6,5.5,49.0,8.8,8.8,59.2,observed_estimated_cost
1313,2025-11-22,BKK_Ladprao,PassionFruit,2,47.76,2025-11-17,6,6,65.0,17.88,17.88,47.76,observed_estimated_cost
1314,2025-11-22,BKK_Ladprao,Pineapple,4,66.44,2025-11-17,6,5,49.0,10.61,10.61,66.44,observed_estimated_cost
1315,2025-11-22,BKK_Ladprao,Watermelon,4,57.08,2025-11-17,6,5,45.0,8.27,8.27,57.08,observed_estimated_cost
1316,2025-11-22,BKK_Sukhumvit,Guava,4,59.2,2025-11-17,6,5.5,49.0,8.8,8.8,59.2,observed_estimated_cost
1317,2025-11-22,BKK_Sukhumvit,PassionFruit,4,95.52,2025-11-17,6,6,65.0,17.88,17.88,95.52,observed_estimated_cost
1318,2025-11-22,BKK_Sukhumvit,Pineapple,5,83.05,2025-11-17,6,5,49.0,10.61,10.61,83.05,observed_estimated_cost
1319,2025-11-22,BKK_Sukhumvit,Watermelon,6,85.62,2025-11-17,6,5,45.0,8.27,8.27,85.62,observed_estimated_cost
1320,2025-11-22,Pattaya_Beach,Guava,3,44.4,2025-11-17,6,5.5,49.0,8.8,8.8,44.4,observed_estimated_cost
1321,2025-11-22,Pattaya_Beach,PassionFruit,6,143.28,2025-11-17,6,6,65.0,17.88,17.88,143.28,observed_estimated_cost
1322,2025-11-22,Pattaya_Beach,Pineapple,4,66.44,2025-11-17,6,5,49.0,10.61,10.61,66.44,observed_estimated_cost
1323,2025-11-22,Pattaya_Beach,Watermelon,7,99.89,2025-11-17,6,5,45.0,8.27,8.27,99.89,observed_estimated_cost
1324,2025-11-22,Pattaya_Central,Guava,3,44.4,2025-11-17,6,5.5,49.0,8.8,8.8,44.4,observed_estimated_cost
1325,2025-11-22,Pattaya_Central,PassionFruit,4,95.52,2025-11-17,6,6,65.0,17.88,17.88,95.52,observed_estimated_cost
1326,2025-11-22,Pattaya_Central,Pineapple,7,116.27,2025-11-17,6,5,49.0,10.61,10.61,116.27,observed_estimated_cost
1327,2025-11-22,Pattaya_Central,Watermelon,5,71.35,2025-11-17,6,5,45.0,8.27,8.27,71.35,observed_estimated_cost
1328,2025-11-23,BKK_Ladprao,Guava,3,44.4,2025-11-17,6,5.5,49.0,8.8,8.8,44.4,observed_estimated_cost
1329,2025-11-23,BKK_Ladprao,PassionFruit,5,119.4,2025-11-17,6,6,65.0,17.88,17.88,119.4,observed_estimated_cost
1330,2025-11-23,BKK_Ladprao,Pineapple,4,66.44,2025-11-17,6,5,49.0,10.61,10.61,66.44,observed_estimated_cost
1331,2025-11-23,BKK_Ladprao,Watermelon,4,57.08,2025-11-17,6,5,45.0,8.27,8.27,57.08,observed_estimated_cost
1332,2025-11-23,BKK_Sukhumvit,Guava,1,14.8,2025-11-17,6,5.5,49.0,8.8,8.8,14.8,observed_estimated_cost
1333,2025-11-23,BKK_Sukhumvit,PassionFruit,7,167.16,2025-11-17,6,6,65.0,17.88,17.88,167.16,observed_estimated_cost
1334,2025-11-23,BKK_Sukhumvit,Pineapple,3,49.83,2025-11-17,6,5,49.0,10.61,10.61,49.83,observed_estimated_cost
1335,2025-11-23,BKK_Sukhumvit,Watermelon,5,71.35,2025-11-17,6,5,45.0,8.27,8.27,71.35,observed_estimated_cost
1336,2025-11-23,Pattaya_Beach,Guava,4,59.2,2025-11-17,6,5.5,49.0,8.8,8.8,59.2,observed_estimated_cost
1337,2025-11-23,Pattaya_Beach,PassionFruit,7,167.16,2025-11-17,6,6,65.0,17.88,17.88,167.16,observed_estimated_cost
1338,2025-11-23,Pattaya_Beach,Pineapple,7,116.27,2025-11-17,6,5,49.0,10.61,10.61,116.27,observed_estimated_cost
1339,2025-11-23,Pattaya_Beach,Watermelon,6,85.62,2025-11-17,6,5,45.0,8.27,8.27,85.62,observed_estimated_cost
1340,2025-11-23,Pattaya_Central,Guava,6,88.8,2025-11-17,6,5.5,49.0,8.8,8.8,88.8,observed_estimated_cost
1341,2025-11-23,Pattaya_Central,PassionFruit,7,167.16,2025-11-17,6,6,65.0,17.88,17.88,167.16,observed_estimated_cost
1342,2025-11-23,Pattaya_Central,Pineapple,6,99.66,2025-11-17,6,5,49.0,10.61,10.61,99.66,observed_estimated_cost
1343,2025-11-23,Pattaya_Central,Watermelon,10,142.7,2025-11-17,6,5,45.0,8.27,8.27,142.7,observed_estimated_cost
1344,2025-11-24,BKK_Ladprao,Guava,2,28.92,2025-11-24,6,5.5,49.0,8.46,8.46,28.92,observed_estimated_cost
1345,2025-11-24,BKK_Ladprao,PassionFruit,5,115.6,2025-11-24,6,6,65.0,17.12,17.12,115.6,observed_estimated_cost
1346,2025-11-24,BKK_Ladprao,Pineapple,3,45.84,2025-11-24,6,5,49.0,9.28,9.28,45.84,observed_estimated_cost
1347,2025-11-24,BKK_Ladprao,Watermelon,5,70.75,2025-11-24,6,5,45.0,8.15,8.15,70.75,observed_estimated_cost
1348,2025-11-24,BKK_Sukhumvit,Guava,4,57.84,2025-11-24,6,5.5,49.0,8.46,8.46,57.84,observed_estimated_cost
1349,2025-11-24,BKK_Sukhumvit,PassionFruit,4,92.48,2025-11-24,6,6,65.0,17.12,17.12,92.48,observed_estimated_cost
1350,2025-11-24,BKK_Sukhumvit,Pineapple,7,106.96,2025-11-24,6,5,49.0,9.28,9.28,106.96,observed_estimated_cost
1351,2025-11-24,BKK_Sukhumvit,Watermelon,3,42.45,2025-11-24,6,5,45.0,8.15,8.15,42.45,observed_estimated_cost
1352,2025-11-24,Pattaya_Beach,Guava,4,57.84,2025-11-24,6,5.5,49.0,8.46,8.46,57.84,observed_estimated_cost
1353,2025-11-24,Pattaya_Beach,PassionFruit,4,92.48,2025-11-24,6,6,65.0,17.12,17.12,92.48,observed_estimated_cost
1354,2025-11-24,Pattaya_Beach,Pineapple,6,91.68,2025-11-24,6,5,49.0,9.28,9.28,91.68,observed_estimated_cost
1355,2025-11-24,Pattaya_Beach,Watermelon,6,84.9,2025-11-24,6,5,45.0,8.15,8.15,84.9,observed_estimated_cost
1356,2025-11-24,Pattaya_Central,Guava,2,28.92,2025-11-24,6,5.5,49.0,8.46,8.46,28.92,observed_estimated_cost
1357,2025-11-24,Pattaya_Central,PassionFruit,5,115.6,2025-11-24,6,6,65.0,17.12,17.12,115.6,observed_estimated_cost
1358,2025-11-24,Pattaya_Central,Pineapple,5,76.4,2025-11-24,6,5,49.0,9.28,9.28,76.4,observed_estimated_cost
1359,2025-11-24,Pattaya_Central,Watermelon,7,99.05,2025-11-24,6,5,45.0,8.15,8.15,99.05,observed_estimated_cost
1360,2025-11-25,BKK_Ladprao,Guava,2,28.92,2025-11-24,6,5.5,49.0,8.46,8.46,28.92,observed_estimated_cost
1361,2025-11-25,BKK_Ladprao,PassionFruit,7,161.84,2025-11-24,6,6,65.0,17.12,17.12,161.84,observed_estimated_cost
1362,2025-11-25,BKK_Ladprao,Pineapple,8,122.24,2025-11-24,6,5,49.0,9.28,9.28,122.24,observed_estimated_cost
1363,2025-11-25,BKK_Ladprao,Watermelon,2,28.3,2025-11-24,6,5,45.0,8.15,8.15,28.3,observed_estimated_cost
1364,2025-11-25,BKK_Sukhumvit,Guava,3,43.38,2025-11-24,6,5.5,49.0,8.46,8.46,43.38,observed_estimated_cost
1365,2025-11-25,BKK_Sukhumvit,PassionFruit,7,161.84,2025-11-24,6,6,65.0,17.12,17.12,161.84,observed_estimated_cost
1366,2025-11-25,BKK_Sukhumvit,Pineapple,3,45.84,2025-11-24,6,5,49.0,9.28,9.28,45.84,observed_estimated_cost
1367,2025-11-25,BKK_Sukhumvit,Watermelon,5,70.75,2025-11-24,6,5,45.0,8.15,8.15,70.75,observed_estimated_cost
1368,2025-11-25,Pattaya_Beach,Guava,5,72.3,2025-11-24,6,5.5,49.0,8.46,8.46,72.3,observed_estimated_cost
1369,2025-11-25,Pattaya_Beach,PassionFruit,4,92.48,2025-11-24,6,6,65.0,17.12,17.12,92.48,observed_estimated_cost
1370,2025-11-25,Pattaya_Beach,Pineapple,3,45.84,2025-11-24,6,5,49.0,9.28,9.28,45.84,observed_estimated_cost
1371,2025-11-25,Pattaya_Beach,Watermelon,7,99.05,2025-11-24,6,5,45.0,8.15,8.15,99.05,observed_estimated_cost
1372,2025-11-25,Pattaya_Central,Guava,6,86.76,2025-11-24,6,5.5,49.0,8.46,8.46,86.76,observed_estimated_cost
1373,2025-11-25,Pattaya_Central,PassionFruit,6,138.72,2025-11-24,6,6,65.0,17.12,17.12,138.72,observed_estimated_cost
1374,2025-11-25,Pattaya_Central,Pineapple,5,76.4,2025-11-24,6,5,49.0,9.28,9.28,76.4,observed_estimated_cost
1375,2025-11-25,Pattaya_Central,Watermelon,6,84.9,2025-11-24,6,5,45.0,8.15,8.15,84.9,observed_estimated_cost
1376,2025-11-26,BKK_Ladprao,Guava,2,28.92,2025-11-24,6,5.5,49.0,8.46,8.46,28.92,observed_estimated_cost
1377,2025-11-26,BKK_Ladprao,PassionFruit,3,69.36,2025-11-24,6,6,65.0,17.12,17.12,69.36,observed_estimated_cost
1378,2025-11-26,BKK_Ladprao,Pineapple,4,61.12,2025-11-24,6,5,49.0,9.28,9.28,61.12,observed_estimated_cost
1379,2025-11-26,BKK_Ladprao,Watermelon,3,42.45,2025-11-24,6,5,45.0,8.15,8.15,42.45,observed_estimated_cost
1380,2025-11-26,BKK_Sukhumvit,PassionFruit,5,115.6,2025-11-24,6,6,65.0,17.12,17.12,115.6,observed_estimated_cost
1381,2025-11-26,BKK_Sukhumvit,Pineapple,6,91.68,2025-11-24,6,5,49.0,9.28,9.28,91.68,observed_estimated_cost
1382,2025-11-26,BKK_Sukhumvit,Watermelon,5,70.75,2025-11-24,6,5,45.0,8.15,8.15,70.75,observed_estimated_cost
1383,2025-11-26,Pattaya_Beach,Guava,3,43.38,2025-11-24,6,5.5,49.0,8.46,8.46,43.38,observed_estimated_cost
1384,2025-11-26,Pattaya_Beach,PassionFruit,3,69.36,2025-11-24,6,6,65.0,17.12,17.12,69.36,observed_estimated_cost
1385,2025-11-26,Pattaya_Beach,Pineapple,5,76.4,2025-11-24,6,5,49.0,9.28,9.28,76.4,observed_estimated_cost
1386,2025-11-26,Pattaya_Beach,Watermelon,5,70.75,2025-11-24,6,5,45.0,8.15,8.15,70.75,observed_estimated_cost
1387,2025-11-26,Pattaya_Central,Guava,6,86.76,2025-11-24,6,5.5,49.0,8.46,8.46,86.76,observed_estimated_cost
1388,2025-11-26,Pattaya_Central,PassionFruit,5,115.6,2025-11-24,6,6,65.0,17.12,17.12,115.6,observed_estimated_cost
1389,2025-11-26,Pattaya_Central,Pineapple,6,91.68,2025-11-24,6,5,49.0,9.28,9.28,91.68,observed_estimated_cost
1390,2025-11-26,Pattaya_Central,Watermelon,3,42.45,2025-11-24,6,5,45.0,8.15,8.15,42.45,observed_estimated_cost
1391,2025-11-27,BKK_Ladprao,Guava,2,28.92,2025-11-24,6,5.5,49.0,8.46,8.46,28.92,observed_estimated_cost
1392,2025-11-27,BKK_Ladprao,PassionFruit,4,92.48,2025-11-24,6,6,65.0,17.12,17.12,92.48,observed_estimated_cost
1393,2025-11-27,BKK_Ladprao,Pineapple,3,45.84,2025-11-24,6,5,49.0,9.28,9.28,45.84,observed_estimated_cost
1394,2025-11-27,BKK_Ladprao,Watermelon,4,56.6,2025-11-24,6,5,45.0,8.15,8.15,56.6,observed_estimated_cost
1395,2025-11-27,BKK_Sukhumvit,Guava,3,43.38,2025-11-24,6,5.5,49.0,8.46,8.46,43.38,observed_estimated_cost
1396,2025-11-27,BKK_Sukhumvit,PassionFruit,5,115.6,2025-11-24,6,6,65.0,17.12,17.12,115.6,observed_estimated_cost
1397,2025-11-27,BKK_Sukhumvit,Pineapple,4,61.12,2025-11-24,6,5,49.0,9.28,9.28,61.12,observed_estimated_cost
1398,2025-11-27,BKK_Sukhumvit,Watermelon,8,113.2,2025-11-24,6,5,45.0,8.15,8.15,113.2,observed_estimated_cost
1399,2025-11-27,Pattaya_Beach,Guava,5,72.3,2025-11-24,6,5.5,49.0,8.46,8.46,72.3,observed_estimated_cost
1400,2025-11-27,Pattaya_Beach,PassionFruit,4,92.48,2025-11-24,6,6,65.0,17.12,17.12,92.48,observed_estimated_cost
1401,2025-11-27,Pattaya_Beach,Pineapple,4,61.12,2025-11-24,6,5,49.0,9.28,9.28,61.12,observed_estimated_cost
1402,2025-11-27,Pattaya_Beach,Watermelon,5,70.75,2025-11-24,6,5,45.0,8.15,8.15,70.75,observed_estimated_cost
1403,2025-11-27,Pattaya_Central,Guava,3,43.38,2025-11-24,6,5.5,49.0,8.46,8.46,43.38,observed_estimated_cost
1404,2025-11-27,Pattaya_Central,PassionFruit,5,115.6,2025-11-24,6,6,65.0,17.12,17.12,115.6,observed_estimated_cost
1405,2025-11-27,Pattaya_Central,Pineapple,7,106.96,2025-11-24,6,5,49.0,9.28,9.28,106.96,observed_estimated_cost
1406,2025-11-27,Pattaya_Central,Watermelon,7,99.05,2025-11-24,6,5,45.0,8.15,8.15,99.05,observed_estimated_cost
1407,2025-11-28,BKK_Ladprao,Guava,3,43.38,2025-11-24,6,5.5,49.0,8.46,8.46,43.38,observed_estimated_cost
1408,2025-11-28,BKK_Ladprao,PassionFruit,6,138.72,2025-11-24,6,6,65.0,17.12,17.12,138.72,observed_estimated_cost
1409,2025-11-28,BKK_Ladprao,Pineapple,5,76.4,2025-11-24,6,5,49.0,9.28,9.28,76.4,observed_estimated_cost
1410,2025-11-28,BKK_Ladprao,Watermelon,5,70.75,2025-11-24,6,5,45.0,8.15,8.15,70.75,observed_estimated_cost
1411,2025-11-28,BKK_Sukhumvit,Guava,4,57.84,2025-11-24,6,5.5,49.0,8.46,8.46,57.84,observed_estimated_cost
1412,2025-11-28,BKK_Sukhumvit,PassionFruit,9,208.08,2025-11-24,6,6,65.0,17.12,17.12,208.08,observed_estimated_cost
1413,2025-11-28,BKK_Sukhumvit,Pineapple,2,30.56,2025-11-24,6,5,49.0,9.28,9.28,30.56,observed_estimated_cost
1414,2025-11-28,BKK_Sukhumvit,Watermelon,7,99.05,2025-11-24,6,5,45.0,8.15,8.15,99.05,observed_estimated_cost
1415,2025-11-28,Pattaya_Beach,Guava,2,28.92,2025-11-24,6,5.5,49.0,8.46,8.46,28.92,observed_estimated_cost
1416,2025-11-28,Pattaya_Beach,PassionFruit,7,161.84,2025-11-24,6,6,65.0,17.12,17.12,161.84,observed_estimated_cost
1417,2025-11-28,Pattaya_Beach,Pineapple,3,45.84,2025-11-24,6,5,49.0,9.28,9.28,45.84,observed_estimated_cost
1418,2025-11-28,Pattaya_Beach,Watermelon,6,84.9,2025-11-24,6,5,45.0,8.15,8.15,84.9,observed_estimated_cost
1419,2025-11-28,Pattaya_Central,Guava,4,57.84,2025-11-24,6,5.5,49.0,8.46,8.46,57.84,observed_estimated_cost
1420,2025-11-28,Pattaya_Central,PassionFruit,6,138.72,2025-11-24,6,6,65.0,17.12,17.12,138.72,observed_estimated_cost
1421,2025-11-28,Pattaya_Central,Pineapple,5,76.4,2025-11-24,6,5,49.0,9.28,9.28,76.4,observed_estimated_cost
1422,2025-11-28,Pattaya_Central,Watermelon,3,42.45,2025-11-24,6,5,45.0,8.15,8.15,42.45,observed_estimated_cost
1423,2025-11-29,BKK_Ladprao,Guava,4,57.84,2025-11-24,6,5.5,49.0,8.46,8.46,57.84,observed_estimated_cost
1424,2025-11-29,BKK_Ladprao,PassionFruit,5,115.6,2025-11-24,6,6,65.0,17.12,17.12,115.6,observed_estimated_cost
1425,2025-11-29,BKK_Ladprao,Pineapple,2,30.56,2025-11-24,6,5,49.0,9.28,9.28,30.56,observed_estimated_cost
1426,2025-11-29,BKK_Ladprao,Watermelon,3,42.45,2025-11-24,6,5,45.0,8.15,8.15,42.45,observed_estimated_cost
1427,2025-11-29,BKK_Sukhumvit,Guava,2,28.92,2025-11-24,6,5.5,49.0,8.46,8.46,28.92,observed_estimated_cost
1428,2025-11-29,BKK_Sukhumvit,PassionFruit,3,69.36,2025-11-24,6,6,65.0,17.12,17.12,69.36,observed_estimated_cost
1429,2025-11-29,BKK_Sukhumvit,Pineapple,3,45.84,2025-11-24,6,5,49.0,9.28,9.28,45.84,observed_estimated_cost
1430,2025-11-29,BKK_Sukhumvit,Watermelon,8,113.2,2025-11-24,6,5,45.0,8.15,8.15,113.2,observed_estimated_cost
1431,2025-11-29,Pattaya_Beach,Guava,3,43.38,2025-11-24,6,5.5,49.0,8.46,8.46,43.38,observed_estimated_cost
1432,2025-11-29,Pattaya_Beach,PassionFruit,10,231.2,2025-11-24,6,6,65.0,17.12,17.12,231.2,observed_estimated_cost
1433,2025-11-29,Pattaya_Beach,Pineapple,5,76.4,2025-11-24,6,5,49.0,9.28,9.28,76.4,observed_estimated_cost
1434,2025-11-29,Pattaya_Beach,Watermelon,9,127.35,2025-11-24,6,5,45.0,8.15,8.15,127.35,observed_estimated_cost
1435,2025-11-29,Pattaya_Central,Guava,2,28.92,2025-11-24,6,5.5,49.0,8.46,8.46,28.92,observed_estimated_cost
1436,2025-11-29,Pattaya_Central,PassionFruit,6,138.72,2025-11-24,6,6,65.0,17.12,17.12,138.72,observed_estimated_cost
1437,2025-11-29,Pattaya_Central,Pineapple,10,152.8,2025-11-24,6,5,49.0,9.28,9.28,152.8,observed_estimated_cost
1438,2025-11-29,Pattaya_Central,Watermelon,7,99.05,2025-11-24,6,5,45.0,8.15,8.15,99.05,observed_estimated_cost
1439,2025-11-30,BKK_Ladprao,Guava,4,57.84,2025-11-24,6,5.5,49.0,8.46,8.46,57.84,observed_estimated_cost
1440,2025-11-30,BKK_Ladprao,PassionFruit,2,46.24,2025-11-24,6,6,65.0,17.12,17.12,46.24,observed_estimated_cost
1441,2025-11-30,BKK_Ladprao,Pineapple,3,45.84,2025-11-24,6,5,49.0,9.28,9.28,45.84,observed_estimated_cost
1442,2025-11-30,BKK_Ladprao,Watermelon,4,56.6,2025-11-24,6,5,45.0,8.15,8.15,56.6,observed_estimated_cost
1443,2025-11-30,BKK_Sukhumvit,Guava,3,43.38,2025-11-24,6,5.5,49.0,8.46,8.46,43.38,observed_estimated_cost
1444,2025-11-30,BKK_Sukhumvit,PassionFruit,5,115.6,2025-11-24,6,6,65.0,17.12,17.12,115.6,observed_estimated_cost
1445,2025-11-30,BKK_Sukhumvit,Pineapple,5,76.4,2025-11-24,6,5,49.0,9.28,9.28,76.4,observed_estimated_cost
1446,2025-11-30,BKK_Sukhumvit,Watermelon,7,99.05,2025-11-24,6,5,45.0,8.15,8.15,99.05,observed_estimated_cost
1447,2025-11-30,Pattaya_Beach,Guava,4,57.84,2025-11-24,6,5.5,49.0,8.46,8.46,57.84,observed_estimated_cost
1448,2025-11-30,Pattaya_Beach,PassionFruit,4,92.48,2025-11-24,6,6,65.0,17.12,17.12,92.48,observed_estimated_cost
1449,2025-11-30,Pattaya_Beach,Pineapple,3,45.84,2025-11-24,6,5,49.0,9.28,9.28,45.84,observed_estimated_cost
1450,2025-11-30,Pattaya_Beach,Watermelon,7,99.05,2025-11-24,6,5,45.0,8.15,8.15,99.05,observed_estimated_cost
1451,2025-11-30,Pattaya_Central,Guava,4,57.84,2025-11-24,6,5.5,49.0,8.46,8.46,57.84,observed_estimated_cost
1452,2025-11-30,Pattaya_Central,PassionFruit,13,300.56,2025-11-24,6,6,65.0,17.12,17.12,300.56,observed_estimated_cost
1453,2025-11-30,Pattaya_Central,Pineapple,6,91.68,2025-11-24,6,5,49.0,9.28,9.28,91.68,observed_estimated_cost
1454,2025-11-30,Pattaya_Central,Watermelon,8,113.2,2025-11-24,6,5,45.0,8.15,8.15,113.2,observed_estimated_cost
1455,2025-12-01,BKK_Ladprao,Guava,1,15.37,2025-12-01,6,5.5,49.0,9.37,9.37,15.37,observed_estimated_cost
1456,2025-12-01,BKK_Ladprao,PassionFruit,4,100.84,2025-12-01,6,6,65.0,19.21,19.21,100.84,observed_estimated_cost
1457,2025-12-01,BKK_Ladprao,Pineapple,4,65.32,2025-12-01,6,5,49.0,10.33,10.33,65.32,observed_estimated_cost
1458,2025-12-01,BKK_Ladprao,Watermelon,6,85.38,2025-12-01,6,5,45.0,8.23,8.23,85.38,observed_estimated_cost
1459,2025-12-01,BKK_Sukhumvit,Guava,3,46.11,2025-12-01,6,5.5,49.0,9.37,9.37,46.11,observed_estimated_cost
1460,2025-12-01,BKK_Sukhumvit,PassionFruit,3,75.63,2025-12-01,6,6,65.0,19.21,19.21,75.63,observed_estimated_cost
1461,2025-12-01,BKK_Sukhumvit,Pineapple,6,97.98,2025-12-01,6,5,49.0,10.33,10.33,97.98,observed_estimated_cost
1462,2025-12-01,BKK_Sukhumvit,Watermelon,6,85.38,2025-12-01,6,5,45.0,8.23,8.23,85.38,observed_estimated_cost
1463,2025-12-01,Pattaya_Beach,Guava,3,46.11,2025-12-01,6,5.5,49.0,9.37,9.37,46.11,observed_estimated_cost
1464,2025-12-01,Pattaya_Beach,PassionFruit,5,126.05,2025-12-01,6,6,65.0,19.21,19.21,126.05,observed_estimated_cost
1465,2025-12-01,Pattaya_Beach,Pineapple,4,65.32,2025-12-01,6,5,49.0,10.33,10.33,65.32,observed_estimated_cost
1466,2025-12-01,Pattaya_Beach,Watermelon,7,99.61,2025-12-01,6,5,45.0,8.23,8.23,99.61,observed_estimated_cost
1467,2025-12-01,Pattaya_Central,Guava,4,61.48,2025-12-01,6,5.5,49.0,9.37,9.37,61.48,observed_estimated_cost
1468,2025-12-01,Pattaya_Central,PassionFruit,10,252.1,2025-12-01,6,6,65.0,19.21,19.21,252.1,observed_estimated_cost
1469,2025-12-01,Pattaya_Central,Pineapple,3,48.99,2025-12-01,6,5,49.0,10.33,10.33,48.99,observed_estimated_cost
1470,2025-12-01,Pattaya_Central,Watermelon,7,99.61,2025-12-01,6,5,45.0,8.23,8.23,99.61,observed_estimated_cost
1471,2025-12-02,BKK_Ladprao,Guava,1,15.37,2025-12-01,6,5.5,49.0,9.37,9.37,15.37,observed_estimated_cost
1472,2025-12-02,BKK_Ladprao,PassionFruit,4,100.84,2025-12-01,6,6,65.0,19.21,19.21,100.84,observed_estimated_cost
1473,2025-12-02,BKK_Ladprao,Pineapple,3,48.99,2025-12-01,6,5,49.0,10.33,10.33,48.99,observed_estimated_cost
1474,2025-12-02,BKK_Ladprao,Watermelon,5,71.15,2025-12-01,6,5,45.0,8.23,8.23,71.15,observed_estimated_cost
1475,2025-12-02,BKK_Sukhumvit,Guava,1,15.37,2025-12-01,6,5.5,49.0,9.37,9.37,15.37,observed_estimated_cost
1476,2025-12-02,BKK_Sukhumvit,PassionFruit,5,126.05,2025-12-01,6,6,65.0,19.21,19.21,126.05,observed_estimated_cost
1477,2025-12-02,BKK_Sukhumvit,Pineapple,5,81.65,2025-12-01,6,5,49.0,10.33,10.33,81.65,observed_estimated_cost
1478,2025-12-02,BKK_Sukhumvit,Watermelon,6,85.38,2025-12-01,6,5,45.0,8.23,8.23,85.38,observed_estimated_cost
1479,2025-12-02,Pattaya_Beach,Guava,4,61.48,2025-12-01,6,5.5,49.0,9.37,9.37,61.48,observed_estimated_cost
1480,2025-12-02,Pattaya_Beach,PassionFruit,2,50.42,2025-12-01,6,6,65.0,19.21,19.21,50.42,observed_estimated_cost
1481,2025-12-02,Pattaya_Beach,Pineapple,6,97.98,2025-12-01,6,5,49.0,10.33,10.33,97.98,observed_estimated_cost
1482,2025-12-02,Pattaya_Beach,Watermelon,6,85.38,2025-12-01,6,5,45.0,8.23,8.23,85.38,observed_estimated_cost
1483,2025-12-02,Pattaya_Central,Guava,3,46.11,2025-12-01,6,5.5,49.0,9.37,9.37,46.11,observed_estimated_cost
1484,2025-12-02,Pattaya_Central,PassionFruit,9,226.89,2025-12-01,6,6,65.0,19.21,19.21,226.89,observed_estimated_cost
1485,2025-12-02,Pattaya_Central,Pineapple,7,114.31,2025-12-01,6,5,49.0,10.33,10.33,114.31,observed_estimated_cost
1486,2025-12-02,Pattaya_Central,Watermelon,3,42.69,2025-12-01,6,5,45.0,8.23,8.23,42.69,observed_estimated_cost
1487,2025-12-03,BKK_Ladprao,Guava,5,76.85,2025-12-01,6,5.5,49.0,9.37,9.37,76.85,observed_estimated_cost
1488,2025-12-03,BKK_Ladprao,PassionFruit,10,252.1,2025-12-01,6,6,65.0,19.21,19.21,252.1,observed_estimated_cost
1489,2025-12-03,BKK_Ladprao,Pineapple,4,65.32,2025-12-01,6,5,49.0,10.33,10.33,65.32,observed_estimated_cost
1490,2025-12-03,BKK_Ladprao,Watermelon,5,71.15,2025-12-01,6,5,45.0,8.23,8.23,71.15,observed_estimated_cost
1491,2025-12-03,BKK_Sukhumvit,Guava,5,76.85,2025-12-01,6,5.5,49.0,9.37,9.37,76.85,observed_estimated_cost
1492,2025-12-03,BKK_Sukhumvit,PassionFruit,4,100.84,2025-12-01,6,6,65.0,19.21,19.21,100.84,observed_estimated_cost
1493,2025-12-03,BKK_Sukhumvit,Pineapple,5,81.65,2025-12-01,6,5,49.0,10.33,10.33,81.65,observed_estimated_cost
1494,2025-12-03,BKK_Sukhumvit,Watermelon,6,85.38,2025-12-01,6,5,45.0,8.23,8.23,85.38,observed_estimated_cost
1495,2025-12-03,Pattaya_Beach,Guava,3,46.11,2025-12-01,6,5.5,49.0,9.37,9.37,46.11,observed_estimated_cost
1496,2025-12-03,Pattaya_Beach,PassionFruit,4,100.84,2025-12-01,6,6,65.0,19.21,19.21,100.84,observed_estimated_cost
1497,2025-12-03,Pattaya_Beach,Pineapple,8,130.64,2025-12-01,6,5,49.0,10.33,10.33,130.64,observed_estimated_cost
1498,2025-12-03,Pattaya_Beach,Watermelon,6,85.38,2025-12-01,6,5,45.0,8.23,8.23,85.38,observed_estimated_cost
1499,2025-12-03,Pattaya_Central,Guava,5,76.85,2025-12-01,6,5.5,49.0,9.37,9.37,76.85,observed_estimated_cost
1500,2025-12-03,Pattaya_Central,PassionFruit,3,75.63,2025-12-01,6,6,65.0,19.21,19.21,75.63,observed_estimated_cost
1501,2025-12-03,Pattaya_Central,Pineapple,4,65.32,2025-12-01,6,5,49.0,10.33,10.33,65.32,observed_estimated_cost
1502,2025-12-03,Pattaya_Central,Watermelon,5,71.15,2025-12-01,6,5,45.0,8.23,8.23,71.15,observed_estimated_cost
1503,2025-12-04,BKK_Ladprao,Guava,3,46.11,2025-12-01,6,5.5,49.0,9.37,9.37,46.11,observed_estimated_cost
1504,2025-12-04,BKK_Ladprao,PassionFruit,8,201.68,2025-12-01,6,6,65.0,19.21,19.21,201.68,observed_estimated_cost
1505,2025-12-04,BKK_Ladprao,Pineapple,7,114.31,2025-12-01,6,5,49.0,10.33,10.33,114.31,observed_estimated_cost
1506,2025-12-04,BKK_Ladprao,Watermelon,2,28.46,2025-12-01,6,5,45.0,8.23,8.23,28.46,observed_estimated_cost
1507,2025-12-04,BKK_Sukhumvit,Guava,4,61.48,2025-12-01,6,5.5,49.0,9.37,9.37,61.48,observed_estimated_cost
1508,2025-12-04,BKK_Sukhumvit,PassionFruit,3,75.63,2025-12-01,6,6,65.0,19.21,19.21,75.63,observed_estimated_cost
1509,2025-12-04,BKK_Sukhumvit,Pineapple,6,97.98,2025-12-01,6,5,49.0,10.33,10.33,97.98,observed_estimated_cost
1510,2025-12-04,BKK_Sukhumvit,Watermelon,3,42.69,2025-12-01,6,5,45.0,8.23,8.23,42.69,observed_estimated_cost
1511,2025-12-04,Pattaya_Beach,Guava,4,61.48,2025-12-01,6,5.5,49.0,9.37,9.37,61.48,observed_estimated_cost
1512,2025-12-04,Pattaya_Beach,PassionFruit,7,176.47,2025-12-01,6,6,65.0,19.21,19.21,176.47,observed_estimated_cost
1513,2025-12-04,Pattaya_Beach,Pineapple,4,65.32,2025-12-01,6,5,49.0,10.33,10.33,65.32,observed_estimated_cost
1514,2025-12-04,Pattaya_Beach,Watermelon,6,85.38,2025-12-01,6,5,45.0,8.23,8.23,85.38,observed_estimated_cost
1515,2025-12-04,Pattaya_Central,Guava,7,107.59,2025-12-01,6,5.5,49.0,9.37,9.37,107.59,observed_estimated_cost
1516,2025-12-04,Pattaya_Central,PassionFruit,7,176.47,2025-12-01,6,6,65.0,19.21,19.21,176.47,observed_estimated_cost
1517,2025-12-04,Pattaya_Central,Pineapple,6,97.98,2025-12-01,6,5,49.0,10.33,10.33,97.98,observed_estimated_cost
1518,2025-12-04,Pattaya_Central,Watermelon,6,85.38,2025-12-01,6,5,45.0,8.23,8.23,85.38,observed_estimated_cost
1519,2025-12-05,BKK_Ladprao,Guava,2,30.74,2025-12-01,6,5.5,49.0,9.37,9.37,30.74,observed_estimated_cost
1520,2025-12-05,BKK_Ladprao,PassionFruit,1,25.21,2025-12-01,6,6,65.0,19.21,19.21,25.21,observed_estimated_cost
1521,2025-12-05,BKK_Ladprao,Pineapple,3,48.99,2025-12-01,6,5,49.0,10.33,10.33,48.99,observed_estimated_cost
1522,2025-12-05,BKK_Ladprao,Watermelon,8,113.84,2025-12-01,6,5,45.0,8.23,8.23,113.84,observed_estimated_cost
1523,2025-12-05,BKK_Sukhumvit,Guava,1,15.37,2025-12-01,6,5.5,49.0,9.37,9.37,15.37,observed_estimated_cost
1524,2025-12-05,BKK_Sukhumvit,PassionFruit,7,176.47,2025-12-01,6,6,65.0,19.21,19.21,176.47,observed_estimated_cost
1525,2025-12-05,BKK_Sukhumvit,Pineapple,4,65.32,2025-12-01,6,5,49.0,10.33,10.33,65.32,observed_estimated_cost
1526,2025-12-05,BKK_Sukhumvit,Watermelon,4,56.92,2025-12-01,6,5,45.0,8.23,8.23,56.92,observed_estimated_cost
1527,2025-12-05,Pattaya_Beach,Guava,2,30.74,2025-12-01,6,5.5,49.0,9.37,9.37,30.74,observed_estimated_cost
1528,2025-12-05,Pattaya_Beach,PassionFruit,4,100.84,2025-12-01,6,6,65.0,19.21,19.21,100.84,observed_estimated_cost
1529,2025-12-05,Pattaya_Beach,Pineapple,5,81.65,2025-12-01,6,5,49.0,10.33,10.33,81.65,observed_estimated_cost
1530,2025-12-05,Pattaya_Beach,Watermelon,6,85.38,2025-12-01,6,5,45.0,8.23,8.23,85.38,observed_estimated_cost
1531,2025-12-05,Pattaya_Central,Guava,5,76.85,2025-12-01,6,5.5,49.0,9.37,9.37,76.85,observed_estimated_cost
1532,2025-12-05,Pattaya_Central,PassionFruit,7,176.47,2025-12-01,6,6,65.0,19.21,19.21,176.47,observed_estimated_cost
1533,2025-12-05,Pattaya_Central,Pineapple,7,114.31,2025-12-01,6,5,49.0,10.33,10.33,114.31,observed_estimated_cost
1534,2025-12-05,Pattaya_Central,Watermelon,4,56.92,2025-12-01,6,5,45.0,8.23,8.23,56.92,observed_estimated_cost
1535,2025-12-06,BKK_Ladprao,Guava,5,76.85,2025-12-01,6,5.5,49.0,9.37,9.37,76.85,observed_estimated_cost
1536,2025-12-06,BKK_Ladprao,PassionFruit,7,176.47,2025-12-01,6,6,65.0,19.21,19.21,176.47,observed_estimated_cost
1537,2025-12-06,BKK_Ladprao,Pineapple,4,65.32,2025-12-01,6,5,49.0,10.33,10.33,65.32,observed_estimated_cost
1538,2025-12-06,BKK_Ladprao,Watermelon,5,71.15,2025-12-01,6,5,45.0,8.23,8.23,71.15,observed_estimated_cost
1539,2025-12-06,BKK_Sukhumvit,Guava,3,46.11,2025-12-01,6,5.5,49.0,9.37,9.37,46.11,observed_estimated_cost
1540,2025-12-06,BKK_Sukhumvit,PassionFruit,1,25.21,2025-12-01,6,6,65.0,19.21,19.21,25.21,observed_estimated_cost
1541,2025-12-06,BKK_Sukhumvit,Pineapple,4,65.32,2025-12-01,6,5,49.0,10.33,10.33,65.32,observed_estimated_cost
1542,2025-12-06,BKK_Sukhumvit,Watermelon,4,56.92,2025-12-01,6,5,45.0,8.23,8.23,56.92,observed_estimated_cost
1543,2025-12-06,Pattaya_Beach,Guava,4,61.48,2025-12-01,6,5.5,49.0,9.37,9.37,61.48,observed_estimated_cost
1544,2025-12-06,Pattaya_Beach,PassionFruit,4,100.84,2025-12-01,6,6,65.0,19.21,19.21,100.84,observed_estimated_cost
1545,2025-12-06,Pattaya_Beach,Pineapple,8,130.64,2025-12-01,6,5,49.0,10.33,10.33,130.64,observed_estimated_cost
1546,2025-12-06,Pattaya_Beach,Watermelon,7,99.61,2025-12-01,6,5,45.0,8.23,8.23,99.61,observed_estimated_cost
1547,2025-12-06,Pattaya_Central,Guava,9,138.33,2025-12-01,6,5.5,49.0,9.37,9.37,138.33,observed_estimated_cost
1548,2025-12-06,Pattaya_Central,PassionFruit,6,151.26,2025-12-01,6,6,65.0,19.21,19.21,151.26,observed_estimated_cost
1549,2025-12-06,Pattaya_Central,Pineapple,8,130.64,2025-12-01,6,5,49.0,10.33,10.33,130.64,observed_estimated_cost
1550,2025-12-06,Pattaya_Central,Watermelon,7,99.61,2025-12-01,6,5,45.0,8.23,8.23,99.61,observed_estimated_cost
1551,2025-12-07,BKK_Ladprao,Guava,4,61.48,2025-12-01,6,5.5,49.0,9.37,9.37,61.48,observed_estimated_cost
1552,2025-12-07,BKK_Ladprao,PassionFruit,2,50.42,2025-12-01,6,6,65.0,19.21,19.21,50.42,observed_estimated_cost
1553,2025-12-07,BKK_Ladprao,Pineapple,5,81.65,2025-12-01,6,5,49.0,10.33,10.33,81.65,observed_estimated_cost
1554,2025-12-07,BKK_Ladprao,Watermelon,4,56.92,2025-12-01,6,5,45.0,8.23,8.23,56.92,observed_estimated_cost
1555,2025-12-07,BKK_Sukhumvit,Guava,3,46.11,2025-12-01,6,5.5,49.0,9.37,9.37,46.11,observed_estimated_cost
1556,2025-12-07,BKK_Sukhumvit,PassionFruit,2,50.42,2025-12-01,6,6,65.0,19.21,19.21,50.42,observed_estimated_cost
1557,2025-12-07,BKK_Sukhumvit,Pineapple,6,97.98,2025-12-01,6,5,49.0,10.33,10.33,97.98,observed_estimated_cost
1558,2025-12-07,BKK_Sukhumvit,Watermelon,5,71.15,2025-12-01,6,5,45.0,8.23,8.23,71.15,observed_estimated_cost
1559,2025-12-07,Pattaya_Beach,Guava,4,61.48,2025-12-01,6,5.5,49.0,9.37,9.37,61.48,observed_estimated_cost
1560,2025-12-07,Pattaya_Beach,PassionFruit,10,252.1,2025-12-01,6,6,65.0,19.21,19.21,252.1,observed_estimated_cost
1561,2025-12-07,Pattaya_Beach,Pineapple,6,97.98,2025-12-01,6,5,49.0,10.33,10.33,97.98,observed_estimated_cost
1562,2025-12-07,Pattaya_Beach,Watermelon,9,128.07,2025-12-01,6,5,45.0,8.23,8.23,128.07,observed_estimated_cost
1563,2025-12-07,Pattaya_Central,Guava,7,107.59,2025-12-01,6,5.5,49.0,9.37,9.37,107.59,observed_estimated_cost
1564,2025-12-07,Pattaya_Central,PassionFruit,10,252.1,2025-12-01,6,6,65.0,19.21,19.21,252.1,observed_estimated_cost
1565,2025-12-07,Pattaya_Central,Pineapple,6,97.98,2025-12-01,6,5,49.0,10.33,10.33,97.98,observed_estimated_cost
1566,2025-12-07,Pattaya_Central,Watermelon,13,184.99,2025-12-01,6,5,45.0,8.23,8.23,184.99,observed_estimated_cost
1567,2025-12-08,BKK_Ladprao,Guava,1,14.35,2025-12-08,6,5.5,49.0,8.35,8.35,14.35,observed_estimated_cost
1568,2025-12-08,BKK_Ladprao,PassionFruit,4,93.64,2025-12-08,6,6,65.0,17.41,17.41,93.64,observed_estimated_cost
1569,2025-12-08,BKK_Ladprao,Pineapple,4,64.56,2025-12-08,6,5,49.0,10.14,10.14,64.56,observed_estimated_cost
1570,2025-12-08,BKK_Ladprao,Watermelon,6,83.82,2025-12-08,6,5,45.0,7.97,7.97,83.82,observed_estimated_cost
1571,2025-12-08,BKK_Sukhumvit,Guava,5,71.75,2025-12-08,6,5.5,49.0,8.35,8.35,71.75,observed_estimated_cost
1572,2025-12-08,BKK_Sukhumvit,PassionFruit,4,93.64,2025-12-08,6,6,65.0,17.41,17.41,93.64,observed_estimated_cost
1573,2025-12-08,BKK_Sukhumvit,Pineapple,4,64.56,2025-12-08,6,5,49.0,10.14,10.14,64.56,observed_estimated_cost
1574,2025-12-08,BKK_Sukhumvit,Watermelon,6,83.82,2025-12-08,6,5,45.0,7.97,7.97,83.82,observed_estimated_cost
1575,2025-12-08,Pattaya_Beach,Guava,4,57.4,2025-12-08,6,5.5,49.0,8.35,8.35,57.4,observed_estimated_cost
1576,2025-12-08,Pattaya_Beach,PassionFruit,6,140.46,2025-12-08,6,6,65.0,17.41,17.41,140.46,observed_estimated_cost
1577,2025-12-08,Pattaya_Beach,Pineapple,6,96.84,2025-12-08,6,5,49.0,10.14,10.14,96.84,observed_estimated_cost
1578,2025-12-08,Pattaya_Beach,Watermelon,7,97.79,2025-12-08,6,5,45.0,7.97,7.97,97.79,observed_estimated_cost
1579,2025-12-08,Pattaya_Central,Guava,2,28.7,2025-12-08,6,5.5,49.0,8.35,8.35,28.7,observed_estimated_cost
1580,2025-12-08,Pattaya_Central,PassionFruit,7,163.87,2025-12-08,6,6,65.0,17.41,17.41,163.87,observed_estimated_cost
1581,2025-12-08,Pattaya_Central,Pineapple,7,112.98,2025-12-08,6,5,49.0,10.14,10.14,112.98,observed_estimated_cost
1582,2025-12-08,Pattaya_Central,Watermelon,7,97.79,2025-12-08,6,5,45.0,7.97,7.97,97.79,observed_estimated_cost
1583,2025-12-09,BKK_Ladprao,Guava,5,71.75,2025-12-08,6,5.5,49.0,8.35,8.35,71.75,observed_estimated_cost
1584,2025-12-09,BKK_Ladprao,PassionFruit,6,140.46,2025-12-08,6,6,65.0,17.41,17.41,140.46,observed_estimated_cost
1585,2025-12-09,BKK_Ladprao,Pineapple,2,32.28,2025-12-08,6,5,49.0,10.14,10.14,32.28,observed_estimated_cost
1586,2025-12-09,BKK_Ladprao,Watermelon,8,111.76,2025-12-08,6,5,45.0,7.97,7.97,111.76,observed_estimated_cost
1587,2025-12-09,BKK_Sukhumvit,Guava,4,57.4,2025-12-08,6,5.5,49.0,8.35,8.35,57.4,observed_estimated_cost
1588,2025-12-09,BKK_Sukhumvit,PassionFruit,4,93.64,2025-12-08,6,6,65.0,17.41,17.41,93.64,observed_estimated_cost
1589,2025-12-09,BKK_Sukhumvit,Pineapple,5,80.7,2025-12-08,6,5,49.0,10.14,10.14,80.7,observed_estimated_cost
1590,2025-12-09,BKK_Sukhumvit,Watermelon,7,97.79,2025-12-08,6,5,45.0,7.97,7.97,97.79,observed_estimated_cost
1591,2025-12-09,Pattaya_Beach,Guava,4,57.4,2025-12-08,6,5.5,49.0,8.35,8.35,57.4,observed_estimated_cost
1592,2025-12-09,Pattaya_Beach,PassionFruit,2,46.82,2025-12-08,6,6,65.0,17.41,17.41,46.82,observed_estimated_cost
1593,2025-12-09,Pattaya_Beach,Pineapple,5,80.7,2025-12-08,6,5,49.0,10.14,10.14,80.7,observed_estimated_cost
1594,2025-12-09,Pattaya_Beach,Watermelon,4,55.88,2025-12-08,6,5,45.0,7.97,7.97,55.88,observed_estimated_cost
1595,2025-12-09,Pattaya_Central,Guava,4,57.4,2025-12-08,6,5.5,49.0,8.35,8.35,57.4,observed_estimated_cost
1596,2025-12-09,Pattaya_Central,PassionFruit,4,93.64,2025-12-08,6,6,65.0,17.41,17.41,93.64,observed_estimated_cost
1597,2025-12-09,Pattaya_Central,Pineapple,4,64.56,2025-12-08,6,5,49.0,10.14,10.14,64.56,observed_estimated_cost
1598,2025-12-09,Pattaya_Central,Watermelon,6,83.82,2025-12-08,6,5,45.0,7.97,7.97,83.82,observed_estimated_cost
1599,2025-12-10,BKK_Ladprao,Guava,4,57.4,2025-12-08,6,5.5,49.0,8.35,8.35,57.4,observed_estimated_cost
1600,2025-12-10,BKK_Ladprao,PassionFruit,2,46.82,2025-12-08,6,6,65.0,17.41,17.41,46.82,observed_estimated_cost
1601,2025-12-10,BKK_Ladprao,Pineapple,5,80.7,2025-12-08,6,5,49.0,10.14,10.14,80.7,observed_estimated_cost
1602,2025-12-10,BKK_Ladprao,Watermelon,7,97.79,2025-12-08,6,5,45.0,7.97,7.97,97.79,observed_estimated_cost
1603,2025-12-10,BKK_Sukhumvit,Guava,4,57.4,2025-12-08,6,5.5,49.0,8.35,8.35,57.4,observed_estimated_cost
1604,2025-12-10,BKK_Sukhumvit,PassionFruit,2,46.82,2025-12-08,6,6,65.0,17.41,17.41,46.82,observed_estimated_cost
1605,2025-12-10,BKK_Sukhumvit,Pineapple,5,80.7,2025-12-08,6,5,49.0,10.14,10.14,80.7,observed_estimated_cost
1606,2025-12-10,BKK_Sukhumvit,Watermelon,7,97.79,2025-12-08,6,5,45.0,7.97,7.97,97.79,observed_estimated_cost
1607,2025-12-10,Pattaya_Beach,Guava,5,71.75,2025-12-08,6,5.5,49.0,8.35,8.35,71.75,observed_estimated_cost
1608,2025-12-10,Pattaya_Beach,PassionFruit,2,46.82,2025-12-08,6,6,65.0,17.41,17.41,46.82,observed_estimated_cost
1609,2025-12-10,Pattaya_Beach,Pineapple,5,80.7,2025-12-08,6,5,49.0,10.14,10.14,80.7,observed_estimated_cost
1610,2025-12-10,Pattaya_Beach,Watermelon,4,55.88,2025-12-08,6,5,45.0,7.97,7.97,55.88,observed_estimated_cost
1611,2025-12-10,Pattaya_Central,Guava,5,71.75,2025-12-08,6,5.5,49.0,8.35,8.35,71.75,observed_estimated_cost
1612,2025-12-10,Pattaya_Central,PassionFruit,4,93.64,2025-12-08,6,6,65.0,17.41,17.41,93.64,observed_estimated_cost
1613,2025-12-10,Pattaya_Central,Pineapple,6,96.84,2025-12-08,6,5,49.0,10.14,10.14,96.84,observed_estimated_cost
1614,2025-12-10,Pattaya_Central,Watermelon,12,167.64,2025-12-08,6,5,45.0,7.97,7.97,167.64,observed_estimated_cost
1615,2025-12-11,BKK_Ladprao,Guava,4,57.4,2025-12-08,6,5.5,49.0,8.35,8.35,57.4,observed_estimated_cost
1616,2025-12-11,BKK_Ladprao,PassionFruit,4,93.64,2025-12-08,6,6,65.0,17.41,17.41,93.64,observed_estimated_cost
1617,2025-12-11,BKK_Ladprao,Pineapple,2,32.28,2025-12-08,6,5,49.0,10.14,10.14,32.28,observed_estimated_cost
1618,2025-12-11,BKK_Ladprao,Watermelon,3,41.91,2025-12-08,6,5,45.0,7.97,7.97,41.91,observed_estimated_cost
1619,2025-12-11,BKK_Sukhumvit,Guava,5,71.75,2025-12-08,6,5.5,49.0,8.35,8.35,71.75,observed_estimated_cost
1620,2025-12-11,BKK_Sukhumvit,PassionFruit,2,46.82,2025-12-08,6,6,65.0,17.41,17.41,46.82,observed_estimated_cost
1621,2025-12-11,BKK_Sukhumvit,Pineapple,5,80.7,2025-12-08,6,5,49.0,10.14,10.14,80.7,observed_estimated_cost
1622,2025-12-11,BKK_Sukhumvit,Watermelon,6,83.82,2025-12-08,6,5,45.0,7.97,7.97,83.82,observed_estimated_cost
1623,2025-12-11,Pattaya_Beach,Guava,4,57.4,2025-12-08,6,5.5,49.0,8.35,8.35,57.4,observed_estimated_cost
1624,2025-12-11,Pattaya_Beach,PassionFruit,4,93.64,2025-12-08,6,6,65.0,17.41,17.41,93.64,observed_estimated_cost
1625,2025-12-11,Pattaya_Beach,Pineapple,7,112.98,2025-12-08,6,5,49.0,10.14,10.14,112.98,observed_estimated_cost
1626,2025-12-11,Pattaya_Beach,Watermelon,8,111.76,2025-12-08,6,5,45.0,7.97,7.97,111.76,observed_estimated_cost
1627,2025-12-11,Pattaya_Central,Guava,4,57.4,2025-12-08,6,5.5,49.0,8.35,8.35,57.4,observed_estimated_cost
1628,2025-12-11,Pattaya_Central,PassionFruit,7,163.87,2025-12-08,6,6,65.0,17.41,17.41,163.87,observed_estimated_cost
1629,2025-12-11,Pattaya_Central,Pineapple,7,112.98,2025-12-08,6,5,49.0,10.14,10.14,112.98,observed_estimated_cost
1630,2025-12-11,Pattaya_Central,Watermelon,4,55.88,2025-12-08,6,5,45.0,7.97,7.97,55.88,observed_estimated_cost
1631,2025-12-12,BKK_Ladprao,Guava,10,143.5,2025-12-08,6,5.5,49.0,8.35,8.35,143.5,observed_estimated_cost
1632,2025-12-12,BKK_Ladprao,PassionFruit,7,163.87,2025-12-08,6,6,65.0,17.41,17.41,163.87,observed_estimated_cost
1633,2025-12-12,BKK_Ladprao,Pineapple,6,96.84,2025-12-08,6,5,49.0,10.14,10.14,96.84,observed_estimated_cost
1634,2025-12-12,BKK_Ladprao,Watermelon,9,125.73,2025-12-08,6,5,45.0,7.97,7.97,125.73,observed_estimated_cost
1635,2025-12-12,BKK_Sukhumvit,Guava,6,86.1,2025-12-08,6,5.5,49.0,8.35,8.35,86.1,observed_estimated_cost
1636,2025-12-12,BKK_Sukhumvit,PassionFruit,7,163.87,2025-12-08,6,6,65.0,17.41,17.41,163.87,observed_estimated_cost
1637,2025-12-12,BKK_Sukhumvit,Pineapple,9,145.26,2025-12-08,6,5,49.0,10.14,10.14,145.26,observed_estimated_cost
1638,2025-12-12,BKK_Sukhumvit,Watermelon,8,111.76,2025-12-08,6,5,45.0,7.97,7.97,111.76,observed_estimated_cost
1639,2025-12-12,Pattaya_Beach,Guava,7,100.45,2025-12-08,6,5.5,49.0,8.35,8.35,100.45,observed_estimated_cost
1640,2025-12-12,Pattaya_Beach,PassionFruit,6,140.46,2025-12-08,6,6,65.0,17.41,17.41,140.46,observed_estimated_cost
1641,2025-12-12,Pattaya_Beach,Pineapple,9,145.26,2025-12-08,6,5,49.0,10.14,10.14,145.26,observed_estimated_cost
1642,2025-12-12,Pattaya_Beach,Watermelon,8,111.76,2025-12-08,6,5,45.0,7.97,7.97,111.76,observed_estimated_cost
1643,2025-12-12,Pattaya_Central,Guava,6,86.1,2025-12-08,6,5.5,49.0,8.35,8.35,86.1,observed_estimated_cost
1644,2025-12-12,Pattaya_Central,PassionFruit,11,257.51,2025-12-08,6,6,65.0,17.41,17.41,257.51,observed_estimated_cost
1645,2025-12-12,Pattaya_Central,Pineapple,9,145.26,2025-12-08,6,5,49.0,10.14,10.14,145.26,observed_estimated_cost
1646,2025-12-12,Pattaya_Central,Watermelon,10,139.7,2025-12-08,6,5,45.0,7.97,7.97,139.7,observed_estimated_cost
1647,2025-12-13,BKK_Ladprao,Guava,2,28.7,2025-12-08,6,5.5,49.0,8.35,8.35,28.7,observed_estimated_cost
1648,2025-12-13,BKK_Ladprao,PassionFruit,6,140.46,2025-12-08,6,6,65.0,17.41,17.41,140.46,observed_estimated_cost
1649,2025-12-13,BKK_Ladprao,Pineapple,3,48.42,2025-12-08,6,5,49.0,10.14,10.14,48.42,observed_estimated_cost
1650,2025-12-13,BKK_Ladprao,Watermelon,4,55.88,2025-12-08,6,5,45.0,7.97,7.97,55.88,observed_estimated_cost
1651,2025-12-13,BKK_Sukhumvit,Guava,5,71.75,2025-12-08,6,5.5,49.0,8.35,8.35,71.75,observed_estimated_cost
1652,2025-12-13,BKK_Sukhumvit,PassionFruit,4,93.64,2025-12-08,6,6,65.0,17.41,17.41,93.64,observed_estimated_cost
1653,2025-12-13,BKK_Sukhumvit,Pineapple,4,64.56,2025-12-08,6,5,49.0,10.14,10.14,64.56,observed_estimated_cost
1654,2025-12-13,BKK_Sukhumvit,Watermelon,5,69.85,2025-12-08,6,5,45.0,7.97,7.97,69.85,observed_estimated_cost
1655,2025-12-13,Pattaya_Beach,Guava,6,86.1,2025-12-08,6,5.5,49.0,8.35,8.35,86.1,observed_estimated_cost
1656,2025-12-13,Pattaya_Beach,PassionFruit,9,210.69,2025-12-08,6,6,65.0,17.41,17.41,210.69,observed_estimated_cost
1657,2025-12-13,Pattaya_Beach,Pineapple,4,64.56,2025-12-08,6,5,49.0,10.14,10.14,64.56,observed_estimated_cost
1658,2025-12-13,Pattaya_Beach,Watermelon,5,69.85,2025-12-08,6,5,45.0,7.97,7.97,69.85,observed_estimated_cost
1659,2025-12-13,Pattaya_Central,Guava,4,57.4,2025-12-08,6,5.5,49.0,8.35,8.35,57.4,observed_estimated_cost
1660,2025-12-13,Pattaya_Central,PassionFruit,5,117.05,2025-12-08,6,6,65.0,17.41,17.41,117.05,observed_estimated_cost
1661,2025-12-13,Pattaya_Central,Pineapple,6,96.84,2025-12-08,6,5,49.0,10.14,10.14,96.84,observed_estimated_cost
1662,2025-12-13,Pattaya_Central,Watermelon,9,125.73,2025-12-08,6,5,45.0,7.97,7.97,125.73,observed_estimated_cost
1663,2025-12-14,BKK_Ladprao,Guava,3,43.05,2025-12-08,6,5.5,49.0,8.35,8.35,43.05,observed_estimated_cost
1664,2025-12-14,BKK_Ladprao,PassionFruit,4,93.64,2025-12-08,6,6,65.0,17.41,17.41,93.64,observed_estimated_cost
1665,2025-12-14,BKK_Ladprao,Pineapple,5,80.7,2025-12-08,6,5,49.0,10.14,10.14,80.7,observed_estimated_cost
1666,2025-12-14,BKK_Ladprao,Watermelon,7,97.79,2025-12-08,6,5,45.0,7.97,7.97,97.79,observed_estimated_cost
1667,2025-12-14,BKK_Sukhumvit,Guava,2,28.7,2025-12-08,6,5.5,49.0,8.35,8.35,28.7,observed_estimated_cost
1668,2025-12-14,BKK_Sukhumvit,PassionFruit,5,117.05,2025-12-08,6,6,65.0,17.41,17.41,117.05,observed_estimated_cost
1669,2025-12-14,BKK_Sukhumvit,Pineapple,4,64.56,2025-12-08,6,5,49.0,10.14,10.14,64.56,observed_estimated_cost
1670,2025-12-14,BKK_Sukhumvit,Watermelon,5,69.85,2025-12-08,6,5,45.0,7.97,7.97,69.85,observed_estimated_cost
1671,2025-12-14,Pattaya_Beach,Guava,3,43.05,2025-12-08,6,5.5,49.0,8.35,8.35,43.05,observed_estimated_cost
1672,2025-12-14,Pattaya_Beach,PassionFruit,6,140.46,2025-12-08,6,6,65.0,17.41,17.41,140.46,observed_estimated_cost
1673,2025-12-14,Pattaya_Beach,Pineapple,3,48.42,2025-12-08,6,5,49.0,10.14,10.14,48.42,observed_estimated_cost
1674,2025-12-14,Pattaya_Beach,Watermelon,5,69.85,2025-12-08,6,5,45.0,7.97,7.97,69.85,observed_estimated_cost
1675,2025-12-14,Pattaya_Central,Guava,2,28.7,2025-12-08,6,5.5,49.0,8.35,8.35,28.7,observed_estimated_cost
1676,2025-12-14,Pattaya_Central,PassionFruit,6,140.46,2025-12-08,6,6,65.0,17.41,17.41,140.46,observed_estimated_cost
1677,2025-12-14,Pattaya_Central,Pineapple,6,96.84,2025-12-08,6,5,49.0,10.14,10.14,96.84,observed_estimated_cost
1678,2025-12-14,Pattaya_Central,Watermelon,10,139.7,2025-12-08,6,5,45.0,7.97,7.97,139.7,observed_estimated_cost
1679,2025-12-15,BKK_Ladprao,Guava,2,30.24,2025-12-15,6,5.5,49.0,9.12,9.12,30.24,observed_estimated_cost
1680,2025-12-15,BKK_Ladprao,PassionFruit,3,75.51,2025-12-15,6,6,65.0,19.17,19.17,75.51,observed_estimated_cost
1681,2025-12-15,BKK_Ladprao,Pineapple,5,79.7,2025-12-15,6,5,49.0,9.94,9.94,79.7,observed_estimated_cost
1682,2025-12-15,BKK_Ladprao,Watermelon,6,84.78,2025-12-15,6,5,45.0,8.13,8.13,84.78,observed_estimated_cost
1683,2025-12-15,BKK_Sukhumvit,Guava,5,75.6,2025-12-15,6,5.5,49.0,9.12,9.12,75.6,observed_estimated_cost
1684,2025-12-15,BKK_Sukhumvit,PassionFruit,6,151.02,2025-12-15,6,6,65.0,19.17,19.17,151.02,observed_estimated_cost
1685,2025-12-15,BKK_Sukhumvit,Pineapple,6,95.64,2025-12-15,6,5,49.0,9.94,9.94,95.64,observed_estimated_cost
1686,2025-12-15,BKK_Sukhumvit,Watermelon,9,127.17,2025-12-15,6,5,45.0,8.13,8.13,127.17,observed_estimated_cost
1687,2025-12-15,Pattaya_Beach,Guava,7,105.84,2025-12-15,6,5.5,49.0,9.12,9.12,105.84,observed_estimated_cost
1688,2025-12-15,Pattaya_Beach,PassionFruit,4,100.68,2025-12-15,6,6,65.0,19.17,19.17,100.68,observed_estimated_cost
1689,2025-12-15,Pattaya_Beach,Pineapple,4,63.76,2025-12-15,6,5,49.0,9.94,9.94,63.76,observed_estimated_cost
1690,2025-12-15,Pattaya_Beach,Watermelon,6,84.78,2025-12-15,6,5,45.0,8.13,8.13,84.78,observed_estimated_cost
1691,2025-12-15,Pattaya_Central,Guava,5,75.6,2025-12-15,6,5.5,49.0,9.12,9.12,75.6,observed_estimated_cost
1692,2025-12-15,Pattaya_Central,PassionFruit,12,302.04,2025-12-15,6,6,65.0,19.17,19.17,302.04,observed_estimated_cost
1693,2025-12-15,Pattaya_Central,Pineapple,6,95.64,2025-12-15,6,5,49.0,9.94,9.94,95.64,observed_estimated_cost
1694,2025-12-15,Pattaya_Central,Watermelon,7,98.91,2025-12-15,6,5,45.0,8.13,8.13,98.91,observed_estimated_cost
1695,2025-12-16,BKK_Ladprao,Guava,1,15.12,2025-12-15,6,5.5,49.0,9.12,9.12,15.12,observed_estimated_cost
1696,2025-12-16,BKK_Ladprao,PassionFruit,4,100.68,2025-12-15,6,6,65.0,19.17,19.17,100.68,observed_estimated_cost
1697,2025-12-16,BKK_Ladprao,Pineapple,7,111.58,2025-12-15,6,5,49.0,9.94,9.94,111.58,observed_estimated_cost
1698,2025-12-16,BKK_Ladprao,Watermelon,5,70.65,2025-12-15,6,5,45.0,8.13,8.13,70.65,observed_estimated_cost
1699,2025-12-16,BKK_Sukhumvit,Guava,3,45.36,2025-12-15,6,5.5,49.0,9.12,9.12,45.36,observed_estimated_cost
1700,2025-12-16,BKK_Sukhumvit,PassionFruit,5,125.85,2025-12-15,6,6,65.0,19.17,19.17,125.85,observed_estimated_cost
1701,2025-12-16,BKK_Sukhumvit,Pineapple,4,63.76,2025-12-15,6,5,49.0,9.94,9.94,63.76,observed_estimated_cost
1702,2025-12-16,BKK_Sukhumvit,Watermelon,6,84.78,2025-12-15,6,5,45.0,8.13,8.13,84.78,observed_estimated_cost
1703,2025-12-16,Pattaya_Beach,Guava,4,60.48,2025-12-15,6,5.5,49.0,9.12,9.12,60.48,observed_estimated_cost
1704,2025-12-16,Pattaya_Beach,PassionFruit,4,100.68,2025-12-15,6,6,65.0,19.17,19.17,100.68,observed_estimated_cost
1705,2025-12-16,Pattaya_Beach,Pineapple,5,79.7,2025-12-15,6,5,49.0,9.94,9.94,79.7,observed_estimated_cost
1706,2025-12-16,Pattaya_Beach,Watermelon,5,70.65,2025-12-15,6,5,45.0,8.13,8.13,70.65,observed_estimated_cost
1707,2025-12-16,Pattaya_Central,Guava,5,75.6,2025-12-15,6,5.5,49.0,9.12,9.12,75.6,observed_estimated_cost
1708,2025-12-16,Pattaya_Central,PassionFruit,5,125.85,2025-12-15,6,6,65.0,19.17,19.17,125.85,observed_estimated_cost
1709,2025-12-16,Pattaya_Central,Pineapple,7,111.58,2025-12-15,6,5,49.0,9.94,9.94,111.58,observed_estimated_cost
1710,2025-12-16,Pattaya_Central,Watermelon,8,113.04,2025-12-15,6,5,45.0,8.13,8.13,113.04,observed_estimated_cost
1711,2025-12-17,BKK_Ladprao,Guava,3,45.36,2025-12-15,6,5.5,49.0,9.12,9.12,45.36,observed_estimated_cost
1712,2025-12-17,BKK_Ladprao,PassionFruit,7,176.19,2025-12-15,6,6,65.0,19.17,19.17,176.19,observed_estimated_cost
1713,2025-12-17,BKK_Ladprao,Pineapple,5,79.7,2025-12-15,6,5,49.0,9.94,9.94,79.7,observed_estimated_cost
1714,2025-12-17,BKK_Ladprao,Watermelon,7,98.91,2025-12-15,6,5,45.0,8.13,8.13,98.91,observed_estimated_cost
1715,2025-12-17,BKK_Sukhumvit,Guava,2,30.24,2025-12-15,6,5.5,49.0,9.12,9.12,30.24,observed_estimated_cost
1716,2025-12-17,BKK_Sukhumvit,PassionFruit,5,125.85,2025-12-15,6,6,65.0,19.17,19.17,125.85,observed_estimated_cost
1717,2025-12-17,BKK_Sukhumvit,Pineapple,5,79.7,2025-12-15,6,5,49.0,9.94,9.94,79.7,observed_estimated_cost
1718,2025-12-17,BKK_Sukhumvit,Watermelon,7,98.91,2025-12-15,6,5,45.0,8.13,8.13,98.91,observed_estimated_cost
1719,2025-12-17,Pattaya_Beach,Guava,3,45.36,2025-12-15,6,5.5,49.0,9.12,9.12,45.36,observed_estimated_cost
1720,2025-12-17,Pattaya_Beach,PassionFruit,9,226.53,2025-12-15,6,6,65.0,19.17,19.17,226.53,observed_estimated_cost
1721,2025-12-17,Pattaya_Beach,Pineapple,3,47.82,2025-12-15,6,5,49.0,9.94,9.94,47.82,observed_estimated_cost
1722,2025-12-17,Pattaya_Beach,Watermelon,3,42.39,2025-12-15,6,5,45.0,8.13,8.13,42.39,observed_estimated_cost
1723,2025-12-17,Pattaya_Central,Guava,6,90.72,2025-12-15,6,5.5,49.0,9.12,9.12,90.72,observed_estimated_cost
1724,2025-12-17,Pattaya_Central,PassionFruit,10,251.7,2025-12-15,6,6,65.0,19.17,19.17,251.7,observed_estimated_cost
1725,2025-12-17,Pattaya_Central,Pineapple,7,111.58,2025-12-15,6,5,49.0,9.94,9.94,111.58,observed_estimated_cost
1726,2025-12-17,Pattaya_Central,Watermelon,5,70.65,2025-12-15,6,5,45.0,8.13,8.13,70.65,observed_estimated_cost
1727,2025-12-18,BKK_Ladprao,Guava,4,60.48,2025-12-15,6,5.5,49.0,9.12,9.12,60.48,observed_estimated_cost
1728,2025-12-18,BKK_Ladprao,PassionFruit,1,25.17,2025-12-15,6,6,65.0,19.17,19.17,25.17,observed_estimated_cost
1729,2025-12-18,BKK_Ladprao,Pineapple,3,47.82,2025-12-15,6,5,49.0,9.94,9.94,47.82,observed_estimated_cost
1730,2025-12-18,BKK_Ladprao,Watermelon,5,70.65,2025-12-15,6,5,45.0,8.13,8.13,70.65,observed_estimated_cost
1731,2025-12-18,BKK_Sukhumvit,Guava,4,60.48,2025-12-15,6,5.5,49.0,9.12,9.12,60.48,observed_estimated_cost
1732,2025-12-18,BKK_Sukhumvit,PassionFruit,3,75.51,2025-12-15,6,6,65.0,19.17,19.17,75.51,observed_estimated_cost
1733,2025-12-18,BKK_Sukhumvit,Pineapple,2,31.88,2025-12-15,6,5,49.0,9.94,9.94,31.88,observed_estimated_cost
1734,2025-12-18,BKK_Sukhumvit,Watermelon,5,70.65,2025-12-15,6,5,45.0,8.13,8.13,70.65,observed_estimated_cost
1735,2025-12-18,Pattaya_Beach,Guava,2,30.24,2025-12-15,6,5.5,49.0,9.12,9.12,30.24,observed_estimated_cost
1736,2025-12-18,Pattaya_Beach,PassionFruit,4,100.68,2025-12-15,6,6,65.0,19.17,19.17,100.68,observed_estimated_cost
1737,2025-12-18,Pattaya_Beach,Pineapple,6,95.64,2025-12-15,6,5,49.0,9.94,9.94,95.64,observed_estimated_cost
1738,2025-12-18,Pattaya_Beach,Watermelon,3,42.39,2025-12-15,6,5,45.0,8.13,8.13,42.39,observed_estimated_cost
1739,2025-12-18,Pattaya_Central,Guava,3,45.36,2025-12-15,6,5.5,49.0,9.12,9.12,45.36,observed_estimated_cost
1740,2025-12-18,Pattaya_Central,PassionFruit,7,176.19,2025-12-15,6,6,65.0,19.17,19.17,176.19,observed_estimated_cost
1741,2025-12-18,Pattaya_Central,Pineapple,4,63.76,2025-12-15,6,5,49.0,9.94,9.94,63.76,observed_estimated_cost
1742,2025-12-18,Pattaya_Central,Watermelon,3,42.39,2025-12-15,6,5,45.0,8.13,8.13,42.39,observed_estimated_cost
1743,2025-12-19,BKK_Ladprao,Guava,3,45.36,2025-12-15,6,5.5,49.0,9.12,9.12,45.36,observed_estimated_cost
1744,2025-12-19,BKK_Ladprao,PassionFruit,3,75.51,2025-12-15,6,6,65.0,19.17,19.17,75.51,observed_estimated_cost
1745,2025-12-19,BKK_Ladprao,Pineapple,5,79.7,2025-12-15,6,5,49.0,9.94,9.94,79.7,observed_estimated_cost
1746,2025-12-19,BKK_Ladprao,Watermelon,9,127.17,2025-12-15,6,5,45.0,8.13,8.13,127.17,observed_estimated_cost
1747,2025-12-19,BKK_Sukhumvit,Guava,4,60.48,2025-12-15,6,5.5,49.0,9.12,9.12,60.48,observed_estimated_cost
1748,2025-12-19,BKK_Sukhumvit,PassionFruit,5,125.85,2025-12-15,6,6,65.0,19.17,19.17,125.85,observed_estimated_cost
1749,2025-12-19,BKK_Sukhumvit,Pineapple,5,79.7,2025-12-15,6,5,49.0,9.94,9.94,79.7,observed_estimated_cost
1750,2025-12-19,BKK_Sukhumvit,Watermelon,8,113.04,2025-12-15,6,5,45.0,8.13,8.13,113.04,observed_estimated_cost
1751,2025-12-19,Pattaya_Beach,Guava,3,45.36,2025-12-15,6,5.5,49.0,9.12,9.12,45.36,observed_estimated_cost
1752,2025-12-19,Pattaya_Beach,PassionFruit,5,125.85,2025-12-15,6,6,65.0,19.17,19.17,125.85,observed_estimated_cost
1753,2025-12-19,Pattaya_Beach,Pineapple,3,47.82,2025-12-15,6,5,49.0,9.94,9.94,47.82,observed_estimated_cost
1754,2025-12-19,Pattaya_Beach,Watermelon,8,113.04,2025-12-15,6,5,45.0,8.13,8.13,113.04,observed_estimated_cost
1755,2025-12-19,Pattaya_Central,Guava,6,90.72,2025-12-15,6,5.5,49.0,9.12,9.12,90.72,observed_estimated_cost
1756,2025-12-19,Pattaya_Central,PassionFruit,2,50.34,2025-12-15,6,6,65.0,19.17,19.17,50.34,observed_estimated_cost
1757,2025-12-19,Pattaya_Central,Pineapple,6,95.64,2025-12-15,6,5,49.0,9.94,9.94,95.64,observed_estimated_cost
1758,2025-12-19,Pattaya_Central,Watermelon,8,113.04,2025-12-15,6,5,45.0,8.13,8.13,113.04,observed_estimated_cost
1759,2025-12-20,BKK_Ladprao,Guava,3,45.36,2025-12-15,6,5.5,49.0,9.12,9.12,45.36,observed_estimated_cost
1760,2025-12-20,BKK_Ladprao,PassionFruit,6,151.02,2025-12-15,6,6,65.0,19.17,19.17,151.02,observed_estimated_cost
1761,2025-12-20,BKK_Ladprao,Pineapple,3,47.82,2025-12-15,6,5,49.0,9.94,9.94,47.82,observed_estimated_cost
1762,2025-12-20,BKK_Ladprao,Watermelon,4,56.52,2025-12-15,6,5,45.0,8.13,8.13,56.52,observed_estimated_cost
1763,2025-12-20,BKK_Sukhumvit,Guava,5,75.6,2025-12-15,6,5.5,49.0,9.12,9.12,75.6,observed_estimated_cost
1764,2025-12-20,BKK_Sukhumvit,PassionFruit,4,100.68,2025-12-15,6,6,65.0,19.17,19.17,100.68,observed_estimated_cost
1765,2025-12-20,BKK_Sukhumvit,Pineapple,4,63.76,2025-12-15,6,5,49.0,9.94,9.94,63.76,observed_estimated_cost
1766,2025-12-20,BKK_Sukhumvit,Watermelon,4,56.52,2025-12-15,6,5,45.0,8.13,8.13,56.52,observed_estimated_cost
1767,2025-12-20,Pattaya_Beach,Guava,3,45.36,2025-12-15,6,5.5,49.0,9.12,9.12,45.36,observed_estimated_cost
1768,2025-12-20,Pattaya_Beach,PassionFruit,11,276.87,2025-12-15,6,6,65.0,19.17,19.17,276.87,observed_estimated_cost
1769,2025-12-20,Pattaya_Beach,Pineapple,7,111.58,2025-12-15,6,5,49.0,9.94,9.94,111.58,observed_estimated_cost
1770,2025-12-20,Pattaya_Beach,Watermelon,9,127.17,2025-12-15,6,5,45.0,8.13,8.13,127.17,observed_estimated_cost
1771,2025-12-20,Pattaya_Central,Guava,5,75.6,2025-12-15,6,5.5,49.0,9.12,9.12,75.6,observed_estimated_cost
1772,2025-12-20,Pattaya_Central,PassionFruit,11,276.87,2025-12-15,6,6,65.0,19.17,19.17,276.87,observed_estimated_cost
1773,2025-12-20,Pattaya_Central,Pineapple,8,127.52,2025-12-15,6,5,49.0,9.94,9.94,127.52,observed_estimated_cost
1774,2025-12-20,Pattaya_Central,Watermelon,9,127.17,2025-12-15,6,5,45.0,8.13,8.13,127.17,observed_estimated_cost
1775,2025-12-21,BKK_Ladprao,Guava,5,75.6,2025-12-15,6,5.5,49.0,9.12,9.12,75.6,observed_estimated_cost
1776,2025-12-21,BKK_Ladprao,PassionFruit,6,151.02,2025-12-15,6,6,65.0,19.17,19.17,151.02,observed_estimated_cost
1777,2025-12-21,BKK_Ladprao,Pineapple,1,15.94,2025-12-15,6,5,49.0,9.94,9.94,15.94,observed_estimated_cost
1778,2025-12-21,BKK_Ladprao,Watermelon,6,84.78,2025-12-15,6,5,45.0,8.13,8.13,84.78,observed_estimated_cost
1779,2025-12-21,BKK_Sukhumvit,Guava,5,75.6,2025-12-15,6,5.5,49.0,9.12,9.12,75.6,observed_estimated_cost
1780,2025-12-21,BKK_Sukhumvit,PassionFruit,7,176.19,2025-12-15,6,6,65.0,19.17,19.17,176.19,observed_estimated_cost
1781,2025-12-21,BKK_Sukhumvit,Pineapple,3,47.82,2025-12-15,6,5,49.0,9.94,9.94,47.82,observed_estimated_cost
1782,2025-12-21,BKK_Sukhumvit,Watermelon,6,84.78,2025-12-15,6,5,45.0,8.13,8.13,84.78,observed_estimated_cost
1783,2025-12-21,Pattaya_Beach,Guava,6,90.72,2025-12-15,6,5.5,49.0,9.12,9.12,90.72,observed_estimated_cost
1784,2025-12-21,Pattaya_Beach,PassionFruit,6,151.02,2025-12-15,6,6,65.0,19.17,19.17,151.02,observed_estimated_cost
1785,2025-12-21,Pattaya_Beach,Pineapple,5,79.7,2025-12-15,6,5,49.0,9.94,9.94,79.7,observed_estimated_cost
1786,2025-12-21,Pattaya_Beach,Watermelon,7,98.91,2025-12-15,6,5,45.0,8.13,8.13,98.91,observed_estimated_cost
1787,2025-12-21,Pattaya_Central,Guava,8,120.96,2025-12-15,6,5.5,49.0,9.12,9.12,120.96,observed_estimated_cost
1788,2025-12-21,Pattaya_Central,PassionFruit,7,176.19,2025-12-15,6,6,65.0,19.17,19.17,176.19,observed_estimated_cost
1789,2025-12-21,Pattaya_Central,Pineapple,8,127.52,2025-12-15,6,5,49.0,9.94,9.94,127.52,observed_estimated_cost
1790,2025-12-21,Pattaya_Central,Watermelon,5,70.65,2025-12-15,6,5,45.0,8.13,8.13,70.65,observed_estimated_cost
1791,2025-12-22,BKK_Ladprao,Guava,5,75.55,2025-12-22,6,5.5,49.0,9.11,9.11,75.55,observed_estimated_cost
1792,2025-12-22,BKK_Ladprao,PassionFruit,4,95.68,2025-12-22,6,6,65.0,17.92,17.92,95.68,observed_estimated_cost
1793,2025-12-22,BKK_Ladprao,Pineapple,3,48.33,2025-12-22,6,5,49.0,10.11,10.11,48.33,observed_estimated_cost
1794,2025-12-22,BKK_Ladprao,Watermelon,4,56.44,2025-12-22,6,5,45.0,8.11,8.11,56.44,observed_estimated_cost
1795,2025-12-22,BKK_Sukhumvit,Guava,3,45.33,2025-12-22,6,5.5,49.0,9.11,9.11,45.33,observed_estimated_cost
1796,2025-12-22,BKK_Sukhumvit,PassionFruit,4,95.68,2025-12-22,6,6,65.0,17.92,17.92,95.68,observed_estimated_cost
1797,2025-12-22,BKK_Sukhumvit,Pineapple,4,64.44,2025-12-22,6,5,49.0,10.11,10.11,64.44,observed_estimated_cost
1798,2025-12-22,BKK_Sukhumvit,Watermelon,5,70.55,2025-12-22,6,5,45.0,8.11,8.11,70.55,observed_estimated_cost
1799,2025-12-22,Pattaya_Beach,Guava,4,60.44,2025-12-22,6,5.5,49.0,9.11,9.11,60.44,observed_estimated_cost
1800,2025-12-22,Pattaya_Beach,PassionFruit,5,119.6,2025-12-22,6,6,65.0,17.92,17.92,119.6,observed_estimated_cost
1801,2025-12-22,Pattaya_Beach,Pineapple,5,80.55,2025-12-22,6,5,49.0,10.11,10.11,80.55,observed_estimated_cost
1802,2025-12-22,Pattaya_Beach,Watermelon,6,84.66,2025-12-22,6,5,45.0,8.11,8.11,84.66,observed_estimated_cost
1803,2025-12-22,Pattaya_Central,Guava,5,75.55,2025-12-22,6,5.5,49.0,9.11,9.11,75.55,observed_estimated_cost
1804,2025-12-22,Pattaya_Central,PassionFruit,7,167.44,2025-12-22,6,6,65.0,17.92,17.92,167.44,observed_estimated_cost
1805,2025-12-22,Pattaya_Central,Pineapple,6,96.66,2025-12-22,6,5,49.0,10.11,10.11,96.66,observed_estimated_cost
1806,2025-12-22,Pattaya_Central,Watermelon,4,56.44,2025-12-22,6,5,45.0,8.11,8.11,56.44,observed_estimated_cost
1807,2025-12-23,BKK_Ladprao,Guava,4,60.44,2025-12-22,6,5.5,49.0,9.11,9.11,60.44,observed_estimated_cost
1808,2025-12-23,BKK_Ladprao,PassionFruit,3,71.76,2025-12-22,6,6,65.0,17.92,17.92,71.76,observed_estimated_cost
1809,2025-12-23,BKK_Ladprao,Pineapple,4,64.44,2025-12-22,6,5,49.0,10.11,10.11,64.44,observed_estimated_cost
1810,2025-12-23,BKK_Ladprao,Watermelon,4,56.44,2025-12-22,6,5,45.0,8.11,8.11,56.44,observed_estimated_cost
1811,2025-12-23,BKK_Sukhumvit,Guava,4,60.44,2025-12-22,6,5.5,49.0,9.11,9.11,60.44,observed_estimated_cost
1812,2025-12-23,BKK_Sukhumvit,PassionFruit,1,23.92,2025-12-22,6,6,65.0,17.92,17.92,23.92,observed_estimated_cost
1813,2025-12-23,BKK_Sukhumvit,Pineapple,6,96.66,2025-12-22,6,5,49.0,10.11,10.11,96.66,observed_estimated_cost
1814,2025-12-23,BKK_Sukhumvit,Watermelon,5,70.55,2025-12-22,6,5,45.0,8.11,8.11,70.55,observed_estimated_cost
1815,2025-12-23,Pattaya_Beach,Guava,4,60.44,2025-12-22,6,5.5,49.0,9.11,9.11,60.44,observed_estimated_cost
1816,2025-12-23,Pattaya_Beach,PassionFruit,4,95.68,2025-12-22,6,6,65.0,17.92,17.92,95.68,observed_estimated_cost
1817,2025-12-23,Pattaya_Beach,Pineapple,5,80.55,2025-12-22,6,5,49.0,10.11,10.11,80.55,observed_estimated_cost
1818,2025-12-23,Pattaya_Beach,Watermelon,0,0.0,2025-12-22,6,5,45.0,8.11,8.11,0.0,observed_estimated_cost
1819,2025-12-23,Pattaya_Central,Guava,8,120.88,2025-12-22,6,5.5,49.0,9.11,9.11,120.88,observed_estimated_cost
1820,2025-12-23,Pattaya_Central,PassionFruit,2,47.84,2025-12-22,6,6,65.0,17.92,17.92,47.84,observed_estimated_cost
1821,2025-12-23,Pattaya_Central,Pineapple,3,48.33,2025-12-22,6,5,49.0,10.11,10.11,48.33,observed_estimated_cost
1822,2025-12-23,Pattaya_Central,Watermelon,7,98.77,2025-12-22,6,5,45.0,8.11,8.11,98.77,observed_estimated_cost
1823,2025-12-24,BKK_Ladprao,Guava,7,105.77,2025-12-22,6,5.5,49.0,9.11,9.11,105.77,observed_estimated_cost
1824,2025-12-24,BKK_Ladprao,PassionFruit,4,95.68,2025-12-22,6,6,65.0,17.92,17.92,95.68,observed_estimated_cost
1825,2025-12-24,BKK_Ladprao,Pineapple,5,80.55,2025-12-22,6,5,49.0,10.11,10.11,80.55,observed_estimated_cost
1826,2025-12-24,BKK_Ladprao,Watermelon,4,56.44,2025-12-22,6,5,45.0,8.11,8.11,56.44,observed_estimated_cost
1827,2025-12-24,BKK_Sukhumvit,Guava,3,45.33,2025-12-22,6,5.5,49.0,9.11,9.11,45.33,observed_estimated_cost
1828,2025-12-24,BKK_Sukhumvit,PassionFruit,4,95.68,2025-12-22,6,6,65.0,17.92,17.92,95.68,observed_estimated_cost
1829,2025-12-24,BKK_Sukhumvit,Pineapple,4,64.44,2025-12-22,6,5,49.0,10.11,10.11,64.44,observed_estimated_cost
1830,2025-12-24,BKK_Sukhumvit,Watermelon,3,42.33,2025-12-22,6,5,45.0,8.11,8.11,42.33,observed_estimated_cost
1831,2025-12-24,Pattaya_Beach,Guava,3,45.33,2025-12-22,6,5.5,49.0,9.11,9.11,45.33,observed_estimated_cost
1832,2025-12-24,Pattaya_Beach,PassionFruit,5,119.6,2025-12-22,6,6,65.0,17.92,17.92,119.6,observed_estimated_cost
1833,2025-12-24,Pattaya_Beach,Pineapple,3,48.33,2025-12-22,6,5,49.0,10.11,10.11,48.33,observed_estimated_cost
1834,2025-12-24,Pattaya_Beach,Watermelon,6,84.66,2025-12-22,6,5,45.0,8.11,8.11,84.66,observed_estimated_cost
1835,2025-12-24,Pattaya_Central,Guava,5,75.55,2025-12-22,6,5.5,49.0,9.11,9.11,75.55,observed_estimated_cost
1836,2025-12-24,Pattaya_Central,PassionFruit,6,143.52,2025-12-22,6,6,65.0,17.92,17.92,143.52,observed_estimated_cost
1837,2025-12-24,Pattaya_Central,Pineapple,4,64.44,2025-12-22,6,5,49.0,10.11,10.11,64.44,observed_estimated_cost
1838,2025-12-24,Pattaya_Central,Watermelon,9,126.99,2025-12-22,6,5,45.0,8.11,8.11,126.99,observed_estimated_cost
1839,2025-12-25,BKK_Ladprao,Guava,1,15.11,2025-12-22,6,5.5,49.0,9.11,9.11,15.11,observed_estimated_cost
1840,2025-12-25,BKK_Ladprao,PassionFruit,2,47.84,2025-12-22,6,6,65.0,17.92,17.92,47.84,observed_estimated_cost
1841,2025-12-25,BKK_Ladprao,Pineapple,4,64.44,2025-12-22,6,5,49.0,10.11,10.11,64.44,observed_estimated_cost
1842,2025-12-25,BKK_Ladprao,Watermelon,7,98.77,2025-12-22,6,5,45.0,8.11,8.11,98.77,observed_estimated_cost
1843,2025-12-25,BKK_Sukhumvit,Guava,4,60.44,2025-12-22,6,5.5,49.0,9.11,9.11,60.44,observed_estimated_cost
1844,2025-12-25,BKK_Sukhumvit,PassionFruit,7,167.44,2025-12-22,6,6,65.0,17.92,17.92,167.44,observed_estimated_cost
1845,2025-12-25,BKK_Sukhumvit,Pineapple,6,96.66,2025-12-22,6,5,49.0,10.11,10.11,96.66,observed_estimated_cost
1846,2025-12-25,BKK_Sukhumvit,Watermelon,7,98.77,2025-12-22,6,5,45.0,8.11,8.11,98.77,observed_estimated_cost
1847,2025-12-25,Pattaya_Beach,Guava,6,90.66,2025-12-22,6,5.5,49.0,9.11,9.11,90.66,observed_estimated_cost
1848,2025-12-25,Pattaya_Beach,PassionFruit,4,95.68,2025-12-22,6,6,65.0,17.92,17.92,95.68,observed_estimated_cost
1849,2025-12-25,Pattaya_Beach,Pineapple,6,96.66,2025-12-22,6,5,49.0,10.11,10.11,96.66,observed_estimated_cost
1850,2025-12-25,Pattaya_Beach,Watermelon,5,70.55,2025-12-22,6,5,45.0,8.11,8.11,70.55,observed_estimated_cost
1851,2025-12-25,Pattaya_Central,Guava,5,75.55,2025-12-22,6,5.5,49.0,9.11,9.11,75.55,observed_estimated_cost
1852,2025-12-25,Pattaya_Central,PassionFruit,3,71.76,2025-12-22,6,6,65.0,17.92,17.92,71.76,observed_estimated_cost
1853,2025-12-25,Pattaya_Central,Pineapple,5,80.55,2025-12-22,6,5,49.0,10.11,10.11,80.55,observed_estimated_cost
1854,2025-12-25,Pattaya_Central,Watermelon,3,42.33,2025-12-22,6,5,45.0,8.11,8.11,42.33,observed_estimated_cost
1855,2025-12-26,BKK_Ladprao,Guava,3,45.33,2025-12-22,6,5.5,49.0,9.11,9.11,45.33,observed_estimated_cost
1856,2025-12-26,BKK_Ladprao,PassionFruit,5,119.6,2025-12-22,6,6,65.0,17.92,17.92,119.6,observed_estimated_cost
1857,2025-12-26,BKK_Ladprao,Pineapple,4,64.44,2025-12-22,6,5,49.0,10.11,10.11,64.44,observed_estimated_cost
1858,2025-12-26,BKK_Ladprao,Watermelon,5,70.55,2025-12-22,6,5,45.0,8.11,8.11,70.55,observed_estimated_cost
1859,2025-12-26,BKK_Sukhumvit,Guava,7,105.77,2025-12-22,6,5.5,49.0,9.11,9.11,105.77,observed_estimated_cost
1860,2025-12-26,BKK_Sukhumvit,PassionFruit,5,119.6,2025-12-22,6,6,65.0,17.92,17.92,119.6,observed_estimated_cost
1861,2025-12-26,BKK_Sukhumvit,Pineapple,7,112.77,2025-12-22,6,5,49.0,10.11,10.11,112.77,observed_estimated_cost
1862,2025-12-26,BKK_Sukhumvit,Watermelon,3,42.33,2025-12-22,6,5,45.0,8.11,8.11,42.33,observed_estimated_cost
1863,2025-12-26,Pattaya_Beach,Guava,2,30.22,2025-12-22,6,5.5,49.0,9.11,9.11,30.22,observed_estimated_cost
1864,2025-12-26,Pattaya_Beach,PassionFruit,3,71.76,2025-12-22,6,6,65.0,17.92,17.92,71.76,observed_estimated_cost
1865,2025-12-26,Pattaya_Beach,Pineapple,6,96.66,2025-12-22,6,5,49.0,10.11,10.11,96.66,observed_estimated_cost
1866,2025-12-26,Pattaya_Beach,Watermelon,6,84.66,2025-12-22,6,5,45.0,8.11,8.11,84.66,observed_estimated_cost
1867,2025-12-26,Pattaya_Central,Guava,5,75.55,2025-12-22,6,5.5,49.0,9.11,9.11,75.55,observed_estimated_cost
1868,2025-12-26,Pattaya_Central,PassionFruit,4,95.68,2025-12-22,6,6,65.0,17.92,17.92,95.68,observed_estimated_cost
1869,2025-12-26,Pattaya_Central,Pineapple,5,80.55,2025-12-22,6,5,49.0,10.11,10.11,80.55,observed_estimated_cost
1870,2025-12-26,Pattaya_Central,Watermelon,5,70.55,2025-12-22,6,5,45.0,8.11,8.11,70.55,observed_estimated_cost
1871,2025-12-27,BKK_Ladprao,Guava,3,45.33,2025-12-22,6,5.5,49.0,9.11,9.11,45.33,observed_estimated_cost
1872,2025-12-27,BKK_Ladprao,PassionFruit,8,191.36,2025-12-22,6,6,65.0,17.92,17.92,191.36,observed_estimated_cost
1873,2025-12-27,BKK_Ladprao,Pineapple,3,48.33,2025-12-22,6,5,49.0,10.11,10.11,48.33,observed_estimated_cost
1874,2025-12-27,BKK_Ladprao,Watermelon,4,56.44,2025-12-22,6,5,45.0,8.11,8.11,56.44,observed_estimated_cost
1875,2025-12-27,BKK_Sukhumvit,Guava,3,45.33,2025-12-22,6,5.5,49.0,9.11,9.11,45.33,observed_estimated_cost
1876,2025-12-27,BKK_Sukhumvit,PassionFruit,4,95.68,2025-12-22,6,6,65.0,17.92,17.92,95.68,observed_estimated_cost
1877,2025-12-27,BKK_Sukhumvit,Pineapple,4,64.44,2025-12-22,6,5,49.0,10.11,10.11,64.44,observed_estimated_cost
1878,2025-12-27,BKK_Sukhumvit,Watermelon,8,112.88,2025-12-22,6,5,45.0,8.11,8.11,112.88,observed_estimated_cost
1879,2025-12-27,Pattaya_Beach,Guava,4,60.44,2025-12-22,6,5.5,49.0,9.11,9.11,60.44,observed_estimated_cost
1880,2025-12-27,Pattaya_Beach,PassionFruit,3,71.76,2025-12-22,6,6,65.0,17.92,17.92,71.76,observed_estimated_cost
1881,2025-12-27,Pattaya_Beach,Pineapple,8,128.88,2025-12-22,6,5,49.0,10.11,10.11,128.88,observed_estimated_cost
1882,2025-12-27,Pattaya_Beach,Watermelon,10,141.1,2025-12-22,6,5,45.0,8.11,8.11,141.1,observed_estimated_cost
1883,2025-12-27,Pattaya_Central,Guava,4,60.44,2025-12-22,6,5.5,49.0,9.11,9.11,60.44,observed_estimated_cost
1884,2025-12-27,Pattaya_Central,PassionFruit,9,215.28,2025-12-22,6,6,65.0,17.92,17.92,215.28,observed_estimated_cost
1885,2025-12-27,Pattaya_Central,Pineapple,9,144.99,2025-12-22,6,5,49.0,10.11,10.11,144.99,observed_estimated_cost
1886,2025-12-27,Pattaya_Central,Watermelon,5,70.55,2025-12-22,6,5,45.0,8.11,8.11,70.55,observed_estimated_cost
1887,2025-12-28,BKK_Ladprao,Guava,4,60.44,2025-12-22,6,5.5,49.0,9.11,9.11,60.44,observed_estimated_cost
1888,2025-12-28,BKK_Ladprao,PassionFruit,3,71.76,2025-12-22,6,6,65.0,17.92,17.92,71.76,observed_estimated_cost
1889,2025-12-28,BKK_Ladprao,Pineapple,5,80.55,2025-12-22,6,5,49.0,10.11,10.11,80.55,observed_estimated_cost
1890,2025-12-28,BKK_Ladprao,Watermelon,2,28.22,2025-12-22,6,5,45.0,8.11,8.11,28.22,observed_estimated_cost
1891,2025-12-28,BKK_Sukhumvit,Guava,3,45.33,2025-12-22,6,5.5,49.0,9.11,9.11,45.33,observed_estimated_cost
1892,2025-12-28,BKK_Sukhumvit,PassionFruit,4,95.68,2025-12-22,6,6,65.0,17.92,17.92,95.68,observed_estimated_cost
1893,2025-12-28,BKK_Sukhumvit,Pineapple,4,64.44,2025-12-22,6,5,49.0,10.11,10.11,64.44,observed_estimated_cost
1894,2025-12-28,BKK_Sukhumvit,Watermelon,4,56.44,2025-12-22,6,5,45.0,8.11,8.11,56.44,observed_estimated_cost
1895,2025-12-28,Pattaya_Beach,Guava,5,75.55,2025-12-22,6,5.5,49.0,9.11,9.11,75.55,observed_estimated_cost
1896,2025-12-28,Pattaya_Beach,PassionFruit,6,143.52,2025-12-22,6,6,65.0,17.92,17.92,143.52,observed_estimated_cost
1897,2025-12-28,Pattaya_Beach,Pineapple,4,64.44,2025-12-22,6,5,49.0,10.11,10.11,64.44,observed_estimated_cost
1898,2025-12-28,Pattaya_Beach,Watermelon,9,126.99,2025-12-22,6,5,45.0,8.11,8.11,126.99,observed_estimated_cost
1899,2025-12-28,Pattaya_Central,Guava,3,45.33,2025-12-22,6,5.5,49.0,9.11,9.11,45.33,observed_estimated_cost
1900,2025-12-28,Pattaya_Central,PassionFruit,9,215.28,2025-12-22,6,6,65.0,17.92,17.92,215.28,observed_estimated_cost
1901,2025-12-28,Pattaya_Central,Pineapple,13,209.43,2025-12-22,6,5,49.0,10.11,10.11,209.43,observed_estimated_cost
1902,2025-12-28,Pattaya_Central,Watermelon,11,155.21,2025-12-22,6,5,45.0,8.11,8.11,155.21,observed_estimated_cost
1903,2025-12-29,BKK_Ladprao,Guava,2,28.98,2025-12-29,6,5.5,49.0,8.49,8.49,28.98,observed_estimated_cost
1904,2025-12-29,BKK_Ladprao,PassionFruit,5,121.0,2025-12-29,6,6,65.0,18.2,18.2,121.0,observed_estimated_cost
1905,2025-12-29,BKK_Ladprao,Pineapple,5,79.35,2025-12-29,6,5,49.0,9.87,9.87,79.35,observed_estimated_cost
1906,2025-12-29,BKK_Ladprao,Watermelon,4,54.48,2025-12-29,6,5,45.0,7.62,7.62,54.48,observed_estimated_cost
1907,2025-12-29,BKK_Sukhumvit,Guava,4,57.96,2025-12-29,6,5.5,49.0,8.49,8.49,57.96,observed_estimated_cost
1908,2025-12-29,BKK_Sukhumvit,PassionFruit,3,72.6,2025-12-29,6,6,65.0,18.2,18.2,72.6,observed_estimated_cost
1909,2025-12-29,BKK_Sukhumvit,Pineapple,4,63.48,2025-12-29,6,5,49.0,9.87,9.87,63.48,observed_estimated_cost
1910,2025-12-29,BKK_Sukhumvit,Watermelon,4,54.48,2025-12-29,6,5,45.0,7.62,7.62,54.48,observed_estimated_cost
1911,2025-12-29,Pattaya_Beach,Guava,3,43.47,2025-12-29,6,5.5,49.0,8.49,8.49,43.47,observed_estimated_cost
1912,2025-12-29,Pattaya_Beach,PassionFruit,3,72.6,2025-12-29,6,6,65.0,18.2,18.2,72.6,observed_estimated_cost
1913,2025-12-29,Pattaya_Beach,Pineapple,4,63.48,2025-12-29,6,5,49.0,9.87,9.87,63.48,observed_estimated_cost
1914,2025-12-29,Pattaya_Beach,Watermelon,6,81.72,2025-12-29,6,5,45.0,7.62,7.62,81.72,observed_estimated_cost
1915,2025-12-29,Pattaya_Central,Guava,6,86.94,2025-12-29,6,5.5,49.0,8.49,8.49,86.94,observed_estimated_cost
1916,2025-12-29,Pattaya_Central,PassionFruit,7,169.4,2025-12-29,6,6,65.0,18.2,18.2,169.4,observed_estimated_cost
1917,2025-12-29,Pattaya_Central,Pineapple,7,111.09,2025-12-29,6,5,49.0,9.87,9.87,111.09,observed_estimated_cost
1918,2025-12-29,Pattaya_Central,Watermelon,5,68.1,2025-12-29,6,5,45.0,7.62,7.62,68.1,observed_estimated_cost
1919,2025-12-30,BKK_Ladprao,Guava,4,57.96,2025-12-29,6,5.5,49.0,8.49,8.49,57.96,observed_estimated_cost
1920,2025-12-30,BKK_Ladprao,PassionFruit,3,72.6,2025-12-29,6,6,65.0,18.2,18.2,72.6,observed_estimated_cost
1921,2025-12-30,BKK_Ladprao,Pineapple,3,47.61,2025-12-29,6,5,49.0,9.87,9.87,47.61,observed_estimated_cost
1922,2025-12-30,BKK_Ladprao,Watermelon,2,27.24,2025-12-29,6,5,45.0,7.62,7.62,27.24,observed_estimated_cost
1923,2025-12-30,BKK_Sukhumvit,Guava,3,43.47,2025-12-29,6,5.5,49.0,8.49,8.49,43.47,observed_estimated_cost
1924,2025-12-30,BKK_Sukhumvit,PassionFruit,2,48.4,2025-12-29,6,6,65.0,18.2,18.2,48.4,observed_estimated_cost
1925,2025-12-30,BKK_Sukhumvit,Pineapple,4,63.48,2025-12-29,6,5,49.0,9.87,9.87,63.48,observed_estimated_cost
1926,2025-12-30,BKK_Sukhumvit,Watermelon,5,68.1,2025-12-29,6,5,45.0,7.62,7.62,68.1,observed_estimated_cost
1927,2025-12-30,Pattaya_Beach,Guava,1,14.49,2025-12-29,6,5.5,49.0,8.49,8.49,14.49,observed_estimated_cost
1928,2025-12-30,Pattaya_Beach,PassionFruit,4,96.8,2025-12-29,6,6,65.0,18.2,18.2,96.8,observed_estimated_cost
1929,2025-12-30,Pattaya_Beach,Pineapple,1,15.87,2025-12-29,6,5,49.0,9.87,9.87,15.87,observed_estimated_cost
1930,2025-12-30,Pattaya_Beach,Watermelon,2,27.24,2025-12-29,6,5,45.0,7.62,7.62,27.24,observed_estimated_cost
1931,2025-12-30,Pattaya_Central,Guava,3,43.47,2025-12-29,6,5.5,49.0,8.49,8.49,43.47,observed_estimated_cost
1932,2025-12-30,Pattaya_Central,PassionFruit,5,121.0,2025-12-29,6,6,65.0,18.2,18.2,121.0,observed_estimated_cost
1933,2025-12-30,Pattaya_Central,Pineapple,6,95.22,2025-12-29,6,5,49.0,9.87,9.87,95.22,observed_estimated_cost
1934,2025-12-30,Pattaya_Central,Watermelon,6,81.72,2025-12-29,6,5,45.0,7.62,7.62,81.72,observed_estimated_cost
1935,2025-12-31,BKK_Ladprao,Guava,4,57.96,2025-12-29,6,5.5,49.0,8.49,8.49,57.96,observed_estimated_cost
1936,2025-12-31,BKK_Ladprao,PassionFruit,6,145.2,2025-12-29,6,6,65.0,18.2,18.2,145.2,observed_estimated_cost
1937,2025-12-31,BKK_Ladprao,Pineapple,3,47.61,2025-12-29,6,5,49.0,9.87,9.87,47.61,observed_estimated_cost
1938,2025-12-31,BKK_Ladprao,Watermelon,5,68.1,2025-12-29,6,5,45.0,7.62,7.62,68.1,observed_estimated_cost
1939,2025-12-31,BKK_Sukhumvit,Guava,2,28.98,2025-12-29,6,5.5,49.0,8.49,8.49,28.98,observed_estimated_cost
1940,2025-12-31,BKK_Sukhumvit,PassionFruit,3,72.6,2025-12-29,6,6,65.0,18.2,18.2,72.6,observed_estimated_cost
1941,2025-12-31,BKK_Sukhumvit,Pineapple,4,63.48,2025-12-29,6,5,49.0,9.87,9.87,63.48,observed_estimated_cost
1942,2025-12-31,BKK_Sukhumvit,Watermelon,6,81.72,2025-12-29,6,5,45.0,7.62,7.62,81.72,observed_estimated_cost
1943,2025-12-31,Pattaya_Beach,Guava,4,57.96,2025-12-29,6,5.5,49.0,8.49,8.49,57.96,observed_estimated_cost
1944,2025-12-31,Pattaya_Beach,PassionFruit,5,121.0,2025-12-29,6,6,65.0,18.2,18.2,121.0,observed_estimated_cost
1945,2025-12-31,Pattaya_Beach,Pineapple,5,79.35,2025-12-29,6,5,49.0,9.87,9.87,79.35,observed_estimated_cost
1946,2025-12-31,Pattaya_Beach,Watermelon,6,81.72,2025-12-29,6,5,45.0,7.62,7.62,81.72,observed_estimated_cost
1947,2025-12-31,Pattaya_Central,Guava,2,28.98,2025-12-29,6,5.5,49.0,8.49,8.49,28.98,observed_estimated_cost
1948,2025-12-31,Pattaya_Central,PassionFruit,3,72.6,2025-12-29,6,6,65.0,18.2,18.2,72.6,observed_estimated_cost
1949,2025-12-31,Pattaya_Central,Pineapple,7,111.09,2025-12-29,6,5,49.0,9.87,9.87,111.09,observed_estimated_cost
1950,2025-12-31,Pattaya_Central,Watermelon,5,68.1,2025-12-29,6,5,45.0,7.62,7.62,68.1,observed_estimated_cost
1951,2026-01-01,BKK_Ladprao,Guava,4,57.96,2025-12-29,6,5.5,49.0,8.49,8.49,57.96,observed_estimated_cost
1952,2026-01-01,BKK_Ladprao,PassionFruit,11,266.2,2025-12-29,6,6,65.0,18.2,18.2,266.2,observed_estimated_cost
1953,2026-01-01,BKK_Ladprao,Pineapple,7,111.09,2025-12-29,6,5,49.0,9.87,9.87,111.09,observed_estimated_cost
1954,2026-01-01,BKK_Ladprao,Watermelon,4,54.48,2025-12-29,6,5,45.0,7.62,7.62,54.48,observed_estimated_cost
1955,2026-01-01,BKK_Sukhumvit,Guava,9,130.41,2025-12-29,6,5.5,49.0,8.49,8.49,130.41,observed_estimated_cost
1956,2026-01-01,BKK_Sukhumvit,PassionFruit,9,217.8,2025-12-29,6,6,65.0,18.2,18.2,217.8,observed_estimated_cost
1957,2026-01-01,BKK_Sukhumvit,Pineapple,3,47.61,2025-12-29,6,5,49.0,9.87,9.87,47.61,observed_estimated_cost
1958,2026-01-01,BKK_Sukhumvit,Watermelon,13,177.06,2025-12-29,6,5,45.0,7.62,7.62,177.06,observed_estimated_cost
1959,2026-01-01,Pattaya_Beach,Guava,8,115.92,2025-12-29,6,5.5,49.0,8.49,8.49,115.92,observed_estimated_cost
1960,2026-01-01,Pattaya_Beach,PassionFruit,10,242.0,2025-12-29,6,6,65.0,18.2,18.2,242.0,observed_estimated_cost
1961,2026-01-01,Pattaya_Beach,Pineapple,6,95.22,2025-12-29,6,5,49.0,9.87,9.87,95.22,observed_estimated_cost
1962,2026-01-01,Pattaya_Beach,Watermelon,11,149.82,2025-12-29,6,5,45.0,7.62,7.62,149.82,observed_estimated_cost
1963,2026-01-01,Pattaya_Central,Guava,9,130.41,2025-12-29,6,5.5,49.0,8.49,8.49,130.41,observed_estimated_cost
1964,2026-01-01,Pattaya_Central,PassionFruit,14,338.8,2025-12-29,6,6,65.0,18.2,18.2,338.8,observed_estimated_cost
1965,2026-01-01,Pattaya_Central,Pineapple,12,190.44,2025-12-29,6,5,49.0,9.87,9.87,190.44,observed_estimated_cost
1966,2026-01-01,Pattaya_Central,Watermelon,21,286.02,2025-12-29,6,5,45.0,7.62,7.62,286.02,observed_estimated_cost
1967,2026-01-02,BKK_Ladprao,Guava,4,57.96,2025-12-29,6,5.5,49.0,8.49,8.49,57.96,observed_estimated_cost
1968,2026-01-02,BKK_Ladprao,PassionFruit,5,121.0,2025-12-29,6,6,65.0,18.2,18.2,121.0,observed_estimated_cost
1969,2026-01-02,BKK_Ladprao,Pineapple,4,63.48,2025-12-29,6,5,49.0,9.87,9.87,63.48,observed_estimated_cost
1970,2026-01-02,BKK_Ladprao,Watermelon,5,68.1,2025-12-29,6,5,45.0,7.62,7.62,68.1,observed_estimated_cost
1971,2026-01-02,BKK_Sukhumvit,Guava,3,43.47,2025-12-29,6,5.5,49.0,8.49,8.49,43.47,observed_estimated_cost
1972,2026-01-02,BKK_Sukhumvit,PassionFruit,5,121.0,2025-12-29,6,6,65.0,18.2,18.2,121.0,observed_estimated_cost
1973,2026-01-02,BKK_Sukhumvit,Pineapple,2,31.74,2025-12-29,6,5,49.0,9.87,9.87,31.74,observed_estimated_cost
1974,2026-01-02,BKK_Sukhumvit,Watermelon,5,68.1,2025-12-29,6,5,45.0,7.62,7.62,68.1,observed_estimated_cost
1975,2026-01-02,Pattaya_Beach,Guava,6,86.94,2025-12-29,6,5.5,49.0,8.49,8.49,86.94,observed_estimated_cost
1976,2026-01-02,Pattaya_Beach,PassionFruit,7,169.4,2025-12-29,6,6,65.0,18.2,18.2,169.4,observed_estimated_cost
1977,2026-01-02,Pattaya_Beach,Pineapple,7,111.09,2025-12-29,6,5,49.0,9.87,9.87,111.09,observed_estimated_cost
1978,2026-01-02,Pattaya_Beach,Watermelon,4,54.48,2025-12-29,6,5,45.0,7.62,7.62,54.48,observed_estimated_cost
1979,2026-01-02,Pattaya_Central,Guava,5,72.45,2025-12-29,6,5.5,49.0,8.49,8.49,72.45,observed_estimated_cost
1980,2026-01-02,Pattaya_Central,PassionFruit,5,121.0,2025-12-29,6,6,65.0,18.2,18.2,121.0,observed_estimated_cost
1981,2026-01-02,Pattaya_Central,Pineapple,9,142.83,2025-12-29,6,5,49.0,9.87,9.87,142.83,observed_estimated_cost
1982,2026-01-02,Pattaya_Central,Watermelon,7,95.34,2025-12-29,6,5,45.0,7.62,7.62,95.34,observed_estimated_cost
1983,2026-01-03,BKK_Ladprao,Guava,6,86.94,2025-12-29,6,5.5,49.0,8.49,8.49,86.94,observed_estimated_cost
1984,2026-01-03,BKK_Ladprao,PassionFruit,7,169.4,2025-12-29,6,6,65.0,18.2,18.2,169.4,observed_estimated_cost
1985,2026-01-03,BKK_Ladprao,Pineapple,4,63.48,2025-12-29,6,5,49.0,9.87,9.87,63.48,observed_estimated_cost
1986,2026-01-03,BKK_Ladprao,Watermelon,4,54.48,2025-12-29,6,5,45.0,7.62,7.62,54.48,observed_estimated_cost
1987,2026-01-03,BKK_Sukhumvit,Guava,2,28.98,2025-12-29,6,5.5,49.0,8.49,8.49,28.98,observed_estimated_cost
1988,2026-01-03,BKK_Sukhumvit,PassionFruit,4,96.8,2025-12-29,6,6,65.0,18.2,18.2,96.8,observed_estimated_cost
1989,2026-01-03,BKK_Sukhumvit,Pineapple,2,31.74,2025-12-29,6,5,49.0,9.87,9.87,31.74,observed_estimated_cost
1990,2026-01-03,BKK_Sukhumvit,Watermelon,5,68.1,2025-12-29,6,5,45.0,7.62,7.62,68.1,observed_estimated_cost
1991,2026-01-03,Pattaya_Beach,Guava,4,57.96,2025-12-29,6,5.5,49.0,8.49,8.49,57.96,observed_estimated_cost
1992,2026-01-03,Pattaya_Beach,PassionFruit,5,121.0,2025-12-29,6,6,65.0,18.2,18.2,121.0,observed_estimated_cost
1993,2026-01-03,Pattaya_Beach,Pineapple,9,142.83,2025-12-29,6,5,49.0,9.87,9.87,142.83,observed_estimated_cost
1994,2026-01-03,Pattaya_Beach,Watermelon,7,95.34,2025-12-29,6,5,45.0,7.62,7.62,95.34,observed_estimated_cost
1995,2026-01-03,Pattaya_Central,Guava,2,28.98,2025-12-29,6,5.5,49.0,8.49,8.49,28.98,observed_estimated_cost
1996,2026-01-03,Pattaya_Central,PassionFruit,14,338.8,2025-12-29,6,6,65.0,18.2,18.2,338.8,observed_estimated_cost
1997,2026-01-03,Pattaya_Central,Pineapple,6,95.22,2025-12-29,6,5,49.0,9.87,9.87,95.22,observed_estimated_cost
1998,2026-01-03,Pattaya_Central,Watermelon,7,95.34,2025-12-29,6,5,45.0,7.62,7.62,95.34,observed_estimated_cost
1999,2026-01-04,BKK_Ladprao,Guava,4,57.96,2025-12-29,6,5.5,49.0,8.49,8.49,57.96,observed_estimated_cost
2000,2026-01-04,BKK_Ladprao,PassionFruit,6,145.2,2025-12-29,6,6,65.0,18.2,18.2,145.2,observed_estimated_cost
2001,2026-01-04,BKK_Ladprao,Pineapple,5,79.35,2025-12-29,6,5,49.0,9.87,9.87,79.35,observed_estimated_cost
2002,2026-01-04,BKK_Ladprao,Watermelon,3,40.86,2025-12-29,6,5,45.0,7.62,7.62,40.86,observed_estimated_cost
2003,2026-01-04,BKK_Sukhumvit,Guava,3,43.47,2025-12-29,6,5.5,49.0,8.49,8.49,43.47,observed_estimated_cost
2004,2026-01-04,BKK_Sukhumvit,PassionFruit,5,121.0,2025-12-29,6,6,65.0,18.2,18.2,121.0,observed_estimated_cost
2005,2026-01-04,BKK_Sukhumvit,Pineapple,5,79.35,2025-12-29,6,5,49.0,9.87,9.87,79.35,observed_estimated_cost
2006,2026-01-04,BKK_Sukhumvit,Watermelon,5,68.1,2025-12-29,6,5,45.0,7.62,7.62,68.1,observed_estimated_cost
2007,2026-01-04,Pattaya_Beach,Guava,4,57.96,2025-12-29,6,5.5,49.0,8.49,8.49,57.96,observed_estimated_cost
2008,2026-01-04,Pattaya_Beach,PassionFruit,4,96.8,2025-12-29,6,6,65.0,18.2,18.2,96.8,observed_estimated_cost
2009,2026-01-04,Pattaya_Beach,Pineapple,5,79.35,2025-12-29,6,5,49.0,9.87,9.87,79.35,observed_estimated_cost
2010,2026-01-04,Pattaya_Beach,Watermelon,5,68.1,2025-12-29,6,5,45.0,7.62,7.62,68.1,observed_estimated_cost
2011,2026-01-04,Pattaya_Central,Guava,5,72.45,2025-12-29,6,5.5,49.0,8.49,8.49,72.45,observed_estimated_cost
2012,2026-01-04,Pattaya_Central,PassionFruit,11,266.2,2025-12-29,6,6,65.0,18.2,18.2,266.2,observed_estimated_cost
2013,2026-01-04,Pattaya_Central,Pineapple,5,79.35,2025-12-29,6,5,49.0,9.87,9.87,79.35,observed_estimated_cost
2014,2026-01-04,Pattaya_Central,Watermelon,5,68.1,2025-12-29,6,5,45.0,7.62,7.62,68.1,observed_estimated_cost
2015,2026-01-05,BKK_Ladprao,Guava,2,28.4,2026-01-05,6,5.5,49.0,8.2,8.2,28.4,observed_estimated_cost
2016,2026-01-05,BKK_Ladprao,PassionFruit,3,71.58,2026-01-05,6,6,65.0,17.86,17.86,71.58,observed_estimated_cost
2017,2026-01-05,BKK_Ladprao,Pineapple,4,61.88,2026-01-05,6,5,49.0,9.47,9.47,61.88,observed_estimated_cost
2018,2026-01-05,BKK_Ladprao,Watermelon,4,57.12,2026-01-05,6,5,45.0,8.28,8.28,57.12,observed_estimated_cost
2019,2026-01-05,BKK_Sukhumvit,Guava,3,42.6,2026-01-05,6,5.5,49.0,8.2,8.2,42.6,observed_estimated_cost
2020,2026-01-05,BKK_Sukhumvit,PassionFruit,6,143.16,2026-01-05,6,6,65.0,17.86,17.86,143.16,observed_estimated_cost
2021,2026-01-05,BKK_Sukhumvit,Pineapple,4,61.88,2026-01-05,6,5,49.0,9.47,9.47,61.88,observed_estimated_cost
2022,2026-01-05,BKK_Sukhumvit,Watermelon,5,71.4,2026-01-05,6,5,45.0,8.28,8.28,71.4,observed_estimated_cost
2023,2026-01-05,Pattaya_Beach,Guava,3,42.6,2026-01-05,6,5.5,49.0,8.2,8.2,42.6,observed_estimated_cost
2024,2026-01-05,Pattaya_Beach,PassionFruit,8,190.88,2026-01-05,6,6,65.0,17.86,17.86,190.88,observed_estimated_cost
2025,2026-01-05,Pattaya_Beach,Pineapple,7,108.29,2026-01-05,6,5,49.0,9.47,9.47,108.29,observed_estimated_cost
2026,2026-01-05,Pattaya_Beach,Watermelon,6,85.68,2026-01-05,6,5,45.0,8.28,8.28,85.68,observed_estimated_cost
2027,2026-01-05,Pattaya_Central,Guava,4,56.8,2026-01-05,6,5.5,49.0,8.2,8.2,56.8,observed_estimated_cost
2028,2026-01-05,Pattaya_Central,PassionFruit,5,119.3,2026-01-05,6,6,65.0,17.86,17.86,119.3,observed_estimated_cost
2029,2026-01-05,Pattaya_Central,Pineapple,5,77.35,2026-01-05,6,5,49.0,9.47,9.47,77.35,observed_estimated_cost
2030,2026-01-05,Pattaya_Central,Watermelon,3,42.84,2026-01-05,6,5,45.0,8.28,8.28,42.84,observed_estimated_cost
2031,2026-01-06,BKK_Ladprao,Guava,1,14.2,2026-01-05,6,5.5,49.0,8.2,8.2,14.2,observed_estimated_cost
2032,2026-01-06,BKK_Ladprao,PassionFruit,5,119.3,2026-01-05,6,6,65.0,17.86,17.86,119.3,observed_estimated_cost
2033,2026-01-06,BKK_Ladprao,Pineapple,6,92.82,2026-01-05,6,5,49.0,9.47,9.47,92.82,observed_estimated_cost
2034,2026-01-06,BKK_Ladprao,Watermelon,6,85.68,2026-01-05,6,5,45.0,8.28,8.28,85.68,observed_estimated_cost
2035,2026-01-06,BKK_Sukhumvit,Guava,3,42.6,2026-01-05,6,5.5,49.0,8.2,8.2,42.6,observed_estimated_cost
2036,2026-01-06,BKK_Sukhumvit,PassionFruit,2,47.72,2026-01-05,6,6,65.0,17.86,17.86,47.72,observed_estimated_cost
2037,2026-01-06,BKK_Sukhumvit,Pineapple,4,61.88,2026-01-05,6,5,49.0,9.47,9.47,61.88,observed_estimated_cost
2038,2026-01-06,BKK_Sukhumvit,Watermelon,7,99.96,2026-01-05,6,5,45.0,8.28,8.28,99.96,observed_estimated_cost
2039,2026-01-06,Pattaya_Beach,Guava,4,56.8,2026-01-05,6,5.5,49.0,8.2,8.2,56.8,observed_estimated_cost
2040,2026-01-06,Pattaya_Beach,PassionFruit,4,95.44,2026-01-05,6,6,65.0,17.86,17.86,95.44,observed_estimated_cost
2041,2026-01-06,Pattaya_Beach,Pineapple,6,92.82,2026-01-05,6,5,49.0,9.47,9.47,92.82,observed_estimated_cost
2042,2026-01-06,Pattaya_Beach,Watermelon,4,57.12,2026-01-05,6,5,45.0,8.28,8.28,57.12,observed_estimated_cost
2043,2026-01-06,Pattaya_Central,Guava,6,85.2,2026-01-05,6,5.5,49.0,8.2,8.2,85.2,observed_estimated_cost
2044,2026-01-06,Pattaya_Central,PassionFruit,4,95.44,2026-01-05,6,6,65.0,17.86,17.86,95.44,observed_estimated_cost
2045,2026-01-06,Pattaya_Central,Pineapple,7,108.29,2026-01-05,6,5,49.0,9.47,9.47,108.29,observed_estimated_cost
2046,2026-01-06,Pattaya_Central,Watermelon,3,42.84,2026-01-05,6,5,45.0,8.28,8.28,42.84,observed_estimated_cost
2047,2026-01-07,BKK_Ladprao,Guava,5,71.0,2026-01-05,6,5.5,49.0,8.2,8.2,71.0,observed_estimated_cost
2048,2026-01-07,BKK_Ladprao,PassionFruit,3,71.58,2026-01-05,6,6,65.0,17.86,17.86,71.58,observed_estimated_cost
2049,2026-01-07,BKK_Ladprao,Pineapple,3,46.41,2026-01-05,6,5,49.0,9.47,9.47,46.41,observed_estimated_cost
2050,2026-01-07,BKK_Ladprao,Watermelon,6,85.68,2026-01-05,6,5,45.0,8.28,8.28,85.68,observed_estimated_cost
2051,2026-01-07,BKK_Sukhumvit,Guava,1,14.2,2026-01-05,6,5.5,49.0,8.2,8.2,14.2,observed_estimated_cost
2052,2026-01-07,BKK_Sukhumvit,PassionFruit,4,95.44,2026-01-05,6,6,65.0,17.86,17.86,95.44,observed_estimated_cost
2053,2026-01-07,BKK_Sukhumvit,Pineapple,4,61.88,2026-01-05,6,5,49.0,9.47,9.47,61.88,observed_estimated_cost
2054,2026-01-07,BKK_Sukhumvit,Watermelon,1,14.28,2026-01-05,6,5,45.0,8.28,8.28,14.28,observed_estimated_cost
2055,2026-01-07,Pattaya_Beach,Guava,6,85.2,2026-01-05,6,5.5,49.0,8.2,8.2,85.2,observed_estimated_cost
2056,2026-01-07,Pattaya_Beach,PassionFruit,6,143.16,2026-01-05,6,6,65.0,17.86,17.86,143.16,observed_estimated_cost
2057,2026-01-07,Pattaya_Beach,Pineapple,4,61.88,2026-01-05,6,5,49.0,9.47,9.47,61.88,observed_estimated_cost
2058,2026-01-07,Pattaya_Beach,Watermelon,7,99.96,2026-01-05,6,5,45.0,8.28,8.28,99.96,observed_estimated_cost
2059,2026-01-07,Pattaya_Central,Guava,3,42.6,2026-01-05,6,5.5,49.0,8.2,8.2,42.6,observed_estimated_cost
2060,2026-01-07,Pattaya_Central,PassionFruit,8,190.88,2026-01-05,6,6,65.0,17.86,17.86,190.88,observed_estimated_cost
2061,2026-01-07,Pattaya_Central,Pineapple,5,77.35,2026-01-05,6,5,49.0,9.47,9.47,77.35,observed_estimated_cost
2062,2026-01-07,Pattaya_Central,Watermelon,2,28.56,2026-01-05,6,5,45.0,8.28,8.28,28.56,observed_estimated_cost
2063,2026-01-08,BKK_Ladprao,Guava,5,71.0,2026-01-05,6,5.5,49.0,8.2,8.2,71.0,observed_estimated_cost
2064,2026-01-08,BKK_Ladprao,PassionFruit,5,119.3,2026-01-05,6,6,65.0,17.86,17.86,119.3,observed_estimated_cost
2065,2026-01-08,BKK_Ladprao,Pineapple,6,92.82,2026-01-05,6,5,49.0,9.47,9.47,92.82,observed_estimated_cost
2066,2026-01-08,BKK_Ladprao,Watermelon,4,57.12,2026-01-05,6,5,45.0,8.28,8.28,57.12,observed_estimated_cost
2067,2026-01-08,BKK_Sukhumvit,Guava,3,42.6,2026-01-05,6,5.5,49.0,8.2,8.2,42.6,observed_estimated_cost
2068,2026-01-08,BKK_Sukhumvit,PassionFruit,4,95.44,2026-01-05,6,6,65.0,17.86,17.86,95.44,observed_estimated_cost
2069,2026-01-08,BKK_Sukhumvit,Pineapple,4,61.88,2026-01-05,6,5,49.0,9.47,9.47,61.88,observed_estimated_cost
2070,2026-01-08,BKK_Sukhumvit,Watermelon,5,71.4,2026-01-05,6,5,45.0,8.28,8.28,71.4,observed_estimated_cost
2071,2026-01-08,Pattaya_Beach,Guava,4,56.8,2026-01-05,6,5.5,49.0,8.2,8.2,56.8,observed_estimated_cost
2072,2026-01-08,Pattaya_Beach,PassionFruit,8,190.88,2026-01-05,6,6,65.0,17.86,17.86,190.88,observed_estimated_cost
2073,2026-01-08,Pattaya_Beach,Pineapple,5,77.35,2026-01-05,6,5,49.0,9.47,9.47,77.35,observed_estimated_cost
2074,2026-01-08,Pattaya_Beach,Watermelon,5,71.4,2026-01-05,6,5,45.0,8.28,8.28,71.4,observed_estimated_cost
2075,2026-01-08,Pattaya_Central,Guava,5,71.0,2026-01-05,6,5.5,49.0,8.2,8.2,71.0,observed_estimated_cost
2076,2026-01-08,Pattaya_Central,PassionFruit,7,167.02,2026-01-05,6,6,65.0,17.86,17.86,167.02,observed_estimated_cost
2077,2026-01-08,Pattaya_Central,Pineapple,5,77.35,2026-01-05,6,5,49.0,9.47,9.47,77.35,observed_estimated_cost
2078,2026-01-08,Pattaya_Central,Watermelon,8,114.24,2026-01-05,6,5,45.0,8.28,8.28,114.24,observed_estimated_cost
2079,2026-01-09,BKK_Ladprao,Guava,3,42.6,2026-01-05,6,5.5,49.0,8.2,8.2,42.6,observed_estimated_cost
2080,2026-01-09,BKK_Ladprao,PassionFruit,3,71.58,2026-01-05,6,6,65.0,17.86,17.86,71.58,observed_estimated_cost
2081,2026-01-09,BKK_Ladprao,Pineapple,6,92.82,2026-01-05,6,5,49.0,9.47,9.47,92.82,observed_estimated_cost
2082,2026-01-09,BKK_Ladprao,Watermelon,5,71.4,2026-01-05,6,5,45.0,8.28,8.28,71.4,observed_estimated_cost
2083,2026-01-09,BKK_Sukhumvit,Guava,2,28.4,2026-01-05,6,5.5,49.0,8.2,8.2,28.4,observed_estimated_cost
2084,2026-01-09,BKK_Sukhumvit,PassionFruit,4,95.44,2026-01-05,6,6,65.0,17.86,17.86,95.44,observed_estimated_cost
2085,2026-01-09,BKK_Sukhumvit,Pineapple,3,46.41,2026-01-05,6,5,49.0,9.47,9.47,46.41,observed_estimated_cost
2086,2026-01-09,BKK_Sukhumvit,Watermelon,3,42.84,2026-01-05,6,5,45.0,8.28,8.28,42.84,observed_estimated_cost
2087,2026-01-09,Pattaya_Beach,Guava,6,85.2,2026-01-05,6,5.5,49.0,8.2,8.2,85.2,observed_estimated_cost
2088,2026-01-09,Pattaya_Beach,PassionFruit,4,95.44,2026-01-05,6,6,65.0,17.86,17.86,95.44,observed_estimated_cost
2089,2026-01-09,Pattaya_Beach,Pineapple,6,92.82,2026-01-05,6,5,49.0,9.47,9.47,92.82,observed_estimated_cost
2090,2026-01-09,Pattaya_Beach,Watermelon,4,57.12,2026-01-05,6,5,45.0,8.28,8.28,57.12,observed_estimated_cost
2091,2026-01-09,Pattaya_Central,Guava,4,56.8,2026-01-05,6,5.5,49.0,8.2,8.2,56.8,observed_estimated_cost
2092,2026-01-09,Pattaya_Central,PassionFruit,10,238.6,2026-01-05,6,6,65.0,17.86,17.86,238.6,observed_estimated_cost
2093,2026-01-09,Pattaya_Central,Pineapple,7,108.29,2026-01-05,6,5,49.0,9.47,9.47,108.29,observed_estimated_cost
2094,2026-01-09,Pattaya_Central,Watermelon,3,42.84,2026-01-05,6,5,45.0,8.28,8.28,42.84,observed_estimated_cost
2095,2026-01-10,BKK_Ladprao,Guava,4,56.8,2026-01-05,6,5.5,49.0,8.2,8.2,56.8,observed_estimated_cost
2096,2026-01-10,BKK_Ladprao,PassionFruit,4,95.44,2026-01-05,6,6,65.0,17.86,17.86,95.44,observed_estimated_cost
2097,2026-01-10,BKK_Ladprao,Pineapple,4,61.88,2026-01-05,6,5,49.0,9.47,9.47,61.88,observed_estimated_cost
2098,2026-01-10,BKK_Ladprao,Watermelon,3,42.84,2026-01-05,6,5,45.0,8.28,8.28,42.84,observed_estimated_cost
2099,2026-01-10,BKK_Sukhumvit,Guava,2,28.4,2026-01-05,6,5.5,49.0,8.2,8.2,28.4,observed_estimated_cost
2100,2026-01-10,BKK_Sukhumvit,PassionFruit,4,95.44,2026-01-05,6,6,65.0,17.86,17.86,95.44,observed_estimated_cost
2101,2026-01-10,BKK_Sukhumvit,Pineapple,4,61.88,2026-01-05,6,5,49.0,9.47,9.47,61.88,observed_estimated_cost
2102,2026-01-10,BKK_Sukhumvit,Watermelon,6,85.68,2026-01-05,6,5,45.0,8.28,8.28,85.68,observed_estimated_cost
2103,2026-01-10,Pattaya_Beach,Guava,8,113.6,2026-01-05,6,5.5,49.0,8.2,8.2,113.6,observed_estimated_cost
2104,2026-01-10,Pattaya_Beach,PassionFruit,9,214.74,2026-01-05,6,6,65.0,17.86,17.86,214.74,observed_estimated_cost
2105,2026-01-10,Pattaya_Beach,Pineapple,5,77.35,2026-01-05,6,5,49.0,9.47,9.47,77.35,observed_estimated_cost
2106,2026-01-10,Pattaya_Beach,Watermelon,7,99.96,2026-01-05,6,5,45.0,8.28,8.28,99.96,observed_estimated_cost
2107,2026-01-10,Pattaya_Central,Guava,7,99.4,2026-01-05,6,5.5,49.0,8.2,8.2,99.4,observed_estimated_cost
2108,2026-01-10,Pattaya_Central,PassionFruit,7,167.02,2026-01-05,6,6,65.0,17.86,17.86,167.02,observed_estimated_cost
2109,2026-01-10,Pattaya_Central,Pineapple,8,123.76,2026-01-05,6,5,49.0,9.47,9.47,123.76,observed_estimated_cost
2110,2026-01-10,Pattaya_Central,Watermelon,10,142.8,2026-01-05,6,5,45.0,8.28,8.28,142.8,observed_estimated_cost
2111,2026-01-11,BKK_Ladprao,Guava,4,56.8,2026-01-05,6,5.5,49.0,8.2,8.2,56.8,observed_estimated_cost
2112,2026-01-11,BKK_Ladprao,PassionFruit,6,143.16,2026-01-05,6,6,65.0,17.86,17.86,143.16,observed_estimated_cost
2113,2026-01-11,BKK_Ladprao,Pineapple,5,77.35,2026-01-05,6,5,49.0,9.47,9.47,77.35,observed_estimated_cost
2114,2026-01-11,BKK_Ladprao,Watermelon,3,42.84,2026-01-05,6,5,45.0,8.28,8.28,42.84,observed_estimated_cost
2115,2026-01-11,BKK_Sukhumvit,Guava,4,56.8,2026-01-05,6,5.5,49.0,8.2,8.2,56.8,observed_estimated_cost
2116,2026-01-11,BKK_Sukhumvit,PassionFruit,7,167.02,2026-01-05,6,6,65.0,17.86,17.86,167.02,observed_estimated_cost
2117,2026-01-11,BKK_Sukhumvit,Pineapple,2,30.94,2026-01-05,6,5,49.0,9.47,9.47,30.94,observed_estimated_cost
2118,2026-01-11,BKK_Sukhumvit,Watermelon,6,85.68,2026-01-05,6,5,45.0,8.28,8.28,85.68,observed_estimated_cost
2119,2026-01-11,Pattaya_Beach,Guava,8,113.6,2026-01-05,6,5.5,49.0,8.2,8.2,113.6,observed_estimated_cost
2120,2026-01-11,Pattaya_Beach,PassionFruit,5,119.3,2026-01-05,6,6,65.0,17.86,17.86,119.3,observed_estimated_cost
2121,2026-01-11,Pattaya_Beach,Pineapple,7,108.29,2026-01-05,6,5,49.0,9.47,9.47,108.29,observed_estimated_cost
2122,2026-01-11,Pattaya_Beach,Watermelon,5,71.4,2026-01-05,6,5,45.0,8.28,8.28,71.4,observed_estimated_cost
2123,2026-01-11,Pattaya_Central,Guava,6,85.2,2026-01-05,6,5.5,49.0,8.2,8.2,85.2,observed_estimated_cost
2124,2026-01-11,Pattaya_Central,PassionFruit,12,286.32,2026-01-05,6,6,65.0,17.86,17.86,286.32,observed_estimated_cost
2125,2026-01-11,Pattaya_Central,Pineapple,6,92.82,2026-01-05,6,5,49.0,9.47,9.47,92.82,observed_estimated_cost
2126,2026-01-11,Pattaya_Central,Watermelon,10,142.8,2026-01-05,6,5,45.0,8.28,8.28,142.8,observed_estimated_cost
2127,2026-01-12,BKK_Ladprao,Guava,3,45.3,2026-01-12,6,5.5,49.0,9.1,9.1,45.3,observed_estimated_cost
2128,2026-01-12,BKK_Ladprao,PassionFruit,4,100.88,2026-01-12,6,6,65.0,19.22,19.22,100.88,observed_estimated_cost
2129,2026-01-12,BKK_Ladprao,Pineapple,4,65.28,2026-01-12,6,5,49.0,10.32,10.32,65.28,observed_estimated_cost
2130,2026-01-12,BKK_Ladprao,Watermelon,6,82.98,2026-01-12,6,5,45.0,7.83,7.83,82.98,observed_estimated_cost
2131,2026-01-12,BKK_Sukhumvit,Guava,6,90.6,2026-01-12,6,5.5,49.0,9.1,9.1,90.6,observed_estimated_cost
2132,2026-01-12,BKK_Sukhumvit,PassionFruit,2,50.44,2026-01-12,6,6,65.0,19.22,19.22,50.44,observed_estimated_cost
2133,2026-01-12,BKK_Sukhumvit,Pineapple,6,97.92,2026-01-12,6,5,49.0,10.32,10.32,97.92,observed_estimated_cost
2134,2026-01-12,BKK_Sukhumvit,Watermelon,6,82.98,2026-01-12,6,5,45.0,7.83,7.83,82.98,observed_estimated_cost
2135,2026-01-12,Pattaya_Beach,Guava,4,60.4,2026-01-12,6,5.5,49.0,9.1,9.1,60.4,observed_estimated_cost
2136,2026-01-12,Pattaya_Beach,PassionFruit,4,100.88,2026-01-12,6,6,65.0,19.22,19.22,100.88,observed_estimated_cost
2137,2026-01-12,Pattaya_Beach,Pineapple,7,114.24,2026-01-12,6,5,49.0,10.32,10.32,114.24,observed_estimated_cost
2138,2026-01-12,Pattaya_Beach,Watermelon,8,110.64,2026-01-12,6,5,45.0,7.83,7.83,110.64,observed_estimated_cost
2139,2026-01-12,Pattaya_Central,Guava,5,75.5,2026-01-12,6,5.5,49.0,9.1,9.1,75.5,observed_estimated_cost
2140,2026-01-12,Pattaya_Central,PassionFruit,7,176.54,2026-01-12,6,6,65.0,19.22,19.22,176.54,observed_estimated_cost
2141,2026-01-12,Pattaya_Central,Pineapple,7,114.24,2026-01-12,6,5,49.0,10.32,10.32,114.24,observed_estimated_cost
2142,2026-01-12,Pattaya_Central,Watermelon,11,152.13,2026-01-12,6,5,45.0,7.83,7.83,152.13,observed_estimated_cost
2143,2026-01-13,BKK_Ladprao,Guava,3,45.3,2026-01-12,6,5.5,49.0,9.1,9.1,45.3,observed_estimated_cost
2144,2026-01-13,BKK_Ladprao,PassionFruit,4,100.88,2026-01-12,6,6,65.0,19.22,19.22,100.88,observed_estimated_cost
2145,2026-01-13,BKK_Ladprao,Pineapple,3,48.96,2026-01-12,6,5,49.0,10.32,10.32,48.96,observed_estimated_cost
2146,2026-01-13,BKK_Ladprao,Watermelon,3,41.49,2026-01-12,6,5,45.0,7.83,7.83,41.49,observed_estimated_cost
2147,2026-01-13,BKK_Sukhumvit,Guava,6,90.6,2026-01-12,6,5.5,49.0,9.1,9.1,90.6,observed_estimated_cost
2148,2026-01-13,BKK_Sukhumvit,PassionFruit,6,151.32,2026-01-12,6,6,65.0,19.22,19.22,151.32,observed_estimated_cost
2149,2026-01-13,BKK_Sukhumvit,Pineapple,7,114.24,2026-01-12,6,5,49.0,10.32,10.32,114.24,observed_estimated_cost
2150,2026-01-13,BKK_Sukhumvit,Watermelon,3,41.49,2026-01-12,6,5,45.0,7.83,7.83,41.49,observed_estimated_cost
2151,2026-01-13,Pattaya_Beach,Guava,5,75.5,2026-01-12,6,5.5,49.0,9.1,9.1,75.5,observed_estimated_cost
2152,2026-01-13,Pattaya_Beach,PassionFruit,8,201.76,2026-01-12,6,6,65.0,19.22,19.22,201.76,observed_estimated_cost
2153,2026-01-13,Pattaya_Beach,Pineapple,5,81.6,2026-01-12,6,5,49.0,10.32,10.32,81.6,observed_estimated_cost
2154,2026-01-13,Pattaya_Beach,Watermelon,6,82.98,2026-01-12,6,5,45.0,7.83,7.83,82.98,observed_estimated_cost
2155,2026-01-13,Pattaya_Central,Guava,4,60.4,2026-01-12,6,5.5,49.0,9.1,9.1,60.4,observed_estimated_cost
2156,2026-01-13,Pattaya_Central,PassionFruit,1,25.22,2026-01-12,6,6,65.0,19.22,19.22,25.22,observed_estimated_cost
2157,2026-01-13,Pattaya_Central,Pineapple,5,81.6,2026-01-12,6,5,49.0,10.32,10.32,81.6,observed_estimated_cost
2158,2026-01-13,Pattaya_Central,Watermelon,6,82.98,2026-01-12,6,5,45.0,7.83,7.83,82.98,observed_estimated_cost
2159,2026-01-14,BKK_Ladprao,Guava,9,135.9,2026-01-12,6,5.5,49.0,9.1,9.1,135.9,observed_estimated_cost
2160,2026-01-14,BKK_Ladprao,PassionFruit,3,75.66,2026-01-12,6,6,65.0,19.22,19.22,75.66,observed_estimated_cost
2161,2026-01-14,BKK_Ladprao,Pineapple,4,65.28,2026-01-12,6,5,49.0,10.32,10.32,65.28,observed_estimated_cost
2162,2026-01-14,BKK_Ladprao,Watermelon,6,82.98,2026-01-12,6,5,45.0,7.83,7.83,82.98,observed_estimated_cost
2163,2026-01-14,BKK_Sukhumvit,Guava,4,60.4,2026-01-12,6,5.5,49.0,9.1,9.1,60.4,observed_estimated_cost
2164,2026-01-14,BKK_Sukhumvit,PassionFruit,3,75.66,2026-01-12,6,6,65.0,19.22,19.22,75.66,observed_estimated_cost
2165,2026-01-14,BKK_Sukhumvit,Pineapple,2,32.64,2026-01-12,6,5,49.0,10.32,10.32,32.64,observed_estimated_cost
2166,2026-01-14,BKK_Sukhumvit,Watermelon,4,55.32,2026-01-12,6,5,45.0,7.83,7.83,55.32,observed_estimated_cost
2167,2026-01-14,Pattaya_Beach,Guava,5,75.5,2026-01-12,6,5.5,49.0,9.1,9.1,75.5,observed_estimated_cost
2168,2026-01-14,Pattaya_Beach,PassionFruit,5,126.1,2026-01-12,6,6,65.0,19.22,19.22,126.1,observed_estimated_cost
2169,2026-01-14,Pattaya_Beach,Pineapple,6,97.92,2026-01-12,6,5,49.0,10.32,10.32,97.92,observed_estimated_cost
2170,2026-01-14,Pattaya_Beach,Watermelon,8,110.64,2026-01-12,6,5,45.0,7.83,7.83,110.64,observed_estimated_cost
2171,2026-01-14,Pattaya_Central,Guava,4,60.4,2026-01-12,6,5.5,49.0,9.1,9.1,60.4,observed_estimated_cost
2172,2026-01-14,Pattaya_Central,PassionFruit,7,176.54,2026-01-12,6,6,65.0,19.22,19.22,176.54,observed_estimated_cost
2173,2026-01-14,Pattaya_Central,Pineapple,6,97.92,2026-01-12,6,5,49.0,10.32,10.32,97.92,observed_estimated_cost
2174,2026-01-14,Pattaya_Central,Watermelon,5,69.15,2026-01-12,6,5,45.0,7.83,7.83,69.15,observed_estimated_cost
2175,2026-01-15,BKK_Ladprao,Guava,3,45.3,2026-01-12,6,5.5,49.0,9.1,9.1,45.3,observed_estimated_cost
2176,2026-01-15,BKK_Ladprao,PassionFruit,5,126.1,2026-01-12,6,6,65.0,19.22,19.22,126.1,observed_estimated_cost
2177,2026-01-15,BKK_Ladprao,Pineapple,7,114.24,2026-01-12,6,5,49.0,10.32,10.32,114.24,observed_estimated_cost
2178,2026-01-15,BKK_Ladprao,Watermelon,3,41.49,2026-01-12,6,5,45.0,7.83,7.83,41.49,observed_estimated_cost
2179,2026-01-15,BKK_Sukhumvit,Guava,4,60.4,2026-01-12,6,5.5,49.0,9.1,9.1,60.4,observed_estimated_cost
2180,2026-01-15,BKK_Sukhumvit,PassionFruit,5,126.1,2026-01-12,6,6,65.0,19.22,19.22,126.1,observed_estimated_cost
2181,2026-01-15,BKK_Sukhumvit,Pineapple,4,65.28,2026-01-12,6,5,49.0,10.32,10.32,65.28,observed_estimated_cost
2182,2026-01-15,BKK_Sukhumvit,Watermelon,5,69.15,2026-01-12,6,5,45.0,7.83,7.83,69.15,observed_estimated_cost
2183,2026-01-15,Pattaya_Beach,Guava,3,45.3,2026-01-12,6,5.5,49.0,9.1,9.1,45.3,observed_estimated_cost
2184,2026-01-15,Pattaya_Beach,PassionFruit,4,100.88,2026-01-12,6,6,65.0,19.22,19.22,100.88,observed_estimated_cost
2185,2026-01-15,Pattaya_Beach,Pineapple,2,32.64,2026-01-12,6,5,49.0,10.32,10.32,32.64,observed_estimated_cost
2186,2026-01-15,Pattaya_Beach,Watermelon,5,69.15,2026-01-12,6,5,45.0,7.83,7.83,69.15,observed_estimated_cost
2187,2026-01-15,Pattaya_Central,Guava,3,45.3,2026-01-12,6,5.5,49.0,9.1,9.1,45.3,observed_estimated_cost
2188,2026-01-15,Pattaya_Central,PassionFruit,4,100.88,2026-01-12,6,6,65.0,19.22,19.22,100.88,observed_estimated_cost
2189,2026-01-15,Pattaya_Central,Pineapple,4,65.28,2026-01-12,6,5,49.0,10.32,10.32,65.28,observed_estimated_cost
2190,2026-01-15,Pattaya_Central,Watermelon,5,69.15,2026-01-12,6,5,45.0,7.83,7.83,69.15,observed_estimated_cost
2191,2026-01-16,BKK_Ladprao,Guava,4,60.4,2026-01-12,6,5.5,49.0,9.1,9.1,60.4,observed_estimated_cost
2192,2026-01-16,BKK_Ladprao,PassionFruit,4,100.88,2026-01-12,6,6,65.0,19.22,19.22,100.88,observed_estimated_cost
2193,2026-01-16,BKK_Ladprao,Pineapple,2,32.64,2026-01-12,6,5,49.0,10.32,10.32,32.64,observed_estimated_cost
2194,2026-01-16,BKK_Ladprao,Watermelon,5,69.15,2026-01-12,6,5,45.0,7.83,7.83,69.15,observed_estimated_cost
2195,2026-01-16,BKK_Sukhumvit,Guava,5,75.5,2026-01-12,6,5.5,49.0,9.1,9.1,75.5,observed_estimated_cost
2196,2026-01-16,BKK_Sukhumvit,PassionFruit,3,75.66,2026-01-12,6,6,65.0,19.22,19.22,75.66,observed_estimated_cost
2197,2026-01-16,BKK_Sukhumvit,Pineapple,3,48.96,2026-01-12,6,5,49.0,10.32,10.32,48.96,observed_estimated_cost
2198,2026-01-16,BKK_Sukhumvit,Watermelon,2,27.66,2026-01-12,6,5,45.0,7.83,7.83,27.66,observed_estimated_cost
2199,2026-01-16,Pattaya_Beach,Guava,4,60.4,2026-01-12,6,5.5,49.0,9.1,9.1,60.4,observed_estimated_cost
2200,2026-01-16,Pattaya_Beach,PassionFruit,6,151.32,2026-01-12,6,6,65.0,19.22,19.22,151.32,observed_estimated_cost
2201,2026-01-16,Pattaya_Beach,Pineapple,5,81.6,2026-01-12,6,5,49.0,10.32,10.32,81.6,observed_estimated_cost
2202,2026-01-16,Pattaya_Beach,Watermelon,4,55.32,2026-01-12,6,5,45.0,7.83,7.83,55.32,observed_estimated_cost
2203,2026-01-16,Pattaya_Central,Guava,4,60.4,2026-01-12,6,5.5,49.0,9.1,9.1,60.4,observed_estimated_cost
2204,2026-01-16,Pattaya_Central,PassionFruit,9,226.98,2026-01-12,6,6,65.0,19.22,19.22,226.98,observed_estimated_cost
2205,2026-01-16,Pattaya_Central,Pineapple,8,130.56,2026-01-12,6,5,49.0,10.32,10.32,130.56,observed_estimated_cost
2206,2026-01-16,Pattaya_Central,Watermelon,5,69.15,2026-01-12,6,5,45.0,7.83,7.83,69.15,observed_estimated_cost
2207,2026-01-17,BKK_Ladprao,Guava,2,30.2,2026-01-12,6,5.5,49.0,9.1,9.1,30.2,observed_estimated_cost
2208,2026-01-17,BKK_Ladprao,PassionFruit,3,75.66,2026-01-12,6,6,65.0,19.22,19.22,75.66,observed_estimated_cost
2209,2026-01-17,BKK_Ladprao,Pineapple,4,65.28,2026-01-12,6,5,49.0,10.32,10.32,65.28,observed_estimated_cost
2210,2026-01-17,BKK_Ladprao,Watermelon,4,55.32,2026-01-12,6,5,45.0,7.83,7.83,55.32,observed_estimated_cost
2211,2026-01-17,BKK_Sukhumvit,Guava,3,45.3,2026-01-12,6,5.5,49.0,9.1,9.1,45.3,observed_estimated_cost
2212,2026-01-17,BKK_Sukhumvit,PassionFruit,8,201.76,2026-01-12,6,6,65.0,19.22,19.22,201.76,observed_estimated_cost
2213,2026-01-17,BKK_Sukhumvit,Pineapple,5,81.6,2026-01-12,6,5,49.0,10.32,10.32,81.6,observed_estimated_cost
2214,2026-01-17,BKK_Sukhumvit,Watermelon,5,69.15,2026-01-12,6,5,45.0,7.83,7.83,69.15,observed_estimated_cost
2215,2026-01-17,Pattaya_Beach,Guava,5,75.5,2026-01-12,6,5.5,49.0,9.1,9.1,75.5,observed_estimated_cost
2216,2026-01-17,Pattaya_Beach,PassionFruit,7,176.54,2026-01-12,6,6,65.0,19.22,19.22,176.54,observed_estimated_cost
2217,2026-01-17,Pattaya_Beach,Pineapple,9,146.88,2026-01-12,6,5,49.0,10.32,10.32,146.88,observed_estimated_cost
2218,2026-01-17,Pattaya_Beach,Watermelon,6,82.98,2026-01-12,6,5,45.0,7.83,7.83,82.98,observed_estimated_cost
2219,2026-01-17,Pattaya_Central,Guava,2,30.2,2026-01-12,6,5.5,49.0,9.1,9.1,30.2,observed_estimated_cost
2220,2026-01-17,Pattaya_Central,PassionFruit,8,201.76,2026-01-12,6,6,65.0,19.22,19.22,201.76,observed_estimated_cost
2221,2026-01-17,Pattaya_Central,Pineapple,3,48.96,2026-01-12,6,5,49.0,10.32,10.32,48.96,observed_estimated_cost
2222,2026-01-17,Pattaya_Central,Watermelon,9,124.47,2026-01-12,6,5,45.0,7.83,7.83,124.47,observed_estimated_cost
2223,2026-01-18,BKK_Ladprao,Guava,5,75.5,2026-01-12,6,5.5,49.0,9.1,9.1,75.5,observed_estimated_cost
2224,2026-01-18,BKK_Ladprao,PassionFruit,6,151.32,2026-01-12,6,6,65.0,19.22,19.22,151.32,observed_estimated_cost
2225,2026-01-18,BKK_Ladprao,Pineapple,4,65.28,2026-01-12,6,5,49.0,10.32,10.32,65.28,observed_estimated_cost
2226,2026-01-18,BKK_Ladprao,Watermelon,5,69.15,2026-01-12,6,5,45.0,7.83,7.83,69.15,observed_estimated_cost
2227,2026-01-18,BKK_Sukhumvit,Guava,7,105.7,2026-01-12,6,5.5,49.0,9.1,9.1,105.7,observed_estimated_cost
2228,2026-01-18,BKK_Sukhumvit,PassionFruit,5,126.1,2026-01-12,6,6,65.0,19.22,19.22,126.1,observed_estimated_cost
2229,2026-01-18,BKK_Sukhumvit,Pineapple,6,97.92,2026-01-12,6,5,49.0,10.32,10.32,97.92,observed_estimated_cost
2230,2026-01-18,BKK_Sukhumvit,Watermelon,3,41.49,2026-01-12,6,5,45.0,7.83,7.83,41.49,observed_estimated_cost
2231,2026-01-18,Pattaya_Beach,Guava,9,135.9,2026-01-12,6,5.5,49.0,9.1,9.1,135.9,observed_estimated_cost
2232,2026-01-18,Pattaya_Beach,PassionFruit,11,277.42,2026-01-12,6,6,65.0,19.22,19.22,277.42,observed_estimated_cost
2233,2026-01-18,Pattaya_Beach,Pineapple,6,97.92,2026-01-12,6,5,49.0,10.32,10.32,97.92,observed_estimated_cost
2234,2026-01-18,Pattaya_Beach,Watermelon,3,41.49,2026-01-12,6,5,45.0,7.83,7.83,41.49,observed_estimated_cost
2235,2026-01-18,Pattaya_Central,Guava,7,105.7,2026-01-12,6,5.5,49.0,9.1,9.1,105.7,observed_estimated_cost
2236,2026-01-18,Pattaya_Central,PassionFruit,7,176.54,2026-01-12,6,6,65.0,19.22,19.22,176.54,observed_estimated_cost
2237,2026-01-18,Pattaya_Central,Pineapple,9,146.88,2026-01-12,6,5,49.0,10.32,10.32,146.88,observed_estimated_cost
2238,2026-01-18,Pattaya_Central,Watermelon,6,82.98,2026-01-12,6,5,45.0,7.83,7.83,82.98,observed_estimated_cost
2239,2026-01-19,BKK_Ladprao,Guava,4,62.28,2026-01-19,6,5.5,49.0,9.57,9.57,62.28,observed_estimated_cost
2240,2026-01-19,BKK_Ladprao,PassionFruit,4,94.2,2026-01-19,6,6,65.0,17.55,17.55,94.2,observed_estimated_cost
2241,2026-01-19,BKK_Ladprao,Pineapple,5,79.05,2026-01-19,6,5,49.0,9.81,9.81,79.05,observed_estimated_cost
2242,2026-01-19,BKK_Ladprao,Watermelon,5,70.65,2026-01-19,6,5,45.0,8.13,8.13,70.65,observed_estimated_cost
2243,2026-01-19,BKK_Sukhumvit,Guava,8,124.56,2026-01-19,6,5.5,49.0,9.57,9.57,124.56,observed_estimated_cost
2244,2026-01-19,BKK_Sukhumvit,PassionFruit,3,70.65,2026-01-19,6,6,65.0,17.55,17.55,70.65,observed_estimated_cost
2245,2026-01-19,BKK_Sukhumvit,Pineapple,3,47.43,2026-01-19,6,5,49.0,9.81,9.81,47.43,observed_estimated_cost
2246,2026-01-19,BKK_Sukhumvit,Watermelon,4,56.52,2026-01-19,6,5,45.0,8.13,8.13,56.52,observed_estimated_cost
2247,2026-01-19,Pattaya_Beach,Guava,3,46.71,2026-01-19,6,5.5,49.0,9.57,9.57,46.71,observed_estimated_cost
2248,2026-01-19,Pattaya_Beach,PassionFruit,7,164.85,2026-01-19,6,6,65.0,17.55,17.55,164.85,observed_estimated_cost
2249,2026-01-19,Pattaya_Beach,Pineapple,5,79.05,2026-01-19,6,5,49.0,9.81,9.81,79.05,observed_estimated_cost
2250,2026-01-19,Pattaya_Beach,Watermelon,9,127.17,2026-01-19,6,5,45.0,8.13,8.13,127.17,observed_estimated_cost
2251,2026-01-19,Pattaya_Central,Guava,5,77.85,2026-01-19,6,5.5,49.0,9.57,9.57,77.85,observed_estimated_cost
2252,2026-01-19,Pattaya_Central,PassionFruit,7,164.85,2026-01-19,6,6,65.0,17.55,17.55,164.85,observed_estimated_cost
2253,2026-01-19,Pattaya_Central,Pineapple,7,110.67,2026-01-19,6,5,49.0,9.81,9.81,110.67,observed_estimated_cost
2254,2026-01-19,Pattaya_Central,Watermelon,4,56.52,2026-01-19,6,5,45.0,8.13,8.13,56.52,observed_estimated_cost
2255,2026-01-20,BKK_Ladprao,Guava,2,31.14,2026-01-19,6,5.5,49.0,9.57,9.57,31.14,observed_estimated_cost
2256,2026-01-20,BKK_Ladprao,PassionFruit,8,188.4,2026-01-19,6,6,65.0,17.55,17.55,188.4,observed_estimated_cost
2257,2026-01-20,BKK_Ladprao,Pineapple,2,31.62,2026-01-19,6,5,49.0,9.81,9.81,31.62,observed_estimated_cost
2258,2026-01-20,BKK_Ladprao,Watermelon,4,56.52,2026-01-19,6,5,45.0,8.13,8.13,56.52,observed_estimated_cost
2259,2026-01-20,BKK_Sukhumvit,Guava,5,77.85,2026-01-19,6,5.5,49.0,9.57,9.57,77.85,observed_estimated_cost
2260,2026-01-20,BKK_Sukhumvit,PassionFruit,4,94.2,2026-01-19,6,6,65.0,17.55,17.55,94.2,observed_estimated_cost
2261,2026-01-20,BKK_Sukhumvit,Pineapple,7,110.67,2026-01-19,6,5,49.0,9.81,9.81,110.67,observed_estimated_cost
2262,2026-01-20,BKK_Sukhumvit,Watermelon,4,56.52,2026-01-19,6,5,45.0,8.13,8.13,56.52,observed_estimated_cost
2263,2026-01-20,Pattaya_Beach,Guava,4,62.28,2026-01-19,6,5.5,49.0,9.57,9.57,62.28,observed_estimated_cost
2264,2026-01-20,Pattaya_Beach,PassionFruit,8,188.4,2026-01-19,6,6,65.0,17.55,17.55,188.4,observed_estimated_cost
2265,2026-01-20,Pattaya_Beach,Pineapple,2,31.62,2026-01-19,6,5,49.0,9.81,9.81,31.62,observed_estimated_cost
2266,2026-01-20,Pattaya_Beach,Watermelon,5,70.65,2026-01-19,6,5,45.0,8.13,8.13,70.65,observed_estimated_cost
2267,2026-01-20,Pattaya_Central,Guava,6,93.42,2026-01-19,6,5.5,49.0,9.57,9.57,93.42,observed_estimated_cost
2268,2026-01-20,Pattaya_Central,PassionFruit,2,47.1,2026-01-19,6,6,65.0,17.55,17.55,47.1,observed_estimated_cost
2269,2026-01-20,Pattaya_Central,Pineapple,7,110.67,2026-01-19,6,5,49.0,9.81,9.81,110.67,observed_estimated_cost
2270,2026-01-20,Pattaya_Central,Watermelon,6,84.78,2026-01-19,6,5,45.0,8.13,8.13,84.78,observed_estimated_cost
2271,2026-01-21,BKK_Ladprao,Guava,3,46.71,2026-01-19,6,5.5,49.0,9.57,9.57,46.71,observed_estimated_cost
2272,2026-01-21,BKK_Ladprao,PassionFruit,6,141.3,2026-01-19,6,6,65.0,17.55,17.55,141.3,observed_estimated_cost
2273,2026-01-21,BKK_Ladprao,Pineapple,4,63.24,2026-01-19,6,5,49.0,9.81,9.81,63.24,observed_estimated_cost
2274,2026-01-21,BKK_Ladprao,Watermelon,3,42.39,2026-01-19,6,5,45.0,8.13,8.13,42.39,observed_estimated_cost
2275,2026-01-21,BKK_Sukhumvit,Guava,4,62.28,2026-01-19,6,5.5,49.0,9.57,9.57,62.28,observed_estimated_cost
2276,2026-01-21,BKK_Sukhumvit,PassionFruit,3,70.65,2026-01-19,6,6,65.0,17.55,17.55,70.65,observed_estimated_cost
2277,2026-01-21,BKK_Sukhumvit,Pineapple,5,79.05,2026-01-19,6,5,49.0,9.81,9.81,79.05,observed_estimated_cost
2278,2026-01-21,BKK_Sukhumvit,Watermelon,6,84.78,2026-01-19,6,5,45.0,8.13,8.13,84.78,observed_estimated_cost
2279,2026-01-21,Pattaya_Beach,Guava,4,62.28,2026-01-19,6,5.5,49.0,9.57,9.57,62.28,observed_estimated_cost
2280,2026-01-21,Pattaya_Beach,PassionFruit,7,164.85,2026-01-19,6,6,65.0,17.55,17.55,164.85,observed_estimated_cost
2281,2026-01-21,Pattaya_Beach,Pineapple,5,79.05,2026-01-19,6,5,49.0,9.81,9.81,79.05,observed_estimated_cost
2282,2026-01-21,Pattaya_Beach,Watermelon,3,42.39,2026-01-19,6,5,45.0,8.13,8.13,42.39,observed_estimated_cost
2283,2026-01-21,Pattaya_Central,Guava,6,93.42,2026-01-19,6,5.5,49.0,9.57,9.57,93.42,observed_estimated_cost
2284,2026-01-21,Pattaya_Central,PassionFruit,9,211.95,2026-01-19,6,6,65.0,17.55,17.55,211.95,observed_estimated_cost
2285,2026-01-21,Pattaya_Central,Pineapple,5,79.05,2026-01-19,6,5,49.0,9.81,9.81,79.05,observed_estimated_cost
2286,2026-01-21,Pattaya_Central,Watermelon,3,42.39,2026-01-19,6,5,45.0,8.13,8.13,42.39,observed_estimated_cost
2287,2026-01-22,BKK_Ladprao,Guava,4,62.28,2026-01-19,6,5.5,49.0,9.57,9.57,62.28,observed_estimated_cost
2288,2026-01-22,BKK_Ladprao,PassionFruit,9,211.95,2026-01-19,6,6,65.0,17.55,17.55,211.95,observed_estimated_cost
2289,2026-01-22,BKK_Ladprao,Pineapple,5,79.05,2026-01-19,6,5,49.0,9.81,9.81,79.05,observed_estimated_cost
2290,2026-01-22,BKK_Ladprao,Watermelon,4,56.52,2026-01-19,6,5,45.0,8.13,8.13,56.52,observed_estimated_cost
2291,2026-01-22,BKK_Sukhumvit,Guava,4,62.28,2026-01-19,6,5.5,49.0,9.57,9.57,62.28,observed_estimated_cost
2292,2026-01-22,BKK_Sukhumvit,PassionFruit,6,141.3,2026-01-19,6,6,65.0,17.55,17.55,141.3,observed_estimated_cost
2293,2026-01-22,BKK_Sukhumvit,Pineapple,5,79.05,2026-01-19,6,5,49.0,9.81,9.81,79.05,observed_estimated_cost
2294,2026-01-22,BKK_Sukhumvit,Watermelon,3,42.39,2026-01-19,6,5,45.0,8.13,8.13,42.39,observed_estimated_cost
2295,2026-01-22,Pattaya_Beach,Guava,4,62.28,2026-01-19,6,5.5,49.0,9.57,9.57,62.28,observed_estimated_cost
2296,2026-01-22,Pattaya_Beach,PassionFruit,2,47.1,2026-01-19,6,6,65.0,17.55,17.55,47.1,observed_estimated_cost
2297,2026-01-22,Pattaya_Beach,Pineapple,4,63.24,2026-01-19,6,5,49.0,9.81,9.81,63.24,observed_estimated_cost
2298,2026-01-22,Pattaya_Beach,Watermelon,3,42.39,2026-01-19,6,5,45.0,8.13,8.13,42.39,observed_estimated_cost
2299,2026-01-22,Pattaya_Central,Guava,4,62.28,2026-01-19,6,5.5,49.0,9.57,9.57,62.28,observed_estimated_cost
2300,2026-01-22,Pattaya_Central,PassionFruit,8,188.4,2026-01-19,6,6,65.0,17.55,17.55,188.4,observed_estimated_cost
2301,2026-01-22,Pattaya_Central,Pineapple,4,63.24,2026-01-19,6,5,49.0,9.81,9.81,63.24,observed_estimated_cost
2302,2026-01-22,Pattaya_Central,Watermelon,8,113.04,2026-01-19,6,5,45.0,8.13,8.13,113.04,observed_estimated_cost
2303,2026-01-23,BKK_Ladprao,Guava,3,46.71,2026-01-19,6,5.5,49.0,9.57,9.57,46.71,observed_estimated_cost
2304,2026-01-23,BKK_Ladprao,PassionFruit,4,94.2,2026-01-19,6,6,65.0,17.55,17.55,94.2,observed_estimated_cost
2305,2026-01-23,BKK_Ladprao,Pineapple,6,94.86,2026-01-19,6,5,49.0,9.81,9.81,94.86,observed_estimated_cost
2306,2026-01-23,BKK_Ladprao,Watermelon,5,70.65,2026-01-19,6,5,45.0,8.13,8.13,70.65,observed_estimated_cost
2307,2026-01-23,BKK_Sukhumvit,Guava,3,46.71,2026-01-19,6,5.5,49.0,9.57,9.57,46.71,observed_estimated_cost
2308,2026-01-23,BKK_Sukhumvit,PassionFruit,4,94.2,2026-01-19,6,6,65.0,17.55,17.55,94.2,observed_estimated_cost
2309,2026-01-23,BKK_Sukhumvit,Pineapple,6,94.86,2026-01-19,6,5,49.0,9.81,9.81,94.86,observed_estimated_cost
2310,2026-01-23,BKK_Sukhumvit,Watermelon,6,84.78,2026-01-19,6,5,45.0,8.13,8.13,84.78,observed_estimated_cost
2311,2026-01-23,Pattaya_Beach,Guava,2,31.14,2026-01-19,6,5.5,49.0,9.57,9.57,31.14,observed_estimated_cost
2312,2026-01-23,Pattaya_Beach,PassionFruit,7,164.85,2026-01-19,6,6,65.0,17.55,17.55,164.85,observed_estimated_cost
2313,2026-01-23,Pattaya_Beach,Pineapple,3,47.43,2026-01-19,6,5,49.0,9.81,9.81,47.43,observed_estimated_cost
2314,2026-01-23,Pattaya_Beach,Watermelon,6,84.78,2026-01-19,6,5,45.0,8.13,8.13,84.78,observed_estimated_cost
2315,2026-01-23,Pattaya_Central,Guava,4,62.28,2026-01-19,6,5.5,49.0,9.57,9.57,62.28,observed_estimated_cost
2316,2026-01-23,Pattaya_Central,PassionFruit,7,164.85,2026-01-19,6,6,65.0,17.55,17.55,164.85,observed_estimated_cost
2317,2026-01-23,Pattaya_Central,Pineapple,6,94.86,2026-01-19,6,5,49.0,9.81,9.81,94.86,observed_estimated_cost
2318,2026-01-23,Pattaya_Central,Watermelon,4,56.52,2026-01-19,6,5,45.0,8.13,8.13,56.52,observed_estimated_cost
2319,2026-01-24,BKK_Ladprao,Guava,4,62.28,2026-01-19,6,5.5,49.0,9.57,9.57,62.28,observed_estimated_cost
2320,2026-01-24,BKK_Ladprao,PassionFruit,2,47.1,2026-01-19,6,6,65.0,17.55,17.55,47.1,observed_estimated_cost
2321,2026-01-24,BKK_Ladprao,Pineapple,4,63.24,2026-01-19,6,5,49.0,9.81,9.81,63.24,observed_estimated_cost
2322,2026-01-24,BKK_Ladprao,Watermelon,4,56.52,2026-01-19,6,5,45.0,8.13,8.13,56.52,observed_estimated_cost
2323,2026-01-24,BKK_Sukhumvit,Guava,3,46.71,2026-01-19,6,5.5,49.0,9.57,9.57,46.71,observed_estimated_cost
2324,2026-01-24,BKK_Sukhumvit,PassionFruit,4,94.2,2026-01-19,6,6,65.0,17.55,17.55,94.2,observed_estimated_cost
2325,2026-01-24,BKK_Sukhumvit,Pineapple,4,63.24,2026-01-19,6,5,49.0,9.81,9.81,63.24,observed_estimated_cost
2326,2026-01-24,BKK_Sukhumvit,Watermelon,6,84.78,2026-01-19,6,5,45.0,8.13,8.13,84.78,observed_estimated_cost
2327,2026-01-24,Pattaya_Beach,Guava,4,62.28,2026-01-19,6,5.5,49.0,9.57,9.57,62.28,observed_estimated_cost
2328,2026-01-24,Pattaya_Beach,PassionFruit,3,70.65,2026-01-19,6,6,65.0,17.55,17.55,70.65,observed_estimated_cost
2329,2026-01-24,Pattaya_Beach,Pineapple,6,94.86,2026-01-19,6,5,49.0,9.81,9.81,94.86,observed_estimated_cost
2330,2026-01-24,Pattaya_Beach,Watermelon,1,14.13,2026-01-19,6,5,45.0,8.13,8.13,14.13,observed_estimated_cost
2331,2026-01-24,Pattaya_Central,Guava,5,77.85,2026-01-19,6,5.5,49.0,9.57,9.57,77.85,observed_estimated_cost
2332,2026-01-24,Pattaya_Central,PassionFruit,6,141.3,2026-01-19,6,6,65.0,17.55,17.55,141.3,observed_estimated_cost
2333,2026-01-24,Pattaya_Central,Pineapple,9,142.29,2026-01-19,6,5,49.0,9.81,9.81,142.29,observed_estimated_cost
2334,2026-01-24,Pattaya_Central,Watermelon,8,113.04,2026-01-19,6,5,45.0,8.13,8.13,113.04,observed_estimated_cost
2335,2026-01-25,BKK_Ladprao,Guava,4,62.28,2026-01-19,6,5.5,49.0,9.57,9.57,62.28,observed_estimated_cost
2336,2026-01-25,BKK_Ladprao,PassionFruit,6,141.3,2026-01-19,6,6,65.0,17.55,17.55,141.3,observed_estimated_cost
2337,2026-01-25,BKK_Ladprao,Pineapple,9,142.29,2026-01-19,6,5,49.0,9.81,9.81,142.29,observed_estimated_cost
2338,2026-01-25,BKK_Ladprao,Watermelon,6,84.78,2026-01-19,6,5,45.0,8.13,8.13,84.78,observed_estimated_cost
2339,2026-01-25,BKK_Sukhumvit,Guava,3,46.71,2026-01-19,6,5.5,49.0,9.57,9.57,46.71,observed_estimated_cost
2340,2026-01-25,BKK_Sukhumvit,PassionFruit,8,188.4,2026-01-19,6,6,65.0,17.55,17.55,188.4,observed_estimated_cost
2341,2026-01-25,BKK_Sukhumvit,Pineapple,4,63.24,2026-01-19,6,5,49.0,9.81,9.81,63.24,observed_estimated_cost
2342,2026-01-25,BKK_Sukhumvit,Watermelon,6,84.78,2026-01-19,6,5,45.0,8.13,8.13,84.78,observed_estimated_cost
2343,2026-01-25,Pattaya_Beach,Guava,6,93.42,2026-01-19,6,5.5,49.0,9.57,9.57,93.42,observed_estimated_cost
2344,2026-01-25,Pattaya_Beach,PassionFruit,5,117.75,2026-01-19,6,6,65.0,17.55,17.55,117.75,observed_estimated_cost
2345,2026-01-25,Pattaya_Beach,Pineapple,8,126.48,2026-01-19,6,5,49.0,9.81,9.81,126.48,observed_estimated_cost
2346,2026-01-25,Pattaya_Beach,Watermelon,4,56.52,2026-01-19,6,5,45.0,8.13,8.13,56.52,observed_estimated_cost
2347,2026-01-25,Pattaya_Central,Guava,6,93.42,2026-01-19,6,5.5,49.0,9.57,9.57,93.42,observed_estimated_cost
2348,2026-01-25,Pattaya_Central,PassionFruit,9,211.95,2026-01-19,6,6,65.0,17.55,17.55,211.95,observed_estimated_cost
2349,2026-01-25,Pattaya_Central,Pineapple,8,126.48,2026-01-19,6,5,49.0,9.81,9.81,126.48,observed_estimated_cost
2350,2026-01-25,Pattaya_Central,Watermelon,9,127.17,2026-01-19,6,5,45.0,8.13,8.13,127.17,observed_estimated_cost
2351,2026-01-26,BKK_Ladprao,Guava,2,30.8,2026-01-26,6,5.5,49.0,9.4,9.4,30.8,observed_estimated_cost
2352,2026-01-26,BKK_Ladprao,PassionFruit,5,121.75,2026-01-26,6,6,65.0,18.35,18.35,121.75,observed_estimated_cost
2353,2026-01-26,BKK_Ladprao,Pineapple,4,60.72,2026-01-26,6,5,49.0,9.18,9.18,60.72,observed_estimated_cost
2354,2026-01-26,BKK_Ladprao,Watermelon,2,27.24,2026-01-26,6,5,45.0,7.62,7.62,27.24,observed_estimated_cost
2355,2026-01-26,BKK_Sukhumvit,Guava,8,123.2,2026-01-26,6,5.5,49.0,9.4,9.4,123.2,observed_estimated_cost
2356,2026-01-26,BKK_Sukhumvit,PassionFruit,4,97.4,2026-01-26,6,6,65.0,18.35,18.35,97.4,observed_estimated_cost
2357,2026-01-26,BKK_Sukhumvit,Pineapple,7,106.26,2026-01-26,6,5,49.0,9.18,9.18,106.26,observed_estimated_cost
2358,2026-01-26,BKK_Sukhumvit,Watermelon,6,81.72,2026-01-26,6,5,45.0,7.62,7.62,81.72,observed_estimated_cost
2359,2026-01-26,Pattaya_Beach,Guava,4,61.6,2026-01-26,6,5.5,49.0,9.4,9.4,61.6,observed_estimated_cost
2360,2026-01-26,Pattaya_Beach,PassionFruit,6,146.1,2026-01-26,6,6,65.0,18.35,18.35,146.1,observed_estimated_cost
2361,2026-01-26,Pattaya_Beach,Pineapple,5,75.9,2026-01-26,6,5,49.0,9.18,9.18,75.9,observed_estimated_cost
2362,2026-01-26,Pattaya_Beach,Watermelon,6,81.72,2026-01-26,6,5,45.0,7.62,7.62,81.72,observed_estimated_cost
2363,2026-01-26,Pattaya_Central,Guava,4,61.6,2026-01-26,6,5.5,49.0,9.4,9.4,61.6,observed_estimated_cost
2364,2026-01-26,Pattaya_Central,PassionFruit,5,121.75,2026-01-26,6,6,65.0,18.35,18.35,121.75,observed_estimated_cost
2365,2026-01-26,Pattaya_Central,Pineapple,5,75.9,2026-01-26,6,5,49.0,9.18,9.18,75.9,observed_estimated_cost
2366,2026-01-26,Pattaya_Central,Watermelon,9,122.58,2026-01-26,6,5,45.0,7.62,7.62,122.58,observed_estimated_cost
2367,2026-01-27,BKK_Ladprao,Guava,2,30.8,2026-01-26,6,5.5,49.0,9.4,9.4,30.8,observed_estimated_cost
2368,2026-01-27,BKK_Ladprao,PassionFruit,2,48.7,2026-01-26,6,6,65.0,18.35,18.35,48.7,observed_estimated_cost
2369,2026-01-27,BKK_Ladprao,Pineapple,5,75.9,2026-01-26,6,5,49.0,9.18,9.18,75.9,observed_estimated_cost
2370,2026-01-27,BKK_Ladprao,Watermelon,4,54.48,2026-01-26,6,5,45.0,7.62,7.62,54.48,observed_estimated_cost
2371,2026-01-27,BKK_Sukhumvit,Guava,5,77.0,2026-01-26,6,5.5,49.0,9.4,9.4,77.0,observed_estimated_cost
2372,2026-01-27,BKK_Sukhumvit,PassionFruit,3,73.05,2026-01-26,6,6,65.0,18.35,18.35,73.05,observed_estimated_cost
2373,2026-01-27,BKK_Sukhumvit,Pineapple,5,75.9,2026-01-26,6,5,49.0,9.18,9.18,75.9,observed_estimated_cost
2374,2026-01-27,BKK_Sukhumvit,Watermelon,6,81.72,2026-01-26,6,5,45.0,7.62,7.62,81.72,observed_estimated_cost
2375,2026-01-27,Pattaya_Beach,Guava,4,61.6,2026-01-26,6,5.5,49.0,9.4,9.4,61.6,observed_estimated_cost
2376,2026-01-27,Pattaya_Beach,PassionFruit,6,146.1,2026-01-26,6,6,65.0,18.35,18.35,146.1,observed_estimated_cost
2377,2026-01-27,Pattaya_Beach,Pineapple,3,45.54,2026-01-26,6,5,49.0,9.18,9.18,45.54,observed_estimated_cost
2378,2026-01-27,Pattaya_Beach,Watermelon,6,81.72,2026-01-26,6,5,45.0,7.62,7.62,81.72,observed_estimated_cost
2379,2026-01-27,Pattaya_Central,Guava,4,61.6,2026-01-26,6,5.5,49.0,9.4,9.4,61.6,observed_estimated_cost
2380,2026-01-27,Pattaya_Central,PassionFruit,4,97.4,2026-01-26,6,6,65.0,18.35,18.35,97.4,observed_estimated_cost
2381,2026-01-27,Pattaya_Central,Pineapple,7,106.26,2026-01-26,6,5,49.0,9.18,9.18,106.26,observed_estimated_cost
2382,2026-01-27,Pattaya_Central,Watermelon,8,108.96,2026-01-26,6,5,45.0,7.62,7.62,108.96,observed_estimated_cost
2383,2026-01-28,BKK_Ladprao,Guava,4,61.6,2026-01-26,6,5.5,49.0,9.4,9.4,61.6,observed_estimated_cost
2384,2026-01-28,BKK_Ladprao,PassionFruit,3,73.05,2026-01-26,6,6,65.0,18.35,18.35,73.05,observed_estimated_cost
2385,2026-01-28,BKK_Ladprao,Pineapple,7,106.26,2026-01-26,6,5,49.0,9.18,9.18,106.26,observed_estimated_cost
2386,2026-01-28,BKK_Ladprao,Watermelon,4,54.48,2026-01-26,6,5,45.0,7.62,7.62,54.48,observed_estimated_cost
2387,2026-01-28,BKK_Sukhumvit,Guava,5,77.0,2026-01-26,6,5.5,49.0,9.4,9.4,77.0,observed_estimated_cost
2388,2026-01-28,BKK_Sukhumvit,PassionFruit,4,97.4,2026-01-26,6,6,65.0,18.35,18.35,97.4,observed_estimated_cost
2389,2026-01-28,BKK_Sukhumvit,Pineapple,4,60.72,2026-01-26,6,5,49.0,9.18,9.18,60.72,observed_estimated_cost
2390,2026-01-28,BKK_Sukhumvit,Watermelon,4,54.48,2026-01-26,6,5,45.0,7.62,7.62,54.48,observed_estimated_cost
2391,2026-01-28,Pattaya_Beach,Guava,4,61.6,2026-01-26,6,5.5,49.0,9.4,9.4,61.6,observed_estimated_cost
2392,2026-01-28,Pattaya_Beach,PassionFruit,4,97.4,2026-01-26,6,6,65.0,18.35,18.35,97.4,observed_estimated_cost
2393,2026-01-28,Pattaya_Beach,Pineapple,5,75.9,2026-01-26,6,5,49.0,9.18,9.18,75.9,observed_estimated_cost
2394,2026-01-28,Pattaya_Beach,Watermelon,6,81.72,2026-01-26,6,5,45.0,7.62,7.62,81.72,observed_estimated_cost
2395,2026-01-28,Pattaya_Central,Guava,4,61.6,2026-01-26,6,5.5,49.0,9.4,9.4,61.6,observed_estimated_cost
2396,2026-01-28,Pattaya_Central,PassionFruit,10,243.5,2026-01-26,6,6,65.0,18.35,18.35,243.5,observed_estimated_cost
2397,2026-01-28,Pattaya_Central,Pineapple,4,60.72,2026-01-26,6,5,49.0,9.18,9.18,60.72,observed_estimated_cost
2398,2026-01-28,Pattaya_Central,Watermelon,7,95.34,2026-01-26,6,5,45.0,7.62,7.62,95.34,observed_estimated_cost
2399,2026-01-29,BKK_Ladprao,Guava,3,46.2,2026-01-26,6,5.5,49.0,9.4,9.4,46.2,observed_estimated_cost
2400,2026-01-29,BKK_Ladprao,PassionFruit,4,97.4,2026-01-26,6,6,65.0,18.35,18.35,97.4,observed_estimated_cost
2401,2026-01-29,BKK_Ladprao,Pineapple,4,60.72,2026-01-26,6,5,49.0,9.18,9.18,60.72,observed_estimated_cost
2402,2026-01-29,BKK_Ladprao,Watermelon,5,68.1,2026-01-26,6,5,45.0,7.62,7.62,68.1,observed_estimated_cost
2403,2026-01-29,BKK_Sukhumvit,Guava,6,92.4,2026-01-26,6,5.5,49.0,9.4,9.4,92.4,observed_estimated_cost
2404,2026-01-29,BKK_Sukhumvit,PassionFruit,4,97.4,2026-01-26,6,6,65.0,18.35,18.35,97.4,observed_estimated_cost
2405,2026-01-29,BKK_Sukhumvit,Pineapple,3,45.54,2026-01-26,6,5,49.0,9.18,9.18,45.54,observed_estimated_cost
2406,2026-01-29,BKK_Sukhumvit,Watermelon,5,68.1,2026-01-26,6,5,45.0,7.62,7.62,68.1,observed_estimated_cost
2407,2026-01-29,Pattaya_Beach,Guava,3,46.2,2026-01-26,6,5.5,49.0,9.4,9.4,46.2,observed_estimated_cost
2408,2026-01-29,Pattaya_Beach,PassionFruit,5,121.75,2026-01-26,6,6,65.0,18.35,18.35,121.75,observed_estimated_cost
2409,2026-01-29,Pattaya_Beach,Pineapple,5,75.9,2026-01-26,6,5,49.0,9.18,9.18,75.9,observed_estimated_cost
2410,2026-01-29,Pattaya_Beach,Watermelon,5,68.1,2026-01-26,6,5,45.0,7.62,7.62,68.1,observed_estimated_cost
2411,2026-01-29,Pattaya_Central,Guava,6,92.4,2026-01-26,6,5.5,49.0,9.4,9.4,92.4,observed_estimated_cost
2412,2026-01-29,Pattaya_Central,PassionFruit,4,97.4,2026-01-26,6,6,65.0,18.35,18.35,97.4,observed_estimated_cost
2413,2026-01-29,Pattaya_Central,Pineapple,7,106.26,2026-01-26,6,5,49.0,9.18,9.18,106.26,observed_estimated_cost
2414,2026-01-29,Pattaya_Central,Watermelon,8,108.96,2026-01-26,6,5,45.0,7.62,7.62,108.96,observed_estimated_cost
2415,2026-01-30,BKK_Ladprao,Guava,5,77.0,2026-01-26,6,5.5,49.0,9.4,9.4,77.0,observed_estimated_cost
2416,2026-01-30,BKK_Ladprao,PassionFruit,3,73.05,2026-01-26,6,6,65.0,18.35,18.35,73.05,observed_estimated_cost
2417,2026-01-30,BKK_Ladprao,Pineapple,2,30.36,2026-01-26,6,5,49.0,9.18,9.18,30.36,observed_estimated_cost
2418,2026-01-30,BKK_Ladprao,Watermelon,7,95.34,2026-01-26,6,5,45.0,7.62,7.62,95.34,observed_estimated_cost
2419,2026-01-30,BKK_Sukhumvit,Guava,3,46.2,2026-01-26,6,5.5,49.0,9.4,9.4,46.2,observed_estimated_cost
2420,2026-01-30,BKK_Sukhumvit,PassionFruit,1,24.35,2026-01-26,6,6,65.0,18.35,18.35,24.35,observed_estimated_cost
2421,2026-01-30,BKK_Sukhumvit,Pineapple,5,75.9,2026-01-26,6,5,49.0,9.18,9.18,75.9,observed_estimated_cost
2422,2026-01-30,BKK_Sukhumvit,Watermelon,4,54.48,2026-01-26,6,5,45.0,7.62,7.62,54.48,observed_estimated_cost
2423,2026-01-30,Pattaya_Beach,Guava,3,46.2,2026-01-26,6,5.5,49.0,9.4,9.4,46.2,observed_estimated_cost
2424,2026-01-30,Pattaya_Beach,PassionFruit,7,170.45,2026-01-26,6,6,65.0,18.35,18.35,170.45,observed_estimated_cost
2425,2026-01-30,Pattaya_Beach,Pineapple,3,45.54,2026-01-26,6,5,49.0,9.18,9.18,45.54,observed_estimated_cost
2426,2026-01-30,Pattaya_Beach,Watermelon,7,95.34,2026-01-26,6,5,45.0,7.62,7.62,95.34,observed_estimated_cost
2427,2026-01-30,Pattaya_Central,Guava,5,77.0,2026-01-26,6,5.5,49.0,9.4,9.4,77.0,observed_estimated_cost
2428,2026-01-30,Pattaya_Central,PassionFruit,2,48.7,2026-01-26,6,6,65.0,18.35,18.35,48.7,observed_estimated_cost
2429,2026-01-30,Pattaya_Central,Pineapple,6,91.08,2026-01-26,6,5,49.0,9.18,9.18,91.08,observed_estimated_cost
2430,2026-01-30,Pattaya_Central,Watermelon,6,81.72,2026-01-26,6,5,45.0,7.62,7.62,81.72,observed_estimated_cost
2431,2026-01-31,BKK_Ladprao,Guava,1,15.4,2026-01-26,6,5.5,49.0,9.4,9.4,15.4,observed_estimated_cost
2432,2026-01-31,BKK_Ladprao,PassionFruit,8,194.8,2026-01-26,6,6,65.0,18.35,18.35,194.8,observed_estimated_cost
2433,2026-01-31,BKK_Ladprao,Pineapple,6,91.08,2026-01-26,6,5,49.0,9.18,9.18,91.08,observed_estimated_cost
2434,2026-01-31,BKK_Ladprao,Watermelon,4,54.48,2026-01-26,6,5,45.0,7.62,7.62,54.48,observed_estimated_cost
2435,2026-01-31,BKK_Sukhumvit,Guava,3,46.2,2026-01-26,6,5.5,49.0,9.4,9.4,46.2,observed_estimated_cost
2436,2026-01-31,BKK_Sukhumvit,PassionFruit,3,73.05,2026-01-26,6,6,65.0,18.35,18.35,73.05,observed_estimated_cost
2437,2026-01-31,BKK_Sukhumvit,Pineapple,7,106.26,2026-01-26,6,5,49.0,9.18,9.18,106.26,observed_estimated_cost
2438,2026-01-31,BKK_Sukhumvit,Watermelon,3,40.86,2026-01-26,6,5,45.0,7.62,7.62,40.86,observed_estimated_cost
2439,2026-01-31,Pattaya_Beach,Guava,6,92.4,2026-01-26,6,5.5,49.0,9.4,9.4,92.4,observed_estimated_cost
2440,2026-01-31,Pattaya_Beach,PassionFruit,5,121.75,2026-01-26,6,6,65.0,18.35,18.35,121.75,observed_estimated_cost
2441,2026-01-31,Pattaya_Beach,Pineapple,9,136.62,2026-01-26,6,5,49.0,9.18,9.18,136.62,observed_estimated_cost
2442,2026-01-31,Pattaya_Beach,Watermelon,9,122.58,2026-01-26,6,5,45.0,7.62,7.62,122.58,observed_estimated_cost
2443,2026-01-31,Pattaya_Central,Guava,4,61.6,2026-01-26,6,5.5,49.0,9.4,9.4,61.6,observed_estimated_cost
2444,2026-01-31,Pattaya_Central,PassionFruit,8,194.8,2026-01-26,6,6,65.0,18.35,18.35,194.8,observed_estimated_cost
2445,2026-01-31,Pattaya_Central,Pineapple,7,106.26,2026-01-26,6,5,49.0,9.18,9.18,106.26,observed_estimated_cost
2446,2026-01-31,Pattaya_Central,Watermelon,6,81.72,2026-01-26,6,5,45.0,7.62,7.62,81.72,observed_estimated_cost
2447,2026-02-01,BKK_Ladprao,Guava,2,30.8,2026-01-26,6,5.5,49.0,9.4,9.4,30.8,observed_estimated_cost
2448,2026-02-01,BKK_Ladprao,PassionFruit,6,146.1,2026-01-26,6,6,65.0,18.35,18.35,146.1,observed_estimated_cost
2449,2026-02-01,BKK_Ladprao,Pineapple,6,91.08,2026-01-26,6,5,49.0,9.18,9.18,91.08,observed_estimated_cost
2450,2026-02-01,BKK_Ladprao,Watermelon,4,54.48,2026-01-26,6,5,45.0,7.62,7.62,54.48,observed_estimated_cost
2451,2026-02-01,BKK_Sukhumvit,Guava,3,46.2,2026-01-26,6,5.5,49.0,9.4,9.4,46.2,observed_estimated_cost
2452,2026-02-01,BKK_Sukhumvit,PassionFruit,4,97.4,2026-01-26,6,6,65.0,18.35,18.35,97.4,observed_estimated_cost
2453,2026-02-01,BKK_Sukhumvit,Pineapple,5,75.9,2026-01-26,6,5,49.0,9.18,9.18,75.9,observed_estimated_cost
2454,2026-02-01,BKK_Sukhumvit,Watermelon,5,68.1,2026-01-26,6,5,45.0,7.62,7.62,68.1,observed_estimated_cost
2455,2026-02-01,Pattaya_Beach,Guava,4,61.6,2026-01-26,6,5.5,49.0,9.4,9.4,61.6,observed_estimated_cost
2456,2026-02-01,Pattaya_Beach,PassionFruit,10,243.5,2026-01-26,6,6,65.0,18.35,18.35,243.5,observed_estimated_cost
2457,2026-02-01,Pattaya_Beach,Pineapple,6,91.08,2026-01-26,6,5,49.0,9.18,9.18,91.08,observed_estimated_cost
2458,2026-02-01,Pattaya_Beach,Watermelon,6,81.72,2026-01-26,6,5,45.0,7.62,7.62,81.72,observed_estimated_cost
2459,2026-02-01,Pattaya_Central,Guava,4,61.6,2026-01-26,6,5.5,49.0,9.4,9.4,61.6,observed_estimated_cost
2460,2026-02-01,Pattaya_Central,PassionFruit,7,170.45,2026-01-26,6,6,65.0,18.35,18.35,170.45,observed_estimated_cost
2461,2026-02-01,Pattaya_Central,Pineapple,10,151.8,2026-01-26,6,5,49.0,9.18,9.18,151.8,observed_estimated_cost
2462,2026-02-01,Pattaya_Central,Watermelon,7,95.34,2026-01-26,6,5,45.0,7.62,7.62,95.34,observed_estimated_cost
2463,2026-02-02,BKK_Ladprao,Guava,5,71.85,2026-02-02,6,5.5,49.0,8.37,8.37,71.85,observed_estimated_cost
2464,2026-02-02,BKK_Ladprao,PassionFruit,9,224.82,2026-02-02,6,6,65.0,18.98,18.98,224.82,observed_estimated_cost
2465,2026-02-02,BKK_Ladprao,Pineapple,7,112.0,2026-02-02,6,5,49.0,10.0,10.0,112.0,observed_estimated_cost
2466,2026-02-02,BKK_Ladprao,Watermelon,6,82.38,2026-02-02,6,5,45.0,7.73,7.73,82.38,observed_estimated_cost
2467,2026-02-02,BKK_Sukhumvit,Guava,3,43.11,2026-02-02,6,5.5,49.0,8.37,8.37,43.11,observed_estimated_cost
2468,2026-02-02,BKK_Sukhumvit,PassionFruit,11,274.78,2026-02-02,6,6,65.0,18.98,18.98,274.78,observed_estimated_cost
2469,2026-02-02,BKK_Sukhumvit,Pineapple,10,160.0,2026-02-02,6,5,49.0,10.0,10.0,160.0,observed_estimated_cost
2470,2026-02-02,BKK_Sukhumvit,Watermelon,10,137.3,2026-02-02,6,5,45.0,7.73,7.73,137.3,observed_estimated_cost
2471,2026-02-02,Pattaya_Beach,Guava,9,129.33,2026-02-02,6,5.5,49.0,8.37,8.37,129.33,observed_estimated_cost
2472,2026-02-02,Pattaya_Beach,PassionFruit,13,324.74,2026-02-02,6,6,65.0,18.98,18.98,324.74,observed_estimated_cost
2473,2026-02-02,Pattaya_Beach,Pineapple,11,176.0,2026-02-02,6,5,49.0,10.0,10.0,176.0,observed_estimated_cost
2474,2026-02-02,Pattaya_Beach,Watermelon,8,109.84,2026-02-02,6,5,45.0,7.73,7.73,109.84,observed_estimated_cost
2475,2026-02-02,Pattaya_Central,Guava,12,172.44,2026-02-02,6,5.5,49.0,8.37,8.37,172.44,observed_estimated_cost
2476,2026-02-02,Pattaya_Central,PassionFruit,3,74.94,2026-02-02,6,6,65.0,18.98,18.98,74.94,observed_estimated_cost
2477,2026-02-02,Pattaya_Central,Pineapple,14,224.0,2026-02-02,6,5,49.0,10.0,10.0,224.0,observed_estimated_cost
2478,2026-02-02,Pattaya_Central,Watermelon,13,178.49,2026-02-02,6,5,45.0,7.73,7.73,178.49,observed_estimated_cost
2479,2026-02-03,BKK_Ladprao,Guava,3,43.11,2026-02-02,6,5.5,49.0,8.37,8.37,43.11,observed_estimated_cost
2480,2026-02-03,BKK_Ladprao,PassionFruit,6,149.88,2026-02-02,6,6,65.0,18.98,18.98,149.88,observed_estimated_cost
2481,2026-02-03,BKK_Ladprao,Pineapple,2,32.0,2026-02-02,6,5,49.0,10.0,10.0,32.0,observed_estimated_cost
2482,2026-02-03,BKK_Ladprao,Watermelon,5,68.65,2026-02-02,6,5,45.0,7.73,7.73,68.65,observed_estimated_cost
2483,2026-02-03,BKK_Sukhumvit,Guava,5,71.85,2026-02-02,6,5.5,49.0,8.37,8.37,71.85,observed_estimated_cost
2484,2026-02-03,BKK_Sukhumvit,PassionFruit,6,149.88,2026-02-02,6,6,65.0,18.98,18.98,149.88,observed_estimated_cost
2485,2026-02-03,BKK_Sukhumvit,Pineapple,3,48.0,2026-02-02,6,5,49.0,10.0,10.0,48.0,observed_estimated_cost
2486,2026-02-03,BKK_Sukhumvit,Watermelon,3,41.19,2026-02-02,6,5,45.0,7.73,7.73,41.19,observed_estimated_cost
2487,2026-02-03,Pattaya_Beach,Guava,5,71.85,2026-02-02,6,5.5,49.0,8.37,8.37,71.85,observed_estimated_cost
2488,2026-02-03,Pattaya_Beach,PassionFruit,4,99.92,2026-02-02,6,6,65.0,18.98,18.98,99.92,observed_estimated_cost
2489,2026-02-03,Pattaya_Beach,Pineapple,5,80.0,2026-02-02,6,5,49.0,10.0,10.0,80.0,observed_estimated_cost
2490,2026-02-03,Pattaya_Beach,Watermelon,9,123.57,2026-02-02,6,5,45.0,7.73,7.73,123.57,observed_estimated_cost
2491,2026-02-03,Pattaya_Central,Guava,1,14.37,2026-02-02,6,5.5,49.0,8.37,8.37,14.37,observed_estimated_cost
2492,2026-02-03,Pattaya_Central,PassionFruit,4,99.92,2026-02-02,6,6,65.0,18.98,18.98,99.92,observed_estimated_cost
2493,2026-02-03,Pattaya_Central,Pineapple,4,64.0,2026-02-02,6,5,49.0,10.0,10.0,64.0,observed_estimated_cost
2494,2026-02-03,Pattaya_Central,Watermelon,8,109.84,2026-02-02,6,5,45.0,7.73,7.73,109.84,observed_estimated_cost
2495,2026-02-04,BKK_Ladprao,Guava,5,71.85,2026-02-02,6,5.5,49.0,8.37,8.37,71.85,observed_estimated_cost
2496,2026-02-04,BKK_Ladprao,PassionFruit,6,149.88,2026-02-02,6,6,65.0,18.98,18.98,149.88,observed_estimated_cost
2497,2026-02-04,BKK_Ladprao,Pineapple,7,112.0,2026-02-02,6,5,49.0,10.0,10.0,112.0,observed_estimated_cost
2498,2026-02-04,BKK_Ladprao,Watermelon,4,54.92,2026-02-02,6,5,45.0,7.73,7.73,54.92,observed_estimated_cost
2499,2026-02-04,BKK_Sukhumvit,Guava,4,57.48,2026-02-02,6,5.5,49.0,8.37,8.37,57.48,observed_estimated_cost
2500,2026-02-04,BKK_Sukhumvit,PassionFruit,5,124.9,2026-02-02,6,6,65.0,18.98,18.98,124.9,observed_estimated_cost
2501,2026-02-04,BKK_Sukhumvit,Pineapple,6,96.0,2026-02-02,6,5,49.0,10.0,10.0,96.0,observed_estimated_cost
2502,2026-02-04,BKK_Sukhumvit,Watermelon,4,54.92,2026-02-02,6,5,45.0,7.73,7.73,54.92,observed_estimated_cost
2503,2026-02-04,Pattaya_Beach,Guava,5,71.85,2026-02-02,6,5.5,49.0,8.37,8.37,71.85,observed_estimated_cost
2504,2026-02-04,Pattaya_Beach,PassionFruit,4,99.92,2026-02-02,6,6,65.0,18.98,18.98,99.92,observed_estimated_cost
2505,2026-02-04,Pattaya_Beach,Pineapple,3,48.0,2026-02-02,6,5,49.0,10.0,10.0,48.0,observed_estimated_cost
2506,2026-02-04,Pattaya_Beach,Watermelon,5,68.65,2026-02-02,6,5,45.0,7.73,7.73,68.65,observed_estimated_cost
2507,2026-02-04,Pattaya_Central,Guava,6,86.22,2026-02-02,6,5.5,49.0,8.37,8.37,86.22,observed_estimated_cost
2508,2026-02-04,Pattaya_Central,PassionFruit,4,99.92,2026-02-02,6,6,65.0,18.98,18.98,99.92,observed_estimated_cost
2509,2026-02-04,Pattaya_Central,Pineapple,6,96.0,2026-02-02,6,5,49.0,10.0,10.0,96.0,observed_estimated_cost
2510,2026-02-04,Pattaya_Central,Watermelon,5,68.65,2026-02-02,6,5,45.0,7.73,7.73,68.65,observed_estimated_cost
2511,2026-02-05,BKK_Ladprao,Guava,6,86.22,2026-02-02,6,5.5,49.0,8.37,8.37,86.22,observed_estimated_cost
2512,2026-02-05,BKK_Ladprao,PassionFruit,3,74.94,2026-02-02,6,6,65.0,18.98,18.98,74.94,observed_estimated_cost
2513,2026-02-05,BKK_Ladprao,Pineapple,5,80.0,2026-02-02,6,5,49.0,10.0,10.0,80.0,observed_estimated_cost
2514,2026-02-05,BKK_Ladprao,Watermelon,4,54.92,2026-02-02,6,5,45.0,7.73,7.73,54.92,observed_estimated_cost
2515,2026-02-05,BKK_Sukhumvit,Guava,3,43.11,2026-02-02,6,5.5,49.0,8.37,8.37,43.11,observed_estimated_cost
2516,2026-02-05,BKK_Sukhumvit,PassionFruit,6,149.88,2026-02-02,6,6,65.0,18.98,18.98,149.88,observed_estimated_cost
2517,2026-02-05,BKK_Sukhumvit,Pineapple,6,96.0,2026-02-02,6,5,49.0,10.0,10.0,96.0,observed_estimated_cost
2518,2026-02-05,BKK_Sukhumvit,Watermelon,4,54.92,2026-02-02,6,5,45.0,7.73,7.73,54.92,observed_estimated_cost
2519,2026-02-05,Pattaya_Beach,Guava,4,57.48,2026-02-02,6,5.5,49.0,8.37,8.37,57.48,observed_estimated_cost
2520,2026-02-05,Pattaya_Beach,PassionFruit,4,99.92,2026-02-02,6,6,65.0,18.98,18.98,99.92,observed_estimated_cost
2521,2026-02-05,Pattaya_Beach,Pineapple,6,96.0,2026-02-02,6,5,49.0,10.0,10.0,96.0,observed_estimated_cost
2522,2026-02-05,Pattaya_Beach,Watermelon,6,82.38,2026-02-02,6,5,45.0,7.73,7.73,82.38,observed_estimated_cost
2523,2026-02-05,Pattaya_Central,Guava,6,86.22,2026-02-02,6,5.5,49.0,8.37,8.37,86.22,observed_estimated_cost
2524,2026-02-05,Pattaya_Central,PassionFruit,8,199.84,2026-02-02,6,6,65.0,18.98,18.98,199.84,observed_estimated_cost
2525,2026-02-05,Pattaya_Central,Pineapple,5,80.0,2026-02-02,6,5,49.0,10.0,10.0,80.0,observed_estimated_cost
2526,2026-02-05,Pattaya_Central,Watermelon,8,109.84,2026-02-02,6,5,45.0,7.73,7.73,109.84,observed_estimated_cost
2527,2026-02-06,BKK_Ladprao,Guava,4,57.48,2026-02-02,6,5.5,49.0,8.37,8.37,57.48,observed_estimated_cost
2528,2026-02-06,BKK_Ladprao,PassionFruit,4,99.92,2026-02-02,6,6,65.0,18.98,18.98,99.92,observed_estimated_cost
2529,2026-02-06,BKK_Ladprao,Pineapple,5,80.0,2026-02-02,6,5,49.0,10.0,10.0,80.0,observed_estimated_cost
2530,2026-02-06,BKK_Ladprao,Watermelon,4,54.92,2026-02-02,6,5,45.0,7.73,7.73,54.92,observed_estimated_cost
2531,2026-02-06,BKK_Sukhumvit,Guava,4,57.48,2026-02-02,6,5.5,49.0,8.37,8.37,57.48,observed_estimated_cost
2532,2026-02-06,BKK_Sukhumvit,PassionFruit,5,124.9,2026-02-02,6,6,65.0,18.98,18.98,124.9,observed_estimated_cost
2533,2026-02-06,BKK_Sukhumvit,Pineapple,6,96.0,2026-02-02,6,5,49.0,10.0,10.0,96.0,observed_estimated_cost
2534,2026-02-06,BKK_Sukhumvit,Watermelon,3,41.19,2026-02-02,6,5,45.0,7.73,7.73,41.19,observed_estimated_cost
2535,2026-02-06,Pattaya_Beach,Guava,3,43.11,2026-02-02,6,5.5,49.0,8.37,8.37,43.11,observed_estimated_cost
2536,2026-02-06,Pattaya_Beach,PassionFruit,6,149.88,2026-02-02,6,6,65.0,18.98,18.98,149.88,observed_estimated_cost
2537,2026-02-06,Pattaya_Beach,Pineapple,7,112.0,2026-02-02,6,5,49.0,10.0,10.0,112.0,observed_estimated_cost
2538,2026-02-06,Pattaya_Beach,Watermelon,7,96.11,2026-02-02,6,5,45.0,7.73,7.73,96.11,observed_estimated_cost
2539,2026-02-06,Pattaya_Central,Guava,3,43.11,2026-02-02,6,5.5,49.0,8.37,8.37,43.11,observed_estimated_cost
2540,2026-02-06,Pattaya_Central,PassionFruit,7,174.86,2026-02-02,6,6,65.0,18.98,18.98,174.86,observed_estimated_cost
2541,2026-02-06,Pattaya_Central,Pineapple,8,128.0,2026-02-02,6,5,49.0,10.0,10.0,128.0,observed_estimated_cost
2542,2026-02-06,Pattaya_Central,Watermelon,5,68.65,2026-02-02,6,5,45.0,7.73,7.73,68.65,observed_estimated_cost
2543,2026-02-07,BKK_Ladprao,Guava,3,43.11,2026-02-02,6,5.5,49.0,8.37,8.37,43.11,observed_estimated_cost
2544,2026-02-07,BKK_Ladprao,PassionFruit,4,99.92,2026-02-02,6,6,65.0,18.98,18.98,99.92,observed_estimated_cost
2545,2026-02-07,BKK_Ladprao,Pineapple,8,128.0,2026-02-02,6,5,49.0,10.0,10.0,128.0,observed_estimated_cost
2546,2026-02-07,BKK_Ladprao,Watermelon,5,68.65,2026-02-02,6,5,45.0,7.73,7.73,68.65,observed_estimated_cost
2547,2026-02-07,BKK_Sukhumvit,Guava,5,71.85,2026-02-02,6,5.5,49.0,8.37,8.37,71.85,observed_estimated_cost
2548,2026-02-07,BKK_Sukhumvit,PassionFruit,7,174.86,2026-02-02,6,6,65.0,18.98,18.98,174.86,observed_estimated_cost
2549,2026-02-07,BKK_Sukhumvit,Pineapple,6,96.0,2026-02-02,6,5,49.0,10.0,10.0,96.0,observed_estimated_cost
2550,2026-02-07,BKK_Sukhumvit,Watermelon,5,68.65,2026-02-02,6,5,45.0,7.73,7.73,68.65,observed_estimated_cost
2551,2026-02-07,Pattaya_Beach,Guava,3,43.11,2026-02-02,6,5.5,49.0,8.37,8.37,43.11,observed_estimated_cost
2552,2026-02-07,Pattaya_Beach,PassionFruit,7,174.86,2026-02-02,6,6,65.0,18.98,18.98,174.86,observed_estimated_cost
2553,2026-02-07,Pattaya_Beach,Pineapple,7,112.0,2026-02-02,6,5,49.0,10.0,10.0,112.0,observed_estimated_cost
2554,2026-02-07,Pattaya_Beach,Watermelon,5,68.65,2026-02-02,6,5,45.0,7.73,7.73,68.65,observed_estimated_cost
2555,2026-02-07,Pattaya_Central,Guava,4,57.48,2026-02-02,6,5.5,49.0,8.37,8.37,57.48,observed_estimated_cost
2556,2026-02-07,Pattaya_Central,PassionFruit,8,199.84,2026-02-02,6,6,65.0,18.98,18.98,199.84,observed_estimated_cost
2557,2026-02-07,Pattaya_Central,Pineapple,5,80.0,2026-02-02,6,5,49.0,10.0,10.0,80.0,observed_estimated_cost
2558,2026-02-07,Pattaya_Central,Watermelon,5,68.65,2026-02-02,6,5,45.0,7.73,7.73,68.65,observed_estimated_cost
2559,2026-02-08,BKK_Ladprao,Guava,3,43.11,2026-02-02,6,5.5,49.0,8.37,8.37,43.11,observed_estimated_cost
2560,2026-02-08,BKK_Ladprao,PassionFruit,5,124.9,2026-02-02,6,6,65.0,18.98,18.98,124.9,observed_estimated_cost
2561,2026-02-08,BKK_Ladprao,Pineapple,7,112.0,2026-02-02,6,5,49.0,10.0,10.0,112.0,observed_estimated_cost
2562,2026-02-08,BKK_Ladprao,Watermelon,5,68.65,2026-02-02,6,5,45.0,7.73,7.73,68.65,observed_estimated_cost
2563,2026-02-08,BKK_Sukhumvit,Guava,5,71.85,2026-02-02,6,5.5,49.0,8.37,8.37,71.85,observed_estimated_cost
2564,2026-02-08,BKK_Sukhumvit,PassionFruit,5,124.9,2026-02-02,6,6,65.0,18.98,18.98,124.9,observed_estimated_cost
2565,2026-02-08,BKK_Sukhumvit,Pineapple,4,64.0,2026-02-02,6,5,49.0,10.0,10.0,64.0,observed_estimated_cost
2566,2026-02-08,BKK_Sukhumvit,Watermelon,3,41.19,2026-02-02,6,5,45.0,7.73,7.73,41.19,observed_estimated_cost
2567,2026-02-08,Pattaya_Beach,Guava,3,43.11,2026-02-02,6,5.5,49.0,8.37,8.37,43.11,observed_estimated_cost
2568,2026-02-08,Pattaya_Beach,PassionFruit,6,149.88,2026-02-02,6,6,65.0,18.98,18.98,149.88,observed_estimated_cost
2569,2026-02-08,Pattaya_Beach,Pineapple,6,96.0,2026-02-02,6,5,49.0,10.0,10.0,96.0,observed_estimated_cost
2570,2026-02-08,Pattaya_Beach,Watermelon,6,82.38,2026-02-02,6,5,45.0,7.73,7.73,82.38,observed_estimated_cost
2571,2026-02-08,Pattaya_Central,Guava,6,86.22,2026-02-02,6,5.5,49.0,8.37,8.37,86.22,observed_estimated_cost
2572,2026-02-08,Pattaya_Central,PassionFruit,10,249.8,2026-02-02,6,6,65.0,18.98,18.98,249.8,observed_estimated_cost
2573,2026-02-08,Pattaya_Central,Pineapple,8,128.0,2026-02-02,6,5,49.0,10.0,10.0,128.0,observed_estimated_cost
2574,2026-02-08,Pattaya_Central,Watermelon,10,137.3,2026-02-02,6,5,45.0,7.73,7.73,137.3,observed_estimated_cost
2575,2026-02-09,BKK_Ladprao,Guava,1,14.64,2026-02-09,6,5.5,49.0,8.64,8.64,14.64,observed_estimated_cost
2576,2026-02-09,BKK_Ladprao,PassionFruit,3,74.4,2026-02-09,6,6,65.0,18.8,18.8,74.4,observed_estimated_cost
2577,2026-02-09,BKK_Ladprao,Pineapple,6,94.56,2026-02-09,6,5,49.0,9.76,9.76,94.56,observed_estimated_cost
2578,2026-02-09,BKK_Ladprao,Watermelon,7,97.72,2026-02-09,6,5,45.0,7.96,7.96,97.72,observed_estimated_cost
2579,2026-02-09,BKK_Sukhumvit,Guava,2,29.28,2026-02-09,6,5.5,49.0,8.64,8.64,29.28,observed_estimated_cost
2580,2026-02-09,BKK_Sukhumvit,PassionFruit,3,74.4,2026-02-09,6,6,65.0,18.8,18.8,74.4,observed_estimated_cost
2581,2026-02-09,BKK_Sukhumvit,Pineapple,3,47.28,2026-02-09,6,5,49.0,9.76,9.76,47.28,observed_estimated_cost
2582,2026-02-09,BKK_Sukhumvit,Watermelon,7,97.72,2026-02-09,6,5,45.0,7.96,7.96,97.72,observed_estimated_cost
2583,2026-02-09,Pattaya_Beach,Guava,3,43.92,2026-02-09,6,5.5,49.0,8.64,8.64,43.92,observed_estimated_cost
2584,2026-02-09,Pattaya_Beach,PassionFruit,7,173.6,2026-02-09,6,6,65.0,18.8,18.8,173.6,observed_estimated_cost
2585,2026-02-09,Pattaya_Beach,Pineapple,5,78.8,2026-02-09,6,5,49.0,9.76,9.76,78.8,observed_estimated_cost
2586,2026-02-09,Pattaya_Beach,Watermelon,6,83.76,2026-02-09,6,5,45.0,7.96,7.96,83.76,observed_estimated_cost
2587,2026-02-09,Pattaya_Central,Guava,6,87.84,2026-02-09,6,5.5,49.0,8.64,8.64,87.84,observed_estimated_cost
2588,2026-02-09,Pattaya_Central,PassionFruit,7,173.6,2026-02-09,6,6,65.0,18.8,18.8,173.6,observed_estimated_cost
2589,2026-02-09,Pattaya_Central,Pineapple,4,63.04,2026-02-09,6,5,49.0,9.76,9.76,63.04,observed_estimated_cost
2590,2026-02-09,Pattaya_Central,Watermelon,6,83.76,2026-02-09,6,5,45.0,7.96,7.96,83.76,observed_estimated_cost
2591,2026-02-10,BKK_Ladprao,Guava,4,58.56,2026-02-09,6,5.5,49.0,8.64,8.64,58.56,observed_estimated_cost
2592,2026-02-10,BKK_Ladprao,PassionFruit,6,148.8,2026-02-09,6,6,65.0,18.8,18.8,148.8,observed_estimated_cost
2593,2026-02-10,BKK_Ladprao,Pineapple,4,63.04,2026-02-09,6,5,49.0,9.76,9.76,63.04,observed_estimated_cost
2594,2026-02-10,BKK_Ladprao,Watermelon,4,55.84,2026-02-09,6,5,45.0,7.96,7.96,55.84,observed_estimated_cost
2595,2026-02-10,BKK_Sukhumvit,Guava,4,58.56,2026-02-09,6,5.5,49.0,8.64,8.64,58.56,observed_estimated_cost
2596,2026-02-10,BKK_Sukhumvit,PassionFruit,4,99.2,2026-02-09,6,6,65.0,18.8,18.8,99.2,observed_estimated_cost
2597,2026-02-10,BKK_Sukhumvit,Pineapple,7,110.32,2026-02-09,6,5,49.0,9.76,9.76,110.32,observed_estimated_cost
2598,2026-02-10,BKK_Sukhumvit,Watermelon,6,83.76,2026-02-09,6,5,45.0,7.96,7.96,83.76,observed_estimated_cost
2599,2026-02-10,Pattaya_Beach,Guava,7,102.48,2026-02-09,6,5.5,49.0,8.64,8.64,102.48,observed_estimated_cost
2600,2026-02-10,Pattaya_Beach,PassionFruit,6,148.8,2026-02-09,6,6,65.0,18.8,18.8,148.8,observed_estimated_cost
2601,2026-02-10,Pattaya_Beach,Pineapple,6,94.56,2026-02-09,6,5,49.0,9.76,9.76,94.56,observed_estimated_cost
2602,2026-02-10,Pattaya_Beach,Watermelon,6,83.76,2026-02-09,6,5,45.0,7.96,7.96,83.76,observed_estimated_cost
2603,2026-02-10,Pattaya_Central,Guava,6,87.84,2026-02-09,6,5.5,49.0,8.64,8.64,87.84,observed_estimated_cost
2604,2026-02-10,Pattaya_Central,PassionFruit,4,99.2,2026-02-09,6,6,65.0,18.8,18.8,99.2,observed_estimated_cost
2605,2026-02-10,Pattaya_Central,Pineapple,5,78.8,2026-02-09,6,5,49.0,9.76,9.76,78.8,observed_estimated_cost
2606,2026-02-10,Pattaya_Central,Watermelon,5,69.8,2026-02-09,6,5,45.0,7.96,7.96,69.8,observed_estimated_cost
2607,2026-02-11,BKK_Ladprao,Guava,6,87.84,2026-02-09,6,5.5,49.0,8.64,8.64,87.84,observed_estimated_cost
2608,2026-02-11,BKK_Ladprao,PassionFruit,5,124.0,2026-02-09,6,6,65.0,18.8,18.8,124.0,observed_estimated_cost
2609,2026-02-11,BKK_Ladprao,Pineapple,4,63.04,2026-02-09,6,5,49.0,9.76,9.76,63.04,observed_estimated_cost
2610,2026-02-11,BKK_Ladprao,Watermelon,9,125.64,2026-02-09,6,5,45.0,7.96,7.96,125.64,observed_estimated_cost
2611,2026-02-11,BKK_Sukhumvit,Guava,6,87.84,2026-02-09,6,5.5,49.0,8.64,8.64,87.84,observed_estimated_cost
2612,2026-02-11,BKK_Sukhumvit,PassionFruit,6,148.8,2026-02-09,6,6,65.0,18.8,18.8,148.8,observed_estimated_cost
2613,2026-02-11,BKK_Sukhumvit,Pineapple,4,63.04,2026-02-09,6,5,49.0,9.76,9.76,63.04,observed_estimated_cost
2614,2026-02-11,BKK_Sukhumvit,Watermelon,11,153.56,2026-02-09,6,5,45.0,7.96,7.96,153.56,observed_estimated_cost
2615,2026-02-11,Pattaya_Beach,Guava,3,43.92,2026-02-09,6,5.5,49.0,8.64,8.64,43.92,observed_estimated_cost
2616,2026-02-11,Pattaya_Beach,PassionFruit,7,173.6,2026-02-09,6,6,65.0,18.8,18.8,173.6,observed_estimated_cost
2617,2026-02-11,Pattaya_Beach,Pineapple,7,110.32,2026-02-09,6,5,49.0,9.76,9.76,110.32,observed_estimated_cost
2618,2026-02-11,Pattaya_Beach,Watermelon,8,111.68,2026-02-09,6,5,45.0,7.96,7.96,111.68,observed_estimated_cost
2619,2026-02-11,Pattaya_Central,Guava,3,43.92,2026-02-09,6,5.5,49.0,8.64,8.64,43.92,observed_estimated_cost
2620,2026-02-11,Pattaya_Central,PassionFruit,2,49.6,2026-02-09,6,6,65.0,18.8,18.8,49.6,observed_estimated_cost
2621,2026-02-11,Pattaya_Central,Pineapple,4,63.04,2026-02-09,6,5,49.0,9.76,9.76,63.04,observed_estimated_cost
2622,2026-02-11,Pattaya_Central,Watermelon,6,83.76,2026-02-09,6,5,45.0,7.96,7.96,83.76,observed_estimated_cost
2623,2026-02-12,BKK_Ladprao,Guava,2,29.28,2026-02-09,6,5.5,49.0,8.64,8.64,29.28,observed_estimated_cost
2624,2026-02-12,BKK_Ladprao,PassionFruit,4,99.2,2026-02-09,6,6,65.0,18.8,18.8,99.2,observed_estimated_cost
2625,2026-02-12,BKK_Ladprao,Pineapple,4,63.04,2026-02-09,6,5,49.0,9.76,9.76,63.04,observed_estimated_cost
2626,2026-02-12,BKK_Ladprao,Watermelon,4,55.84,2026-02-09,6,5,45.0,7.96,7.96,55.84,observed_estimated_cost
2627,2026-02-12,BKK_Sukhumvit,Guava,3,43.92,2026-02-09,6,5.5,49.0,8.64,8.64,43.92,observed_estimated_cost
2628,2026-02-12,BKK_Sukhumvit,PassionFruit,6,148.8,2026-02-09,6,6,65.0,18.8,18.8,148.8,observed_estimated_cost
2629,2026-02-12,BKK_Sukhumvit,Pineapple,4,63.04,2026-02-09,6,5,49.0,9.76,9.76,63.04,observed_estimated_cost
2630,2026-02-12,BKK_Sukhumvit,Watermelon,7,97.72,2026-02-09,6,5,45.0,7.96,7.96,97.72,observed_estimated_cost
2631,2026-02-12,Pattaya_Beach,Guava,4,58.56,2026-02-09,6,5.5,49.0,8.64,8.64,58.56,observed_estimated_cost
2632,2026-02-12,Pattaya_Beach,PassionFruit,8,198.4,2026-02-09,6,6,65.0,18.8,18.8,198.4,observed_estimated_cost
2633,2026-02-12,Pattaya_Beach,Pineapple,6,94.56,2026-02-09,6,5,49.0,9.76,9.76,94.56,observed_estimated_cost
2634,2026-02-12,Pattaya_Beach,Watermelon,6,83.76,2026-02-09,6,5,45.0,7.96,7.96,83.76,observed_estimated_cost
2635,2026-02-12,Pattaya_Central,Guava,5,73.2,2026-02-09,6,5.5,49.0,8.64,8.64,73.2,observed_estimated_cost
2636,2026-02-12,Pattaya_Central,PassionFruit,8,198.4,2026-02-09,6,6,65.0,18.8,18.8,198.4,observed_estimated_cost
2637,2026-02-12,Pattaya_Central,Pineapple,10,157.6,2026-02-09,6,5,49.0,9.76,9.76,157.6,observed_estimated_cost
2638,2026-02-12,Pattaya_Central,Watermelon,6,83.76,2026-02-09,6,5,45.0,7.96,7.96,83.76,observed_estimated_cost
2639,2026-02-13,BKK_Ladprao,Guava,3,43.92,2026-02-09,6,5.5,49.0,8.64,8.64,43.92,observed_estimated_cost
2640,2026-02-13,BKK_Ladprao,PassionFruit,1,24.8,2026-02-09,6,6,65.0,18.8,18.8,24.8,observed_estimated_cost
2641,2026-02-13,BKK_Ladprao,Pineapple,6,94.56,2026-02-09,6,5,49.0,9.76,9.76,94.56,observed_estimated_cost
2642,2026-02-13,BKK_Ladprao,Watermelon,5,69.8,2026-02-09,6,5,45.0,7.96,7.96,69.8,observed_estimated_cost
2643,2026-02-13,BKK_Sukhumvit,Guava,1,14.64,2026-02-09,6,5.5,49.0,8.64,8.64,14.64,observed_estimated_cost
2644,2026-02-13,BKK_Sukhumvit,PassionFruit,4,99.2,2026-02-09,6,6,65.0,18.8,18.8,99.2,observed_estimated_cost
2645,2026-02-13,BKK_Sukhumvit,Pineapple,4,63.04,2026-02-09,6,5,49.0,9.76,9.76,63.04,observed_estimated_cost
2646,2026-02-13,BKK_Sukhumvit,Watermelon,5,69.8,2026-02-09,6,5,45.0,7.96,7.96,69.8,observed_estimated_cost
2647,2026-02-13,Pattaya_Beach,Guava,5,73.2,2026-02-09,6,5.5,49.0,8.64,8.64,73.2,observed_estimated_cost
2648,2026-02-13,Pattaya_Beach,PassionFruit,4,99.2,2026-02-09,6,6,65.0,18.8,18.8,99.2,observed_estimated_cost
2649,2026-02-13,Pattaya_Beach,Pineapple,6,94.56,2026-02-09,6,5,49.0,9.76,9.76,94.56,observed_estimated_cost
2650,2026-02-13,Pattaya_Beach,Watermelon,7,97.72,2026-02-09,6,5,45.0,7.96,7.96,97.72,observed_estimated_cost
2651,2026-02-13,Pattaya_Central,Guava,4,58.56,2026-02-09,6,5.5,49.0,8.64,8.64,58.56,observed_estimated_cost
2652,2026-02-13,Pattaya_Central,PassionFruit,7,173.6,2026-02-09,6,6,65.0,18.8,18.8,173.6,observed_estimated_cost
2653,2026-02-13,Pattaya_Central,Pineapple,5,78.8,2026-02-09,6,5,49.0,9.76,9.76,78.8,observed_estimated_cost
2654,2026-02-13,Pattaya_Central,Watermelon,9,125.64,2026-02-09,6,5,45.0,7.96,7.96,125.64,observed_estimated_cost
2655,2026-02-14,BKK_Ladprao,Guava,2,29.28,2026-02-09,6,5.5,49.0,8.64,8.64,29.28,observed_estimated_cost
2656,2026-02-14,BKK_Ladprao,PassionFruit,5,124.0,2026-02-09,6,6,65.0,18.8,18.8,124.0,observed_estimated_cost
2657,2026-02-14,BKK_Ladprao,Pineapple,3,47.28,2026-02-09,6,5,49.0,9.76,9.76,47.28,observed_estimated_cost
2658,2026-02-14,BKK_Ladprao,Watermelon,4,55.84,2026-02-09,6,5,45.0,7.96,7.96,55.84,observed_estimated_cost
2659,2026-02-14,BKK_Sukhumvit,Guava,4,58.56,2026-02-09,6,5.5,49.0,8.64,8.64,58.56,observed_estimated_cost
2660,2026-02-14,BKK_Sukhumvit,PassionFruit,4,99.2,2026-02-09,6,6,65.0,18.8,18.8,99.2,observed_estimated_cost
2661,2026-02-14,BKK_Sukhumvit,Pineapple,1,15.76,2026-02-09,6,5,49.0,9.76,9.76,15.76,observed_estimated_cost
2662,2026-02-14,BKK_Sukhumvit,Watermelon,10,139.6,2026-02-09,6,5,45.0,7.96,7.96,139.6,observed_estimated_cost
2663,2026-02-14,Pattaya_Beach,Guava,5,73.2,2026-02-09,6,5.5,49.0,8.64,8.64,73.2,observed_estimated_cost
2664,2026-02-14,Pattaya_Beach,PassionFruit,3,74.4,2026-02-09,6,6,65.0,18.8,18.8,74.4,observed_estimated_cost
2665,2026-02-14,Pattaya_Beach,Pineapple,2,31.52,2026-02-09,6,5,49.0,9.76,9.76,31.52,observed_estimated_cost
2666,2026-02-14,Pattaya_Beach,Watermelon,12,167.52,2026-02-09,6,5,45.0,7.96,7.96,167.52,observed_estimated_cost
2667,2026-02-14,Pattaya_Central,Guava,6,87.84,2026-02-09,6,5.5,49.0,8.64,8.64,87.84,observed_estimated_cost
2668,2026-02-14,Pattaya_Central,PassionFruit,9,223.2,2026-02-09,6,6,65.0,18.8,18.8,223.2,observed_estimated_cost
2669,2026-02-14,Pattaya_Central,Pineapple,6,94.56,2026-02-09,6,5,49.0,9.76,9.76,94.56,observed_estimated_cost
2670,2026-02-14,Pattaya_Central,Watermelon,12,167.52,2026-02-09,6,5,45.0,7.96,7.96,167.52,observed_estimated_cost
2671,2026-02-15,BKK_Ladprao,Guava,5,73.2,2026-02-09,6,5.5,49.0,8.64,8.64,73.2,observed_estimated_cost
2672,2026-02-15,BKK_Ladprao,PassionFruit,6,148.8,2026-02-09,6,6,65.0,18.8,18.8,148.8,observed_estimated_cost
2673,2026-02-15,BKK_Ladprao,Pineapple,5,78.8,2026-02-09,6,5,49.0,9.76,9.76,78.8,observed_estimated_cost
2674,2026-02-15,BKK_Ladprao,Watermelon,8,111.68,2026-02-09,6,5,45.0,7.96,7.96,111.68,observed_estimated_cost
2675,2026-02-15,BKK_Sukhumvit,Guava,6,87.84,2026-02-09,6,5.5,49.0,8.64,8.64,87.84,observed_estimated_cost
2676,2026-02-15,BKK_Sukhumvit,PassionFruit,5,124.0,2026-02-09,6,6,65.0,18.8,18.8,124.0,observed_estimated_cost
2677,2026-02-15,BKK_Sukhumvit,Pineapple,5,78.8,2026-02-09,6,5,49.0,9.76,9.76,78.8,observed_estimated_cost
2678,2026-02-15,BKK_Sukhumvit,Watermelon,3,41.88,2026-02-09,6,5,45.0,7.96,7.96,41.88,observed_estimated_cost
2679,2026-02-15,Pattaya_Beach,Guava,5,73.2,2026-02-09,6,5.5,49.0,8.64,8.64,73.2,observed_estimated_cost
2680,2026-02-15,Pattaya_Beach,PassionFruit,6,148.8,2026-02-09,6,6,65.0,18.8,18.8,148.8,observed_estimated_cost
2681,2026-02-15,Pattaya_Beach,Pineapple,7,110.32,2026-02-09,6,5,49.0,9.76,9.76,110.32,observed_estimated_cost
2682,2026-02-15,Pattaya_Beach,Watermelon,9,125.64,2026-02-09,6,5,45.0,7.96,7.96,125.64,observed_estimated_cost
2683,2026-02-15,Pattaya_Central,Guava,4,58.56,2026-02-09,6,5.5,49.0,8.64,8.64,58.56,observed_estimated_cost
2684,2026-02-15,Pattaya_Central,PassionFruit,6,148.8,2026-02-09,6,6,65.0,18.8,18.8,148.8,observed_estimated_cost
2685,2026-02-15,Pattaya_Central,Pineapple,6,94.56,2026-02-09,6,5,49.0,9.76,9.76,94.56,observed_estimated_cost
2686,2026-02-15,Pattaya_Central,Watermelon,12,167.52,2026-02-09,6,5,45.0,7.96,7.96,167.52,observed_estimated_cost
2687,2026-02-16,BKK_Ladprao,Guava,5,71.55,2026-02-16,6,5.5,49.0,8.31,8.31,71.55,observed_estimated_cost
2688,2026-02-16,BKK_Ladprao,PassionFruit,4,102.8,2026-02-16,6,6,65.0,19.7,19.7,102.8,observed_estimated_cost
2689,2026-02-16,BKK_Ladprao,Pineapple,6,91.08,2026-02-16,6,5,49.0,9.18,9.18,91.08,observed_estimated_cost
2690,2026-02-16,BKK_Ladprao,Watermelon,4,55.56,2026-02-16,6,5,45.0,7.89,7.89,55.56,observed_estimated_cost
2691,2026-02-16,BKK_Sukhumvit,Guava,3,42.93,2026-02-16,6,5.5,49.0,8.31,8.31,42.93,observed_estimated_cost
2692,2026-02-16,BKK_Sukhumvit,PassionFruit,5,128.5,2026-02-16,6,6,65.0,19.7,19.7,128.5,observed_estimated_cost
2693,2026-02-16,BKK_Sukhumvit,Pineapple,6,91.08,2026-02-16,6,5,49.0,9.18,9.18,91.08,observed_estimated_cost
2694,2026-02-16,BKK_Sukhumvit,Watermelon,5,69.45,2026-02-16,6,5,45.0,7.89,7.89,69.45,observed_estimated_cost
2695,2026-02-16,Pattaya_Beach,Guava,5,71.55,2026-02-16,6,5.5,49.0,8.31,8.31,71.55,observed_estimated_cost
2696,2026-02-16,Pattaya_Beach,PassionFruit,8,205.6,2026-02-16,6,6,65.0,19.7,19.7,205.6,observed_estimated_cost
2697,2026-02-16,Pattaya_Beach,Pineapple,6,91.08,2026-02-16,6,5,49.0,9.18,9.18,91.08,observed_estimated_cost
2698,2026-02-16,Pattaya_Beach,Watermelon,6,83.34,2026-02-16,6,5,45.0,7.89,7.89,83.34,observed_estimated_cost
2699,2026-02-16,Pattaya_Central,Guava,4,57.24,2026-02-16,6,5.5,49.0,8.31,8.31,57.24,observed_estimated_cost
2700,2026-02-16,Pattaya_Central,PassionFruit,8,205.6,2026-02-16,6,6,65.0,19.7,19.7,205.6,observed_estimated_cost
2701,2026-02-16,Pattaya_Central,Pineapple,6,91.08,2026-02-16,6,5,49.0,9.18,9.18,91.08,observed_estimated_cost
2702,2026-02-16,Pattaya_Central,Watermelon,5,69.45,2026-02-16,6,5,45.0,7.89,7.89,69.45,observed_estimated_cost
2703,2026-02-17,BKK_Ladprao,Guava,5,71.55,2026-02-16,6,5.5,49.0,8.31,8.31,71.55,observed_estimated_cost
2704,2026-02-17,BKK_Ladprao,PassionFruit,3,77.1,2026-02-16,6,6,65.0,19.7,19.7,77.1,observed_estimated_cost
2705,2026-02-17,BKK_Ladprao,Pineapple,6,91.08,2026-02-16,6,5,49.0,9.18,9.18,91.08,observed_estimated_cost
2706,2026-02-17,BKK_Ladprao,Watermelon,4,55.56,2026-02-16,6,5,45.0,7.89,7.89,55.56,observed_estimated_cost
2707,2026-02-17,BKK_Sukhumvit,Guava,3,42.93,2026-02-16,6,5.5,49.0,8.31,8.31,42.93,observed_estimated_cost
2708,2026-02-17,BKK_Sukhumvit,PassionFruit,5,128.5,2026-02-16,6,6,65.0,19.7,19.7,128.5,observed_estimated_cost
2709,2026-02-17,BKK_Sukhumvit,Pineapple,3,45.54,2026-02-16,6,5,49.0,9.18,9.18,45.54,observed_estimated_cost
2710,2026-02-17,BKK_Sukhumvit,Watermelon,5,69.45,2026-02-16,6,5,45.0,7.89,7.89,69.45,observed_estimated_cost
2711,2026-02-17,Pattaya_Beach,Guava,4,57.24,2026-02-16,6,5.5,49.0,8.31,8.31,57.24,observed_estimated_cost
2712,2026-02-17,Pattaya_Beach,PassionFruit,9,231.3,2026-02-16,6,6,65.0,19.7,19.7,231.3,observed_estimated_cost
2713,2026-02-17,Pattaya_Beach,Pineapple,6,91.08,2026-02-16,6,5,49.0,9.18,9.18,91.08,observed_estimated_cost
2714,2026-02-17,Pattaya_Beach,Watermelon,6,83.34,2026-02-16,6,5,45.0,7.89,7.89,83.34,observed_estimated_cost
2715,2026-02-17,Pattaya_Central,Guava,4,57.24,2026-02-16,6,5.5,49.0,8.31,8.31,57.24,observed_estimated_cost
2716,2026-02-17,Pattaya_Central,PassionFruit,8,205.6,2026-02-16,6,6,65.0,19.7,19.7,205.6,observed_estimated_cost
2717,2026-02-17,Pattaya_Central,Pineapple,4,60.72,2026-02-16,6,5,49.0,9.18,9.18,60.72,observed_estimated_cost
2718,2026-02-17,Pattaya_Central,Watermelon,7,97.23,2026-02-16,6,5,45.0,7.89,7.89,97.23,observed_estimated_cost
2719,2026-02-18,BKK_Ladprao,Guava,4,57.24,2026-02-16,6,5.5,49.0,8.31,8.31,57.24,observed_estimated_cost
2720,2026-02-18,BKK_Ladprao,PassionFruit,4,102.8,2026-02-16,6,6,65.0,19.7,19.7,102.8,observed_estimated_cost
2721,2026-02-18,BKK_Ladprao,Pineapple,4,60.72,2026-02-16,6,5,49.0,9.18,9.18,60.72,observed_estimated_cost
2722,2026-02-18,BKK_Ladprao,Watermelon,3,41.67,2026-02-16,6,5,45.0,7.89,7.89,41.67,observed_estimated_cost
2723,2026-02-18,BKK_Sukhumvit,Guava,4,57.24,2026-02-16,6,5.5,49.0,8.31,8.31,57.24,observed_estimated_cost
2724,2026-02-18,BKK_Sukhumvit,PassionFruit,5,128.5,2026-02-16,6,6,65.0,19.7,19.7,128.5,observed_estimated_cost
2725,2026-02-18,BKK_Sukhumvit,Pineapple,4,60.72,2026-02-16,6,5,49.0,9.18,9.18,60.72,observed_estimated_cost
2726,2026-02-18,BKK_Sukhumvit,Watermelon,8,111.12,2026-02-16,6,5,45.0,7.89,7.89,111.12,observed_estimated_cost
2727,2026-02-18,Pattaya_Beach,Guava,5,71.55,2026-02-16,6,5.5,49.0,8.31,8.31,71.55,observed_estimated_cost
2728,2026-02-18,Pattaya_Beach,PassionFruit,4,102.8,2026-02-16,6,6,65.0,19.7,19.7,102.8,observed_estimated_cost
2729,2026-02-18,Pattaya_Beach,Pineapple,5,75.9,2026-02-16,6,5,49.0,9.18,9.18,75.9,observed_estimated_cost
2730,2026-02-18,Pattaya_Beach,Watermelon,8,111.12,2026-02-16,6,5,45.0,7.89,7.89,111.12,observed_estimated_cost
2731,2026-02-18,Pattaya_Central,Guava,5,71.55,2026-02-16,6,5.5,49.0,8.31,8.31,71.55,observed_estimated_cost
2732,2026-02-18,Pattaya_Central,PassionFruit,7,179.9,2026-02-16,6,6,65.0,19.7,19.7,179.9,observed_estimated_cost
2733,2026-02-18,Pattaya_Central,Pineapple,9,136.62,2026-02-16,6,5,49.0,9.18,9.18,136.62,observed_estimated_cost
2734,2026-02-18,Pattaya_Central,Watermelon,5,69.45,2026-02-16,6,5,45.0,7.89,7.89,69.45,observed_estimated_cost
2735,2026-02-19,BKK_Ladprao,Guava,6,85.86,2026-02-16,6,5.5,49.0,8.31,8.31,85.86,observed_estimated_cost
2736,2026-02-19,BKK_Ladprao,PassionFruit,7,179.9,2026-02-16,6,6,65.0,19.7,19.7,179.9,observed_estimated_cost
2737,2026-02-19,BKK_Ladprao,Pineapple,7,106.26,2026-02-16,6,5,49.0,9.18,9.18,106.26,observed_estimated_cost
2738,2026-02-19,BKK_Ladprao,Watermelon,6,83.34,2026-02-16,6,5,45.0,7.89,7.89,83.34,observed_estimated_cost
2739,2026-02-19,BKK_Sukhumvit,Guava,3,42.93,2026-02-16,6,5.5,49.0,8.31,8.31,42.93,observed_estimated_cost
2740,2026-02-19,BKK_Sukhumvit,PassionFruit,5,128.5,2026-02-16,6,6,65.0,19.7,19.7,128.5,observed_estimated_cost
2741,2026-02-19,BKK_Sukhumvit,Pineapple,3,45.54,2026-02-16,6,5,49.0,9.18,9.18,45.54,observed_estimated_cost
2742,2026-02-19,BKK_Sukhumvit,Watermelon,6,83.34,2026-02-16,6,5,45.0,7.89,7.89,83.34,observed_estimated_cost
2743,2026-02-19,Pattaya_Beach,Guava,5,71.55,2026-02-16,6,5.5,49.0,8.31,8.31,71.55,observed_estimated_cost
2744,2026-02-19,Pattaya_Beach,PassionFruit,8,205.6,2026-02-16,6,6,65.0,19.7,19.7,205.6,observed_estimated_cost
2745,2026-02-19,Pattaya_Beach,Pineapple,5,75.9,2026-02-16,6,5,49.0,9.18,9.18,75.9,observed_estimated_cost
2746,2026-02-19,Pattaya_Beach,Watermelon,6,83.34,2026-02-16,6,5,45.0,7.89,7.89,83.34,observed_estimated_cost
2747,2026-02-19,Pattaya_Central,Guava,4,57.24,2026-02-16,6,5.5,49.0,8.31,8.31,57.24,observed_estimated_cost
2748,2026-02-19,Pattaya_Central,PassionFruit,9,231.3,2026-02-16,6,6,65.0,19.7,19.7,231.3,observed_estimated_cost
2749,2026-02-19,Pattaya_Central,Pineapple,7,106.26,2026-02-16,6,5,49.0,9.18,9.18,106.26,observed_estimated_cost
2750,2026-02-19,Pattaya_Central,Watermelon,9,125.01,2026-02-16,6,5,45.0,7.89,7.89,125.01,observed_estimated_cost
2751,2026-02-20,BKK_Ladprao,Guava,6,85.86,2026-02-16,6,5.5,49.0,8.31,8.31,85.86,observed_estimated_cost
2752,2026-02-20,BKK_Ladprao,PassionFruit,3,77.1,2026-02-16,6,6,65.0,19.7,19.7,77.1,observed_estimated_cost
2753,2026-02-20,BKK_Ladprao,Pineapple,4,60.72,2026-02-16,6,5,49.0,9.18,9.18,60.72,observed_estimated_cost
2754,2026-02-20,BKK_Ladprao,Watermelon,5,69.45,2026-02-16,6,5,45.0,7.89,7.89,69.45,observed_estimated_cost
2755,2026-02-20,BKK_Sukhumvit,Guava,7,100.17,2026-02-16,6,5.5,49.0,8.31,8.31,100.17,observed_estimated_cost
2756,2026-02-20,BKK_Sukhumvit,PassionFruit,7,179.9,2026-02-16,6,6,65.0,19.7,19.7,179.9,observed_estimated_cost
2757,2026-02-20,BKK_Sukhumvit,Pineapple,7,106.26,2026-02-16,6,5,49.0,9.18,9.18,106.26,observed_estimated_cost
2758,2026-02-20,BKK_Sukhumvit,Watermelon,3,41.67,2026-02-16,6,5,45.0,7.89,7.89,41.67,observed_estimated_cost
2759,2026-02-20,Pattaya_Beach,Guava,2,28.62,2026-02-16,6,5.5,49.0,8.31,8.31,28.62,observed_estimated_cost
2760,2026-02-20,Pattaya_Beach,PassionFruit,3,77.1,2026-02-16,6,6,65.0,19.7,19.7,77.1,observed_estimated_cost
2761,2026-02-20,Pattaya_Beach,Pineapple,8,121.44,2026-02-16,6,5,49.0,9.18,9.18,121.44,observed_estimated_cost
2762,2026-02-20,Pattaya_Beach,Watermelon,6,83.34,2026-02-16,6,5,45.0,7.89,7.89,83.34,observed_estimated_cost
2763,2026-02-20,Pattaya_Central,Guava,4,57.24,2026-02-16,6,5.5,49.0,8.31,8.31,57.24,observed_estimated_cost
2764,2026-02-20,Pattaya_Central,PassionFruit,9,231.3,2026-02-16,6,6,65.0,19.7,19.7,231.3,observed_estimated_cost
2765,2026-02-20,Pattaya_Central,Pineapple,5,75.9,2026-02-16,6,5,49.0,9.18,9.18,75.9,observed_estimated_cost
2766,2026-02-20,Pattaya_Central,Watermelon,5,69.45,2026-02-16,6,5,45.0,7.89,7.89,69.45,observed_estimated_cost
2767,2026-02-21,BKK_Ladprao,Guava,3,42.93,2026-02-16,6,5.5,49.0,8.31,8.31,42.93,observed_estimated_cost
2768,2026-02-21,BKK_Ladprao,PassionFruit,3,77.1,2026-02-16,6,6,65.0,19.7,19.7,77.1,observed_estimated_cost
2769,2026-02-21,BKK_Ladprao,Pineapple,8,121.44,2026-02-16,6,5,49.0,9.18,9.18,121.44,observed_estimated_cost
2770,2026-02-21,BKK_Ladprao,Watermelon,3,41.67,2026-02-16,6,5,45.0,7.89,7.89,41.67,observed_estimated_cost
2771,2026-02-21,BKK_Sukhumvit,Guava,5,71.55,2026-02-16,6,5.5,49.0,8.31,8.31,71.55,observed_estimated_cost
2772,2026-02-21,BKK_Sukhumvit,PassionFruit,4,102.8,2026-02-16,6,6,65.0,19.7,19.7,102.8,observed_estimated_cost
2773,2026-02-21,BKK_Sukhumvit,Pineapple,6,91.08,2026-02-16,6,5,49.0,9.18,9.18,91.08,observed_estimated_cost
2774,2026-02-21,BKK_Sukhumvit,Watermelon,6,83.34,2026-02-16,6,5,45.0,7.89,7.89,83.34,observed_estimated_cost
2775,2026-02-21,Pattaya_Beach,Guava,4,57.24,2026-02-16,6,5.5,49.0,8.31,8.31,57.24,observed_estimated_cost
2776,2026-02-21,Pattaya_Beach,PassionFruit,4,102.8,2026-02-16,6,6,65.0,19.7,19.7,102.8,observed_estimated_cost
2777,2026-02-21,Pattaya_Beach,Pineapple,7,106.26,2026-02-16,6,5,49.0,9.18,9.18,106.26,observed_estimated_cost
2778,2026-02-21,Pattaya_Beach,Watermelon,6,83.34,2026-02-16,6,5,45.0,7.89,7.89,83.34,observed_estimated_cost
2779,2026-02-21,Pattaya_Central,Guava,8,114.48,2026-02-16,6,5.5,49.0,8.31,8.31,114.48,observed_estimated_cost
2780,2026-02-21,Pattaya_Central,PassionFruit,9,231.3,2026-02-16,6,6,65.0,19.7,19.7,231.3,observed_estimated_cost
2781,2026-02-21,Pattaya_Central,Pineapple,8,121.44,2026-02-16,6,5,49.0,9.18,9.18,121.44,observed_estimated_cost
2782,2026-02-21,Pattaya_Central,Watermelon,6,83.34,2026-02-16,6,5,45.0,7.89,7.89,83.34,observed_estimated_cost
2783,2026-02-22,BKK_Ladprao,Guava,1,14.31,2026-02-16,6,5.5,49.0,8.31,8.31,14.31,observed_estimated_cost
2784,2026-02-22,BKK_Ladprao,PassionFruit,5,128.5,2026-02-16,6,6,65.0,19.7,19.7,128.5,observed_estimated_cost
2785,2026-02-22,BKK_Ladprao,Pineapple,7,106.26,2026-02-16,6,5,49.0,9.18,9.18,106.26,observed_estimated_cost
2786,2026-02-22,BKK_Ladprao,Watermelon,9,125.01,2026-02-16,6,5,45.0,7.89,7.89,125.01,observed_estimated_cost
2787,2026-02-22,BKK_Sukhumvit,Guava,3,42.93,2026-02-16,6,5.5,49.0,8.31,8.31,42.93,observed_estimated_cost
2788,2026-02-22,BKK_Sukhumvit,PassionFruit,7,179.9,2026-02-16,6,6,65.0,19.7,19.7,179.9,observed_estimated_cost
2789,2026-02-22,BKK_Sukhumvit,Pineapple,5,75.9,2026-02-16,6,5,49.0,9.18,9.18,75.9,observed_estimated_cost
2790,2026-02-22,BKK_Sukhumvit,Watermelon,8,111.12,2026-02-16,6,5,45.0,7.89,7.89,111.12,observed_estimated_cost
2791,2026-02-22,Pattaya_Beach,Guava,5,71.55,2026-02-16,6,5.5,49.0,8.31,8.31,71.55,observed_estimated_cost
2792,2026-02-22,Pattaya_Beach,PassionFruit,7,179.9,2026-02-16,6,6,65.0,19.7,19.7,179.9,observed_estimated_cost
2793,2026-02-22,Pattaya_Beach,Pineapple,2,30.36,2026-02-16,6,5,49.0,9.18,9.18,30.36,observed_estimated_cost
2794,2026-02-22,Pattaya_Beach,Watermelon,8,111.12,2026-02-16,6,5,45.0,7.89,7.89,111.12,observed_estimated_cost
2795,2026-02-22,Pattaya_Central,Guava,8,114.48,2026-02-16,6,5.5,49.0,8.31,8.31,114.48,observed_estimated_cost
2796,2026-02-22,Pattaya_Central,PassionFruit,4,102.8,2026-02-16,6,6,65.0,19.7,19.7,102.8,observed_estimated_cost
2797,2026-02-22,Pattaya_Central,Pineapple,7,106.26,2026-02-16,6,5,49.0,9.18,9.18,106.26,observed_estimated_cost
2798,2026-02-22,Pattaya_Central,Watermelon,4,55.56,2026-02-16,6,5,45.0,7.89,7.89,55.56,observed_estimated_cost
2799,2026-02-23,BKK_Ladprao,Guava,6,87.48,2026-02-23,6,5.5,49.0,8.58,8.58,87.48,observed_estimated_cost
2800,2026-02-23,BKK_Ladprao,PassionFruit,6,154.32,2026-02-23,6,6,65.0,19.72,19.72,154.32,observed_estimated_cost
2801,2026-02-23,BKK_Ladprao,Pineapple,4,65.6,2026-02-23,6,5,49.0,10.4,10.4,65.6,observed_estimated_cost
2802,2026-02-23,BKK_Ladprao,Watermelon,3,42.99,2026-02-23,6,5,45.0,8.33,8.33,42.99,observed_estimated_cost
2803,2026-02-23,BKK_Sukhumvit,Guava,4,58.32,2026-02-23,6,5.5,49.0,8.58,8.58,58.32,observed_estimated_cost
2804,2026-02-23,BKK_Sukhumvit,PassionFruit,6,154.32,2026-02-23,6,6,65.0,19.72,19.72,154.32,observed_estimated_cost
2805,2026-02-23,BKK_Sukhumvit,Pineapple,6,98.4,2026-02-23,6,5,49.0,10.4,10.4,98.4,observed_estimated_cost
2806,2026-02-23,BKK_Sukhumvit,Watermelon,5,71.65,2026-02-23,6,5,45.0,8.33,8.33,71.65,observed_estimated_cost
2807,2026-02-23,Pattaya_Beach,Guava,5,72.9,2026-02-23,6,5.5,49.0,8.58,8.58,72.9,observed_estimated_cost
2808,2026-02-23,Pattaya_Beach,PassionFruit,3,77.16,2026-02-23,6,6,65.0,19.72,19.72,77.16,observed_estimated_cost
2809,2026-02-23,Pattaya_Beach,Pineapple,6,98.4,2026-02-23,6,5,49.0,10.4,10.4,98.4,observed_estimated_cost
2810,2026-02-23,Pattaya_Beach,Watermelon,8,114.64,2026-02-23,6,5,45.0,8.33,8.33,114.64,observed_estimated_cost
2811,2026-02-23,Pattaya_Central,Guava,2,29.16,2026-02-23,6,5.5,49.0,8.58,8.58,29.16,observed_estimated_cost
2812,2026-02-23,Pattaya_Central,PassionFruit,1,25.72,2026-02-23,6,6,65.0,19.72,19.72,25.72,observed_estimated_cost
2813,2026-02-23,Pattaya_Central,Pineapple,8,131.2,2026-02-23,6,5,49.0,10.4,10.4,131.2,observed_estimated_cost
2814,2026-02-23,Pattaya_Central,Watermelon,5,71.65,2026-02-23,6,5,45.0,8.33,8.33,71.65,observed_estimated_cost
2815,2026-02-24,BKK_Ladprao,Guava,3,43.74,2026-02-23,6,5.5,49.0,8.58,8.58,43.74,observed_estimated_cost
2816,2026-02-24,BKK_Ladprao,PassionFruit,4,102.88,2026-02-23,6,6,65.0,19.72,19.72,102.88,observed_estimated_cost
2817,2026-02-24,BKK_Ladprao,Pineapple,7,114.8,2026-02-23,6,5,49.0,10.4,10.4,114.8,observed_estimated_cost
2818,2026-02-24,BKK_Ladprao,Watermelon,5,71.65,2026-02-23,6,5,45.0,8.33,8.33,71.65,observed_estimated_cost
2819,2026-02-24,BKK_Sukhumvit,Guava,5,72.9,2026-02-23,6,5.5,49.0,8.58,8.58,72.9,observed_estimated_cost
2820,2026-02-24,BKK_Sukhumvit,PassionFruit,5,128.6,2026-02-23,6,6,65.0,19.72,19.72,128.6,observed_estimated_cost
2821,2026-02-24,BKK_Sukhumvit,Pineapple,5,82.0,2026-02-23,6,5,49.0,10.4,10.4,82.0,observed_estimated_cost
2822,2026-02-24,BKK_Sukhumvit,Watermelon,2,28.66,2026-02-23,6,5,45.0,8.33,8.33,28.66,observed_estimated_cost
2823,2026-02-24,Pattaya_Beach,Guava,1,14.58,2026-02-23,6,5.5,49.0,8.58,8.58,14.58,observed_estimated_cost
2824,2026-02-24,Pattaya_Beach,PassionFruit,9,231.48,2026-02-23,6,6,65.0,19.72,19.72,231.48,observed_estimated_cost
2825,2026-02-24,Pattaya_Beach,Pineapple,4,65.6,2026-02-23,6,5,49.0,10.4,10.4,65.6,observed_estimated_cost
2826,2026-02-24,Pattaya_Beach,Watermelon,8,114.64,2026-02-23,6,5,45.0,8.33,8.33,114.64,observed_estimated_cost
2827,2026-02-24,Pattaya_Central,Guava,3,43.74,2026-02-23,6,5.5,49.0,8.58,8.58,43.74,observed_estimated_cost
2828,2026-02-24,Pattaya_Central,PassionFruit,6,154.32,2026-02-23,6,6,65.0,19.72,19.72,154.32,observed_estimated_cost
2829,2026-02-24,Pattaya_Central,Pineapple,6,98.4,2026-02-23,6,5,49.0,10.4,10.4,98.4,observed_estimated_cost
2830,2026-02-24,Pattaya_Central,Watermelon,12,171.96,2026-02-23,6,5,45.0,8.33,8.33,171.96,observed_estimated_cost
2831,2026-02-25,BKK_Ladprao,Guava,4,58.32,2026-02-23,6,5.5,49.0,8.58,8.58,58.32,observed_estimated_cost
2832,2026-02-25,BKK_Ladprao,PassionFruit,3,77.16,2026-02-23,6,6,65.0,19.72,19.72,77.16,observed_estimated_cost
2833,2026-02-25,BKK_Ladprao,Pineapple,3,49.2,2026-02-23,6,5,49.0,10.4,10.4,49.2,observed_estimated_cost
2834,2026-02-25,BKK_Ladprao,Watermelon,11,157.63,2026-02-23,6,5,45.0,8.33,8.33,157.63,observed_estimated_cost
2835,2026-02-25,BKK_Sukhumvit,Guava,2,29.16,2026-02-23,6,5.5,49.0,8.58,8.58,29.16,observed_estimated_cost
2836,2026-02-25,BKK_Sukhumvit,PassionFruit,6,154.32,2026-02-23,6,6,65.0,19.72,19.72,154.32,observed_estimated_cost
2837,2026-02-25,BKK_Sukhumvit,Pineapple,3,49.2,2026-02-23,6,5,49.0,10.4,10.4,49.2,observed_estimated_cost
2838,2026-02-25,BKK_Sukhumvit,Watermelon,6,85.98,2026-02-23,6,5,45.0,8.33,8.33,85.98,observed_estimated_cost
2839,2026-02-25,Pattaya_Beach,Guava,4,58.32,2026-02-23,6,5.5,49.0,8.58,8.58,58.32,observed_estimated_cost
2840,2026-02-25,Pattaya_Beach,PassionFruit,6,154.32,2026-02-23,6,6,65.0,19.72,19.72,154.32,observed_estimated_cost
2841,2026-02-25,Pattaya_Beach,Pineapple,5,82.0,2026-02-23,6,5,49.0,10.4,10.4,82.0,observed_estimated_cost
2842,2026-02-25,Pattaya_Beach,Watermelon,5,71.65,2026-02-23,6,5,45.0,8.33,8.33,71.65,observed_estimated_cost
2843,2026-02-25,Pattaya_Central,Guava,5,72.9,2026-02-23,6,5.5,49.0,8.58,8.58,72.9,observed_estimated_cost
2844,2026-02-25,Pattaya_Central,PassionFruit,7,180.04,2026-02-23,6,6,65.0,19.72,19.72,180.04,observed_estimated_cost
2845,2026-02-25,Pattaya_Central,Pineapple,5,82.0,2026-02-23,6,5,49.0,10.4,10.4,82.0,observed_estimated_cost
2846,2026-02-25,Pattaya_Central,Watermelon,5,71.65,2026-02-23,6,5,45.0,8.33,8.33,71.65,observed_estimated_cost
2847,2026-02-26,BKK_Ladprao,Guava,4,58.32,2026-02-23,6,5.5,49.0,8.58,8.58,58.32,observed_estimated_cost
2848,2026-02-26,BKK_Ladprao,PassionFruit,3,77.16,2026-02-23,6,6,65.0,19.72,19.72,77.16,observed_estimated_cost
2849,2026-02-26,BKK_Ladprao,Pineapple,6,98.4,2026-02-23,6,5,49.0,10.4,10.4,98.4,observed_estimated_cost
2850,2026-02-26,BKK_Ladprao,Watermelon,6,85.98,2026-02-23,6,5,45.0,8.33,8.33,85.98,observed_estimated_cost
2851,2026-02-26,BKK_Sukhumvit,Guava,3,43.74,2026-02-23,6,5.5,49.0,8.58,8.58,43.74,observed_estimated_cost
2852,2026-02-26,BKK_Sukhumvit,PassionFruit,5,128.6,2026-02-23,6,6,65.0,19.72,19.72,128.6,observed_estimated_cost
2853,2026-02-26,BKK_Sukhumvit,Pineapple,5,82.0,2026-02-23,6,5,49.0,10.4,10.4,82.0,observed_estimated_cost
2854,2026-02-26,BKK_Sukhumvit,Watermelon,4,57.32,2026-02-23,6,5,45.0,8.33,8.33,57.32,observed_estimated_cost
2855,2026-02-26,Pattaya_Beach,Guava,7,102.06,2026-02-23,6,5.5,49.0,8.58,8.58,102.06,observed_estimated_cost
2856,2026-02-26,Pattaya_Beach,PassionFruit,4,102.88,2026-02-23,6,6,65.0,19.72,19.72,102.88,observed_estimated_cost
2857,2026-02-26,Pattaya_Beach,Pineapple,4,65.6,2026-02-23,6,5,49.0,10.4,10.4,65.6,observed_estimated_cost
2858,2026-02-26,Pattaya_Beach,Watermelon,6,85.98,2026-02-23,6,5,45.0,8.33,8.33,85.98,observed_estimated_cost
2859,2026-02-26,Pattaya_Central,Guava,7,102.06,2026-02-23,6,5.5,49.0,8.58,8.58,102.06,observed_estimated_cost
2860,2026-02-26,Pattaya_Central,PassionFruit,8,205.76,2026-02-23,6,6,65.0,19.72,19.72,205.76,observed_estimated_cost
2861,2026-02-26,Pattaya_Central,Pineapple,10,164.0,2026-02-23,6,5,49.0,10.4,10.4,164.0,observed_estimated_cost
2862,2026-02-26,Pattaya_Central,Watermelon,5,71.65,2026-02-23,6,5,45.0,8.33,8.33,71.65,observed_estimated_cost
2863,2026-02-27,BKK_Ladprao,Guava,3,43.74,2026-02-23,6,5.5,49.0,8.58,8.58,43.74,observed_estimated_cost
2864,2026-02-27,BKK_Ladprao,PassionFruit,4,102.88,2026-02-23,6,6,65.0,19.72,19.72,102.88,observed_estimated_cost
2865,2026-02-27,BKK_Ladprao,Pineapple,4,65.6,2026-02-23,6,5,49.0,10.4,10.4,65.6,observed_estimated_cost
2866,2026-02-27,BKK_Ladprao,Watermelon,5,71.65,2026-02-23,6,5,45.0,8.33,8.33,71.65,observed_estimated_cost
2867,2026-02-27,BKK_Sukhumvit,Guava,3,43.74,2026-02-23,6,5.5,49.0,8.58,8.58,43.74,observed_estimated_cost
2868,2026-02-27,BKK_Sukhumvit,PassionFruit,6,154.32,2026-02-23,6,6,65.0,19.72,19.72,154.32,observed_estimated_cost
2869,2026-02-27,BKK_Sukhumvit,Pineapple,3,49.2,2026-02-23,6,5,49.0,10.4,10.4,49.2,observed_estimated_cost
2870,2026-02-27,BKK_Sukhumvit,Watermelon,8,114.64,2026-02-23,6,5,45.0,8.33,8.33,114.64,observed_estimated_cost
2871,2026-02-27,Pattaya_Beach,Guava,5,72.9,2026-02-23,6,5.5,49.0,8.58,8.58,72.9,observed_estimated_cost
2872,2026-02-27,Pattaya_Beach,PassionFruit,7,180.04,2026-02-23,6,6,65.0,19.72,19.72,180.04,observed_estimated_cost
2873,2026-02-27,Pattaya_Beach,Pineapple,8,131.2,2026-02-23,6,5,49.0,10.4,10.4,131.2,observed_estimated_cost
2874,2026-02-27,Pattaya_Beach,Watermelon,2,28.66,2026-02-23,6,5,45.0,8.33,8.33,28.66,observed_estimated_cost
2875,2026-02-27,Pattaya_Central,Guava,4,58.32,2026-02-23,6,5.5,49.0,8.58,8.58,58.32,observed_estimated_cost
2876,2026-02-27,Pattaya_Central,PassionFruit,5,128.6,2026-02-23,6,6,65.0,19.72,19.72,128.6,observed_estimated_cost
2877,2026-02-27,Pattaya_Central,Pineapple,6,98.4,2026-02-23,6,5,49.0,10.4,10.4,98.4,observed_estimated_cost
2878,2026-02-27,Pattaya_Central,Watermelon,9,128.97,2026-02-23,6,5,45.0,8.33,8.33,128.97,observed_estimated_cost
2879,2026-02-28,BKK_Ladprao,Guava,2,29.16,2026-02-23,6,5.5,49.0,8.58,8.58,29.16,observed_estimated_cost
2880,2026-02-28,BKK_Ladprao,PassionFruit,4,102.88,2026-02-23,6,6,65.0,19.72,19.72,102.88,observed_estimated_cost
2881,2026-02-28,BKK_Ladprao,Pineapple,5,82.0,2026-02-23,6,5,49.0,10.4,10.4,82.0,observed_estimated_cost
2882,2026-02-28,BKK_Ladprao,Watermelon,3,42.99,2026-02-23,6,5,45.0,8.33,8.33,42.99,observed_estimated_cost
2883,2026-02-28,BKK_Sukhumvit,Guava,2,29.16,2026-02-23,6,5.5,49.0,8.58,8.58,29.16,observed_estimated_cost
2884,2026-02-28,BKK_Sukhumvit,PassionFruit,6,154.32,2026-02-23,6,6,65.0,19.72,19.72,154.32,observed_estimated_cost
2885,2026-02-28,BKK_Sukhumvit,Pineapple,3,49.2,2026-02-23,6,5,49.0,10.4,10.4,49.2,observed_estimated_cost
2886,2026-02-28,BKK_Sukhumvit,Watermelon,7,100.31,2026-02-23,6,5,45.0,8.33,8.33,100.31,observed_estimated_cost
2887,2026-02-28,Pattaya_Beach,Guava,4,58.32,2026-02-23,6,5.5,49.0,8.58,8.58,58.32,observed_estimated_cost
2888,2026-02-28,Pattaya_Beach,PassionFruit,6,154.32,2026-02-23,6,6,65.0,19.72,19.72,154.32,observed_estimated_cost
2889,2026-02-28,Pattaya_Beach,Pineapple,6,98.4,2026-02-23,6,5,49.0,10.4,10.4,98.4,observed_estimated_cost
2890,2026-02-28,Pattaya_Beach,Watermelon,7,100.31,2026-02-23,6,5,45.0,8.33,8.33,100.31,observed_estimated_cost
2891,2026-02-28,Pattaya_Central,Guava,10,145.8,2026-02-23,6,5.5,49.0,8.58,8.58,145.8,observed_estimated_cost
2892,2026-02-28,Pattaya_Central,PassionFruit,7,180.04,2026-02-23,6,6,65.0,19.72,19.72,180.04,observed_estimated_cost
2893,2026-02-28,Pattaya_Central,Pineapple,5,82.0,2026-02-23,6,5,49.0,10.4,10.4,82.0,observed_estimated_cost
2894,2026-02-28,Pattaya_Central,Watermelon,9,128.97,2026-02-23,6,5,45.0,8.33,8.33,128.97,observed_estimated_cost
2895,2026-03-01,BKK_Ladprao,Guava,5,72.9,2026-02-23,6,5.5,49.0,8.58,8.58,72.9,observed_estimated_cost
2896,2026-03-01,BKK_Ladprao,MixedBerryPremium,27,1125.6299999999999,2026-02-23,8,7,89.0,,33.69,,estimated_from_fruit_cost_plus_packaging
2897,2026-03-01,BKK_Ladprao,PassionFruit,5,128.6,2026-02-23,6,6,65.0,19.72,19.72,128.6,observed_estimated_cost
2898,2026-03-01,BKK_Ladprao,Pineapple,7,114.8,2026-02-23,6,5,49.0,10.4,10.4,114.8,observed_estimated_cost
2899,2026-03-01,BKK_Ladprao,Watermelon,6,85.98,2026-02-23,6,5,45.0,8.33,8.33,85.98,observed_estimated_cost
2900,2026-03-01,BKK_Sukhumvit,Guava,2,29.16,2026-02-23,6,5.5,49.0,8.58,8.58,29.16,observed_estimated_cost
2901,2026-03-01,BKK_Sukhumvit,MixedBerryPremium,5,208.45,2026-02-23,8,7,89.0,,33.69,,estimated_from_fruit_cost_plus_packaging
2902,2026-03-01,BKK_Sukhumvit,PassionFruit,5,128.6,2026-02-23,6,6,65.0,19.72,19.72,128.6,observed_estimated_cost
2903,2026-03-01,BKK_Sukhumvit,Pineapple,4,65.6,2026-02-23,6,5,49.0,10.4,10.4,65.6,observed_estimated_cost
2904,2026-03-01,BKK_Sukhumvit,Watermelon,7,100.31,2026-02-23,6,5,45.0,8.33,8.33,100.31,observed_estimated_cost
2905,2026-03-01,Pattaya_Beach,Guava,5,72.9,2026-02-23,6,5.5,49.0,8.58,8.58,72.9,observed_estimated_cost
2906,2026-03-01,Pattaya_Beach,MixedBerryPremium,28,1167.32,2026-02-23,8,7,89.0,,33.69,,estimated_from_fruit_cost_plus_packaging
2907,2026-03-01,Pattaya_Beach,PassionFruit,9,231.48,2026-02-23,6,6,65.0,19.72,19.72,231.48,observed_estimated_cost
2908,2026-03-01,Pattaya_Beach,Pineapple,6,98.4,2026-02-23,6,5,49.0,10.4,10.4,98.4,observed_estimated_cost
2909,2026-03-01,Pattaya_Beach,Watermelon,7,100.31,2026-02-23,6,5,45.0,8.33,8.33,100.31,observed_estimated_cost
2910,2026-03-01,Pattaya_Central,Guava,3,43.74,2026-02-23,6,5.5,49.0,8.58,8.58,43.74,observed_estimated_cost
2911,2026-03-01,Pattaya_Central,MixedBerryPremium,36,1500.84,2026-02-23,8,7,89.0,,33.69,,estimated_from_fruit_cost_plus_packaging
2912,2026-03-01,Pattaya_Central,PassionFruit,9,231.48,2026-02-23,6,6,65.0,19.72,19.72,231.48,observed_estimated_cost
2913,2026-03-01,Pattaya_Central,Pineapple,7,114.8,2026-02-23,6,5,49.0,10.4,10.4,114.8,observed_estimated_cost
2914,2026-03-01,Pattaya_Central,Watermelon,12,171.96,2026-02-23,6,5,45.0,8.33,8.33,171.96,observed_estimated_cost
2915,2026-03-02,BKK_Ladprao,Guava,5,74.55,2026-03-02,6,5.5,49.0,8.91,8.91,74.55,observed_estimated_cost
2916,2026-03-02,BKK_Ladprao,MixedBerryPremium,12,500.28,2026-03-02,8,7,89.0,33.69,33.69,500.28,observed_estimated_cost
2917,2026-03-02,BKK_Ladprao,PassionFruit,8,190.72,2026-03-02,6,6,65.0,17.84,17.84,190.72,observed_estimated_cost
2918,2026-03-02,BKK_Ladprao,Pineapple,6,98.58,2026-03-02,6,5,49.0,10.43,10.43,98.58,observed_estimated_cost
2919,2026-03-02,BKK_Ladprao,Watermelon,6,80.4,2026-03-02,6,5,45.0,7.4,7.4,80.4,observed_estimated_cost
2920,2026-03-02,BKK_Sukhumvit,Guava,4,59.64,2026-03-02,6,5.5,49.0,8.91,8.91,59.64,observed_estimated_cost
2921,2026-03-02,BKK_Sukhumvit,MixedBerryPremium,18,750.42,2026-03-02,8,7,89.0,33.69,33.69,750.42,observed_estimated_cost
2922,2026-03-02,BKK_Sukhumvit,PassionFruit,5,119.2,2026-03-02,6,6,65.0,17.84,17.84,119.2,observed_estimated_cost
2923,2026-03-02,BKK_Sukhumvit,Pineapple,7,115.01,2026-03-02,6,5,49.0,10.43,10.43,115.01,observed_estimated_cost
2924,2026-03-02,BKK_Sukhumvit,Watermelon,6,80.4,2026-03-02,6,5,45.0,7.4,7.4,80.4,observed_estimated_cost
2925,2026-03-02,Pattaya_Beach,Guava,5,74.55,2026-03-02,6,5.5,49.0,8.91,8.91,74.55,observed_estimated_cost
2926,2026-03-02,Pattaya_Beach,MixedBerryPremium,18,750.42,2026-03-02,8,7,89.0,33.69,33.69,750.42,observed_estimated_cost
2927,2026-03-02,Pattaya_Beach,PassionFruit,4,95.36,2026-03-02,6,6,65.0,17.84,17.84,95.36,observed_estimated_cost
2928,2026-03-02,Pattaya_Beach,Pineapple,6,98.58,2026-03-02,6,5,49.0,10.43,10.43,98.58,observed_estimated_cost
2929,2026-03-02,Pattaya_Beach,Watermelon,6,80.4,2026-03-02,6,5,45.0,7.4,7.4,80.4,observed_estimated_cost
2930,2026-03-02,Pattaya_Central,Guava,3,44.73,2026-03-02,6,5.5,49.0,8.91,8.91,44.73,observed_estimated_cost
2931,2026-03-02,Pattaya_Central,MixedBerryPremium,17,708.73,2026-03-02,8,7,89.0,33.69,33.69,708.73,observed_estimated_cost
2932,2026-03-02,Pattaya_Central,PassionFruit,4,95.36,2026-03-02,6,6,65.0,17.84,17.84,95.36,observed_estimated_cost
2933,2026-03-02,Pattaya_Central,Pineapple,5,82.15,2026-03-02,6,5,49.0,10.43,10.43,82.15,observed_estimated_cost
2934,2026-03-02,Pattaya_Central,Watermelon,8,107.2,2026-03-02,6,5,45.0,7.4,7.4,107.2,observed_estimated_cost
2935,2026-03-03,BKK_Ladprao,Guava,5,74.55,2026-03-02,6,5.5,49.0,8.91,8.91,74.55,observed_estimated_cost
2936,2026-03-03,BKK_Ladprao,MixedBerryPremium,44,1834.36,2026-03-02,8,7,89.0,33.69,33.69,1834.36,observed_estimated_cost
2937,2026-03-03,BKK_Ladprao,PassionFruit,11,262.24,2026-03-02,6,6,65.0,17.84,17.84,262.24,observed_estimated_cost
2938,2026-03-03,BKK_Ladprao,Pineapple,16,262.88,2026-03-02,6,5,49.0,10.43,10.43,262.88,observed_estimated_cost
2939,2026-03-03,BKK_Ladprao,Watermelon,6,80.4,2026-03-02,6,5,45.0,7.4,7.4,80.4,observed_estimated_cost
2940,2026-03-03,BKK_Sukhumvit,Guava,7,104.37,2026-03-02,6,5.5,49.0,8.91,8.91,104.37,observed_estimated_cost
2941,2026-03-03,BKK_Sukhumvit,MixedBerryPremium,21,875.49,2026-03-02,8,7,89.0,33.69,33.69,875.49,observed_estimated_cost
2942,2026-03-03,BKK_Sukhumvit,PassionFruit,17,405.28,2026-03-02,6,6,65.0,17.84,17.84,405.28,observed_estimated_cost
2943,2026-03-03,BKK_Sukhumvit,Pineapple,7,115.01,2026-03-02,6,5,49.0,10.43,10.43,115.01,observed_estimated_cost
2944,2026-03-03,BKK_Sukhumvit,Watermelon,7,93.8,2026-03-02,6,5,45.0,7.4,7.4,93.8,observed_estimated_cost
2945,2026-03-03,Pattaya_Beach,Guava,6,89.46,2026-03-02,6,5.5,49.0,8.91,8.91,89.46,observed_estimated_cost
2946,2026-03-03,Pattaya_Beach,MixedBerryPremium,39,1625.91,2026-03-02,8,7,89.0,33.69,33.69,1625.91,observed_estimated_cost
2947,2026-03-03,Pattaya_Beach,PassionFruit,7,166.88,2026-03-02,6,6,65.0,17.84,17.84,166.88,observed_estimated_cost
2948,2026-03-03,Pattaya_Beach,Pineapple,14,230.02,2026-03-02,6,5,49.0,10.43,10.43,230.02,observed_estimated_cost
2949,2026-03-03,Pattaya_Beach,Watermelon,13,174.2,2026-03-02,6,5,45.0,7.4,7.4,174.2,observed_estimated_cost
2950,2026-03-03,Pattaya_Central,Guava,2,29.82,2026-03-02,6,5.5,49.0,8.91,8.91,29.82,observed_estimated_cost
2951,2026-03-03,Pattaya_Central,MixedBerryPremium,53,2209.57,2026-03-02,8,7,89.0,33.69,33.69,2209.57,observed_estimated_cost
2952,2026-03-03,Pattaya_Central,PassionFruit,12,286.08,2026-03-02,6,6,65.0,17.84,17.84,286.08,observed_estimated_cost
2953,2026-03-03,Pattaya_Central,Pineapple,7,115.01,2026-03-02,6,5,49.0,10.43,10.43,115.01,observed_estimated_cost
2954,2026-03-03,Pattaya_Central,Watermelon,13,174.2,2026-03-02,6,5,45.0,7.4,7.4,174.2,observed_estimated_cost
2955,2026-03-04,BKK_Ladprao,Guava,4,59.64,2026-03-02,6,5.5,49.0,8.91,8.91,59.64,observed_estimated_cost
2956,2026-03-04,BKK_Ladprao,MixedBerryPremium,15,625.35,2026-03-02,8,7,89.0,33.69,33.69,625.35,observed_estimated_cost
2957,2026-03-04,BKK_Ladprao,PassionFruit,3,71.52,2026-03-02,6,6,65.0,17.84,17.84,71.52,observed_estimated_cost
2958,2026-03-04,BKK_Ladprao,Pineapple,4,65.72,2026-03-02,6,5,49.0,10.43,10.43,65.72,observed_estimated_cost
2959,2026-03-04,BKK_Ladprao,Watermelon,6,80.4,2026-03-02,6,5,45.0,7.4,7.4,80.4,observed_estimated_cost
2960,2026-03-04,BKK_Sukhumvit,Guava,3,44.73,2026-03-02,6,5.5,49.0,8.91,8.91,44.73,observed_estimated_cost
2961,2026-03-04,BKK_Sukhumvit,MixedBerryPremium,12,500.28,2026-03-02,8,7,89.0,33.69,33.69,500.28,observed_estimated_cost
2962,2026-03-04,BKK_Sukhumvit,PassionFruit,3,71.52,2026-03-02,6,6,65.0,17.84,17.84,71.52,observed_estimated_cost
2963,2026-03-04,BKK_Sukhumvit,Pineapple,4,65.72,2026-03-02,6,5,49.0,10.43,10.43,65.72,observed_estimated_cost
2964,2026-03-04,BKK_Sukhumvit,Watermelon,6,80.4,2026-03-02,6,5,45.0,7.4,7.4,80.4,observed_estimated_cost
2965,2026-03-04,Pattaya_Beach,Guava,4,59.64,2026-03-02,6,5.5,49.0,8.91,8.91,59.64,observed_estimated_cost
2966,2026-03-04,Pattaya_Beach,MixedBerryPremium,17,708.73,2026-03-02,8,7,89.0,33.69,33.69,708.73,observed_estimated_cost
2967,2026-03-04,Pattaya_Beach,PassionFruit,7,166.88,2026-03-02,6,6,65.0,17.84,17.84,166.88,observed_estimated_cost
2968,2026-03-04,Pattaya_Beach,Pineapple,6,98.58,2026-03-02,6,5,49.0,10.43,10.43,98.58,observed_estimated_cost
2969,2026-03-04,Pattaya_Beach,Watermelon,8,107.2,2026-03-02,6,5,45.0,7.4,7.4,107.2,observed_estimated_cost
2970,2026-03-04,Pattaya_Central,Guava,8,119.28,2026-03-02,6,5.5,49.0,8.91,8.91,119.28,observed_estimated_cost
2971,2026-03-04,Pattaya_Central,MixedBerryPremium,25,1042.25,2026-03-02,8,7,89.0,33.69,33.69,1042.25,observed_estimated_cost
2972,2026-03-04,Pattaya_Central,PassionFruit,4,95.36,2026-03-02,6,6,65.0,17.84,17.84,95.36,observed_estimated_cost
2973,2026-03-04,Pattaya_Central,Pineapple,7,115.01,2026-03-02,6,5,49.0,10.43,10.43,115.01,observed_estimated_cost
2974,2026-03-04,Pattaya_Central,Watermelon,5,67.0,2026-03-02,6,5,45.0,7.4,7.4,67.0,observed_estimated_cost
2975,2026-03-05,BKK_Ladprao,Guava,6,89.46,2026-03-02,6,5.5,49.0,8.91,8.91,89.46,observed_estimated_cost
2976,2026-03-05,BKK_Ladprao,MixedBerryPremium,14,583.66,2026-03-02,8,7,89.0,33.69,33.69,583.66,observed_estimated_cost
2977,2026-03-05,BKK_Ladprao,PassionFruit,6,143.04,2026-03-02,6,6,65.0,17.84,17.84,143.04,observed_estimated_cost
2978,2026-03-05,BKK_Ladprao,Pineapple,5,82.15,2026-03-02,6,5,49.0,10.43,10.43,82.15,observed_estimated_cost
2979,2026-03-05,BKK_Ladprao,Watermelon,6,80.4,2026-03-02,6,5,45.0,7.4,7.4,80.4,observed_estimated_cost
2980,2026-03-05,BKK_Sukhumvit,Guava,5,74.55,2026-03-02,6,5.5,49.0,8.91,8.91,74.55,observed_estimated_cost
2981,2026-03-05,BKK_Sukhumvit,MixedBerryPremium,13,541.97,2026-03-02,8,7,89.0,33.69,33.69,541.97,observed_estimated_cost
2982,2026-03-05,BKK_Sukhumvit,PassionFruit,10,238.4,2026-03-02,6,6,65.0,17.84,17.84,238.4,observed_estimated_cost
2983,2026-03-05,BKK_Sukhumvit,Pineapple,3,49.29,2026-03-02,6,5,49.0,10.43,10.43,49.29,observed_estimated_cost
2984,2026-03-05,BKK_Sukhumvit,Watermelon,4,53.6,2026-03-02,6,5,45.0,7.4,7.4,53.6,observed_estimated_cost
2985,2026-03-05,Pattaya_Beach,Guava,1,14.91,2026-03-02,6,5.5,49.0,8.91,8.91,14.91,observed_estimated_cost
2986,2026-03-05,Pattaya_Beach,MixedBerryPremium,15,625.35,2026-03-02,8,7,89.0,33.69,33.69,625.35,observed_estimated_cost
2987,2026-03-05,Pattaya_Beach,PassionFruit,5,119.2,2026-03-02,6,6,65.0,17.84,17.84,119.2,observed_estimated_cost
2988,2026-03-05,Pattaya_Beach,Pineapple,7,115.01,2026-03-02,6,5,49.0,10.43,10.43,115.01,observed_estimated_cost
2989,2026-03-05,Pattaya_Beach,Watermelon,4,53.6,2026-03-02,6,5,45.0,7.4,7.4,53.6,observed_estimated_cost
2990,2026-03-05,Pattaya_Central,Guava,7,104.37,2026-03-02,6,5.5,49.0,8.91,8.91,104.37,observed_estimated_cost
2991,2026-03-05,Pattaya_Central,MixedBerryPremium,10,416.9,2026-03-02,8,7,89.0,33.69,33.69,416.9,observed_estimated_cost
2992,2026-03-05,Pattaya_Central,PassionFruit,7,166.88,2026-03-02,6,6,65.0,17.84,17.84,166.88,observed_estimated_cost
2993,2026-03-05,Pattaya_Central,Pineapple,9,147.87,2026-03-02,6,5,49.0,10.43,10.43,147.87,observed_estimated_cost
2994,2026-03-05,Pattaya_Central,Watermelon,7,93.8,2026-03-02,6,5,45.0,7.4,7.4,93.8,observed_estimated_cost
2995,2026-03-06,BKK_Ladprao,Guava,3,44.73,2026-03-02,6,5.5,49.0,8.91,8.91,44.73,observed_estimated_cost
2996,2026-03-06,BKK_Ladprao,MixedBerryPremium,15,625.35,2026-03-02,8,7,89.0,33.69,33.69,625.35,observed_estimated_cost
2997,2026-03-06,BKK_Ladprao,PassionFruit,4,95.36,2026-03-02,6,6,65.0,17.84,17.84,95.36,observed_estimated_cost
2998,2026-03-06,BKK_Ladprao,Pineapple,5,82.15,2026-03-02,6,5,49.0,10.43,10.43,82.15,observed_estimated_cost
2999,2026-03-06,BKK_Ladprao,Watermelon,7,93.8,2026-03-02,6,5,45.0,7.4,7.4,93.8,observed_estimated_cost
3000,2026-03-06,BKK_Sukhumvit,Guava,4,59.64,2026-03-02,6,5.5,49.0,8.91,8.91,59.64,observed_estimated_cost
3001,2026-03-06,BKK_Sukhumvit,MixedBerryPremium,12,500.28,2026-03-02,8,7,89.0,33.69,33.69,500.28,observed_estimated_cost
3002,2026-03-06,BKK_Sukhumvit,PassionFruit,7,166.88,2026-03-02,6,6,65.0,17.84,17.84,166.88,observed_estimated_cost
3003,2026-03-06,BKK_Sukhumvit,Pineapple,8,131.44,2026-03-02,6,5,49.0,10.43,10.43,131.44,observed_estimated_cost
3004,2026-03-06,BKK_Sukhumvit,Watermelon,7,93.8,2026-03-02,6,5,45.0,7.4,7.4,93.8,observed_estimated_cost
3005,2026-03-06,Pattaya_Beach,Guava,4,59.64,2026-03-02,6,5.5,49.0,8.91,8.91,59.64,observed_estimated_cost
3006,2026-03-06,Pattaya_Beach,MixedBerryPremium,18,750.42,2026-03-02,8,7,89.0,33.69,33.69,750.42,observed_estimated_cost
3007,2026-03-06,Pattaya_Beach,PassionFruit,8,190.72,2026-03-02,6,6,65.0,17.84,17.84,190.72,observed_estimated_cost
3008,2026-03-06,Pattaya_Beach,Pineapple,2,32.86,2026-03-02,6,5,49.0,10.43,10.43,32.86,observed_estimated_cost
3009,2026-03-06,Pattaya_Beach,Watermelon,3,40.2,2026-03-02,6,5,45.0,7.4,7.4,40.2,observed_estimated_cost
3010,2026-03-06,Pattaya_Central,Guava,7,104.37,2026-03-02,6,5.5,49.0,8.91,8.91,104.37,observed_estimated_cost
3011,2026-03-06,Pattaya_Central,MixedBerryPremium,16,667.04,2026-03-02,8,7,89.0,33.69,33.69,667.04,observed_estimated_cost
3012,2026-03-06,Pattaya_Central,PassionFruit,8,190.72,2026-03-02,6,6,65.0,17.84,17.84,190.72,observed_estimated_cost
3013,2026-03-06,Pattaya_Central,Pineapple,6,98.58,2026-03-02,6,5,49.0,10.43,10.43,98.58,observed_estimated_cost
3014,2026-03-06,Pattaya_Central,Watermelon,8,107.2,2026-03-02,6,5,45.0,7.4,7.4,107.2,observed_estimated_cost
3015,2026-03-07,BKK_Ladprao,Guava,5,74.55,2026-03-02,6,5.5,49.0,8.91,8.91,74.55,observed_estimated_cost
3016,2026-03-07,BKK_Ladprao,MixedBerryPremium,8,333.52,2026-03-02,8,7,89.0,33.69,33.69,333.52,observed_estimated_cost
3017,2026-03-07,BKK_Ladprao,PassionFruit,7,166.88,2026-03-02,6,6,65.0,17.84,17.84,166.88,observed_estimated_cost
3018,2026-03-07,BKK_Ladprao,Pineapple,3,49.29,2026-03-02,6,5,49.0,10.43,10.43,49.29,observed_estimated_cost
3019,2026-03-07,BKK_Ladprao,Watermelon,6,80.4,2026-03-02,6,5,45.0,7.4,7.4,80.4,observed_estimated_cost
3020,2026-03-07,BKK_Sukhumvit,Guava,5,74.55,2026-03-02,6,5.5,49.0,8.91,8.91,74.55,observed_estimated_cost
3021,2026-03-07,BKK_Sukhumvit,MixedBerryPremium,12,500.28,2026-03-02,8,7,89.0,33.69,33.69,500.28,observed_estimated_cost
3022,2026-03-07,BKK_Sukhumvit,PassionFruit,6,143.04,2026-03-02,6,6,65.0,17.84,17.84,143.04,observed_estimated_cost
3023,2026-03-07,BKK_Sukhumvit,Pineapple,5,82.15,2026-03-02,6,5,49.0,10.43,10.43,82.15,observed_estimated_cost
3024,2026-03-07,BKK_Sukhumvit,Watermelon,6,80.4,2026-03-02,6,5,45.0,7.4,7.4,80.4,observed_estimated_cost
3025,2026-03-07,Pattaya_Beach,Guava,9,134.19,2026-03-02,6,5.5,49.0,8.91,8.91,134.19,observed_estimated_cost
3026,2026-03-07,Pattaya_Beach,MixedBerryPremium,22,917.18,2026-03-02,8,7,89.0,33.69,33.69,917.18,observed_estimated_cost
3027,2026-03-07,Pattaya_Beach,PassionFruit,14,333.76,2026-03-02,6,6,65.0,17.84,17.84,333.76,observed_estimated_cost
3028,2026-03-07,Pattaya_Beach,Pineapple,7,115.01,2026-03-02,6,5,49.0,10.43,10.43,115.01,observed_estimated_cost
3029,2026-03-07,Pattaya_Beach,Watermelon,8,107.2,2026-03-02,6,5,45.0,7.4,7.4,107.2,observed_estimated_cost
3030,2026-03-07,Pattaya_Central,Guava,5,74.55,2026-03-02,6,5.5,49.0,8.91,8.91,74.55,observed_estimated_cost
3031,2026-03-07,Pattaya_Central,MixedBerryPremium,21,875.49,2026-03-02,8,7,89.0,33.69,33.69,875.49,observed_estimated_cost
3032,2026-03-07,Pattaya_Central,PassionFruit,6,143.04,2026-03-02,6,6,65.0,17.84,17.84,143.04,observed_estimated_cost
3033,2026-03-07,Pattaya_Central,Pineapple,7,115.01,2026-03-02,6,5,49.0,10.43,10.43,115.01,observed_estimated_cost
3034,2026-03-07,Pattaya_Central,Watermelon,6,80.4,2026-03-02,6,5,45.0,7.4,7.4,80.4,observed_estimated_cost
3035,2026-03-08,BKK_Ladprao,Guava,6,89.46,2026-03-02,6,5.5,49.0,8.91,8.91,89.46,observed_estimated_cost
3036,2026-03-08,BKK_Ladprao,MixedBerryPremium,15,625.35,2026-03-02,8,7,89.0,33.69,33.69,625.35,observed_estimated_cost
3037,2026-03-08,BKK_Ladprao,PassionFruit,5,119.2,2026-03-02,6,6,65.0,17.84,17.84,119.2,observed_estimated_cost
3038,2026-03-08,BKK_Ladprao,Pineapple,6,98.58,2026-03-02,6,5,49.0,10.43,10.43,98.58,observed_estimated_cost
3039,2026-03-08,BKK_Ladprao,Watermelon,4,53.6,2026-03-02,6,5,45.0,7.4,7.4,53.6,observed_estimated_cost
3040,2026-03-08,BKK_Sukhumvit,Guava,5,74.55,2026-03-02,6,5.5,49.0,8.91,8.91,74.55,observed_estimated_cost
3041,2026-03-08,BKK_Sukhumvit,MixedBerryPremium,8,333.52,2026-03-02,8,7,89.0,33.69,33.69,333.52,observed_estimated_cost
3042,2026-03-08,BKK_Sukhumvit,PassionFruit,6,143.04,2026-03-02,6,6,65.0,17.84,17.84,143.04,observed_estimated_cost
3043,2026-03-08,BKK_Sukhumvit,Pineapple,4,65.72,2026-03-02,6,5,49.0,10.43,10.43,65.72,observed_estimated_cost
3044,2026-03-08,BKK_Sukhumvit,Watermelon,4,53.6,2026-03-02,6,5,45.0,7.4,7.4,53.6,observed_estimated_cost
3045,2026-03-08,Pattaya_Beach,Guava,7,104.37,2026-03-02,6,5.5,49.0,8.91,8.91,104.37,observed_estimated_cost
3046,2026-03-08,Pattaya_Beach,MixedBerryPremium,19,792.11,2026-03-02,8,7,89.0,33.69,33.69,792.11,observed_estimated_cost
3047,2026-03-08,Pattaya_Beach,PassionFruit,5,119.2,2026-03-02,6,6,65.0,17.84,17.84,119.2,observed_estimated_cost
3048,2026-03-08,Pattaya_Beach,Pineapple,3,49.29,2026-03-02,6,5,49.0,10.43,10.43,49.29,observed_estimated_cost
3049,2026-03-08,Pattaya_Beach,Watermelon,7,93.8,2026-03-02,6,5,45.0,7.4,7.4,93.8,observed_estimated_cost
3050,2026-03-08,Pattaya_Central,Guava,6,89.46,2026-03-02,6,5.5,49.0,8.91,8.91,89.46,observed_estimated_cost
3051,2026-03-08,Pattaya_Central,MixedBerryPremium,17,708.73,2026-03-02,8,7,89.0,33.69,33.69,708.73,observed_estimated_cost
3052,2026-03-08,Pattaya_Central,PassionFruit,10,238.4,2026-03-02,6,6,65.0,17.84,17.84,238.4,observed_estimated_cost
3053,2026-03-08,Pattaya_Central,Pineapple,8,131.44,2026-03-02,6,5,49.0,10.43,10.43,131.44,observed_estimated_cost
3054,2026-03-08,Pattaya_Central,Watermelon,12,160.8,2026-03-02,6,5,45.0,7.4,7.4,160.8,observed_estimated_cost
3055,2026-03-09,BKK_Ladprao,Guava,3,43.38,2026-03-09,6,5.5,49.0,8.46,8.46,43.38,observed_estimated_cost
3056,2026-03-09,BKK_Ladprao,MixedBerryPremium,9,382.86,2026-03-09,8,7,89.0,34.54,34.54,382.86,observed_estimated_cost
3057,2026-03-09,BKK_Ladprao,PassionFruit,4,95.72,2026-03-09,6,6,65.0,17.93,17.93,95.72,observed_estimated_cost
3058,2026-03-09,BKK_Ladprao,Pineapple,4,63.64,2026-03-09,6,5,49.0,9.91,9.91,63.64,observed_estimated_cost
3059,2026-03-09,BKK_Ladprao,Watermelon,7,94.43,2026-03-09,6,5,45.0,7.49,7.49,94.43,observed_estimated_cost
3060,2026-03-09,BKK_Sukhumvit,Guava,5,72.3,2026-03-09,6,5.5,49.0,8.46,8.46,72.3,observed_estimated_cost
3061,2026-03-09,BKK_Sukhumvit,MixedBerryPremium,11,467.94,2026-03-09,8,7,89.0,34.54,34.54,467.94,observed_estimated_cost
3062,2026-03-09,BKK_Sukhumvit,PassionFruit,5,119.65,2026-03-09,6,6,65.0,17.93,17.93,119.65,observed_estimated_cost
3063,2026-03-09,BKK_Sukhumvit,Pineapple,5,79.55,2026-03-09,6,5,49.0,9.91,9.91,79.55,observed_estimated_cost
3064,2026-03-09,BKK_Sukhumvit,Watermelon,4,53.96,2026-03-09,6,5,45.0,7.49,7.49,53.96,observed_estimated_cost
3065,2026-03-09,Pattaya_Beach,Guava,4,57.84,2026-03-09,6,5.5,49.0,8.46,8.46,57.84,observed_estimated_cost
3066,2026-03-09,Pattaya_Beach,MixedBerryPremium,15,638.1,2026-03-09,8,7,89.0,34.54,34.54,638.1,observed_estimated_cost
3067,2026-03-09,Pattaya_Beach,PassionFruit,5,119.65,2026-03-09,6,6,65.0,17.93,17.93,119.65,observed_estimated_cost
3068,2026-03-09,Pattaya_Beach,Pineapple,4,63.64,2026-03-09,6,5,49.0,9.91,9.91,63.64,observed_estimated_cost
3069,2026-03-09,Pattaya_Beach,Watermelon,9,121.41,2026-03-09,6,5,45.0,7.49,7.49,121.41,observed_estimated_cost
3070,2026-03-09,Pattaya_Central,Guava,6,86.76,2026-03-09,6,5.5,49.0,8.46,8.46,86.76,observed_estimated_cost
3071,2026-03-09,Pattaya_Central,MixedBerryPremium,26,1106.04,2026-03-09,8,7,89.0,34.54,34.54,1106.04,observed_estimated_cost
3072,2026-03-09,Pattaya_Central,PassionFruit,8,191.44,2026-03-09,6,6,65.0,17.93,17.93,191.44,observed_estimated_cost
3073,2026-03-09,Pattaya_Central,Pineapple,8,127.28,2026-03-09,6,5,49.0,9.91,9.91,127.28,observed_estimated_cost
3074,2026-03-09,Pattaya_Central,Watermelon,9,121.41,2026-03-09,6,5,45.0,7.49,7.49,121.41,observed_estimated_cost
3075,2026-03-10,BKK_Ladprao,Guava,5,72.3,2026-03-09,6,5.5,49.0,8.46,8.46,72.3,observed_estimated_cost
3076,2026-03-10,BKK_Ladprao,MixedBerryPremium,29,1233.66,2026-03-09,8,7,89.0,34.54,34.54,1233.66,observed_estimated_cost
3077,2026-03-10,BKK_Ladprao,PassionFruit,4,95.72,2026-03-09,6,6,65.0,17.93,17.93,95.72,observed_estimated_cost
3078,2026-03-10,BKK_Ladprao,Pineapple,6,95.46,2026-03-09,6,5,49.0,9.91,9.91,95.46,observed_estimated_cost
3079,2026-03-10,BKK_Ladprao,Watermelon,5,67.45,2026-03-09,6,5,45.0,7.49,7.49,67.45,observed_estimated_cost
3080,2026-03-10,BKK_Sukhumvit,Guava,3,43.38,2026-03-09,6,5.5,49.0,8.46,8.46,43.38,observed_estimated_cost
3081,2026-03-10,BKK_Sukhumvit,MixedBerryPremium,18,765.72,2026-03-09,8,7,89.0,34.54,34.54,765.72,observed_estimated_cost
3082,2026-03-10,BKK_Sukhumvit,PassionFruit,8,191.44,2026-03-09,6,6,65.0,17.93,17.93,191.44,observed_estimated_cost
3083,2026-03-10,BKK_Sukhumvit,Pineapple,6,95.46,2026-03-09,6,5,49.0,9.91,9.91,95.46,observed_estimated_cost
3084,2026-03-10,BKK_Sukhumvit,Watermelon,4,53.96,2026-03-09,6,5,45.0,7.49,7.49,53.96,observed_estimated_cost
3085,2026-03-10,Pattaya_Beach,Guava,6,86.76,2026-03-09,6,5.5,49.0,8.46,8.46,86.76,observed_estimated_cost
3086,2026-03-10,Pattaya_Beach,MixedBerryPremium,8,340.32,2026-03-09,8,7,89.0,34.54,34.54,340.32,observed_estimated_cost
3087,2026-03-10,Pattaya_Beach,PassionFruit,4,95.72,2026-03-09,6,6,65.0,17.93,17.93,95.72,observed_estimated_cost
3088,2026-03-10,Pattaya_Beach,Pineapple,2,31.82,2026-03-09,6,5,49.0,9.91,9.91,31.82,observed_estimated_cost
3089,2026-03-10,Pattaya_Beach,Watermelon,5,67.45,2026-03-09,6,5,45.0,7.49,7.49,67.45,observed_estimated_cost
3090,2026-03-10,Pattaya_Central,Guava,6,86.76,2026-03-09,6,5.5,49.0,8.46,8.46,86.76,observed_estimated_cost
3091,2026-03-10,Pattaya_Central,MixedBerryPremium,21,893.34,2026-03-09,8,7,89.0,34.54,34.54,893.34,observed_estimated_cost
3092,2026-03-10,Pattaya_Central,PassionFruit,11,263.23,2026-03-09,6,6,65.0,17.93,17.93,263.23,observed_estimated_cost
3093,2026-03-10,Pattaya_Central,Pineapple,7,111.37,2026-03-09,6,5,49.0,9.91,9.91,111.37,observed_estimated_cost
3094,2026-03-10,Pattaya_Central,Watermelon,7,94.43,2026-03-09,6,5,45.0,7.49,7.49,94.43,observed_estimated_cost
3095,2026-03-11,BKK_Ladprao,Guava,6,86.76,2026-03-09,6,5.5,49.0,8.46,8.46,86.76,observed_estimated_cost
3096,2026-03-11,BKK_Ladprao,MixedBerryPremium,5,212.7,2026-03-09,8,7,89.0,34.54,34.54,212.7,observed_estimated_cost
3097,2026-03-11,BKK_Ladprao,PassionFruit,4,95.72,2026-03-09,6,6,65.0,17.93,17.93,95.72,observed_estimated_cost
3098,2026-03-11,BKK_Ladprao,Pineapple,5,79.55,2026-03-09,6,5,49.0,9.91,9.91,79.55,observed_estimated_cost
3099,2026-03-11,BKK_Ladprao,Watermelon,8,107.92,2026-03-09,6,5,45.0,7.49,7.49,107.92,observed_estimated_cost
3100,2026-03-11,BKK_Sukhumvit,Guava,3,43.38,2026-03-09,6,5.5,49.0,8.46,8.46,43.38,observed_estimated_cost
3101,2026-03-11,BKK_Sukhumvit,MixedBerryPremium,15,638.1,2026-03-09,8,7,89.0,34.54,34.54,638.1,observed_estimated_cost
3102,2026-03-11,BKK_Sukhumvit,PassionFruit,6,143.58,2026-03-09,6,6,65.0,17.93,17.93,143.58,observed_estimated_cost
3103,2026-03-11,BKK_Sukhumvit,Pineapple,6,95.46,2026-03-09,6,5,49.0,9.91,9.91,95.46,observed_estimated_cost
3104,2026-03-11,BKK_Sukhumvit,Watermelon,10,134.9,2026-03-09,6,5,45.0,7.49,7.49,134.9,observed_estimated_cost
3105,2026-03-11,Pattaya_Beach,Guava,4,57.84,2026-03-09,6,5.5,49.0,8.46,8.46,57.84,observed_estimated_cost
3106,2026-03-11,Pattaya_Beach,MixedBerryPremium,10,425.4,2026-03-09,8,7,89.0,34.54,34.54,425.4,observed_estimated_cost
3107,2026-03-11,Pattaya_Beach,PassionFruit,6,143.58,2026-03-09,6,6,65.0,17.93,17.93,143.58,observed_estimated_cost
3108,2026-03-11,Pattaya_Beach,Pineapple,4,63.64,2026-03-09,6,5,49.0,9.91,9.91,63.64,observed_estimated_cost
3109,2026-03-11,Pattaya_Beach,Watermelon,7,94.43,2026-03-09,6,5,45.0,7.49,7.49,94.43,observed_estimated_cost
3110,2026-03-11,Pattaya_Central,Guava,6,86.76,2026-03-09,6,5.5,49.0,8.46,8.46,86.76,observed_estimated_cost
3111,2026-03-11,Pattaya_Central,MixedBerryPremium,18,765.72,2026-03-09,8,7,89.0,34.54,34.54,765.72,observed_estimated_cost
3112,2026-03-11,Pattaya_Central,PassionFruit,3,71.79,2026-03-09,6,6,65.0,17.93,17.93,71.79,observed_estimated_cost
3113,2026-03-11,Pattaya_Central,Pineapple,6,95.46,2026-03-09,6,5,49.0,9.91,9.91,95.46,observed_estimated_cost
3114,2026-03-11,Pattaya_Central,Watermelon,9,121.41,2026-03-09,6,5,45.0,7.49,7.49,121.41,observed_estimated_cost
3115,2026-03-12,BKK_Ladprao,Guava,4,57.84,2026-03-09,6,5.5,49.0,8.46,8.46,57.84,observed_estimated_cost
3116,2026-03-12,BKK_Ladprao,MixedBerryPremium,22,935.88,2026-03-09,8,7,89.0,34.54,34.54,935.88,observed_estimated_cost
3117,2026-03-12,BKK_Ladprao,PassionFruit,10,239.3,2026-03-09,6,6,65.0,17.93,17.93,239.3,observed_estimated_cost
3118,2026-03-12,BKK_Ladprao,Pineapple,3,47.73,2026-03-09,6,5,49.0,9.91,9.91,47.73,observed_estimated_cost
3119,2026-03-12,BKK_Ladprao,Watermelon,8,107.92,2026-03-09,6,5,45.0,7.49,7.49,107.92,observed_estimated_cost
3120,2026-03-12,BKK_Sukhumvit,Guava,7,101.22,2026-03-09,6,5.5,49.0,8.46,8.46,101.22,observed_estimated_cost
3121,2026-03-12,BKK_Sukhumvit,MixedBerryPremium,17,723.18,2026-03-09,8,7,89.0,34.54,34.54,723.18,observed_estimated_cost
3122,2026-03-12,BKK_Sukhumvit,PassionFruit,7,167.51,2026-03-09,6,6,65.0,17.93,17.93,167.51,observed_estimated_cost
3123,2026-03-12,BKK_Sukhumvit,Pineapple,4,63.64,2026-03-09,6,5,49.0,9.91,9.91,63.64,observed_estimated_cost
3124,2026-03-12,BKK_Sukhumvit,Watermelon,6,80.94,2026-03-09,6,5,45.0,7.49,7.49,80.94,observed_estimated_cost
3125,2026-03-12,Pattaya_Beach,Guava,4,57.84,2026-03-09,6,5.5,49.0,8.46,8.46,57.84,observed_estimated_cost
3126,2026-03-12,Pattaya_Beach,MixedBerryPremium,12,510.48,2026-03-09,8,7,89.0,34.54,34.54,510.48,observed_estimated_cost
3127,2026-03-12,Pattaya_Beach,PassionFruit,5,119.65,2026-03-09,6,6,65.0,17.93,17.93,119.65,observed_estimated_cost
3128,2026-03-12,Pattaya_Beach,Pineapple,6,95.46,2026-03-09,6,5,49.0,9.91,9.91,95.46,observed_estimated_cost
3129,2026-03-12,Pattaya_Beach,Watermelon,7,94.43,2026-03-09,6,5,45.0,7.49,7.49,94.43,observed_estimated_cost
3130,2026-03-12,Pattaya_Central,Guava,3,43.38,2026-03-09,6,5.5,49.0,8.46,8.46,43.38,observed_estimated_cost
3131,2026-03-12,Pattaya_Central,MixedBerryPremium,4,170.16,2026-03-09,8,7,89.0,34.54,34.54,170.16,observed_estimated_cost
3132,2026-03-12,Pattaya_Central,PassionFruit,9,215.37,2026-03-09,6,6,65.0,17.93,17.93,215.37,observed_estimated_cost
3133,2026-03-12,Pattaya_Central,Pineapple,6,95.46,2026-03-09,6,5,49.0,9.91,9.91,95.46,observed_estimated_cost
3134,2026-03-12,Pattaya_Central,Watermelon,11,148.39,2026-03-09,6,5,45.0,7.49,7.49,148.39,observed_estimated_cost
3135,2026-03-13,BKK_Ladprao,Guava,2,28.92,2026-03-09,6,5.5,49.0,8.46,8.46,28.92,observed_estimated_cost
3136,2026-03-13,BKK_Ladprao,MixedBerryPremium,7,297.78,2026-03-09,8,7,89.0,34.54,34.54,297.78,observed_estimated_cost
3137,2026-03-13,BKK_Ladprao,PassionFruit,7,167.51,2026-03-09,6,6,65.0,17.93,17.93,167.51,observed_estimated_cost
3138,2026-03-13,BKK_Ladprao,Pineapple,5,79.55,2026-03-09,6,5,49.0,9.91,9.91,79.55,observed_estimated_cost
3139,2026-03-13,BKK_Ladprao,Watermelon,5,67.45,2026-03-09,6,5,45.0,7.49,7.49,67.45,observed_estimated_cost
3140,2026-03-13,BKK_Sukhumvit,Guava,3,43.38,2026-03-09,6,5.5,49.0,8.46,8.46,43.38,observed_estimated_cost
3141,2026-03-13,BKK_Sukhumvit,MixedBerryPremium,7,297.78,2026-03-09,8,7,89.0,34.54,34.54,297.78,observed_estimated_cost
3142,2026-03-13,BKK_Sukhumvit,PassionFruit,5,119.65,2026-03-09,6,6,65.0,17.93,17.93,119.65,observed_estimated_cost
3143,2026-03-13,BKK_Sukhumvit,Pineapple,8,127.28,2026-03-09,6,5,49.0,9.91,9.91,127.28,observed_estimated_cost
3144,2026-03-13,BKK_Sukhumvit,Watermelon,11,148.39,2026-03-09,6,5,45.0,7.49,7.49,148.39,observed_estimated_cost
3145,2026-03-13,Pattaya_Beach,Guava,5,72.3,2026-03-09,6,5.5,49.0,8.46,8.46,72.3,observed_estimated_cost
3146,2026-03-13,Pattaya_Beach,MixedBerryPremium,10,425.4,2026-03-09,8,7,89.0,34.54,34.54,425.4,observed_estimated_cost
3147,2026-03-13,Pattaya_Beach,PassionFruit,5,119.65,2026-03-09,6,6,65.0,17.93,17.93,119.65,observed_estimated_cost
3148,2026-03-13,Pattaya_Beach,Pineapple,6,95.46,2026-03-09,6,5,49.0,9.91,9.91,95.46,observed_estimated_cost
3149,2026-03-13,Pattaya_Beach,Watermelon,4,53.96,2026-03-09,6,5,45.0,7.49,7.49,53.96,observed_estimated_cost
3150,2026-03-13,Pattaya_Central,Guava,6,86.76,2026-03-09,6,5.5,49.0,8.46,8.46,86.76,observed_estimated_cost
3151,2026-03-13,Pattaya_Central,MixedBerryPremium,23,978.42,2026-03-09,8,7,89.0,34.54,34.54,978.42,observed_estimated_cost
3152,2026-03-13,Pattaya_Central,PassionFruit,8,191.44,2026-03-09,6,6,65.0,17.93,17.93,191.44,observed_estimated_cost
3153,2026-03-13,Pattaya_Central,Pineapple,8,127.28,2026-03-09,6,5,49.0,9.91,9.91,127.28,observed_estimated_cost
3154,2026-03-13,Pattaya_Central,Watermelon,11,148.39,2026-03-09,6,5,45.0,7.49,7.49,148.39,observed_estimated_cost
3155,2026-03-14,BKK_Ladprao,Guava,7,101.22,2026-03-09,6,5.5,49.0,8.46,8.46,101.22,observed_estimated_cost
3156,2026-03-14,BKK_Ladprao,MixedBerryPremium,22,935.88,2026-03-09,8,7,89.0,34.54,34.54,935.88,observed_estimated_cost
3157,2026-03-14,BKK_Ladprao,PassionFruit,7,167.51,2026-03-09,6,6,65.0,17.93,17.93,167.51,observed_estimated_cost
3158,2026-03-14,BKK_Ladprao,Pineapple,6,95.46,2026-03-09,6,5,49.0,9.91,9.91,95.46,observed_estimated_cost
3159,2026-03-14,BKK_Ladprao,Watermelon,7,94.43,2026-03-09,6,5,45.0,7.49,7.49,94.43,observed_estimated_cost
3160,2026-03-14,BKK_Sukhumvit,Guava,4,57.84,2026-03-09,6,5.5,49.0,8.46,8.46,57.84,observed_estimated_cost
3161,2026-03-14,BKK_Sukhumvit,MixedBerryPremium,14,595.56,2026-03-09,8,7,89.0,34.54,34.54,595.56,observed_estimated_cost
3162,2026-03-14,BKK_Sukhumvit,PassionFruit,4,95.72,2026-03-09,6,6,65.0,17.93,17.93,95.72,observed_estimated_cost
3163,2026-03-14,BKK_Sukhumvit,Pineapple,6,95.46,2026-03-09,6,5,49.0,9.91,9.91,95.46,observed_estimated_cost
3164,2026-03-14,BKK_Sukhumvit,Watermelon,6,80.94,2026-03-09,6,5,45.0,7.49,7.49,80.94,observed_estimated_cost
3165,2026-03-14,Pattaya_Beach,Guava,4,57.84,2026-03-09,6,5.5,49.0,8.46,8.46,57.84,observed_estimated_cost
3166,2026-03-14,Pattaya_Beach,MixedBerryPremium,25,1063.5,2026-03-09,8,7,89.0,34.54,34.54,1063.5,observed_estimated_cost
3167,2026-03-14,Pattaya_Beach,PassionFruit,4,95.72,2026-03-09,6,6,65.0,17.93,17.93,95.72,observed_estimated_cost
3168,2026-03-14,Pattaya_Beach,Pineapple,6,95.46,2026-03-09,6,5,49.0,9.91,9.91,95.46,observed_estimated_cost
3169,2026-03-14,Pattaya_Beach,Watermelon,8,107.92,2026-03-09,6,5,45.0,7.49,7.49,107.92,observed_estimated_cost
3170,2026-03-14,Pattaya_Central,Guava,12,173.52,2026-03-09,6,5.5,49.0,8.46,8.46,173.52,observed_estimated_cost
3171,2026-03-14,Pattaya_Central,MixedBerryPremium,7,297.78,2026-03-09,8,7,89.0,34.54,34.54,297.78,observed_estimated_cost
3172,2026-03-14,Pattaya_Central,PassionFruit,9,215.37,2026-03-09,6,6,65.0,17.93,17.93,215.37,observed_estimated_cost
3173,2026-03-14,Pattaya_Central,Pineapple,12,190.92,2026-03-09,6,5,49.0,9.91,9.91,190.92,observed_estimated_cost
3174,2026-03-14,Pattaya_Central,Watermelon,15,202.35,2026-03-09,6,5,45.0,7.49,7.49,202.35,observed_estimated_cost
3175,2026-03-15,BKK_Ladprao,Guava,6,86.76,2026-03-09,6,5.5,49.0,8.46,8.46,86.76,observed_estimated_cost
3176,2026-03-15,BKK_Ladprao,MixedBerryPremium,14,595.56,2026-03-09,8,7,89.0,34.54,34.54,595.56,observed_estimated_cost
3177,2026-03-15,BKK_Ladprao,PassionFruit,8,191.44,2026-03-09,6,6,65.0,17.93,17.93,191.44,observed_estimated_cost
3178,2026-03-15,BKK_Ladprao,Pineapple,6,95.46,2026-03-09,6,5,49.0,9.91,9.91,95.46,observed_estimated_cost
3179,2026-03-15,BKK_Ladprao,Watermelon,6,80.94,2026-03-09,6,5,45.0,7.49,7.49,80.94,observed_estimated_cost
3180,2026-03-15,BKK_Sukhumvit,Guava,5,72.3,2026-03-09,6,5.5,49.0,8.46,8.46,72.3,observed_estimated_cost
3181,2026-03-15,BKK_Sukhumvit,MixedBerryPremium,10,425.4,2026-03-09,8,7,89.0,34.54,34.54,425.4,observed_estimated_cost
3182,2026-03-15,BKK_Sukhumvit,PassionFruit,8,191.44,2026-03-09,6,6,65.0,17.93,17.93,191.44,observed_estimated_cost
3183,2026-03-15,BKK_Sukhumvit,Pineapple,3,47.73,2026-03-09,6,5,49.0,9.91,9.91,47.73,observed_estimated_cost
3184,2026-03-15,BKK_Sukhumvit,Watermelon,7,94.43,2026-03-09,6,5,45.0,7.49,7.49,94.43,observed_estimated_cost
3185,2026-03-15,Pattaya_Beach,Guava,6,86.76,2026-03-09,6,5.5,49.0,8.46,8.46,86.76,observed_estimated_cost
3186,2026-03-15,Pattaya_Beach,MixedBerryPremium,30,1276.2,2026-03-09,8,7,89.0,34.54,34.54,1276.2,observed_estimated_cost
3187,2026-03-15,Pattaya_Beach,PassionFruit,8,191.44,2026-03-09,6,6,65.0,17.93,17.93,191.44,observed_estimated_cost
3188,2026-03-15,Pattaya_Beach,Pineapple,9,143.19,2026-03-09,6,5,49.0,9.91,9.91,143.19,observed_estimated_cost
3189,2026-03-15,Pattaya_Beach,Watermelon,7,94.43,2026-03-09,6,5,45.0,7.49,7.49,94.43,observed_estimated_cost
3190,2026-03-15,Pattaya_Central,Guava,7,101.22,2026-03-09,6,5.5,49.0,8.46,8.46,101.22,observed_estimated_cost
3191,2026-03-15,Pattaya_Central,MixedBerryPremium,32,1361.28,2026-03-09,8,7,89.0,34.54,34.54,1361.28,observed_estimated_cost
3192,2026-03-15,Pattaya_Central,PassionFruit,12,287.16,2026-03-09,6,6,65.0,17.93,17.93,287.16,observed_estimated_cost
3193,2026-03-15,Pattaya_Central,Pineapple,6,95.46,2026-03-09,6,5,49.0,9.91,9.91,95.46,observed_estimated_cost
3194,2026-03-15,Pattaya_Central,Watermelon,9,121.41,2026-03-09,6,5,45.0,7.49,7.49,121.41,observed_estimated_cost
3195,2026-03-16,BKK_Ladprao,Guava,8,123.76,2026-03-16,6,5.5,49.0,9.47,9.47,123.76,observed_estimated_cost
3196,2026-03-16,BKK_Ladprao,MixedBerryPremium,7,299.25,2026-03-16,8,7,89.0,34.75,34.75,299.25,observed_estimated_cost
3197,2026-03-16,BKK_Ladprao,PassionFruit,5,125.2,2026-03-16,6,6,65.0,19.04,19.04,125.2,observed_estimated_cost
3198,2026-03-16,BKK_Ladprao,Pineapple,5,83.55,2026-03-16,6,5,49.0,10.71,10.71,83.55,observed_estimated_cost
3199,2026-03-16,BKK_Ladprao,Watermelon,5,64.85,2026-03-16,6,5,45.0,6.97,6.97,64.85,observed_estimated_cost
3200,2026-03-16,BKK_Sukhumvit,Guava,3,46.41,2026-03-16,6,5.5,49.0,9.47,9.47,46.41,observed_estimated_cost
3201,2026-03-16,BKK_Sukhumvit,MixedBerryPremium,18,769.5,2026-03-16,8,7,89.0,34.75,34.75,769.5,observed_estimated_cost
3202,2026-03-16,BKK_Sukhumvit,PassionFruit,3,75.12,2026-03-16,6,6,65.0,19.04,19.04,75.12,observed_estimated_cost
3203,2026-03-16,BKK_Sukhumvit,Pineapple,6,100.26,2026-03-16,6,5,49.0,10.71,10.71,100.26,observed_estimated_cost
3204,2026-03-16,BKK_Sukhumvit,Watermelon,7,90.79,2026-03-16,6,5,45.0,6.97,6.97,90.79,observed_estimated_cost
3205,2026-03-16,Pattaya_Beach,MixedBerryPremium,16,684.0,2026-03-16,8,7,89.0,34.75,34.75,684.0,observed_estimated_cost
3206,2026-03-16,Pattaya_Beach,PassionFruit,6,150.24,2026-03-16,6,6,65.0,19.04,19.04,150.24,observed_estimated_cost
3207,2026-03-16,Pattaya_Beach,Pineapple,5,83.55,2026-03-16,6,5,49.0,10.71,10.71,83.55,observed_estimated_cost
3208,2026-03-16,Pattaya_Beach,Watermelon,8,103.76,2026-03-16,6,5,45.0,6.97,6.97,103.76,observed_estimated_cost
3209,2026-03-16,Pattaya_Central,Guava,6,92.82,2026-03-16,6,5.5,49.0,9.47,9.47,92.82,observed_estimated_cost
3210,2026-03-16,Pattaya_Central,MixedBerryPremium,11,470.25,2026-03-16,8,7,89.0,34.75,34.75,470.25,observed_estimated_cost
3211,2026-03-16,Pattaya_Central,PassionFruit,9,225.36,2026-03-16,6,6,65.0,19.04,19.04,225.36,observed_estimated_cost
3212,2026-03-16,Pattaya_Central,Pineapple,7,116.97,2026-03-16,6,5,49.0,10.71,10.71,116.97,observed_estimated_cost
3213,2026-03-16,Pattaya_Central,Watermelon,11,142.67,2026-03-16,6,5,45.0,6.97,6.97,142.67,observed_estimated_cost
3214,2026-03-17,BKK_Ladprao,Guava,6,92.82,2026-03-16,6,5.5,49.0,9.47,9.47,92.82,observed_estimated_cost
3215,2026-03-17,BKK_Ladprao,MixedBerryPremium,9,384.75,2026-03-16,8,7,89.0,34.75,34.75,384.75,observed_estimated_cost
3216,2026-03-17,BKK_Ladprao,PassionFruit,5,125.2,2026-03-16,6,6,65.0,19.04,19.04,125.2,observed_estimated_cost
3217,2026-03-17,BKK_Ladprao,Pineapple,7,116.97,2026-03-16,6,5,49.0,10.71,10.71,116.97,observed_estimated_cost
3218,2026-03-17,BKK_Ladprao,Watermelon,4,51.88,2026-03-16,6,5,45.0,6.97,6.97,51.88,observed_estimated_cost
3219,2026-03-17,BKK_Sukhumvit,Guava,3,46.41,2026-03-16,6,5.5,49.0,9.47,9.47,46.41,observed_estimated_cost
3220,2026-03-17,BKK_Sukhumvit,MixedBerryPremium,21,897.75,2026-03-16,8,7,89.0,34.75,34.75,897.75,observed_estimated_cost
3221,2026-03-17,BKK_Sukhumvit,PassionFruit,1,25.04,2026-03-16,6,6,65.0,19.04,19.04,25.04,observed_estimated_cost
3222,2026-03-17,BKK_Sukhumvit,Pineapple,7,116.97,2026-03-16,6,5,49.0,10.71,10.71,116.97,observed_estimated_cost
3223,2026-03-17,BKK_Sukhumvit,Watermelon,1,12.97,2026-03-16,6,5,45.0,6.97,6.97,12.97,observed_estimated_cost
3224,2026-03-17,Pattaya_Beach,Guava,4,61.88,2026-03-16,6,5.5,49.0,9.47,9.47,61.88,observed_estimated_cost
3225,2026-03-17,Pattaya_Beach,MixedBerryPremium,28,1197.0,2026-03-16,8,7,89.0,34.75,34.75,1197.0,observed_estimated_cost
3226,2026-03-17,Pattaya_Beach,PassionFruit,3,75.12,2026-03-16,6,6,65.0,19.04,19.04,75.12,observed_estimated_cost
3227,2026-03-17,Pattaya_Beach,Pineapple,7,116.97,2026-03-16,6,5,49.0,10.71,10.71,116.97,observed_estimated_cost
3228,2026-03-17,Pattaya_Beach,Watermelon,5,64.85,2026-03-16,6,5,45.0,6.97,6.97,64.85,observed_estimated_cost
3229,2026-03-17,Pattaya_Central,Guava,5,77.35,2026-03-16,6,5.5,49.0,9.47,9.47,77.35,observed_estimated_cost
3230,2026-03-17,Pattaya_Central,MixedBerryPremium,11,470.25,2026-03-16,8,7,89.0,34.75,34.75,470.25,observed_estimated_cost
3231,2026-03-17,Pattaya_Central,PassionFruit,5,125.2,2026-03-16,6,6,65.0,19.04,19.04,125.2,observed_estimated_cost
3232,2026-03-17,Pattaya_Central,Pineapple,7,116.97,2026-03-16,6,5,49.0,10.71,10.71,116.97,observed_estimated_cost
3233,2026-03-17,Pattaya_Central,Watermelon,8,103.76,2026-03-16,6,5,45.0,6.97,6.97,103.76,observed_estimated_cost
3234,2026-03-18,BKK_Ladprao,Guava,5,77.35,2026-03-16,6,5.5,49.0,9.47,9.47,77.35,observed_estimated_cost
3235,2026-03-18,BKK_Ladprao,MixedBerryPremium,14,598.5,2026-03-16,8,7,89.0,34.75,34.75,598.5,observed_estimated_cost
3236,2026-03-18,BKK_Ladprao,PassionFruit,3,75.12,2026-03-16,6,6,65.0,19.04,19.04,75.12,observed_estimated_cost
3237,2026-03-18,BKK_Ladprao,Pineapple,6,100.26,2026-03-16,6,5,49.0,10.71,10.71,100.26,observed_estimated_cost
3238,2026-03-18,BKK_Ladprao,Watermelon,6,77.82,2026-03-16,6,5,45.0,6.97,6.97,77.82,observed_estimated_cost
3239,2026-03-18,BKK_Sukhumvit,Guava,4,61.88,2026-03-16,6,5.5,49.0,9.47,9.47,61.88,observed_estimated_cost
3240,2026-03-18,BKK_Sukhumvit,MixedBerryPremium,19,812.25,2026-03-16,8,7,89.0,34.75,34.75,812.25,observed_estimated_cost
3241,2026-03-18,BKK_Sukhumvit,PassionFruit,7,175.28,2026-03-16,6,6,65.0,19.04,19.04,175.28,observed_estimated_cost
3242,2026-03-18,BKK_Sukhumvit,Pineapple,6,100.26,2026-03-16,6,5,49.0,10.71,10.71,100.26,observed_estimated_cost
3243,2026-03-18,BKK_Sukhumvit,Watermelon,1,12.97,2026-03-16,6,5,45.0,6.97,6.97,12.97,observed_estimated_cost
3244,2026-03-18,Pattaya_Beach,Guava,3,46.41,2026-03-16,6,5.5,49.0,9.47,9.47,46.41,observed_estimated_cost
3245,2026-03-18,Pattaya_Beach,MixedBerryPremium,7,299.25,2026-03-16,8,7,89.0,34.75,34.75,299.25,observed_estimated_cost
3246,2026-03-18,Pattaya_Beach,PassionFruit,4,100.16,2026-03-16,6,6,65.0,19.04,19.04,100.16,observed_estimated_cost
3247,2026-03-18,Pattaya_Beach,Pineapple,2,33.42,2026-03-16,6,5,49.0,10.71,10.71,33.42,observed_estimated_cost
3248,2026-03-18,Pattaya_Beach,Watermelon,4,51.88,2026-03-16,6,5,45.0,6.97,6.97,51.88,observed_estimated_cost
3249,2026-03-18,Pattaya_Central,Guava,5,77.35,2026-03-16,6,5.5,49.0,9.47,9.47,77.35,observed_estimated_cost
3250,2026-03-18,Pattaya_Central,MixedBerryPremium,12,513.0,2026-03-16,8,7,89.0,34.75,34.75,513.0,observed_estimated_cost
3251,2026-03-18,Pattaya_Central,PassionFruit,7,175.28,2026-03-16,6,6,65.0,19.04,19.04,175.28,observed_estimated_cost
3252,2026-03-18,Pattaya_Central,Pineapple,8,133.68,2026-03-16,6,5,49.0,10.71,10.71,133.68,observed_estimated_cost
3253,2026-03-18,Pattaya_Central,Watermelon,8,103.76,2026-03-16,6,5,45.0,6.97,6.97,103.76,observed_estimated_cost
3254,2026-03-19,BKK_Ladprao,Guava,6,92.82,2026-03-16,6,5.5,49.0,9.47,9.47,92.82,observed_estimated_cost
3255,2026-03-19,BKK_Ladprao,MixedBerryPremium,13,555.75,2026-03-16,8,7,89.0,34.75,34.75,555.75,observed_estimated_cost
3256,2026-03-19,BKK_Ladprao,PassionFruit,6,150.24,2026-03-16,6,6,65.0,19.04,19.04,150.24,observed_estimated_cost
3257,2026-03-19,BKK_Ladprao,Pineapple,4,66.84,2026-03-16,6,5,49.0,10.71,10.71,66.84,observed_estimated_cost
3258,2026-03-19,BKK_Ladprao,Watermelon,8,103.76,2026-03-16,6,5,45.0,6.97,6.97,103.76,observed_estimated_cost
3259,2026-03-19,BKK_Sukhumvit,Guava,3,46.41,2026-03-16,6,5.5,49.0,9.47,9.47,46.41,observed_estimated_cost
3260,2026-03-19,BKK_Sukhumvit,MixedBerryPremium,30,1282.5,2026-03-16,8,7,89.0,34.75,34.75,1282.5,observed_estimated_cost
3261,2026-03-19,BKK_Sukhumvit,PassionFruit,3,75.12,2026-03-16,6,6,65.0,19.04,19.04,75.12,observed_estimated_cost
3262,2026-03-19,BKK_Sukhumvit,Pineapple,3,50.13,2026-03-16,6,5,49.0,10.71,10.71,50.13,observed_estimated_cost
3263,2026-03-19,BKK_Sukhumvit,Watermelon,9,116.73,2026-03-16,6,5,45.0,6.97,6.97,116.73,observed_estimated_cost
3264,2026-03-19,Pattaya_Beach,Guava,5,77.35,2026-03-16,6,5.5,49.0,9.47,9.47,77.35,observed_estimated_cost
3265,2026-03-19,Pattaya_Beach,MixedBerryPremium,18,769.5,2026-03-16,8,7,89.0,34.75,34.75,769.5,observed_estimated_cost
3266,2026-03-19,Pattaya_Beach,PassionFruit,7,175.28,2026-03-16,6,6,65.0,19.04,19.04,175.28,observed_estimated_cost
3267,2026-03-19,Pattaya_Beach,Pineapple,6,100.26,2026-03-16,6,5,49.0,10.71,10.71,100.26,observed_estimated_cost
3268,2026-03-19,Pattaya_Beach,Watermelon,4,51.88,2026-03-16,6,5,45.0,6.97,6.97,51.88,observed_estimated_cost
3269,2026-03-19,Pattaya_Central,Guava,4,61.88,2026-03-16,6,5.5,49.0,9.47,9.47,61.88,observed_estimated_cost
3270,2026-03-19,Pattaya_Central,MixedBerryPremium,13,555.75,2026-03-16,8,7,89.0,34.75,34.75,555.75,observed_estimated_cost
3271,2026-03-19,Pattaya_Central,PassionFruit,8,200.32,2026-03-16,6,6,65.0,19.04,19.04,200.32,observed_estimated_cost
3272,2026-03-19,Pattaya_Central,Pineapple,12,200.52,2026-03-16,6,5,49.0,10.71,10.71,200.52,observed_estimated_cost
3273,2026-03-19,Pattaya_Central,Watermelon,10,129.7,2026-03-16,6,5,45.0,6.97,6.97,129.7,observed_estimated_cost
3274,2026-03-20,BKK_Ladprao,Guava,5,77.35,2026-03-16,6,5.5,49.0,9.47,9.47,77.35,observed_estimated_cost
3275,2026-03-20,BKK_Ladprao,MixedBerryPremium,31,1325.25,2026-03-16,8,7,89.0,34.75,34.75,1325.25,observed_estimated_cost
3276,2026-03-20,BKK_Ladprao,PassionFruit,5,125.2,2026-03-16,6,6,65.0,19.04,19.04,125.2,observed_estimated_cost
3277,2026-03-20,BKK_Ladprao,Pineapple,10,167.1,2026-03-16,6,5,49.0,10.71,10.71,167.1,observed_estimated_cost
3278,2026-03-20,BKK_Ladprao,Watermelon,7,90.79,2026-03-16,6,5,45.0,6.97,6.97,90.79,observed_estimated_cost
3279,2026-03-20,BKK_Sukhumvit,Guava,5,77.35,2026-03-16,6,5.5,49.0,9.47,9.47,77.35,observed_estimated_cost
3280,2026-03-20,BKK_Sukhumvit,MixedBerryPremium,21,897.75,2026-03-16,8,7,89.0,34.75,34.75,897.75,observed_estimated_cost
3281,2026-03-20,BKK_Sukhumvit,PassionFruit,3,75.12,2026-03-16,6,6,65.0,19.04,19.04,75.12,observed_estimated_cost
3282,2026-03-20,BKK_Sukhumvit,Pineapple,7,116.97,2026-03-16,6,5,49.0,10.71,10.71,116.97,observed_estimated_cost
3283,2026-03-20,BKK_Sukhumvit,Watermelon,5,64.85,2026-03-16,6,5,45.0,6.97,6.97,64.85,observed_estimated_cost
3284,2026-03-20,Pattaya_Beach,Guava,3,46.41,2026-03-16,6,5.5,49.0,9.47,9.47,46.41,observed_estimated_cost
3285,2026-03-20,Pattaya_Beach,MixedBerryPremium,24,1026.0,2026-03-16,8,7,89.0,34.75,34.75,1026.0,observed_estimated_cost
3286,2026-03-20,Pattaya_Beach,PassionFruit,3,75.12,2026-03-16,6,6,65.0,19.04,19.04,75.12,observed_estimated_cost
3287,2026-03-20,Pattaya_Beach,Pineapple,6,100.26,2026-03-16,6,5,49.0,10.71,10.71,100.26,observed_estimated_cost
3288,2026-03-20,Pattaya_Beach,Watermelon,5,64.85,2026-03-16,6,5,45.0,6.97,6.97,64.85,observed_estimated_cost
3289,2026-03-20,Pattaya_Central,Guava,6,92.82,2026-03-16,6,5.5,49.0,9.47,9.47,92.82,observed_estimated_cost
3290,2026-03-20,Pattaya_Central,MixedBerryPremium,28,1197.0,2026-03-16,8,7,89.0,34.75,34.75,1197.0,observed_estimated_cost
3291,2026-03-20,Pattaya_Central,PassionFruit,5,125.2,2026-03-16,6,6,65.0,19.04,19.04,125.2,observed_estimated_cost
3292,2026-03-20,Pattaya_Central,Pineapple,6,100.26,2026-03-16,6,5,49.0,10.71,10.71,100.26,observed_estimated_cost
3293,2026-03-20,Pattaya_Central,Watermelon,9,116.73,2026-03-16,6,5,45.0,6.97,6.97,116.73,observed_estimated_cost
3294,2026-03-21,BKK_Ladprao,Guava,3,46.41,2026-03-16,6,5.5,49.0,9.47,9.47,46.41,observed_estimated_cost
3295,2026-03-21,BKK_Ladprao,MixedBerryPremium,10,427.5,2026-03-16,8,7,89.0,34.75,34.75,427.5,observed_estimated_cost
3296,2026-03-21,BKK_Ladprao,PassionFruit,5,125.2,2026-03-16,6,6,65.0,19.04,19.04,125.2,observed_estimated_cost
3297,2026-03-21,BKK_Ladprao,Pineapple,3,50.13,2026-03-16,6,5,49.0,10.71,10.71,50.13,observed_estimated_cost
3298,2026-03-21,BKK_Ladprao,Watermelon,6,77.82,2026-03-16,6,5,45.0,6.97,6.97,77.82,observed_estimated_cost
3299,2026-03-21,BKK_Sukhumvit,Guava,8,123.76,2026-03-16,6,5.5,49.0,9.47,9.47,123.76,observed_estimated_cost
3300,2026-03-21,BKK_Sukhumvit,MixedBerryPremium,28,1197.0,2026-03-16,8,7,89.0,34.75,34.75,1197.0,observed_estimated_cost
3301,2026-03-21,BKK_Sukhumvit,PassionFruit,6,150.24,2026-03-16,6,6,65.0,19.04,19.04,150.24,observed_estimated_cost
3302,2026-03-21,BKK_Sukhumvit,Pineapple,4,66.84,2026-03-16,6,5,49.0,10.71,10.71,66.84,observed_estimated_cost
3303,2026-03-21,BKK_Sukhumvit,Watermelon,7,90.79,2026-03-16,6,5,45.0,6.97,6.97,90.79,observed_estimated_cost
3304,2026-03-21,Pattaya_Beach,Guava,5,77.35,2026-03-16,6,5.5,49.0,9.47,9.47,77.35,observed_estimated_cost
3305,2026-03-21,Pattaya_Beach,MixedBerryPremium,20,855.0,2026-03-16,8,7,89.0,34.75,34.75,855.0,observed_estimated_cost
3306,2026-03-21,Pattaya_Beach,PassionFruit,5,125.2,2026-03-16,6,6,65.0,19.04,19.04,125.2,observed_estimated_cost
3307,2026-03-21,Pattaya_Beach,Pineapple,11,183.81,2026-03-16,6,5,49.0,10.71,10.71,183.81,observed_estimated_cost
3308,2026-03-21,Pattaya_Beach,Watermelon,8,103.76,2026-03-16,6,5,45.0,6.97,6.97,103.76,observed_estimated_cost
3309,2026-03-21,Pattaya_Central,Guava,7,108.29,2026-03-16,6,5.5,49.0,9.47,9.47,108.29,observed_estimated_cost
3310,2026-03-21,Pattaya_Central,MixedBerryPremium,24,1026.0,2026-03-16,8,7,89.0,34.75,34.75,1026.0,observed_estimated_cost
3311,2026-03-21,Pattaya_Central,PassionFruit,10,250.4,2026-03-16,6,6,65.0,19.04,19.04,250.4,observed_estimated_cost
3312,2026-03-21,Pattaya_Central,Pineapple,4,66.84,2026-03-16,6,5,49.0,10.71,10.71,66.84,observed_estimated_cost
3313,2026-03-21,Pattaya_Central,Watermelon,4,51.88,2026-03-16,6,5,45.0,6.97,6.97,51.88,observed_estimated_cost
3314,2026-03-22,BKK_Ladprao,Guava,5,77.35,2026-03-16,6,5.5,49.0,9.47,9.47,77.35,observed_estimated_cost
3315,2026-03-22,BKK_Ladprao,MixedBerryPremium,8,342.0,2026-03-16,8,7,89.0,34.75,34.75,342.0,observed_estimated_cost
3316,2026-03-22,BKK_Ladprao,PassionFruit,3,75.12,2026-03-16,6,6,65.0,19.04,19.04,75.12,observed_estimated_cost
3317,2026-03-22,BKK_Ladprao,Pineapple,10,167.1,2026-03-16,6,5,49.0,10.71,10.71,167.1,observed_estimated_cost
3318,2026-03-22,BKK_Ladprao,Watermelon,5,64.85,2026-03-16,6,5,45.0,6.97,6.97,64.85,observed_estimated_cost
3319,2026-03-22,BKK_Sukhumvit,Guava,4,61.88,2026-03-16,6,5.5,49.0,9.47,9.47,61.88,observed_estimated_cost
3320,2026-03-22,BKK_Sukhumvit,MixedBerryPremium,8,342.0,2026-03-16,8,7,89.0,34.75,34.75,342.0,observed_estimated_cost
3321,2026-03-22,BKK_Sukhumvit,PassionFruit,6,150.24,2026-03-16,6,6,65.0,19.04,19.04,150.24,observed_estimated_cost
3322,2026-03-22,BKK_Sukhumvit,Pineapple,7,116.97,2026-03-16,6,5,49.0,10.71,10.71,116.97,observed_estimated_cost
3323,2026-03-22,BKK_Sukhumvit,Watermelon,7,90.79,2026-03-16,6,5,45.0,6.97,6.97,90.79,observed_estimated_cost
3324,2026-03-22,Pattaya_Beach,Guava,5,77.35,2026-03-16,6,5.5,49.0,9.47,9.47,77.35,observed_estimated_cost
3325,2026-03-22,Pattaya_Beach,MixedBerryPremium,19,812.25,2026-03-16,8,7,89.0,34.75,34.75,812.25,observed_estimated_cost
3326,2026-03-22,Pattaya_Beach,PassionFruit,6,150.24,2026-03-16,6,6,65.0,19.04,19.04,150.24,observed_estimated_cost
3327,2026-03-22,Pattaya_Beach,Pineapple,5,83.55,2026-03-16,6,5,49.0,10.71,10.71,83.55,observed_estimated_cost
3328,2026-03-22,Pattaya_Beach,Watermelon,10,129.7,2026-03-16,6,5,45.0,6.97,6.97,129.7,observed_estimated_cost
3329,2026-03-22,Pattaya_Central,Guava,7,108.29,2026-03-16,6,5.5,49.0,9.47,9.47,108.29,observed_estimated_cost
3330,2026-03-22,Pattaya_Central,MixedBerryPremium,11,470.25,2026-03-16,8,7,89.0,34.75,34.75,470.25,observed_estimated_cost
3331,2026-03-22,Pattaya_Central,PassionFruit,6,150.24,2026-03-16,6,6,65.0,19.04,19.04,150.24,observed_estimated_cost
3332,2026-03-22,Pattaya_Central,Pineapple,3,50.13,2026-03-16,6,5,49.0,10.71,10.71,50.13,observed_estimated_cost
3333,2026-03-22,Pattaya_Central,Watermelon,8,103.76,2026-03-16,6,5,45.0,6.97,6.97,103.76,observed_estimated_cost
3334,2026-03-23,BKK_Ladprao,Guava,8,122.16,2026-03-23,6,5.5,49.0,9.27,9.27,122.16,observed_estimated_cost
3335,2026-03-23,BKK_Ladprao,MixedBerryPremium,4,171.56,2026-03-23,8,7,89.0,34.89,34.89,171.56,observed_estimated_cost
3336,2026-03-23,BKK_Ladprao,PassionFruit,6,139.98,2026-03-23,6,6,65.0,17.33,17.33,139.98,observed_estimated_cost
3337,2026-03-23,BKK_Ladprao,Pineapple,6,97.02,2026-03-23,6,5,49.0,10.17,10.17,97.02,observed_estimated_cost
3338,2026-03-23,BKK_Ladprao,Watermelon,3,39.87,2026-03-23,6,5,45.0,7.29,7.29,39.87,observed_estimated_cost
3339,2026-03-23,BKK_Sukhumvit,Guava,3,45.81,2026-03-23,6,5.5,49.0,9.27,9.27,45.81,observed_estimated_cost
3340,2026-03-23,BKK_Sukhumvit,MixedBerryPremium,8,343.12,2026-03-23,8,7,89.0,34.89,34.89,343.12,observed_estimated_cost
3341,2026-03-23,BKK_Sukhumvit,PassionFruit,7,163.31,2026-03-23,6,6,65.0,17.33,17.33,163.31,observed_estimated_cost
3342,2026-03-23,BKK_Sukhumvit,Pineapple,5,80.85,2026-03-23,6,5,49.0,10.17,10.17,80.85,observed_estimated_cost
3343,2026-03-23,BKK_Sukhumvit,Watermelon,8,106.32,2026-03-23,6,5,45.0,7.29,7.29,106.32,observed_estimated_cost
3344,2026-03-23,Pattaya_Beach,Guava,5,76.35,2026-03-23,6,5.5,49.0,9.27,9.27,76.35,observed_estimated_cost
3345,2026-03-23,Pattaya_Beach,MixedBerryPremium,17,729.13,2026-03-23,8,7,89.0,34.89,34.89,729.13,observed_estimated_cost
3346,2026-03-23,Pattaya_Beach,PassionFruit,9,209.97,2026-03-23,6,6,65.0,17.33,17.33,209.97,observed_estimated_cost
3347,2026-03-23,Pattaya_Beach,Pineapple,5,80.85,2026-03-23,6,5,49.0,10.17,10.17,80.85,observed_estimated_cost
3348,2026-03-23,Pattaya_Beach,Watermelon,4,53.16,2026-03-23,6,5,45.0,7.29,7.29,53.16,observed_estimated_cost
3349,2026-03-23,Pattaya_Central,Guava,6,91.62,2026-03-23,6,5.5,49.0,9.27,9.27,91.62,observed_estimated_cost
3350,2026-03-23,Pattaya_Central,MixedBerryPremium,11,471.79,2026-03-23,8,7,89.0,34.89,34.89,471.79,observed_estimated_cost
3351,2026-03-23,Pattaya_Central,PassionFruit,8,186.64,2026-03-23,6,6,65.0,17.33,17.33,186.64,observed_estimated_cost
3352,2026-03-23,Pattaya_Central,Pineapple,4,64.68,2026-03-23,6,5,49.0,10.17,10.17,64.68,observed_estimated_cost
3353,2026-03-23,Pattaya_Central,Watermelon,10,132.9,2026-03-23,6,5,45.0,7.29,7.29,132.9,observed_estimated_cost
3354,2026-03-24,BKK_Ladprao,Guava,4,61.08,2026-03-23,6,5.5,49.0,9.27,9.27,61.08,observed_estimated_cost
3355,2026-03-24,BKK_Ladprao,MixedBerryPremium,14,600.46,2026-03-23,8,7,89.0,34.89,34.89,600.46,observed_estimated_cost
3356,2026-03-24,BKK_Ladprao,PassionFruit,8,186.64,2026-03-23,6,6,65.0,17.33,17.33,186.64,observed_estimated_cost
3357,2026-03-24,BKK_Ladprao,Pineapple,7,113.19,2026-03-23,6,5,49.0,10.17,10.17,113.19,observed_estimated_cost
3358,2026-03-24,BKK_Ladprao,Watermelon,4,53.16,2026-03-23,6,5,45.0,7.29,7.29,53.16,observed_estimated_cost
3359,2026-03-24,BKK_Sukhumvit,Guava,3,45.81,2026-03-23,6,5.5,49.0,9.27,9.27,45.81,observed_estimated_cost
3360,2026-03-24,BKK_Sukhumvit,MixedBerryPremium,7,300.23,2026-03-23,8,7,89.0,34.89,34.89,300.23,observed_estimated_cost
3361,2026-03-24,BKK_Sukhumvit,PassionFruit,4,93.32,2026-03-23,6,6,65.0,17.33,17.33,93.32,observed_estimated_cost
3362,2026-03-24,BKK_Sukhumvit,Pineapple,5,80.85,2026-03-23,6,5,49.0,10.17,10.17,80.85,observed_estimated_cost
3363,2026-03-24,BKK_Sukhumvit,Watermelon,6,79.74,2026-03-23,6,5,45.0,7.29,7.29,79.74,observed_estimated_cost
3364,2026-03-24,Pattaya_Beach,Guava,5,76.35,2026-03-23,6,5.5,49.0,9.27,9.27,76.35,observed_estimated_cost
3365,2026-03-24,Pattaya_Beach,MixedBerryPremium,11,471.79,2026-03-23,8,7,89.0,34.89,34.89,471.79,observed_estimated_cost
3366,2026-03-24,Pattaya_Beach,PassionFruit,4,93.32,2026-03-23,6,6,65.0,17.33,17.33,93.32,observed_estimated_cost
3367,2026-03-24,Pattaya_Beach,Pineapple,5,80.85,2026-03-23,6,5,49.0,10.17,10.17,80.85,observed_estimated_cost
3368,2026-03-24,Pattaya_Beach,Watermelon,7,93.03,2026-03-23,6,5,45.0,7.29,7.29,93.03,observed_estimated_cost
3369,2026-03-24,Pattaya_Central,Guava,9,137.43,2026-03-23,6,5.5,49.0,9.27,9.27,137.43,observed_estimated_cost
3370,2026-03-24,Pattaya_Central,MixedBerryPremium,11,471.79,2026-03-23,8,7,89.0,34.89,34.89,471.79,observed_estimated_cost
3371,2026-03-24,Pattaya_Central,PassionFruit,6,139.98,2026-03-23,6,6,65.0,17.33,17.33,139.98,observed_estimated_cost
3372,2026-03-24,Pattaya_Central,Pineapple,7,113.19,2026-03-23,6,5,49.0,10.17,10.17,113.19,observed_estimated_cost
3373,2026-03-24,Pattaya_Central,Watermelon,7,93.03,2026-03-23,6,5,45.0,7.29,7.29,93.03,observed_estimated_cost
3374,2026-03-25,BKK_Ladprao,Guava,5,76.35,2026-03-23,6,5.5,49.0,9.27,9.27,76.35,observed_estimated_cost
3375,2026-03-25,BKK_Ladprao,MixedBerryPremium,24,1029.36,2026-03-23,8,7,89.0,34.89,34.89,1029.36,observed_estimated_cost
3376,2026-03-25,BKK_Ladprao,PassionFruit,4,93.32,2026-03-23,6,6,65.0,17.33,17.33,93.32,observed_estimated_cost
3377,2026-03-25,BKK_Ladprao,Pineapple,6,97.02,2026-03-23,6,5,49.0,10.17,10.17,97.02,observed_estimated_cost
3378,2026-03-25,BKK_Ladprao,Watermelon,5,66.45,2026-03-23,6,5,45.0,7.29,7.29,66.45,observed_estimated_cost
3379,2026-03-25,BKK_Sukhumvit,Guava,2,30.54,2026-03-23,6,5.5,49.0,9.27,9.27,30.54,observed_estimated_cost
3380,2026-03-25,BKK_Sukhumvit,MixedBerryPremium,10,428.9,2026-03-23,8,7,89.0,34.89,34.89,428.9,observed_estimated_cost
3381,2026-03-25,BKK_Sukhumvit,PassionFruit,7,163.31,2026-03-23,6,6,65.0,17.33,17.33,163.31,observed_estimated_cost
3382,2026-03-25,BKK_Sukhumvit,Pineapple,6,97.02,2026-03-23,6,5,49.0,10.17,10.17,97.02,observed_estimated_cost
3383,2026-03-25,BKK_Sukhumvit,Watermelon,5,66.45,2026-03-23,6,5,45.0,7.29,7.29,66.45,observed_estimated_cost
3384,2026-03-25,Pattaya_Beach,Guava,6,91.62,2026-03-23,6,5.5,49.0,9.27,9.27,91.62,observed_estimated_cost
3385,2026-03-25,Pattaya_Beach,MixedBerryPremium,13,557.57,2026-03-23,8,7,89.0,34.89,34.89,557.57,observed_estimated_cost
3386,2026-03-25,Pattaya_Beach,PassionFruit,9,209.97,2026-03-23,6,6,65.0,17.33,17.33,209.97,observed_estimated_cost
3387,2026-03-25,Pattaya_Beach,Pineapple,8,129.36,2026-03-23,6,5,49.0,10.17,10.17,129.36,observed_estimated_cost
3388,2026-03-25,Pattaya_Beach,Watermelon,9,119.61,2026-03-23,6,5,45.0,7.29,7.29,119.61,observed_estimated_cost
3389,2026-03-25,Pattaya_Central,Guava,4,61.08,2026-03-23,6,5.5,49.0,9.27,9.27,61.08,observed_estimated_cost
3390,2026-03-25,Pattaya_Central,MixedBerryPremium,17,729.13,2026-03-23,8,7,89.0,34.89,34.89,729.13,observed_estimated_cost
3391,2026-03-25,Pattaya_Central,PassionFruit,8,186.64,2026-03-23,6,6,65.0,17.33,17.33,186.64,observed_estimated_cost
3392,2026-03-25,Pattaya_Central,Pineapple,3,48.51,2026-03-23,6,5,49.0,10.17,10.17,48.51,observed_estimated_cost
3393,2026-03-25,Pattaya_Central,Watermelon,7,93.03,2026-03-23,6,5,45.0,7.29,7.29,93.03,observed_estimated_cost
3394,2026-03-26,BKK_Ladprao,Guava,7,106.89,2026-03-23,6,5.5,49.0,9.27,9.27,106.89,observed_estimated_cost
3395,2026-03-26,BKK_Ladprao,MixedBerryPremium,12,514.68,2026-03-23,8,7,89.0,34.89,34.89,514.68,observed_estimated_cost
3396,2026-03-26,BKK_Ladprao,PassionFruit,6,139.98,2026-03-23,6,6,65.0,17.33,17.33,139.98,observed_estimated_cost
3397,2026-03-26,BKK_Ladprao,Pineapple,1,16.17,2026-03-23,6,5,49.0,10.17,10.17,16.17,observed_estimated_cost
3398,2026-03-26,BKK_Ladprao,Watermelon,5,66.45,2026-03-23,6,5,45.0,7.29,7.29,66.45,observed_estimated_cost
3399,2026-03-26,BKK_Sukhumvit,Guava,3,45.81,2026-03-23,6,5.5,49.0,9.27,9.27,45.81,observed_estimated_cost
3400,2026-03-26,BKK_Sukhumvit,MixedBerryPremium,6,257.34,2026-03-23,8,7,89.0,34.89,34.89,257.34,observed_estimated_cost
3401,2026-03-26,BKK_Sukhumvit,PassionFruit,4,93.32,2026-03-23,6,6,65.0,17.33,17.33,93.32,observed_estimated_cost
3402,2026-03-26,BKK_Sukhumvit,Pineapple,4,64.68,2026-03-23,6,5,49.0,10.17,10.17,64.68,observed_estimated_cost
3403,2026-03-26,BKK_Sukhumvit,Watermelon,3,39.87,2026-03-23,6,5,45.0,7.29,7.29,39.87,observed_estimated_cost
3404,2026-03-26,Pattaya_Beach,Guava,4,61.08,2026-03-23,6,5.5,49.0,9.27,9.27,61.08,observed_estimated_cost
3405,2026-03-26,Pattaya_Beach,MixedBerryPremium,10,428.9,2026-03-23,8,7,89.0,34.89,34.89,428.9,observed_estimated_cost
3406,2026-03-26,Pattaya_Beach,PassionFruit,6,139.98,2026-03-23,6,6,65.0,17.33,17.33,139.98,observed_estimated_cost
3407,2026-03-26,Pattaya_Beach,Pineapple,6,97.02,2026-03-23,6,5,49.0,10.17,10.17,97.02,observed_estimated_cost
3408,2026-03-26,Pattaya_Beach,Watermelon,6,79.74,2026-03-23,6,5,45.0,7.29,7.29,79.74,observed_estimated_cost
3409,2026-03-26,Pattaya_Central,Guava,2,30.54,2026-03-23,6,5.5,49.0,9.27,9.27,30.54,observed_estimated_cost
3410,2026-03-26,Pattaya_Central,MixedBerryPremium,10,428.9,2026-03-23,8,7,89.0,34.89,34.89,428.9,observed_estimated_cost
3411,2026-03-26,Pattaya_Central,PassionFruit,10,233.3,2026-03-23,6,6,65.0,17.33,17.33,233.3,observed_estimated_cost
3412,2026-03-26,Pattaya_Central,Pineapple,7,113.19,2026-03-23,6,5,49.0,10.17,10.17,113.19,observed_estimated_cost
3413,2026-03-26,Pattaya_Central,Watermelon,2,26.58,2026-03-23,6,5,45.0,7.29,7.29,26.58,observed_estimated_cost
3414,2026-03-27,BKK_Ladprao,Guava,7,106.89,2026-03-23,6,5.5,49.0,9.27,9.27,106.89,observed_estimated_cost
3415,2026-03-27,BKK_Ladprao,MixedBerryPremium,23,986.47,2026-03-23,8,7,89.0,34.89,34.89,986.47,observed_estimated_cost
3416,2026-03-27,BKK_Ladprao,PassionFruit,10,233.3,2026-03-23,6,6,65.0,17.33,17.33,233.3,observed_estimated_cost
3417,2026-03-27,BKK_Ladprao,Pineapple,7,113.19,2026-03-23,6,5,49.0,10.17,10.17,113.19,observed_estimated_cost
3418,2026-03-27,BKK_Ladprao,Watermelon,5,66.45,2026-03-23,6,5,45.0,7.29,7.29,66.45,observed_estimated_cost
3419,2026-03-27,BKK_Sukhumvit,Guava,5,76.35,2026-03-23,6,5.5,49.0,9.27,9.27,76.35,observed_estimated_cost
3420,2026-03-27,BKK_Sukhumvit,MixedBerryPremium,11,471.79,2026-03-23,8,7,89.0,34.89,34.89,471.79,observed_estimated_cost
3421,2026-03-27,BKK_Sukhumvit,PassionFruit,2,46.66,2026-03-23,6,6,65.0,17.33,17.33,46.66,observed_estimated_cost
3422,2026-03-27,BKK_Sukhumvit,Pineapple,2,32.34,2026-03-23,6,5,49.0,10.17,10.17,32.34,observed_estimated_cost
3423,2026-03-27,BKK_Sukhumvit,Watermelon,5,66.45,2026-03-23,6,5,45.0,7.29,7.29,66.45,observed_estimated_cost
3424,2026-03-27,Pattaya_Beach,Guava,4,61.08,2026-03-23,6,5.5,49.0,9.27,9.27,61.08,observed_estimated_cost
3425,2026-03-27,Pattaya_Beach,MixedBerryPremium,17,729.13,2026-03-23,8,7,89.0,34.89,34.89,729.13,observed_estimated_cost
3426,2026-03-27,Pattaya_Beach,PassionFruit,7,163.31,2026-03-23,6,6,65.0,17.33,17.33,163.31,observed_estimated_cost
3427,2026-03-27,Pattaya_Beach,Pineapple,6,97.02,2026-03-23,6,5,49.0,10.17,10.17,97.02,observed_estimated_cost
3428,2026-03-27,Pattaya_Beach,Watermelon,9,119.61,2026-03-23,6,5,45.0,7.29,7.29,119.61,observed_estimated_cost
3429,2026-03-27,Pattaya_Central,Guava,3,45.81,2026-03-23,6,5.5,49.0,9.27,9.27,45.81,observed_estimated_cost
3430,2026-03-27,Pattaya_Central,MixedBerryPremium,16,686.24,2026-03-23,8,7,89.0,34.89,34.89,686.24,observed_estimated_cost
3431,2026-03-27,Pattaya_Central,PassionFruit,11,256.63,2026-03-23,6,6,65.0,17.33,17.33,256.63,observed_estimated_cost
3432,2026-03-27,Pattaya_Central,Pineapple,4,64.68,2026-03-23,6,5,49.0,10.17,10.17,64.68,observed_estimated_cost
3433,2026-03-27,Pattaya_Central,Watermelon,7,93.03,2026-03-23,6,5,45.0,7.29,7.29,93.03,observed_estimated_cost
3434,2026-03-28,BKK_Ladprao,Guava,4,61.08,2026-03-23,6,5.5,49.0,9.27,9.27,61.08,observed_estimated_cost
3435,2026-03-28,BKK_Ladprao,MixedBerryPremium,23,986.47,2026-03-23,8,7,89.0,34.89,34.89,986.47,observed_estimated_cost
3436,2026-03-28,BKK_Ladprao,PassionFruit,6,139.98,2026-03-23,6,6,65.0,17.33,17.33,139.98,observed_estimated_cost
3437,2026-03-28,BKK_Ladprao,Pineapple,5,80.85,2026-03-23,6,5,49.0,10.17,10.17,80.85,observed_estimated_cost
3438,2026-03-28,BKK_Ladprao,Watermelon,2,26.58,2026-03-23,6,5,45.0,7.29,7.29,26.58,observed_estimated_cost
3439,2026-03-28,BKK_Sukhumvit,Guava,3,45.81,2026-03-23,6,5.5,49.0,9.27,9.27,45.81,observed_estimated_cost
3440,2026-03-28,BKK_Sukhumvit,MixedBerryPremium,19,814.91,2026-03-23,8,7,89.0,34.89,34.89,814.91,observed_estimated_cost
3441,2026-03-28,BKK_Sukhumvit,PassionFruit,3,69.99,2026-03-23,6,6,65.0,17.33,17.33,69.99,observed_estimated_cost
3442,2026-03-28,BKK_Sukhumvit,Pineapple,5,80.85,2026-03-23,6,5,49.0,10.17,10.17,80.85,observed_estimated_cost
3443,2026-03-28,BKK_Sukhumvit,Watermelon,8,106.32,2026-03-23,6,5,45.0,7.29,7.29,106.32,observed_estimated_cost
3444,2026-03-28,Pattaya_Beach,Guava,4,61.08,2026-03-23,6,5.5,49.0,9.27,9.27,61.08,observed_estimated_cost
3445,2026-03-28,Pattaya_Beach,MixedBerryPremium,7,300.23,2026-03-23,8,7,89.0,34.89,34.89,300.23,observed_estimated_cost
3446,2026-03-28,Pattaya_Beach,PassionFruit,8,186.64,2026-03-23,6,6,65.0,17.33,17.33,186.64,observed_estimated_cost
3447,2026-03-28,Pattaya_Beach,Pineapple,6,97.02,2026-03-23,6,5,49.0,10.17,10.17,97.02,observed_estimated_cost
3448,2026-03-28,Pattaya_Beach,Watermelon,7,93.03,2026-03-23,6,5,45.0,7.29,7.29,93.03,observed_estimated_cost
3449,2026-03-28,Pattaya_Central,Guava,7,106.89,2026-03-23,6,5.5,49.0,9.27,9.27,106.89,observed_estimated_cost
3450,2026-03-28,Pattaya_Central,MixedBerryPremium,23,986.47,2026-03-23,8,7,89.0,34.89,34.89,986.47,observed_estimated_cost
3451,2026-03-28,Pattaya_Central,PassionFruit,8,186.64,2026-03-23,6,6,65.0,17.33,17.33,186.64,observed_estimated_cost
3452,2026-03-28,Pattaya_Central,Pineapple,10,161.7,2026-03-23,6,5,49.0,10.17,10.17,161.7,observed_estimated_cost
3453,2026-03-28,Pattaya_Central,Watermelon,13,172.77,2026-03-23,6,5,45.0,7.29,7.29,172.77,observed_estimated_cost
3454,2026-03-29,BKK_Ladprao,Guava,4,61.08,2026-03-23,6,5.5,49.0,9.27,9.27,61.08,observed_estimated_cost
3455,2026-03-29,BKK_Ladprao,MixedBerryPremium,17,729.13,2026-03-23,8,7,89.0,34.89,34.89,729.13,observed_estimated_cost
3456,2026-03-29,BKK_Ladprao,PassionFruit,3,69.99,2026-03-23,6,6,65.0,17.33,17.33,69.99,observed_estimated_cost
3457,2026-03-29,BKK_Ladprao,Pineapple,5,80.85,2026-03-23,6,5,49.0,10.17,10.17,80.85,observed_estimated_cost
3458,2026-03-29,BKK_Ladprao,Watermelon,5,66.45,2026-03-23,6,5,45.0,7.29,7.29,66.45,observed_estimated_cost
3459,2026-03-29,BKK_Sukhumvit,Guava,7,106.89,2026-03-23,6,5.5,49.0,9.27,9.27,106.89,observed_estimated_cost
3460,2026-03-29,BKK_Sukhumvit,MixedBerryPremium,12,514.68,2026-03-23,8,7,89.0,34.89,34.89,514.68,observed_estimated_cost
3461,2026-03-29,BKK_Sukhumvit,PassionFruit,7,163.31,2026-03-23,6,6,65.0,17.33,17.33,163.31,observed_estimated_cost
3462,2026-03-29,BKK_Sukhumvit,Pineapple,4,64.68,2026-03-23,6,5,49.0,10.17,10.17,64.68,observed_estimated_cost
3463,2026-03-29,BKK_Sukhumvit,Watermelon,9,119.61,2026-03-23,6,5,45.0,7.29,7.29,119.61,observed_estimated_cost
3464,2026-03-29,Pattaya_Beach,Guava,3,45.81,2026-03-23,6,5.5,49.0,9.27,9.27,45.81,observed_estimated_cost
3465,2026-03-29,Pattaya_Beach,MixedBerryPremium,14,600.46,2026-03-23,8,7,89.0,34.89,34.89,600.46,observed_estimated_cost
3466,2026-03-29,Pattaya_Beach,PassionFruit,10,233.3,2026-03-23,6,6,65.0,17.33,17.33,233.3,observed_estimated_cost
3467,2026-03-29,Pattaya_Beach,Pineapple,7,113.19,2026-03-23,6,5,49.0,10.17,10.17,113.19,observed_estimated_cost
3468,2026-03-29,Pattaya_Beach,Watermelon,5,66.45,2026-03-23,6,5,45.0,7.29,7.29,66.45,observed_estimated_cost
3469,2026-03-29,Pattaya_Central,Guava,5,76.35,2026-03-23,6,5.5,49.0,9.27,9.27,76.35,observed_estimated_cost
3470,2026-03-29,Pattaya_Central,MixedBerryPremium,17,729.13,2026-03-23,8,7,89.0,34.89,34.89,729.13,observed_estimated_cost
3471,2026-03-29,Pattaya_Central,PassionFruit,6,139.98,2026-03-23,6,6,65.0,17.33,17.33,139.98,observed_estimated_cost
3472,2026-03-29,Pattaya_Central,Pineapple,6,97.02,2026-03-23,6,5,49.0,10.17,10.17,97.02,observed_estimated_cost
3473,2026-03-29,Pattaya_Central,Watermelon,11,146.19,2026-03-23,6,5,45.0,7.29,7.29,146.19,observed_estimated_cost
3474,2026-03-30,BKK_Ladprao,Guava,5,73.45,2026-03-30,6,5.5,49.0,8.69,8.69,73.45,observed_estimated_cost
3475,2026-03-30,BKK_Ladprao,MixedBerryPremium,5,208.1,2026-03-30,8,7,89.0,33.62,33.62,208.1,observed_estimated_cost
3476,2026-03-30,BKK_Ladprao,PassionFruit,8,187.92,2026-03-30,6,6,65.0,17.49,17.49,187.92,observed_estimated_cost
3477,2026-03-30,BKK_Ladprao,Pineapple,5,79.95,2026-03-30,6,5,49.0,9.99,9.99,79.95,observed_estimated_cost
3478,2026-03-30,BKK_Ladprao,Watermelon,7,90.09,2026-03-30,6,5,45.0,6.87,6.87,90.09,observed_estimated_cost
3479,2026-03-30,BKK_Sukhumvit,Guava,7,102.83,2026-03-30,6,5.5,49.0,8.69,8.69,102.83,observed_estimated_cost
3480,2026-03-30,BKK_Sukhumvit,MixedBerryPremium,6,249.72,2026-03-30,8,7,89.0,33.62,33.62,249.72,observed_estimated_cost
3481,2026-03-30,BKK_Sukhumvit,PassionFruit,7,164.43,2026-03-30,6,6,65.0,17.49,17.49,164.43,observed_estimated_cost
3482,2026-03-30,BKK_Sukhumvit,Pineapple,6,95.94,2026-03-30,6,5,49.0,9.99,9.99,95.94,observed_estimated_cost
3483,2026-03-30,BKK_Sukhumvit,Watermelon,4,51.48,2026-03-30,6,5,45.0,6.87,6.87,51.48,observed_estimated_cost
3484,2026-03-30,Pattaya_Beach,Guava,3,44.07,2026-03-30,6,5.5,49.0,8.69,8.69,44.07,observed_estimated_cost
3485,2026-03-30,Pattaya_Beach,MixedBerryPremium,11,457.82,2026-03-30,8,7,89.0,33.62,33.62,457.82,observed_estimated_cost
3486,2026-03-30,Pattaya_Beach,PassionFruit,8,187.92,2026-03-30,6,6,65.0,17.49,17.49,187.92,observed_estimated_cost
3487,2026-03-30,Pattaya_Beach,Pineapple,6,95.94,2026-03-30,6,5,49.0,9.99,9.99,95.94,observed_estimated_cost
3488,2026-03-30,Pattaya_Beach,Watermelon,3,38.61,2026-03-30,6,5,45.0,6.87,6.87,38.61,observed_estimated_cost
3489,2026-03-30,Pattaya_Central,Guava,6,88.14,2026-03-30,6,5.5,49.0,8.69,8.69,88.14,observed_estimated_cost
3490,2026-03-30,Pattaya_Central,MixedBerryPremium,12,499.44,2026-03-30,8,7,89.0,33.62,33.62,499.44,observed_estimated_cost
3491,2026-03-30,Pattaya_Central,PassionFruit,7,164.43,2026-03-30,6,6,65.0,17.49,17.49,164.43,observed_estimated_cost
3492,2026-03-30,Pattaya_Central,Pineapple,7,111.93,2026-03-30,6,5,49.0,9.99,9.99,111.93,observed_estimated_cost
3493,2026-03-30,Pattaya_Central,Watermelon,10,128.7,2026-03-30,6,5,45.0,6.87,6.87,128.7,observed_estimated_cost
3494,2026-03-31,BKK_Ladprao,Guava,5,73.45,2026-03-30,6,5.5,49.0,8.69,8.69,73.45,observed_estimated_cost
3495,2026-03-31,BKK_Ladprao,MixedBerryPremium,13,541.06,2026-03-30,8,7,89.0,33.62,33.62,541.06,observed_estimated_cost
3496,2026-03-31,BKK_Ladprao,PassionFruit,2,46.98,2026-03-30,6,6,65.0,17.49,17.49,46.98,observed_estimated_cost
3497,2026-03-31,BKK_Ladprao,Pineapple,4,63.96,2026-03-30,6,5,49.0,9.99,9.99,63.96,observed_estimated_cost
3498,2026-03-31,BKK_Ladprao,Watermelon,7,90.09,2026-03-30,6,5,45.0,6.87,6.87,90.09,observed_estimated_cost
3499,2026-03-31,BKK_Sukhumvit,Guava,3,44.07,2026-03-30,6,5.5,49.0,8.69,8.69,44.07,observed_estimated_cost
3500,2026-03-31,BKK_Sukhumvit,MixedBerryPremium,17,707.54,2026-03-30,8,7,89.0,33.62,33.62,707.54,observed_estimated_cost
3501,2026-03-31,BKK_Sukhumvit,PassionFruit,9,211.41,2026-03-30,6,6,65.0,17.49,17.49,211.41,observed_estimated_cost
3502,2026-03-31,BKK_Sukhumvit,Pineapple,8,127.92,2026-03-30,6,5,49.0,9.99,9.99,127.92,observed_estimated_cost
3503,2026-03-31,BKK_Sukhumvit,Watermelon,5,64.35,2026-03-30,6,5,45.0,6.87,6.87,64.35,observed_estimated_cost
3504,2026-03-31,Pattaya_Beach,Guava,3,44.07,2026-03-30,6,5.5,49.0,8.69,8.69,44.07,observed_estimated_cost
3505,2026-03-31,Pattaya_Beach,MixedBerryPremium,12,499.44,2026-03-30,8,7,89.0,33.62,33.62,499.44,observed_estimated_cost
3506,2026-03-31,Pattaya_Beach,PassionFruit,5,117.45,2026-03-30,6,6,65.0,17.49,17.49,117.45,observed_estimated_cost
3507,2026-03-31,Pattaya_Beach,Pineapple,6,95.94,2026-03-30,6,5,49.0,9.99,9.99,95.94,observed_estimated_cost
3508,2026-03-31,Pattaya_Beach,Watermelon,5,64.35,2026-03-30,6,5,45.0,6.87,6.87,64.35,observed_estimated_cost
3509,2026-03-31,Pattaya_Central,Guava,6,88.14,2026-03-30,6,5.5,49.0,8.69,8.69,88.14,observed_estimated_cost
3510,2026-03-31,Pattaya_Central,MixedBerryPremium,12,499.44,2026-03-30,8,7,89.0,33.62,33.62,499.44,observed_estimated_cost
3511,2026-03-31,Pattaya_Central,PassionFruit,9,211.41,2026-03-30,6,6,65.0,17.49,17.49,211.41,observed_estimated_cost
3512,2026-03-31,Pattaya_Central,Pineapple,5,79.95,2026-03-30,6,5,49.0,9.99,9.99,79.95,observed_estimated_cost
3513,2026-03-31,Pattaya_Central,Watermelon,10,128.7,2026-03-30,6,5,45.0,6.87,6.87,128.7,observed_estimated_cost
3514,2026-04-01,BKK_Ladprao,Guava,4,58.76,2026-03-30,6,5.5,49.0,8.69,8.69,58.76,observed_estimated_cost
3515,2026-04-01,BKK_Ladprao,MixedBerryPremium,14,582.68,2026-03-30,8,7,89.0,33.62,33.62,582.68,observed_estimated_cost
3516,2026-04-01,BKK_Ladprao,PassionFruit,9,211.41,2026-03-30,6,6,65.0,17.49,17.49,211.41,observed_estimated_cost
3517,2026-04-01,BKK_Ladprao,Pineapple,10,159.9,2026-03-30,6,5,49.0,9.99,9.99,159.9,observed_estimated_cost
3518,2026-04-01,BKK_Ladprao,Watermelon,9,115.83,2026-03-30,6,5,45.0,6.87,6.87,115.83,observed_estimated_cost
3519,2026-04-01,BKK_Sukhumvit,Guava,4,58.76,2026-03-30,6,5.5,49.0,8.69,8.69,58.76,observed_estimated_cost
3520,2026-04-01,BKK_Sukhumvit,MixedBerryPremium,15,624.3,2026-03-30,8,7,89.0,33.62,33.62,624.3,observed_estimated_cost
3521,2026-04-01,BKK_Sukhumvit,PassionFruit,3,70.47,2026-03-30,6,6,65.0,17.49,17.49,70.47,observed_estimated_cost
3522,2026-04-01,BKK_Sukhumvit,Pineapple,8,127.92,2026-03-30,6,5,49.0,9.99,9.99,127.92,observed_estimated_cost
3523,2026-04-01,BKK_Sukhumvit,Watermelon,6,77.22,2026-03-30,6,5,45.0,6.87,6.87,77.22,observed_estimated_cost
3524,2026-04-01,Pattaya_Beach,Guava,5,73.45,2026-03-30,6,5.5,49.0,8.69,8.69,73.45,observed_estimated_cost
3525,2026-04-01,Pattaya_Beach,MixedBerryPremium,9,374.58,2026-03-30,8,7,89.0,33.62,33.62,374.58,observed_estimated_cost
3526,2026-04-01,Pattaya_Beach,PassionFruit,4,93.96,2026-03-30,6,6,65.0,17.49,17.49,93.96,observed_estimated_cost
3527,2026-04-01,Pattaya_Beach,Pineapple,7,111.93,2026-03-30,6,5,49.0,9.99,9.99,111.93,observed_estimated_cost
3528,2026-04-01,Pattaya_Beach,Watermelon,8,102.96,2026-03-30,6,5,45.0,6.87,6.87,102.96,observed_estimated_cost
3529,2026-04-01,Pattaya_Central,Guava,3,44.07,2026-03-30,6,5.5,49.0,8.69,8.69,44.07,observed_estimated_cost
3530,2026-04-01,Pattaya_Central,MixedBerryPremium,15,624.3,2026-03-30,8,7,89.0,33.62,33.62,624.3,observed_estimated_cost
3531,2026-04-01,Pattaya_Central,PassionFruit,9,211.41,2026-03-30,6,6,65.0,17.49,17.49,211.41,observed_estimated_cost
3532,2026-04-01,Pattaya_Central,Pineapple,13,207.87,2026-03-30,6,5,49.0,9.99,9.99,207.87,observed_estimated_cost
3533,2026-04-01,Pattaya_Central,Watermelon,10,128.7,2026-03-30,6,5,45.0,6.87,6.87,128.7,observed_estimated_cost
3534,2026-04-02,BKK_Ladprao,Guava,4,58.76,2026-03-30,6,5.5,49.0,8.69,8.69,58.76,observed_estimated_cost
3535,2026-04-02,BKK_Ladprao,MixedBerryPremium,4,166.48,2026-03-30,8,7,89.0,33.62,33.62,166.48,observed_estimated_cost
3536,2026-04-02,BKK_Ladprao,PassionFruit,6,140.94,2026-03-30,6,6,65.0,17.49,17.49,140.94,observed_estimated_cost
3537,2026-04-02,BKK_Ladprao,Pineapple,9,143.91,2026-03-30,6,5,49.0,9.99,9.99,143.91,observed_estimated_cost
3538,2026-04-02,BKK_Ladprao,Watermelon,7,90.09,2026-03-30,6,5,45.0,6.87,6.87,90.09,observed_estimated_cost
3539,2026-04-02,BKK_Sukhumvit,Guava,5,73.45,2026-03-30,6,5.5,49.0,8.69,8.69,73.45,observed_estimated_cost
3540,2026-04-02,BKK_Sukhumvit,MixedBerryPremium,16,665.92,2026-03-30,8,7,89.0,33.62,33.62,665.92,observed_estimated_cost
3541,2026-04-02,BKK_Sukhumvit,PassionFruit,7,164.43,2026-03-30,6,6,65.0,17.49,17.49,164.43,observed_estimated_cost
3542,2026-04-02,BKK_Sukhumvit,Pineapple,3,47.97,2026-03-30,6,5,49.0,9.99,9.99,47.97,observed_estimated_cost
3543,2026-04-02,BKK_Sukhumvit,Watermelon,5,64.35,2026-03-30,6,5,45.0,6.87,6.87,64.35,observed_estimated_cost
3544,2026-04-02,Pattaya_Beach,Guava,4,58.76,2026-03-30,6,5.5,49.0,8.69,8.69,58.76,observed_estimated_cost
3545,2026-04-02,Pattaya_Beach,MixedBerryPremium,11,457.82,2026-03-30,8,7,89.0,33.62,33.62,457.82,observed_estimated_cost
3546,2026-04-02,Pattaya_Beach,PassionFruit,5,117.45,2026-03-30,6,6,65.0,17.49,17.49,117.45,observed_estimated_cost
3547,2026-04-02,Pattaya_Beach,Pineapple,4,63.96,2026-03-30,6,5,49.0,9.99,9.99,63.96,observed_estimated_cost
3548,2026-04-02,Pattaya_Beach,Watermelon,11,141.57,2026-03-30,6,5,45.0,6.87,6.87,141.57,observed_estimated_cost
3549,2026-04-02,Pattaya_Central,Guava,3,44.07,2026-03-30,6,5.5,49.0,8.69,8.69,44.07,observed_estimated_cost
3550,2026-04-02,Pattaya_Central,MixedBerryPremium,11,457.82,2026-03-30,8,7,89.0,33.62,33.62,457.82,observed_estimated_cost
3551,2026-04-02,Pattaya_Central,PassionFruit,9,211.41,2026-03-30,6,6,65.0,17.49,17.49,211.41,observed_estimated_cost
3552,2026-04-02,Pattaya_Central,Pineapple,11,175.89,2026-03-30,6,5,49.0,9.99,9.99,175.89,observed_estimated_cost
3553,2026-04-02,Pattaya_Central,Watermelon,10,128.7,2026-03-30,6,5,45.0,6.87,6.87,128.7,observed_estimated_cost
3554,2026-04-03,BKK_Ladprao,Guava,4,58.76,2026-03-30,6,5.5,49.0,8.69,8.69,58.76,observed_estimated_cost
3555,2026-04-03,BKK_Ladprao,MixedBerryPremium,9,374.58,2026-03-30,8,7,89.0,33.62,33.62,374.58,observed_estimated_cost
3556,2026-04-03,BKK_Ladprao,PassionFruit,7,164.43,2026-03-30,6,6,65.0,17.49,17.49,164.43,observed_estimated_cost
3557,2026-04-03,BKK_Ladprao,Pineapple,6,95.94,2026-03-30,6,5,49.0,9.99,9.99,95.94,observed_estimated_cost
3558,2026-04-03,BKK_Ladprao,Watermelon,9,115.83,2026-03-30,6,5,45.0,6.87,6.87,115.83,observed_estimated_cost
3559,2026-04-03,BKK_Sukhumvit,Guava,2,29.38,2026-03-30,6,5.5,49.0,8.69,8.69,29.38,observed_estimated_cost
3560,2026-04-03,BKK_Sukhumvit,MixedBerryPremium,6,249.72,2026-03-30,8,7,89.0,33.62,33.62,249.72,observed_estimated_cost
3561,2026-04-03,BKK_Sukhumvit,PassionFruit,8,187.92,2026-03-30,6,6,65.0,17.49,17.49,187.92,observed_estimated_cost
3562,2026-04-03,BKK_Sukhumvit,Pineapple,3,47.97,2026-03-30,6,5,49.0,9.99,9.99,47.97,observed_estimated_cost
3563,2026-04-03,BKK_Sukhumvit,Watermelon,3,38.61,2026-03-30,6,5,45.0,6.87,6.87,38.61,observed_estimated_cost
3564,2026-04-03,Pattaya_Beach,Guava,5,73.45,2026-03-30,6,5.5,49.0,8.69,8.69,73.45,observed_estimated_cost
3565,2026-04-03,Pattaya_Beach,MixedBerryPremium,28,1165.36,2026-03-30,8,7,89.0,33.62,33.62,1165.36,observed_estimated_cost
3566,2026-04-03,Pattaya_Beach,PassionFruit,6,140.94,2026-03-30,6,6,65.0,17.49,17.49,140.94,observed_estimated_cost
3567,2026-04-03,Pattaya_Beach,Pineapple,5,79.95,2026-03-30,6,5,49.0,9.99,9.99,79.95,observed_estimated_cost
3568,2026-04-03,Pattaya_Beach,Watermelon,9,115.83,2026-03-30,6,5,45.0,6.87,6.87,115.83,observed_estimated_cost
3569,2026-04-03,Pattaya_Central,Guava,9,132.21,2026-03-30,6,5.5,49.0,8.69,8.69,132.21,observed_estimated_cost
3570,2026-04-03,Pattaya_Central,MixedBerryPremium,9,374.58,2026-03-30,8,7,89.0,33.62,33.62,374.58,observed_estimated_cost
3571,2026-04-03,Pattaya_Central,PassionFruit,7,164.43,2026-03-30,6,6,65.0,17.49,17.49,164.43,observed_estimated_cost
3572,2026-04-03,Pattaya_Central,Pineapple,10,159.9,2026-03-30,6,5,49.0,9.99,9.99,159.9,observed_estimated_cost
3573,2026-04-03,Pattaya_Central,Watermelon,13,167.31,2026-03-30,6,5,45.0,6.87,6.87,167.31,observed_estimated_cost
3574,2026-04-04,BKK_Ladprao,Guava,8,117.52,2026-03-30,6,5.5,49.0,8.69,8.69,117.52,observed_estimated_cost
3575,2026-04-04,BKK_Ladprao,MixedBerryPremium,16,665.92,2026-03-30,8,7,89.0,33.62,33.62,665.92,observed_estimated_cost
3576,2026-04-04,BKK_Ladprao,PassionFruit,9,211.41,2026-03-30,6,6,65.0,17.49,17.49,211.41,observed_estimated_cost
3577,2026-04-04,BKK_Ladprao,Pineapple,8,127.92,2026-03-30,6,5,49.0,9.99,9.99,127.92,observed_estimated_cost
3578,2026-04-04,BKK_Ladprao,Watermelon,10,128.7,2026-03-30,6,5,45.0,6.87,6.87,128.7,observed_estimated_cost
3579,2026-04-04,BKK_Sukhumvit,Guava,15,220.35,2026-03-30,6,5.5,49.0,8.69,8.69,220.35,observed_estimated_cost
3580,2026-04-04,BKK_Sukhumvit,MixedBerryPremium,18,749.16,2026-03-30,8,7,89.0,33.62,33.62,749.16,observed_estimated_cost
3581,2026-04-04,BKK_Sukhumvit,PassionFruit,8,187.92,2026-03-30,6,6,65.0,17.49,17.49,187.92,observed_estimated_cost
3582,2026-04-04,BKK_Sukhumvit,Pineapple,5,79.95,2026-03-30,6,5,49.0,9.99,9.99,79.95,observed_estimated_cost
3583,2026-04-04,BKK_Sukhumvit,Watermelon,7,90.09,2026-03-30,6,5,45.0,6.87,6.87,90.09,observed_estimated_cost
3584,2026-04-04,Pattaya_Beach,Guava,15,220.35,2026-03-30,6,5.5,49.0,8.69,8.69,220.35,observed_estimated_cost
3585,2026-04-04,Pattaya_Beach,MixedBerryPremium,9,374.58,2026-03-30,8,7,89.0,33.62,33.62,374.58,observed_estimated_cost
3586,2026-04-04,Pattaya_Beach,PassionFruit,9,211.41,2026-03-30,6,6,65.0,17.49,17.49,211.41,observed_estimated_cost
3587,2026-04-04,Pattaya_Beach,Pineapple,11,175.89,2026-03-30,6,5,49.0,9.99,9.99,175.89,observed_estimated_cost
3588,2026-04-04,Pattaya_Beach,Watermelon,9,115.83,2026-03-30,6,5,45.0,6.87,6.87,115.83,observed_estimated_cost
3589,2026-04-04,Pattaya_Central,Guava,7,102.83,2026-03-30,6,5.5,49.0,8.69,8.69,102.83,observed_estimated_cost
3590,2026-04-04,Pattaya_Central,MixedBerryPremium,14,582.68,2026-03-30,8,7,89.0,33.62,33.62,582.68,observed_estimated_cost
3591,2026-04-04,Pattaya_Central,PassionFruit,20,469.8,2026-03-30,6,6,65.0,17.49,17.49,469.8,observed_estimated_cost
3592,2026-04-04,Pattaya_Central,Pineapple,14,223.86,2026-03-30,6,5,49.0,9.99,9.99,223.86,observed_estimated_cost
3593,2026-04-04,Pattaya_Central,Watermelon,8,102.96,2026-03-30,6,5,45.0,6.87,6.87,102.96,observed_estimated_cost
3594,2026-04-05,BKK_Ladprao,Guava,6,88.14,2026-03-30,6,5.5,49.0,8.69,8.69,88.14,observed_estimated_cost
3595,2026-04-05,BKK_Ladprao,MixedBerryPremium,14,582.68,2026-03-30,8,7,89.0,33.62,33.62,582.68,observed_estimated_cost
3596,2026-04-05,BKK_Ladprao,PassionFruit,4,93.96,2026-03-30,6,6,65.0,17.49,17.49,93.96,observed_estimated_cost
3597,2026-04-05,BKK_Ladprao,Pineapple,6,95.94,2026-03-30,6,5,49.0,9.99,9.99,95.94,observed_estimated_cost
3598,2026-04-05,BKK_Ladprao,Watermelon,6,77.22,2026-03-30,6,5,45.0,6.87,6.87,77.22,observed_estimated_cost
3599,2026-04-05,BKK_Sukhumvit,Guava,5,73.45,2026-03-30,6,5.5,49.0,8.69,8.69,73.45,observed_estimated_cost
3600,2026-04-05,BKK_Sukhumvit,MixedBerryPremium,16,665.92,2026-03-30,8,7,89.0,33.62,33.62,665.92,observed_estimated_cost
3601,2026-04-05,BKK_Sukhumvit,PassionFruit,7,164.43,2026-03-30,6,6,65.0,17.49,17.49,164.43,observed_estimated_cost
3602,2026-04-05,BKK_Sukhumvit,Pineapple,10,159.9,2026-03-30,6,5,49.0,9.99,9.99,159.9,observed_estimated_cost
3603,2026-04-05,BKK_Sukhumvit,Watermelon,9,115.83,2026-03-30,6,5,45.0,6.87,6.87,115.83,observed_estimated_cost
3604,2026-04-05,Pattaya_Beach,Guava,5,73.45,2026-03-30,6,5.5,49.0,8.69,8.69,73.45,observed_estimated_cost
3605,2026-04-05,Pattaya_Beach,MixedBerryPremium,9,374.58,2026-03-30,8,7,89.0,33.62,33.62,374.58,observed_estimated_cost
3606,2026-04-05,Pattaya_Beach,PassionFruit,7,164.43,2026-03-30,6,6,65.0,17.49,17.49,164.43,observed_estimated_cost
3607,2026-04-05,Pattaya_Beach,Pineapple,11,175.89,2026-03-30,6,5,49.0,9.99,9.99,175.89,observed_estimated_cost
3608,2026-04-05,Pattaya_Beach,Watermelon,5,64.35,2026-03-30,6,5,45.0,6.87,6.87,64.35,observed_estimated_cost
3609,2026-04-05,Pattaya_Central,Guava,10,146.9,2026-03-30,6,5.5,49.0,8.69,8.69,146.9,observed_estimated_cost
3610,2026-04-05,Pattaya_Central,MixedBerryPremium,25,1040.5,2026-03-30,8,7,89.0,33.62,33.62,1040.5,observed_estimated_cost
3611,2026-04-05,Pattaya_Central,PassionFruit,11,258.39,2026-03-30,6,6,65.0,17.49,17.49,258.39,observed_estimated_cost
3612,2026-04-05,Pattaya_Central,Pineapple,11,175.89,2026-03-30,6,5,49.0,9.99,9.99,175.89,observed_estimated_cost
3613,2026-04-05,Pattaya_Central,Watermelon,9,115.83,2026-03-30,6,5,45.0,6.87,6.87,115.83,observed_estimated_cost
3614,2026-04-06,BKK_Ladprao,Guava,3,47.31,2026-04-06,6,5.5,49.0,9.77,9.77,47.31,observed_estimated_cost
3615,2026-04-06,BKK_Ladprao,MixedBerryPremium,16,663.2,2026-04-06,8,7,89.0,33.45,33.45,663.2,observed_estimated_cost
3616,2026-04-06,BKK_Ladprao,PassionFruit,4,98.68,2026-04-06,6,6,65.0,18.67,18.67,98.68,observed_estimated_cost
3617,2026-04-06,BKK_Ladprao,Pineapple,8,107.76,2026-04-06,6,5,49.0,7.47,7.47,107.76,observed_estimated_cost
3618,2026-04-06,BKK_Ladprao,Watermelon,6,79.56,2026-04-06,6,5,45.0,7.26,7.26,79.56,observed_estimated_cost
3619,2026-04-06,BKK_Sukhumvit,Guava,5,78.85,2026-04-06,6,5.5,49.0,9.77,9.77,78.85,observed_estimated_cost
3620,2026-04-06,BKK_Sukhumvit,MixedBerryPremium,5,207.25,2026-04-06,8,7,89.0,33.45,33.45,207.25,observed_estimated_cost
3621,2026-04-06,BKK_Sukhumvit,PassionFruit,5,123.35,2026-04-06,6,6,65.0,18.67,18.67,123.35,observed_estimated_cost
3622,2026-04-06,BKK_Sukhumvit,Pineapple,5,67.35,2026-04-06,6,5,49.0,7.47,7.47,67.35,observed_estimated_cost
3623,2026-04-06,BKK_Sukhumvit,Watermelon,3,39.78,2026-04-06,6,5,45.0,7.26,7.26,39.78,observed_estimated_cost
3624,2026-04-06,Pattaya_Beach,Guava,7,110.39,2026-04-06,6,5.5,49.0,9.77,9.77,110.39,observed_estimated_cost
3625,2026-04-06,Pattaya_Beach,MixedBerryPremium,10,414.5,2026-04-06,8,7,89.0,33.45,33.45,414.5,observed_estimated_cost
3626,2026-04-06,Pattaya_Beach,PassionFruit,7,172.69,2026-04-06,6,6,65.0,18.67,18.67,172.69,observed_estimated_cost
3627,2026-04-06,Pattaya_Beach,Pineapple,6,80.82,2026-04-06,6,5,49.0,7.47,7.47,80.82,observed_estimated_cost
3628,2026-04-06,Pattaya_Beach,Watermelon,6,79.56,2026-04-06,6,5,45.0,7.26,7.26,79.56,observed_estimated_cost
3629,2026-04-06,Pattaya_Central,Guava,7,110.39,2026-04-06,6,5.5,49.0,9.77,9.77,110.39,observed_estimated_cost
3630,2026-04-06,Pattaya_Central,MixedBerryPremium,16,663.2,2026-04-06,8,7,89.0,33.45,33.45,663.2,observed_estimated_cost
3631,2026-04-06,Pattaya_Central,PassionFruit,6,148.02,2026-04-06,6,6,65.0,18.67,18.67,148.02,observed_estimated_cost
3632,2026-04-06,Pattaya_Central,Pineapple,8,107.76,2026-04-06,6,5,49.0,7.47,7.47,107.76,observed_estimated_cost
3633,2026-04-06,Pattaya_Central,Watermelon,12,159.12,2026-04-06,6,5,45.0,7.26,7.26,159.12,observed_estimated_cost
3634,2026-04-07,BKK_Ladprao,Guava,6,94.62,2026-04-06,6,5.5,49.0,9.77,9.77,94.62,observed_estimated_cost
3635,2026-04-07,BKK_Ladprao,MixedBerryPremium,10,414.5,2026-04-06,8,7,89.0,33.45,33.45,414.5,observed_estimated_cost
3636,2026-04-07,BKK_Ladprao,PassionFruit,3,74.01,2026-04-06,6,6,65.0,18.67,18.67,74.01,observed_estimated_cost
3637,2026-04-07,BKK_Ladprao,Pineapple,5,67.35,2026-04-06,6,5,49.0,7.47,7.47,67.35,observed_estimated_cost
3638,2026-04-07,BKK_Ladprao,Watermelon,4,53.04,2026-04-06,6,5,45.0,7.26,7.26,53.04,observed_estimated_cost
3639,2026-04-07,BKK_Sukhumvit,Guava,2,31.54,2026-04-06,6,5.5,49.0,9.77,9.77,31.54,observed_estimated_cost
3640,2026-04-07,BKK_Sukhumvit,MixedBerryPremium,14,580.3,2026-04-06,8,7,89.0,33.45,33.45,580.3,observed_estimated_cost
3641,2026-04-07,BKK_Sukhumvit,PassionFruit,3,74.01,2026-04-06,6,6,65.0,18.67,18.67,74.01,observed_estimated_cost
3642,2026-04-07,BKK_Sukhumvit,Pineapple,3,40.41,2026-04-06,6,5,49.0,7.47,7.47,40.41,observed_estimated_cost
3643,2026-04-07,BKK_Sukhumvit,Watermelon,7,92.82,2026-04-06,6,5,45.0,7.26,7.26,92.82,observed_estimated_cost
3644,2026-04-07,Pattaya_Beach,Guava,5,78.85,2026-04-06,6,5.5,49.0,9.77,9.77,78.85,observed_estimated_cost
3645,2026-04-07,Pattaya_Beach,MixedBerryPremium,6,248.7,2026-04-06,8,7,89.0,33.45,33.45,248.7,observed_estimated_cost
3646,2026-04-07,Pattaya_Beach,PassionFruit,6,148.02,2026-04-06,6,6,65.0,18.67,18.67,148.02,observed_estimated_cost
3647,2026-04-07,Pattaya_Beach,Pineapple,7,94.29,2026-04-06,6,5,49.0,7.47,7.47,94.29,observed_estimated_cost
3648,2026-04-07,Pattaya_Beach,Watermelon,6,79.56,2026-04-06,6,5,45.0,7.26,7.26,79.56,observed_estimated_cost
3649,2026-04-07,Pattaya_Central,Guava,6,94.62,2026-04-06,6,5.5,49.0,9.77,9.77,94.62,observed_estimated_cost
3650,2026-04-07,Pattaya_Central,MixedBerryPremium,14,580.3,2026-04-06,8,7,89.0,33.45,33.45,580.3,observed_estimated_cost
3651,2026-04-07,Pattaya_Central,PassionFruit,14,345.38,2026-04-06,6,6,65.0,18.67,18.67,345.38,observed_estimated_cost
3652,2026-04-07,Pattaya_Central,Pineapple,9,121.23,2026-04-06,6,5,49.0,7.47,7.47,121.23,observed_estimated_cost
3653,2026-04-07,Pattaya_Central,Watermelon,5,66.3,2026-04-06,6,5,45.0,7.26,7.26,66.3,observed_estimated_cost
3654,2026-04-08,BKK_Ladprao,Guava,3,47.31,2026-04-06,6,5.5,49.0,9.77,9.77,47.31,observed_estimated_cost
3655,2026-04-08,BKK_Ladprao,MixedBerryPremium,32,1326.4,2026-04-06,8,7,89.0,33.45,33.45,1326.4,observed_estimated_cost
3656,2026-04-08,BKK_Ladprao,PassionFruit,6,148.02,2026-04-06,6,6,65.0,18.67,18.67,148.02,observed_estimated_cost
3657,2026-04-08,BKK_Ladprao,Pineapple,7,94.29,2026-04-06,6,5,49.0,7.47,7.47,94.29,observed_estimated_cost
3658,2026-04-08,BKK_Ladprao,Watermelon,5,66.3,2026-04-06,6,5,45.0,7.26,7.26,66.3,observed_estimated_cost
3659,2026-04-08,BKK_Sukhumvit,Guava,5,78.85,2026-04-06,6,5.5,49.0,9.77,9.77,78.85,observed_estimated_cost
3660,2026-04-08,BKK_Sukhumvit,MixedBerryPremium,12,497.4,2026-04-06,8,7,89.0,33.45,33.45,497.4,observed_estimated_cost
3661,2026-04-08,BKK_Sukhumvit,PassionFruit,3,74.01,2026-04-06,6,6,65.0,18.67,18.67,74.01,observed_estimated_cost
3662,2026-04-08,BKK_Sukhumvit,Pineapple,7,94.29,2026-04-06,6,5,49.0,7.47,7.47,94.29,observed_estimated_cost
3663,2026-04-08,BKK_Sukhumvit,Watermelon,7,92.82,2026-04-06,6,5,45.0,7.26,7.26,92.82,observed_estimated_cost
3664,2026-04-08,Pattaya_Beach,Guava,5,78.85,2026-04-06,6,5.5,49.0,9.77,9.77,78.85,observed_estimated_cost
3665,2026-04-08,Pattaya_Beach,MixedBerryPremium,16,663.2,2026-04-06,8,7,89.0,33.45,33.45,663.2,observed_estimated_cost
3666,2026-04-08,Pattaya_Beach,PassionFruit,8,197.36,2026-04-06,6,6,65.0,18.67,18.67,197.36,observed_estimated_cost
3667,2026-04-08,Pattaya_Beach,Pineapple,8,107.76,2026-04-06,6,5,49.0,7.47,7.47,107.76,observed_estimated_cost
3668,2026-04-08,Pattaya_Beach,Watermelon,4,53.04,2026-04-06,6,5,45.0,7.26,7.26,53.04,observed_estimated_cost
3669,2026-04-08,Pattaya_Central,Guava,5,78.85,2026-04-06,6,5.5,49.0,9.77,9.77,78.85,observed_estimated_cost
3670,2026-04-08,Pattaya_Central,MixedBerryPremium,17,704.65,2026-04-06,8,7,89.0,33.45,33.45,704.65,observed_estimated_cost
3671,2026-04-08,Pattaya_Central,PassionFruit,3,74.01,2026-04-06,6,6,65.0,18.67,18.67,74.01,observed_estimated_cost
3672,2026-04-08,Pattaya_Central,Pineapple,7,94.29,2026-04-06,6,5,49.0,7.47,7.47,94.29,observed_estimated_cost
3673,2026-04-08,Pattaya_Central,Watermelon,15,198.9,2026-04-06,6,5,45.0,7.26,7.26,198.9,observed_estimated_cost
3674,2026-04-09,BKK_Ladprao,Guava,5,78.85,2026-04-06,6,5.5,49.0,9.77,9.77,78.85,observed_estimated_cost
3675,2026-04-09,BKK_Ladprao,MixedBerryPremium,4,165.8,2026-04-06,8,7,89.0,33.45,33.45,165.8,observed_estimated_cost
3676,2026-04-09,BKK_Ladprao,PassionFruit,9,222.03,2026-04-06,6,6,65.0,18.67,18.67,222.03,observed_estimated_cost
3677,2026-04-09,BKK_Ladprao,Pineapple,5,67.35,2026-04-06,6,5,49.0,7.47,7.47,67.35,observed_estimated_cost
3678,2026-04-09,BKK_Ladprao,Watermelon,4,53.04,2026-04-06,6,5,45.0,7.26,7.26,53.04,observed_estimated_cost
3679,2026-04-09,BKK_Sukhumvit,Guava,6,94.62,2026-04-06,6,5.5,49.0,9.77,9.77,94.62,observed_estimated_cost
3680,2026-04-09,BKK_Sukhumvit,MixedBerryPremium,21,870.45,2026-04-06,8,7,89.0,33.45,33.45,870.45,observed_estimated_cost
3681,2026-04-09,BKK_Sukhumvit,PassionFruit,2,49.34,2026-04-06,6,6,65.0,18.67,18.67,49.34,observed_estimated_cost
3682,2026-04-09,BKK_Sukhumvit,Pineapple,5,67.35,2026-04-06,6,5,49.0,7.47,7.47,67.35,observed_estimated_cost
3683,2026-04-09,BKK_Sukhumvit,Watermelon,10,132.6,2026-04-06,6,5,45.0,7.26,7.26,132.6,observed_estimated_cost
3684,2026-04-09,Pattaya_Beach,Guava,7,110.39,2026-04-06,6,5.5,49.0,9.77,9.77,110.39,observed_estimated_cost
3685,2026-04-09,Pattaya_Beach,MixedBerryPremium,11,455.95,2026-04-06,8,7,89.0,33.45,33.45,455.95,observed_estimated_cost
3686,2026-04-09,Pattaya_Beach,PassionFruit,6,148.02,2026-04-06,6,6,65.0,18.67,18.67,148.02,observed_estimated_cost
3687,2026-04-09,Pattaya_Beach,Pineapple,6,80.82,2026-04-06,6,5,49.0,7.47,7.47,80.82,observed_estimated_cost
3688,2026-04-09,Pattaya_Beach,Watermelon,9,119.34,2026-04-06,6,5,45.0,7.26,7.26,119.34,observed_estimated_cost
3689,2026-04-09,Pattaya_Central,Guava,4,63.08,2026-04-06,6,5.5,49.0,9.77,9.77,63.08,observed_estimated_cost
3690,2026-04-09,Pattaya_Central,MixedBerryPremium,13,538.85,2026-04-06,8,7,89.0,33.45,33.45,538.85,observed_estimated_cost
3691,2026-04-09,Pattaya_Central,PassionFruit,8,197.36,2026-04-06,6,6,65.0,18.67,18.67,197.36,observed_estimated_cost
3692,2026-04-09,Pattaya_Central,Pineapple,9,121.23,2026-04-06,6,5,49.0,7.47,7.47,121.23,observed_estimated_cost
3693,2026-04-09,Pattaya_Central,Watermelon,11,145.86,2026-04-06,6,5,45.0,7.26,7.26,145.86,observed_estimated_cost
3694,2026-04-10,BKK_Ladprao,Guava,3,47.31,2026-04-06,6,5.5,49.0,9.77,9.77,47.31,observed_estimated_cost
3695,2026-04-10,BKK_Ladprao,MixedBerryPremium,6,248.7,2026-04-06,8,7,89.0,33.45,33.45,248.7,observed_estimated_cost
3696,2026-04-10,BKK_Ladprao,PassionFruit,4,98.68,2026-04-06,6,6,65.0,18.67,18.67,98.68,observed_estimated_cost
3697,2026-04-10,BKK_Ladprao,Pineapple,6,80.82,2026-04-06,6,5,49.0,7.47,7.47,80.82,observed_estimated_cost
3698,2026-04-10,BKK_Ladprao,Watermelon,3,39.78,2026-04-06,6,5,45.0,7.26,7.26,39.78,observed_estimated_cost
3699,2026-04-10,BKK_Sukhumvit,Guava,3,47.31,2026-04-06,6,5.5,49.0,9.77,9.77,47.31,observed_estimated_cost
3700,2026-04-10,BKK_Sukhumvit,MixedBerryPremium,9,373.05,2026-04-06,8,7,89.0,33.45,33.45,373.05,observed_estimated_cost
3701,2026-04-10,BKK_Sukhumvit,PassionFruit,11,271.37,2026-04-06,6,6,65.0,18.67,18.67,271.37,observed_estimated_cost
3702,2026-04-10,BKK_Sukhumvit,Pineapple,8,107.76,2026-04-06,6,5,49.0,7.47,7.47,107.76,observed_estimated_cost
3703,2026-04-10,BKK_Sukhumvit,Watermelon,10,132.6,2026-04-06,6,5,45.0,7.26,7.26,132.6,observed_estimated_cost
3704,2026-04-10,Pattaya_Beach,Guava,5,78.85,2026-04-06,6,5.5,49.0,9.77,9.77,78.85,observed_estimated_cost
3705,2026-04-10,Pattaya_Beach,MixedBerryPremium,14,580.3,2026-04-06,8,7,89.0,33.45,33.45,580.3,observed_estimated_cost
3706,2026-04-10,Pattaya_Beach,PassionFruit,10,246.7,2026-04-06,6,6,65.0,18.67,18.67,246.7,observed_estimated_cost
3707,2026-04-10,Pattaya_Beach,Pineapple,9,121.23,2026-04-06,6,5,49.0,7.47,7.47,121.23,observed_estimated_cost
3708,2026-04-10,Pattaya_Beach,Watermelon,6,79.56,2026-04-06,6,5,45.0,7.26,7.26,79.56,observed_estimated_cost
3709,2026-04-10,Pattaya_Central,Guava,7,110.39,2026-04-06,6,5.5,49.0,9.77,9.77,110.39,observed_estimated_cost
3710,2026-04-10,Pattaya_Central,MixedBerryPremium,10,414.5,2026-04-06,8,7,89.0,33.45,33.45,414.5,observed_estimated_cost
3711,2026-04-10,Pattaya_Central,PassionFruit,7,172.69,2026-04-06,6,6,65.0,18.67,18.67,172.69,observed_estimated_cost
3712,2026-04-10,Pattaya_Central,Pineapple,9,121.23,2026-04-06,6,5,49.0,7.47,7.47,121.23,observed_estimated_cost
3713,2026-04-10,Pattaya_Central,Watermelon,8,106.08,2026-04-06,6,5,45.0,7.26,7.26,106.08,observed_estimated_cost
3714,2026-04-11,BKK_Ladprao,Guava,4,63.08,2026-04-06,6,5.5,49.0,9.77,9.77,63.08,observed_estimated_cost
3715,2026-04-11,BKK_Ladprao,MixedBerryPremium,12,497.4,2026-04-06,8,7,89.0,33.45,33.45,497.4,observed_estimated_cost
3716,2026-04-11,BKK_Ladprao,PassionFruit,13,320.71,2026-04-06,6,6,65.0,18.67,18.67,320.71,observed_estimated_cost
3717,2026-04-11,BKK_Ladprao,Pineapple,7,94.29,2026-04-06,6,5,49.0,7.47,7.47,94.29,observed_estimated_cost
3718,2026-04-11,BKK_Ladprao,Watermelon,7,92.82,2026-04-06,6,5,45.0,7.26,7.26,92.82,observed_estimated_cost
3719,2026-04-11,BKK_Sukhumvit,Guava,6,94.62,2026-04-06,6,5.5,49.0,9.77,9.77,94.62,observed_estimated_cost
3720,2026-04-11,BKK_Sukhumvit,MixedBerryPremium,15,621.75,2026-04-06,8,7,89.0,33.45,33.45,621.75,observed_estimated_cost
3721,2026-04-11,BKK_Sukhumvit,PassionFruit,7,172.69,2026-04-06,6,6,65.0,18.67,18.67,172.69,observed_estimated_cost
3722,2026-04-11,BKK_Sukhumvit,Pineapple,4,53.88,2026-04-06,6,5,49.0,7.47,7.47,53.88,observed_estimated_cost
3723,2026-04-11,BKK_Sukhumvit,Watermelon,8,106.08,2026-04-06,6,5,45.0,7.26,7.26,106.08,observed_estimated_cost
3724,2026-04-11,Pattaya_Beach,Guava,4,63.08,2026-04-06,6,5.5,49.0,9.77,9.77,63.08,observed_estimated_cost
3725,2026-04-11,Pattaya_Beach,MixedBerryPremium,18,746.1,2026-04-06,8,7,89.0,33.45,33.45,746.1,observed_estimated_cost
3726,2026-04-11,Pattaya_Beach,PassionFruit,11,271.37,2026-04-06,6,6,65.0,18.67,18.67,271.37,observed_estimated_cost
3727,2026-04-11,Pattaya_Beach,Pineapple,9,121.23,2026-04-06,6,5,49.0,7.47,7.47,121.23,observed_estimated_cost
3728,2026-04-11,Pattaya_Beach,Watermelon,6,79.56,2026-04-06,6,5,45.0,7.26,7.26,79.56,observed_estimated_cost
3729,2026-04-11,Pattaya_Central,Guava,6,94.62,2026-04-06,6,5.5,49.0,9.77,9.77,94.62,observed_estimated_cost
3730,2026-04-11,Pattaya_Central,MixedBerryPremium,19,787.55,2026-04-06,8,7,89.0,33.45,33.45,787.55,observed_estimated_cost
3731,2026-04-11,Pattaya_Central,PassionFruit,11,271.37,2026-04-06,6,6,65.0,18.67,18.67,271.37,observed_estimated_cost
3732,2026-04-11,Pattaya_Central,Pineapple,11,148.17,2026-04-06,6,5,49.0,7.47,7.47,148.17,observed_estimated_cost
3733,2026-04-11,Pattaya_Central,Watermelon,9,119.34,2026-04-06,6,5,45.0,7.26,7.26,119.34,observed_estimated_cost
3734,2026-04-12,BKK_Ladprao,Guava,7,110.39,2026-04-06,6,5.5,49.0,9.77,9.77,110.39,observed_estimated_cost
3735,2026-04-12,BKK_Ladprao,MixedBerryPremium,29,1202.05,2026-04-06,8,7,89.0,33.45,33.45,1202.05,observed_estimated_cost
3736,2026-04-12,BKK_Ladprao,PassionFruit,5,123.35,2026-04-06,6,6,65.0,18.67,18.67,123.35,observed_estimated_cost
3737,2026-04-12,BKK_Ladprao,Pineapple,8,107.76,2026-04-06,6,5,49.0,7.47,7.47,107.76,observed_estimated_cost
3738,2026-04-12,BKK_Ladprao,Watermelon,6,79.56,2026-04-06,6,5,45.0,7.26,7.26,79.56,observed_estimated_cost
3739,2026-04-12,BKK_Sukhumvit,Guava,6,94.62,2026-04-06,6,5.5,49.0,9.77,9.77,94.62,observed_estimated_cost
3740,2026-04-12,BKK_Sukhumvit,MixedBerryPremium,33,1367.85,2026-04-06,8,7,89.0,33.45,33.45,1367.85,observed_estimated_cost
3741,2026-04-12,BKK_Sukhumvit,PassionFruit,11,271.37,2026-04-06,6,6,65.0,18.67,18.67,271.37,observed_estimated_cost
3742,2026-04-12,BKK_Sukhumvit,Pineapple,6,80.82,2026-04-06,6,5,49.0,7.47,7.47,80.82,observed_estimated_cost
3743,2026-04-12,BKK_Sukhumvit,Watermelon,10,132.6,2026-04-06,6,5,45.0,7.26,7.26,132.6,observed_estimated_cost
3744,2026-04-12,Pattaya_Beach,Guava,9,141.93,2026-04-06,6,5.5,49.0,9.77,9.77,141.93,observed_estimated_cost
3745,2026-04-12,Pattaya_Beach,MixedBerryPremium,26,1077.7,2026-04-06,8,7,89.0,33.45,33.45,1077.7,observed_estimated_cost
3746,2026-04-12,Pattaya_Beach,PassionFruit,11,271.37,2026-04-06,6,6,65.0,18.67,18.67,271.37,observed_estimated_cost
3747,2026-04-12,Pattaya_Beach,Pineapple,7,94.29,2026-04-06,6,5,49.0,7.47,7.47,94.29,observed_estimated_cost
3748,2026-04-12,Pattaya_Beach,Watermelon,10,132.6,2026-04-06,6,5,45.0,7.26,7.26,132.6,observed_estimated_cost
3749,2026-04-12,Pattaya_Central,Guava,10,157.7,2026-04-06,6,5.5,49.0,9.77,9.77,157.7,observed_estimated_cost
3750,2026-04-12,Pattaya_Central,MixedBerryPremium,16,663.2,2026-04-06,8,7,89.0,33.45,33.45,663.2,observed_estimated_cost
3751,2026-04-12,Pattaya_Central,PassionFruit,17,419.39,2026-04-06,6,6,65.0,18.67,18.67,419.39,observed_estimated_cost
3752,2026-04-12,Pattaya_Central,Pineapple,15,202.05,2026-04-06,6,5,49.0,7.47,7.47,202.05,observed_estimated_cost
3753,2026-04-12,Pattaya_Central,Watermelon,9,119.34,2026-04-06,6,5,45.0,7.26,7.26,119.34,observed_estimated_cost
3754,2026-04-13,BKK_Ladprao,Guava,4,63.32,2026-04-13,6,5.5,49.0,9.83,9.83,63.32,observed_estimated_cost
3755,2026-04-13,BKK_Ladprao,MixedBerryPremium,22,950.18,2026-04-13,8,7,89.0,35.19,35.19,950.18,observed_estimated_cost
3756,2026-04-13,BKK_Ladprao,PassionFruit,12,292.8,2026-04-13,6,6,65.0,18.4,18.4,292.8,observed_estimated_cost
3757,2026-04-13,BKK_Ladprao,Pineapple,5,66.2,2026-04-13,6,5,49.0,7.24,7.24,66.2,observed_estimated_cost
3758,2026-04-13,BKK_Ladprao,Watermelon,4,53.08,2026-04-13,6,5,45.0,7.27,7.27,53.08,observed_estimated_cost
3759,2026-04-13,BKK_Sukhumvit,Guava,7,110.81,2026-04-13,6,5.5,49.0,9.83,9.83,110.81,observed_estimated_cost
3760,2026-04-13,BKK_Sukhumvit,MixedBerryPremium,11,475.09,2026-04-13,8,7,89.0,35.19,35.19,475.09,observed_estimated_cost
3761,2026-04-13,BKK_Sukhumvit,PassionFruit,8,195.2,2026-04-13,6,6,65.0,18.4,18.4,195.2,observed_estimated_cost
3762,2026-04-13,BKK_Sukhumvit,Pineapple,9,119.16,2026-04-13,6,5,49.0,7.24,7.24,119.16,observed_estimated_cost
3763,2026-04-13,BKK_Sukhumvit,Watermelon,12,159.24,2026-04-13,6,5,45.0,7.27,7.27,159.24,observed_estimated_cost
3764,2026-04-13,Pattaya_Beach,Guava,4,63.32,2026-04-13,6,5.5,49.0,9.83,9.83,63.32,observed_estimated_cost
3765,2026-04-13,Pattaya_Beach,MixedBerryPremium,32,1382.08,2026-04-13,8,7,89.0,35.19,35.19,1382.08,observed_estimated_cost
3766,2026-04-13,Pattaya_Beach,PassionFruit,13,317.2,2026-04-13,6,6,65.0,18.4,18.4,317.2,observed_estimated_cost
3767,2026-04-13,Pattaya_Beach,Pineapple,6,79.44,2026-04-13,6,5,49.0,7.24,7.24,79.44,observed_estimated_cost
3768,2026-04-13,Pattaya_Beach,Watermelon,9,119.43,2026-04-13,6,5,45.0,7.27,7.27,119.43,observed_estimated_cost
3769,2026-04-13,Pattaya_Central,Guava,8,126.64,2026-04-13,6,5.5,49.0,9.83,9.83,126.64,observed_estimated_cost
3770,2026-04-13,Pattaya_Central,MixedBerryPremium,10,431.9,2026-04-13,8,7,89.0,35.19,35.19,431.9,observed_estimated_cost
3771,2026-04-13,Pattaya_Central,PassionFruit,12,292.8,2026-04-13,6,6,65.0,18.4,18.4,292.8,observed_estimated_cost
3772,2026-04-13,Pattaya_Central,Pineapple,11,145.64,2026-04-13,6,5,49.0,7.24,7.24,145.64,observed_estimated_cost
3773,2026-04-13,Pattaya_Central,Watermelon,8,106.16,2026-04-13,6,5,45.0,7.27,7.27,106.16,observed_estimated_cost
3774,2026-04-14,BKK_Ladprao,Guava,7,110.81,2026-04-13,6,5.5,49.0,9.83,9.83,110.81,observed_estimated_cost
3775,2026-04-14,BKK_Ladprao,MixedBerryPremium,9,388.71,2026-04-13,8,7,89.0,35.19,35.19,388.71,observed_estimated_cost
3776,2026-04-14,BKK_Ladprao,PassionFruit,8,195.2,2026-04-13,6,6,65.0,18.4,18.4,195.2,observed_estimated_cost
3777,2026-04-14,BKK_Ladprao,Pineapple,6,79.44,2026-04-13,6,5,49.0,7.24,7.24,79.44,observed_estimated_cost
3778,2026-04-14,BKK_Ladprao,Watermelon,5,66.35,2026-04-13,6,5,45.0,7.27,7.27,66.35,observed_estimated_cost
3779,2026-04-14,BKK_Sukhumvit,Guava,9,142.47,2026-04-13,6,5.5,49.0,9.83,9.83,142.47,observed_estimated_cost
3780,2026-04-14,BKK_Sukhumvit,MixedBerryPremium,26,1122.94,2026-04-13,8,7,89.0,35.19,35.19,1122.94,observed_estimated_cost
3781,2026-04-14,BKK_Sukhumvit,PassionFruit,7,170.8,2026-04-13,6,6,65.0,18.4,18.4,170.8,observed_estimated_cost
3782,2026-04-14,BKK_Sukhumvit,Pineapple,6,79.44,2026-04-13,6,5,49.0,7.24,7.24,79.44,observed_estimated_cost
3783,2026-04-14,BKK_Sukhumvit,Watermelon,10,132.7,2026-04-13,6,5,45.0,7.27,7.27,132.7,observed_estimated_cost
3784,2026-04-14,Pattaya_Beach,Guava,6,94.98,2026-04-13,6,5.5,49.0,9.83,9.83,94.98,observed_estimated_cost
3785,2026-04-14,Pattaya_Beach,MixedBerryPremium,16,691.04,2026-04-13,8,7,89.0,35.19,35.19,691.04,observed_estimated_cost
3786,2026-04-14,Pattaya_Beach,PassionFruit,8,195.2,2026-04-13,6,6,65.0,18.4,18.4,195.2,observed_estimated_cost
3787,2026-04-14,Pattaya_Beach,Pineapple,7,92.68,2026-04-13,6,5,49.0,7.24,7.24,92.68,observed_estimated_cost
3788,2026-04-14,Pattaya_Beach,Watermelon,9,119.43,2026-04-13,6,5,45.0,7.27,7.27,119.43,observed_estimated_cost
3789,2026-04-14,Pattaya_Central,Guava,8,126.64,2026-04-13,6,5.5,49.0,9.83,9.83,126.64,observed_estimated_cost
3790,2026-04-14,Pattaya_Central,MixedBerryPremium,27,1166.13,2026-04-13,8,7,89.0,35.19,35.19,1166.13,observed_estimated_cost
3791,2026-04-14,Pattaya_Central,PassionFruit,10,244.0,2026-04-13,6,6,65.0,18.4,18.4,244.0,observed_estimated_cost
3792,2026-04-14,Pattaya_Central,Pineapple,10,132.4,2026-04-13,6,5,49.0,7.24,7.24,132.4,observed_estimated_cost
3793,2026-04-14,Pattaya_Central,Watermelon,14,185.78,2026-04-13,6,5,45.0,7.27,7.27,185.78,observed_estimated_cost
3794,2026-04-15,BKK_Ladprao,Guava,5,79.15,2026-04-13,6,5.5,49.0,9.83,9.83,79.15,observed_estimated_cost
3795,2026-04-15,BKK_Ladprao,MixedBerryPremium,14,604.66,2026-04-13,8,7,89.0,35.19,35.19,604.66,observed_estimated_cost
3796,2026-04-15,BKK_Ladprao,PassionFruit,7,170.8,2026-04-13,6,6,65.0,18.4,18.4,170.8,observed_estimated_cost
3797,2026-04-15,BKK_Ladprao,Pineapple,15,198.6,2026-04-13,6,5,49.0,7.24,7.24,198.6,observed_estimated_cost
3798,2026-04-15,BKK_Ladprao,Watermelon,7,92.89,2026-04-13,6,5,45.0,7.27,7.27,92.89,observed_estimated_cost
3799,2026-04-15,BKK_Sukhumvit,Guava,8,126.64,2026-04-13,6,5.5,49.0,9.83,9.83,126.64,observed_estimated_cost
3800,2026-04-15,BKK_Sukhumvit,MixedBerryPremium,24,1036.56,2026-04-13,8,7,89.0,35.19,35.19,1036.56,observed_estimated_cost
3801,2026-04-15,BKK_Sukhumvit,PassionFruit,13,317.2,2026-04-13,6,6,65.0,18.4,18.4,317.2,observed_estimated_cost
3802,2026-04-15,BKK_Sukhumvit,Pineapple,10,132.4,2026-04-13,6,5,49.0,7.24,7.24,132.4,observed_estimated_cost
3803,2026-04-15,BKK_Sukhumvit,Watermelon,7,92.89,2026-04-13,6,5,45.0,7.27,7.27,92.89,observed_estimated_cost
3804,2026-04-15,Pattaya_Beach,Guava,7,110.81,2026-04-13,6,5.5,49.0,9.83,9.83,110.81,observed_estimated_cost
3805,2026-04-15,Pattaya_Beach,MixedBerryPremium,18,777.42,2026-04-13,8,7,89.0,35.19,35.19,777.42,observed_estimated_cost
3806,2026-04-15,Pattaya_Beach,PassionFruit,8,195.2,2026-04-13,6,6,65.0,18.4,18.4,195.2,observed_estimated_cost
3807,2026-04-15,Pattaya_Beach,Pineapple,11,145.64,2026-04-13,6,5,49.0,7.24,7.24,145.64,observed_estimated_cost
3808,2026-04-15,Pattaya_Beach,Watermelon,15,199.05,2026-04-13,6,5,45.0,7.27,7.27,199.05,observed_estimated_cost
3809,2026-04-15,Pattaya_Central,Guava,5,79.15,2026-04-13,6,5.5,49.0,9.83,9.83,79.15,observed_estimated_cost
3810,2026-04-15,Pattaya_Central,MixedBerryPremium,26,1122.94,2026-04-13,8,7,89.0,35.19,35.19,1122.94,observed_estimated_cost
3811,2026-04-15,Pattaya_Central,PassionFruit,5,122.0,2026-04-13,6,6,65.0,18.4,18.4,122.0,observed_estimated_cost
3812,2026-04-15,Pattaya_Central,Pineapple,17,225.08,2026-04-13,6,5,49.0,7.24,7.24,225.08,observed_estimated_cost
3813,2026-04-15,Pattaya_Central,Watermelon,16,212.32,2026-04-13,6,5,45.0,7.27,7.27,212.32,observed_estimated_cost
3814,2026-04-16,BKK_Ladprao,Guava,10,158.3,2026-04-13,6,5.5,49.0,9.83,9.83,158.3,observed_estimated_cost
3815,2026-04-16,BKK_Ladprao,MixedBerryPremium,36,1554.84,2026-04-13,8,7,89.0,35.19,35.19,1554.84,observed_estimated_cost
3816,2026-04-16,BKK_Ladprao,PassionFruit,10,244.0,2026-04-13,6,6,65.0,18.4,18.4,244.0,observed_estimated_cost
3817,2026-04-16,BKK_Ladprao,Pineapple,7,92.68,2026-04-13,6,5,49.0,7.24,7.24,92.68,observed_estimated_cost
3818,2026-04-16,BKK_Ladprao,Watermelon,9,119.43,2026-04-13,6,5,45.0,7.27,7.27,119.43,observed_estimated_cost
3819,2026-04-16,BKK_Sukhumvit,Guava,13,205.79,2026-04-13,6,5.5,49.0,9.83,9.83,205.79,observed_estimated_cost
3820,2026-04-16,BKK_Sukhumvit,MixedBerryPremium,11,475.09,2026-04-13,8,7,89.0,35.19,35.19,475.09,observed_estimated_cost
3821,2026-04-16,BKK_Sukhumvit,PassionFruit,10,244.0,2026-04-13,6,6,65.0,18.4,18.4,244.0,observed_estimated_cost
3822,2026-04-16,BKK_Sukhumvit,Pineapple,8,105.92,2026-04-13,6,5,49.0,7.24,7.24,105.92,observed_estimated_cost
3823,2026-04-16,BKK_Sukhumvit,Watermelon,8,106.16,2026-04-13,6,5,45.0,7.27,7.27,106.16,observed_estimated_cost
3824,2026-04-16,Pattaya_Beach,Guava,7,110.81,2026-04-13,6,5.5,49.0,9.83,9.83,110.81,observed_estimated_cost
3825,2026-04-16,Pattaya_Beach,MixedBerryPremium,6,259.14,2026-04-13,8,7,89.0,35.19,35.19,259.14,observed_estimated_cost
3826,2026-04-16,Pattaya_Beach,PassionFruit,8,195.2,2026-04-13,6,6,65.0,18.4,18.4,195.2,observed_estimated_cost
3827,2026-04-16,Pattaya_Beach,Pineapple,8,105.92,2026-04-13,6,5,49.0,7.24,7.24,105.92,observed_estimated_cost
3828,2026-04-16,Pattaya_Beach,Watermelon,6,79.62,2026-04-13,6,5,45.0,7.27,7.27,79.62,observed_estimated_cost
3829,2026-04-16,Pattaya_Central,Guava,13,205.79,2026-04-13,6,5.5,49.0,9.83,9.83,205.79,observed_estimated_cost
3830,2026-04-16,Pattaya_Central,MixedBerryPremium,15,647.85,2026-04-13,8,7,89.0,35.19,35.19,647.85,observed_estimated_cost
3831,2026-04-16,Pattaya_Central,PassionFruit,16,390.4,2026-04-13,6,6,65.0,18.4,18.4,390.4,observed_estimated_cost
3832,2026-04-16,Pattaya_Central,Pineapple,10,132.4,2026-04-13,6,5,49.0,7.24,7.24,132.4,observed_estimated_cost
3833,2026-04-16,Pattaya_Central,Watermelon,18,238.86,2026-04-13,6,5,45.0,7.27,7.27,238.86,observed_estimated_cost
3834,2026-04-17,BKK_Ladprao,Guava,3,47.49,2026-04-13,6,5.5,49.0,9.83,9.83,47.49,observed_estimated_cost
3835,2026-04-17,BKK_Ladprao,MixedBerryPremium,14,604.66,2026-04-13,8,7,89.0,35.19,35.19,604.66,observed_estimated_cost
3836,2026-04-17,BKK_Ladprao,PassionFruit,4,97.6,2026-04-13,6,6,65.0,18.4,18.4,97.6,observed_estimated_cost
3837,2026-04-17,BKK_Ladprao,Pineapple,9,119.16,2026-04-13,6,5,49.0,7.24,7.24,119.16,observed_estimated_cost
3838,2026-04-17,BKK_Ladprao,Watermelon,6,79.62,2026-04-13,6,5,45.0,7.27,7.27,79.62,observed_estimated_cost
3839,2026-04-17,BKK_Sukhumvit,Guava,3,47.49,2026-04-13,6,5.5,49.0,9.83,9.83,47.49,observed_estimated_cost
3840,2026-04-17,BKK_Sukhumvit,MixedBerryPremium,7,302.33,2026-04-13,8,7,89.0,35.19,35.19,302.33,observed_estimated_cost
3841,2026-04-17,BKK_Sukhumvit,PassionFruit,8,195.2,2026-04-13,6,6,65.0,18.4,18.4,195.2,observed_estimated_cost
3842,2026-04-17,BKK_Sukhumvit,Pineapple,10,132.4,2026-04-13,6,5,49.0,7.24,7.24,132.4,observed_estimated_cost
3843,2026-04-17,BKK_Sukhumvit,Watermelon,9,119.43,2026-04-13,6,5,45.0,7.27,7.27,119.43,observed_estimated_cost
3844,2026-04-17,Pattaya_Beach,Guava,9,142.47,2026-04-13,6,5.5,49.0,9.83,9.83,142.47,observed_estimated_cost
3845,2026-04-17,Pattaya_Beach,MixedBerryPremium,9,388.71,2026-04-13,8,7,89.0,35.19,35.19,388.71,observed_estimated_cost
3846,2026-04-17,Pattaya_Beach,PassionFruit,10,244.0,2026-04-13,6,6,65.0,18.4,18.4,244.0,observed_estimated_cost
3847,2026-04-17,Pattaya_Beach,Pineapple,5,66.2,2026-04-13,6,5,49.0,7.24,7.24,66.2,observed_estimated_cost
3848,2026-04-17,Pattaya_Beach,Watermelon,4,53.08,2026-04-13,6,5,45.0,7.27,7.27,53.08,observed_estimated_cost
3849,2026-04-17,Pattaya_Central,Guava,4,63.32,2026-04-13,6,5.5,49.0,9.83,9.83,63.32,observed_estimated_cost
3850,2026-04-17,Pattaya_Central,MixedBerryPremium,13,561.47,2026-04-13,8,7,89.0,35.19,35.19,561.47,observed_estimated_cost
3851,2026-04-17,Pattaya_Central,PassionFruit,6,146.4,2026-04-13,6,6,65.0,18.4,18.4,146.4,observed_estimated_cost
3852,2026-04-17,Pattaya_Central,Pineapple,6,79.44,2026-04-13,6,5,49.0,7.24,7.24,79.44,observed_estimated_cost
3853,2026-04-17,Pattaya_Central,Watermelon,8,106.16,2026-04-13,6,5,45.0,7.27,7.27,106.16,observed_estimated_cost
3854,2026-04-18,BKK_Ladprao,Guava,3,47.49,2026-04-13,6,5.5,49.0,9.83,9.83,47.49,observed_estimated_cost
3855,2026-04-18,BKK_Ladprao,MixedBerryPremium,14,604.66,2026-04-13,8,7,89.0,35.19,35.19,604.66,observed_estimated_cost
3856,2026-04-18,BKK_Ladprao,PassionFruit,4,97.6,2026-04-13,6,6,65.0,18.4,18.4,97.6,observed_estimated_cost
3857,2026-04-18,BKK_Ladprao,Pineapple,7,92.68,2026-04-13,6,5,49.0,7.24,7.24,92.68,observed_estimated_cost
3858,2026-04-18,BKK_Ladprao,Watermelon,5,66.35,2026-04-13,6,5,45.0,7.27,7.27,66.35,observed_estimated_cost
3859,2026-04-18,BKK_Sukhumvit,Guava,5,79.15,2026-04-13,6,5.5,49.0,9.83,9.83,79.15,observed_estimated_cost
3860,2026-04-18,BKK_Sukhumvit,MixedBerryPremium,13,561.47,2026-04-13,8,7,89.0,35.19,35.19,561.47,observed_estimated_cost
3861,2026-04-18,BKK_Sukhumvit,PassionFruit,5,122.0,2026-04-13,6,6,65.0,18.4,18.4,122.0,observed_estimated_cost
3862,2026-04-18,BKK_Sukhumvit,Pineapple,7,92.68,2026-04-13,6,5,49.0,7.24,7.24,92.68,observed_estimated_cost
3863,2026-04-18,BKK_Sukhumvit,Watermelon,7,92.89,2026-04-13,6,5,45.0,7.27,7.27,92.89,observed_estimated_cost
3864,2026-04-18,Pattaya_Beach,Guava,5,79.15,2026-04-13,6,5.5,49.0,9.83,9.83,79.15,observed_estimated_cost
3865,2026-04-18,Pattaya_Beach,MixedBerryPremium,11,475.09,2026-04-13,8,7,89.0,35.19,35.19,475.09,observed_estimated_cost
3866,2026-04-18,Pattaya_Beach,PassionFruit,9,219.6,2026-04-13,6,6,65.0,18.4,18.4,219.6,observed_estimated_cost
3867,2026-04-18,Pattaya_Beach,Pineapple,13,172.12,2026-04-13,6,5,49.0,7.24,7.24,172.12,observed_estimated_cost
3868,2026-04-18,Pattaya_Beach,Watermelon,4,53.08,2026-04-13,6,5,45.0,7.27,7.27,53.08,observed_estimated_cost
3869,2026-04-18,Pattaya_Central,Guava,8,126.64,2026-04-13,6,5.5,49.0,9.83,9.83,126.64,observed_estimated_cost
3870,2026-04-18,Pattaya_Central,MixedBerryPremium,15,647.85,2026-04-13,8,7,89.0,35.19,35.19,647.85,observed_estimated_cost
3871,2026-04-18,Pattaya_Central,PassionFruit,16,390.4,2026-04-13,6,6,65.0,18.4,18.4,390.4,observed_estimated_cost
3872,2026-04-18,Pattaya_Central,Pineapple,4,52.96,2026-04-13,6,5,49.0,7.24,7.24,52.96,observed_estimated_cost
3873,2026-04-18,Pattaya_Central,Watermelon,12,159.24,2026-04-13,6,5,45.0,7.27,7.27,159.24,observed_estimated_cost
3874,2026-04-19,BKK_Ladprao,Guava,2,31.66,2026-04-13,6,5.5,49.0,9.83,9.83,31.66,observed_estimated_cost
3875,2026-04-19,BKK_Ladprao,MixedBerryPremium,14,604.66,2026-04-13,8,7,89.0,35.19,35.19,604.66,observed_estimated_cost
3876,2026-04-19,BKK_Ladprao,PassionFruit,5,122.0,2026-04-13,6,6,65.0,18.4,18.4,122.0,observed_estimated_cost
3877,2026-04-19,BKK_Ladprao,Pineapple,5,66.2,2026-04-13,6,5,49.0,7.24,7.24,66.2,observed_estimated_cost
3878,2026-04-19,BKK_Ladprao,Watermelon,7,92.89,2026-04-13,6,5,45.0,7.27,7.27,92.89,observed_estimated_cost
3879,2026-04-19,BKK_Sukhumvit,Guava,1,15.83,2026-04-13,6,5.5,49.0,9.83,9.83,15.83,observed_estimated_cost
3880,2026-04-19,BKK_Sukhumvit,MixedBerryPremium,7,302.33,2026-04-13,8,7,89.0,35.19,35.19,302.33,observed_estimated_cost
3881,2026-04-19,BKK_Sukhumvit,PassionFruit,7,170.8,2026-04-13,6,6,65.0,18.4,18.4,170.8,observed_estimated_cost
3882,2026-04-19,BKK_Sukhumvit,Pineapple,6,79.44,2026-04-13,6,5,49.0,7.24,7.24,79.44,observed_estimated_cost
3883,2026-04-19,BKK_Sukhumvit,Watermelon,10,132.7,2026-04-13,6,5,45.0,7.27,7.27,132.7,observed_estimated_cost
3884,2026-04-19,Pattaya_Beach,Guava,3,47.49,2026-04-13,6,5.5,49.0,9.83,9.83,47.49,observed_estimated_cost
3885,2026-04-19,Pattaya_Beach,MixedBerryPremium,20,863.8,2026-04-13,8,7,89.0,35.19,35.19,863.8,observed_estimated_cost
3886,2026-04-19,Pattaya_Beach,PassionFruit,18,439.2,2026-04-13,6,6,65.0,18.4,18.4,439.2,observed_estimated_cost
3887,2026-04-19,Pattaya_Beach,Pineapple,9,119.16,2026-04-13,6,5,49.0,7.24,7.24,119.16,observed_estimated_cost
3888,2026-04-19,Pattaya_Beach,Watermelon,3,39.81,2026-04-13,6,5,45.0,7.27,7.27,39.81,observed_estimated_cost
3889,2026-04-19,Pattaya_Central,Guava,9,142.47,2026-04-13,6,5.5,49.0,9.83,9.83,142.47,observed_estimated_cost
3890,2026-04-19,Pattaya_Central,MixedBerryPremium,16,691.04,2026-04-13,8,7,89.0,35.19,35.19,691.04,observed_estimated_cost
3891,2026-04-19,Pattaya_Central,PassionFruit,5,122.0,2026-04-13,6,6,65.0,18.4,18.4,122.0,observed_estimated_cost
3892,2026-04-19,Pattaya_Central,Pineapple,6,79.44,2026-04-13,6,5,49.0,7.24,7.24,79.44,observed_estimated_cost
3893,2026-04-19,Pattaya_Central,Watermelon,10,132.7,2026-04-13,6,5,45.0,7.27,7.27,132.7,observed_estimated_cost
3894,2026-04-20,BKK_Ladprao,Guava,7,104.86,2026-04-20,6,5.5,49.0,8.98,8.98,104.86,observed_estimated_cost
3895,2026-04-20,BKK_Ladprao,MixedBerryPremium,21,924.84,2026-04-20,8,7,89.0,36.04,36.04,924.84,observed_estimated_cost
3896,2026-04-20,BKK_Ladprao,PassionFruit,5,128.15,2026-04-20,6,6,65.0,19.63,19.63,128.15,observed_estimated_cost
3897,2026-04-20,BKK_Ladprao,Pineapple,6,83.88,2026-04-20,6,5,49.0,7.98,7.98,83.88,observed_estimated_cost
3898,2026-04-20,BKK_Ladprao,Watermelon,12,154.8,2026-04-20,6,5,45.0,6.9,6.9,154.8,observed_estimated_cost
3899,2026-04-20,BKK_Sukhumvit,Guava,5,74.9,2026-04-20,6,5.5,49.0,8.98,8.98,74.9,observed_estimated_cost
3900,2026-04-20,BKK_Sukhumvit,MixedBerryPremium,14,616.56,2026-04-20,8,7,89.0,36.04,36.04,616.56,observed_estimated_cost
3901,2026-04-20,BKK_Sukhumvit,PassionFruit,7,179.41,2026-04-20,6,6,65.0,19.63,19.63,179.41,observed_estimated_cost
3902,2026-04-20,BKK_Sukhumvit,Pineapple,5,69.9,2026-04-20,6,5,49.0,7.98,7.98,69.9,observed_estimated_cost
3903,2026-04-20,BKK_Sukhumvit,Watermelon,8,103.2,2026-04-20,6,5,45.0,6.9,6.9,103.2,observed_estimated_cost
3904,2026-04-20,Pattaya_Beach,Guava,6,89.88,2026-04-20,6,5.5,49.0,8.98,8.98,89.88,observed_estimated_cost
3905,2026-04-20,Pattaya_Beach,MixedBerryPremium,15,660.6,2026-04-20,8,7,89.0,36.04,36.04,660.6,observed_estimated_cost
3906,2026-04-20,Pattaya_Beach,PassionFruit,4,102.52,2026-04-20,6,6,65.0,19.63,19.63,102.52,observed_estimated_cost
3907,2026-04-20,Pattaya_Beach,Pineapple,5,69.9,2026-04-20,6,5,49.0,7.98,7.98,69.9,observed_estimated_cost
3908,2026-04-20,Pattaya_Beach,Watermelon,6,77.4,2026-04-20,6,5,45.0,6.9,6.9,77.4,observed_estimated_cost
3909,2026-04-20,Pattaya_Central,Guava,7,104.86,2026-04-20,6,5.5,49.0,8.98,8.98,104.86,observed_estimated_cost
3910,2026-04-20,Pattaya_Central,MixedBerryPremium,20,880.8,2026-04-20,8,7,89.0,36.04,36.04,880.8,observed_estimated_cost
3911,2026-04-20,Pattaya_Central,PassionFruit,3,76.89,2026-04-20,6,6,65.0,19.63,19.63,76.89,observed_estimated_cost
3912,2026-04-20,Pattaya_Central,Pineapple,7,97.86,2026-04-20,6,5,49.0,7.98,7.98,97.86,observed_estimated_cost
3913,2026-04-20,Pattaya_Central,Watermelon,10,129.0,2026-04-20,6,5,45.0,6.9,6.9,129.0,observed_estimated_cost
3914,2026-04-21,BKK_Ladprao,Guava,6,89.88,2026-04-20,6,5.5,49.0,8.98,8.98,89.88,observed_estimated_cost
3915,2026-04-21,BKK_Ladprao,MixedBerryPremium,16,704.64,2026-04-20,8,7,89.0,36.04,36.04,704.64,observed_estimated_cost
3916,2026-04-21,BKK_Ladprao,PassionFruit,5,128.15,2026-04-20,6,6,65.0,19.63,19.63,128.15,observed_estimated_cost
3917,2026-04-21,BKK_Ladprao,Pineapple,5,69.9,2026-04-20,6,5,49.0,7.98,7.98,69.9,observed_estimated_cost
3918,2026-04-21,BKK_Ladprao,Watermelon,6,77.4,2026-04-20,6,5,45.0,6.9,6.9,77.4,observed_estimated_cost
3919,2026-04-21,BKK_Sukhumvit,Guava,3,44.94,2026-04-20,6,5.5,49.0,8.98,8.98,44.94,observed_estimated_cost
3920,2026-04-21,BKK_Sukhumvit,MixedBerryPremium,13,572.52,2026-04-20,8,7,89.0,36.04,36.04,572.52,observed_estimated_cost
3921,2026-04-21,BKK_Sukhumvit,PassionFruit,6,153.78,2026-04-20,6,6,65.0,19.63,19.63,153.78,observed_estimated_cost
3922,2026-04-21,BKK_Sukhumvit,Pineapple,7,97.86,2026-04-20,6,5,49.0,7.98,7.98,97.86,observed_estimated_cost
3923,2026-04-21,BKK_Sukhumvit,Watermelon,7,90.3,2026-04-20,6,5,45.0,6.9,6.9,90.3,observed_estimated_cost
3924,2026-04-21,Pattaya_Beach,Guava,3,44.94,2026-04-20,6,5.5,49.0,8.98,8.98,44.94,observed_estimated_cost
3925,2026-04-21,Pattaya_Beach,MixedBerryPremium,7,308.28,2026-04-20,8,7,89.0,36.04,36.04,308.28,observed_estimated_cost
3926,2026-04-21,Pattaya_Beach,PassionFruit,3,76.89,2026-04-20,6,6,65.0,19.63,19.63,76.89,observed_estimated_cost
3927,2026-04-21,Pattaya_Beach,Pineapple,10,139.8,2026-04-20,6,5,49.0,7.98,7.98,139.8,observed_estimated_cost
3928,2026-04-21,Pattaya_Beach,Watermelon,5,64.5,2026-04-20,6,5,45.0,6.9,6.9,64.5,observed_estimated_cost
3929,2026-04-21,Pattaya_Central,Guava,5,74.9,2026-04-20,6,5.5,49.0,8.98,8.98,74.9,observed_estimated_cost
3930,2026-04-21,Pattaya_Central,MixedBerryPremium,14,616.56,2026-04-20,8,7,89.0,36.04,36.04,616.56,observed_estimated_cost
3931,2026-04-21,Pattaya_Central,PassionFruit,10,256.3,2026-04-20,6,6,65.0,19.63,19.63,256.3,observed_estimated_cost
3932,2026-04-21,Pattaya_Central,Pineapple,6,83.88,2026-04-20,6,5,49.0,7.98,7.98,83.88,observed_estimated_cost
3933,2026-04-21,Pattaya_Central,Watermelon,7,90.3,2026-04-20,6,5,45.0,6.9,6.9,90.3,observed_estimated_cost
3934,2026-04-22,BKK_Ladprao,Guava,3,44.94,2026-04-20,6,5.5,49.0,8.98,8.98,44.94,observed_estimated_cost
3935,2026-04-22,BKK_Ladprao,MixedBerryPremium,9,396.36,2026-04-20,8,7,89.0,36.04,36.04,396.36,observed_estimated_cost
3936,2026-04-22,BKK_Ladprao,PassionFruit,7,179.41,2026-04-20,6,6,65.0,19.63,19.63,179.41,observed_estimated_cost
3937,2026-04-22,BKK_Ladprao,Pineapple,5,69.9,2026-04-20,6,5,49.0,7.98,7.98,69.9,observed_estimated_cost
3938,2026-04-22,BKK_Ladprao,Watermelon,6,77.4,2026-04-20,6,5,45.0,6.9,6.9,77.4,observed_estimated_cost
3939,2026-04-22,BKK_Sukhumvit,Guava,5,74.9,2026-04-20,6,5.5,49.0,8.98,8.98,74.9,observed_estimated_cost
3940,2026-04-22,BKK_Sukhumvit,MixedBerryPremium,13,572.52,2026-04-20,8,7,89.0,36.04,36.04,572.52,observed_estimated_cost
3941,2026-04-22,BKK_Sukhumvit,PassionFruit,4,102.52,2026-04-20,6,6,65.0,19.63,19.63,102.52,observed_estimated_cost
3942,2026-04-22,BKK_Sukhumvit,Pineapple,6,83.88,2026-04-20,6,5,49.0,7.98,7.98,83.88,observed_estimated_cost
3943,2026-04-22,BKK_Sukhumvit,Watermelon,5,64.5,2026-04-20,6,5,45.0,6.9,6.9,64.5,observed_estimated_cost
3944,2026-04-22,Pattaya_Beach,Guava,4,59.92,2026-04-20,6,5.5,49.0,8.98,8.98,59.92,observed_estimated_cost
3945,2026-04-22,Pattaya_Beach,MixedBerryPremium,12,528.48,2026-04-20,8,7,89.0,36.04,36.04,528.48,observed_estimated_cost
3946,2026-04-22,Pattaya_Beach,PassionFruit,7,179.41,2026-04-20,6,6,65.0,19.63,19.63,179.41,observed_estimated_cost
3947,2026-04-22,Pattaya_Beach,Pineapple,8,111.84,2026-04-20,6,5,49.0,7.98,7.98,111.84,observed_estimated_cost
3948,2026-04-22,Pattaya_Beach,Watermelon,3,38.7,2026-04-20,6,5,45.0,6.9,6.9,38.7,observed_estimated_cost
3949,2026-04-22,Pattaya_Central,Guava,9,134.82,2026-04-20,6,5.5,49.0,8.98,8.98,134.82,observed_estimated_cost
3950,2026-04-22,Pattaya_Central,MixedBerryPremium,13,572.52,2026-04-20,8,7,89.0,36.04,36.04,572.52,observed_estimated_cost
3951,2026-04-22,Pattaya_Central,PassionFruit,5,128.15,2026-04-20,6,6,65.0,19.63,19.63,128.15,observed_estimated_cost
3952,2026-04-22,Pattaya_Central,Pineapple,14,195.72,2026-04-20,6,5,49.0,7.98,7.98,195.72,observed_estimated_cost
3953,2026-04-22,Pattaya_Central,Watermelon,6,77.4,2026-04-20,6,5,45.0,6.9,6.9,77.4,observed_estimated_cost
3954,2026-04-23,BKK_Ladprao,Guava,5,74.9,2026-04-20,6,5.5,49.0,8.98,8.98,74.9,observed_estimated_cost
3955,2026-04-23,BKK_Ladprao,MixedBerryPremium,11,484.44,2026-04-20,8,7,89.0,36.04,36.04,484.44,observed_estimated_cost
3956,2026-04-23,BKK_Ladprao,PassionFruit,4,102.52,2026-04-20,6,6,65.0,19.63,19.63,102.52,observed_estimated_cost
3957,2026-04-23,BKK_Ladprao,Pineapple,6,83.88,2026-04-20,6,5,49.0,7.98,7.98,83.88,observed_estimated_cost
3958,2026-04-23,BKK_Ladprao,Watermelon,4,51.6,2026-04-20,6,5,45.0,6.9,6.9,51.6,observed_estimated_cost
3959,2026-04-23,BKK_Sukhumvit,Guava,2,29.96,2026-04-20,6,5.5,49.0,8.98,8.98,29.96,observed_estimated_cost
3960,2026-04-23,BKK_Sukhumvit,MixedBerryPremium,6,264.24,2026-04-20,8,7,89.0,36.04,36.04,264.24,observed_estimated_cost
3961,2026-04-23,BKK_Sukhumvit,PassionFruit,11,281.93,2026-04-20,6,6,65.0,19.63,19.63,281.93,observed_estimated_cost
3962,2026-04-23,BKK_Sukhumvit,Pineapple,5,69.9,2026-04-20,6,5,49.0,7.98,7.98,69.9,observed_estimated_cost
3963,2026-04-23,BKK_Sukhumvit,Watermelon,4,51.6,2026-04-20,6,5,45.0,6.9,6.9,51.6,observed_estimated_cost
3964,2026-04-23,Pattaya_Beach,Guava,7,104.86,2026-04-20,6,5.5,49.0,8.98,8.98,104.86,observed_estimated_cost
3965,2026-04-23,Pattaya_Beach,MixedBerryPremium,21,924.84,2026-04-20,8,7,89.0,36.04,36.04,924.84,observed_estimated_cost
3966,2026-04-23,Pattaya_Beach,PassionFruit,6,153.78,2026-04-20,6,6,65.0,19.63,19.63,153.78,observed_estimated_cost
3967,2026-04-23,Pattaya_Beach,Pineapple,6,83.88,2026-04-20,6,5,49.0,7.98,7.98,83.88,observed_estimated_cost
3968,2026-04-23,Pattaya_Beach,Watermelon,6,77.4,2026-04-20,6,5,45.0,6.9,6.9,77.4,observed_estimated_cost
3969,2026-04-23,Pattaya_Central,Guava,4,59.92,2026-04-20,6,5.5,49.0,8.98,8.98,59.92,observed_estimated_cost
3970,2026-04-23,Pattaya_Central,MixedBerryPremium,13,572.52,2026-04-20,8,7,89.0,36.04,36.04,572.52,observed_estimated_cost
3971,2026-04-23,Pattaya_Central,PassionFruit,4,102.52,2026-04-20,6,6,65.0,19.63,19.63,102.52,observed_estimated_cost
3972,2026-04-23,Pattaya_Central,Pineapple,7,97.86,2026-04-20,6,5,49.0,7.98,7.98,97.86,observed_estimated_cost
3973,2026-04-23,Pattaya_Central,Watermelon,10,129.0,2026-04-20,6,5,45.0,6.9,6.9,129.0,observed_estimated_cost
3974,2026-04-24,BKK_Ladprao,Guava,4,59.92,2026-04-20,6,5.5,49.0,8.98,8.98,59.92,observed_estimated_cost
3975,2026-04-24,BKK_Ladprao,MixedBerryPremium,10,440.4,2026-04-20,8,7,89.0,36.04,36.04,440.4,observed_estimated_cost
3976,2026-04-24,BKK_Ladprao,PassionFruit,5,128.15,2026-04-20,6,6,65.0,19.63,19.63,128.15,observed_estimated_cost
3977,2026-04-24,BKK_Ladprao,Pineapple,2,27.96,2026-04-20,6,5,49.0,7.98,7.98,27.96,observed_estimated_cost
3978,2026-04-24,BKK_Ladprao,Watermelon,8,103.2,2026-04-20,6,5,45.0,6.9,6.9,103.2,observed_estimated_cost
3979,2026-04-24,BKK_Sukhumvit,Guava,6,89.88,2026-04-20,6,5.5,49.0,8.98,8.98,89.88,observed_estimated_cost
3980,2026-04-24,BKK_Sukhumvit,MixedBerryPremium,18,792.72,2026-04-20,8,7,89.0,36.04,36.04,792.72,observed_estimated_cost
3981,2026-04-24,BKK_Sukhumvit,PassionFruit,9,230.67,2026-04-20,6,6,65.0,19.63,19.63,230.67,observed_estimated_cost
3982,2026-04-24,BKK_Sukhumvit,Pineapple,10,139.8,2026-04-20,6,5,49.0,7.98,7.98,139.8,observed_estimated_cost
3983,2026-04-24,BKK_Sukhumvit,Watermelon,5,64.5,2026-04-20,6,5,45.0,6.9,6.9,64.5,observed_estimated_cost
3984,2026-04-24,Pattaya_Beach,Guava,5,74.9,2026-04-20,6,5.5,49.0,8.98,8.98,74.9,observed_estimated_cost
3985,2026-04-24,Pattaya_Beach,MixedBerryPremium,15,660.6,2026-04-20,8,7,89.0,36.04,36.04,660.6,observed_estimated_cost
3986,2026-04-24,Pattaya_Beach,PassionFruit,7,179.41,2026-04-20,6,6,65.0,19.63,19.63,179.41,observed_estimated_cost
3987,2026-04-24,Pattaya_Beach,Pineapple,7,97.86,2026-04-20,6,5,49.0,7.98,7.98,97.86,observed_estimated_cost
3988,2026-04-24,Pattaya_Beach,Watermelon,7,90.3,2026-04-20,6,5,45.0,6.9,6.9,90.3,observed_estimated_cost
3989,2026-04-24,Pattaya_Central,Guava,4,59.92,2026-04-20,6,5.5,49.0,8.98,8.98,59.92,observed_estimated_cost
3990,2026-04-24,Pattaya_Central,MixedBerryPremium,13,572.52,2026-04-20,8,7,89.0,36.04,36.04,572.52,observed_estimated_cost
3991,2026-04-24,Pattaya_Central,PassionFruit,13,333.19,2026-04-20,6,6,65.0,19.63,19.63,333.19,observed_estimated_cost
3992,2026-04-24,Pattaya_Central,Pineapple,5,69.9,2026-04-20,6,5,49.0,7.98,7.98,69.9,observed_estimated_cost
3993,2026-04-24,Pattaya_Central,Watermelon,9,116.1,2026-04-20,6,5,45.0,6.9,6.9,116.1,observed_estimated_cost
3994,2026-04-25,BKK_Ladprao,Guava,5,74.9,2026-04-20,6,5.5,49.0,8.98,8.98,74.9,observed_estimated_cost
3995,2026-04-25,BKK_Ladprao,MixedBerryPremium,15,660.6,2026-04-20,8,7,89.0,36.04,36.04,660.6,observed_estimated_cost
3996,2026-04-25,BKK_Ladprao,PassionFruit,8,205.04,2026-04-20,6,6,65.0,19.63,19.63,205.04,observed_estimated_cost
3997,2026-04-25,BKK_Ladprao,Pineapple,9,125.82,2026-04-20,6,5,49.0,7.98,7.98,125.82,observed_estimated_cost
3998,2026-04-25,BKK_Ladprao,Watermelon,6,77.4,2026-04-20,6,5,45.0,6.9,6.9,77.4,observed_estimated_cost
3999,2026-04-25,BKK_Sukhumvit,Guava,4,59.92,2026-04-20,6,5.5,49.0,8.98,8.98,59.92,observed_estimated_cost
4000,2026-04-25,BKK_Sukhumvit,MixedBerryPremium,9,396.36,2026-04-20,8,7,89.0,36.04,36.04,396.36,observed_estimated_cost
4001,2026-04-25,BKK_Sukhumvit,PassionFruit,5,128.15,2026-04-20,6,6,65.0,19.63,19.63,128.15,observed_estimated_cost
4002,2026-04-25,BKK_Sukhumvit,Pineapple,6,83.88,2026-04-20,6,5,49.0,7.98,7.98,83.88,observed_estimated_cost
4003,2026-04-25,BKK_Sukhumvit,Watermelon,7,90.3,2026-04-20,6,5,45.0,6.9,6.9,90.3,observed_estimated_cost
4004,2026-04-25,Pattaya_Beach,Guava,6,89.88,2026-04-20,6,5.5,49.0,8.98,8.98,89.88,observed_estimated_cost
4005,2026-04-25,Pattaya_Beach,MixedBerryPremium,7,308.28,2026-04-20,8,7,89.0,36.04,36.04,308.28,observed_estimated_cost
4006,2026-04-25,Pattaya_Beach,PassionFruit,6,153.78,2026-04-20,6,6,65.0,19.63,19.63,153.78,observed_estimated_cost
4007,2026-04-25,Pattaya_Beach,Pineapple,6,83.88,2026-04-20,6,5,49.0,7.98,7.98,83.88,observed_estimated_cost
4008,2026-04-25,Pattaya_Beach,Watermelon,6,77.4,2026-04-20,6,5,45.0,6.9,6.9,77.4,observed_estimated_cost
4009,2026-04-25,Pattaya_Central,Guava,9,134.82,2026-04-20,6,5.5,49.0,8.98,8.98,134.82,observed_estimated_cost
4010,2026-04-25,Pattaya_Central,MixedBerryPremium,15,660.6,2026-04-20,8,7,89.0,36.04,36.04,660.6,observed_estimated_cost
4011,2026-04-25,Pattaya_Central,PassionFruit,10,256.3,2026-04-20,6,6,65.0,19.63,19.63,256.3,observed_estimated_cost
4012,2026-04-25,Pattaya_Central,Pineapple,4,55.92,2026-04-20,6,5,49.0,7.98,7.98,55.92,observed_estimated_cost
4013,2026-04-25,Pattaya_Central,Watermelon,12,154.8,2026-04-20,6,5,45.0,6.9,6.9,154.8,observed_estimated_cost
4014,2026-04-26,BKK_Ladprao,Guava,7,104.86,2026-04-20,6,5.5,49.0,8.98,8.98,104.86,observed_estimated_cost
4015,2026-04-26,BKK_Ladprao,MixedBerryPremium,14,616.56,2026-04-20,8,7,89.0,36.04,36.04,616.56,observed_estimated_cost
4016,2026-04-26,BKK_Ladprao,PassionFruit,9,230.67,2026-04-20,6,6,65.0,19.63,19.63,230.67,observed_estimated_cost
4017,2026-04-26,BKK_Ladprao,Pineapple,6,83.88,2026-04-20,6,5,49.0,7.98,7.98,83.88,observed_estimated_cost
4018,2026-04-26,BKK_Ladprao,Watermelon,6,77.4,2026-04-20,6,5,45.0,6.9,6.9,77.4,observed_estimated_cost
4019,2026-04-26,BKK_Sukhumvit,Guava,3,44.94,2026-04-20,6,5.5,49.0,8.98,8.98,44.94,observed_estimated_cost
4020,2026-04-26,BKK_Sukhumvit,MixedBerryPremium,19,836.76,2026-04-20,8,7,89.0,36.04,36.04,836.76,observed_estimated_cost
4021,2026-04-26,BKK_Sukhumvit,PassionFruit,5,128.15,2026-04-20,6,6,65.0,19.63,19.63,128.15,observed_estimated_cost
4022,2026-04-26,BKK_Sukhumvit,Pineapple,7,97.86,2026-04-20,6,5,49.0,7.98,7.98,97.86,observed_estimated_cost
4023,2026-04-26,BKK_Sukhumvit,Watermelon,5,64.5,2026-04-20,6,5,45.0,6.9,6.9,64.5,observed_estimated_cost
4024,2026-04-26,Pattaya_Beach,Guava,4,59.92,2026-04-20,6,5.5,49.0,8.98,8.98,59.92,observed_estimated_cost
4025,2026-04-26,Pattaya_Beach,MixedBerryPremium,18,792.72,2026-04-20,8,7,89.0,36.04,36.04,792.72,observed_estimated_cost
4026,2026-04-26,Pattaya_Beach,PassionFruit,10,256.3,2026-04-20,6,6,65.0,19.63,19.63,256.3,observed_estimated_cost
4027,2026-04-26,Pattaya_Beach,Pineapple,8,111.84,2026-04-20,6,5,49.0,7.98,7.98,111.84,observed_estimated_cost
4028,2026-04-26,Pattaya_Beach,Watermelon,12,154.8,2026-04-20,6,5,45.0,6.9,6.9,154.8,observed_estimated_cost
4029,2026-04-26,Pattaya_Central,Guava,6,89.88,2026-04-20,6,5.5,49.0,8.98,8.98,89.88,observed_estimated_cost
4030,2026-04-26,Pattaya_Central,MixedBerryPremium,14,616.56,2026-04-20,8,7,89.0,36.04,36.04,616.56,observed_estimated_cost
4031,2026-04-26,Pattaya_Central,PassionFruit,9,230.67,2026-04-20,6,6,65.0,19.63,19.63,230.67,observed_estimated_cost
4032,2026-04-26,Pattaya_Central,Pineapple,7,97.86,2026-04-20,6,5,49.0,7.98,7.98,97.86,observed_estimated_cost
4033,2026-04-26,Pattaya_Central,Watermelon,13,167.7,2026-04-20,6,5,45.0,6.9,6.9,167.7,observed_estimated_cost
4034,2026-04-27,BKK_Ladprao,Guava,3,44.1,2026-04-27,6,5.5,49.0,8.7,8.7,44.1,observed_estimated_cost
4035,2026-04-27,BKK_Ladprao,MixedBerryPremium,10,443.0,2026-04-27,8,7,89.0,36.3,36.3,443.0,observed_estimated_cost
4036,2026-04-27,BKK_Ladprao,PassionFruit,5,122.55,2026-04-27,6,6,65.0,18.51,18.51,122.55,observed_estimated_cost
4037,2026-04-27,BKK_Ladprao,Pineapple,6,81.78,2026-04-27,6,5,49.0,7.63,7.63,81.78,observed_estimated_cost
4038,2026-04-27,BKK_Ladprao,Watermelon,6,79.08,2026-04-27,6,5,45.0,7.18,7.18,79.08,observed_estimated_cost
4039,2026-04-27,BKK_Sukhumvit,Guava,3,44.1,2026-04-27,6,5.5,49.0,8.7,8.7,44.1,observed_estimated_cost
4040,2026-04-27,BKK_Sukhumvit,MixedBerryPremium,13,575.9,2026-04-27,8,7,89.0,36.3,36.3,575.9,observed_estimated_cost
4041,2026-04-27,BKK_Sukhumvit,PassionFruit,4,98.04,2026-04-27,6,6,65.0,18.51,18.51,98.04,observed_estimated_cost
4042,2026-04-27,BKK_Sukhumvit,Pineapple,5,68.15,2026-04-27,6,5,49.0,7.63,7.63,68.15,observed_estimated_cost
4043,2026-04-27,BKK_Sukhumvit,Watermelon,9,118.62,2026-04-27,6,5,45.0,7.18,7.18,118.62,observed_estimated_cost
4044,2026-04-27,Pattaya_Beach,Guava,4,58.8,2026-04-27,6,5.5,49.0,8.7,8.7,58.8,observed_estimated_cost
4045,2026-04-27,Pattaya_Beach,MixedBerryPremium,8,354.4,2026-04-27,8,7,89.0,36.3,36.3,354.4,observed_estimated_cost
4046,2026-04-27,Pattaya_Beach,PassionFruit,5,122.55,2026-04-27,6,6,65.0,18.51,18.51,122.55,observed_estimated_cost
4047,2026-04-27,Pattaya_Beach,Pineapple,5,68.15,2026-04-27,6,5,49.0,7.63,7.63,68.15,observed_estimated_cost
4048,2026-04-27,Pattaya_Beach,Watermelon,12,158.16,2026-04-27,6,5,45.0,7.18,7.18,158.16,observed_estimated_cost
4049,2026-04-27,Pattaya_Central,Guava,7,102.9,2026-04-27,6,5.5,49.0,8.7,8.7,102.9,observed_estimated_cost
4050,2026-04-27,Pattaya_Central,MixedBerryPremium,16,708.8,2026-04-27,8,7,89.0,36.3,36.3,708.8,observed_estimated_cost
4051,2026-04-27,Pattaya_Central,PassionFruit,10,245.1,2026-04-27,6,6,65.0,18.51,18.51,245.1,observed_estimated_cost
4052,2026-04-27,Pattaya_Central,Pineapple,10,136.3,2026-04-27,6,5,49.0,7.63,7.63,136.3,observed_estimated_cost
4053,2026-04-27,Pattaya_Central,Watermelon,6,79.08,2026-04-27,6,5,45.0,7.18,7.18,79.08,observed_estimated_cost
4054,2026-04-28,BKK_Ladprao,Guava,5,73.5,2026-04-27,6,5.5,49.0,8.7,8.7,73.5,observed_estimated_cost
4055,2026-04-28,BKK_Ladprao,MixedBerryPremium,20,886.0,2026-04-27,8,7,89.0,36.3,36.3,886.0,observed_estimated_cost
4056,2026-04-28,BKK_Ladprao,PassionFruit,5,122.55,2026-04-27,6,6,65.0,18.51,18.51,122.55,observed_estimated_cost
4057,2026-04-28,BKK_Ladprao,Pineapple,5,68.15,2026-04-27,6,5,49.0,7.63,7.63,68.15,observed_estimated_cost
4058,2026-04-28,BKK_Ladprao,Watermelon,7,92.26,2026-04-27,6,5,45.0,7.18,7.18,92.26,observed_estimated_cost
4059,2026-04-28,BKK_Sukhumvit,Guava,5,73.5,2026-04-27,6,5.5,49.0,8.7,8.7,73.5,observed_estimated_cost
4060,2026-04-28,BKK_Sukhumvit,MixedBerryPremium,10,443.0,2026-04-27,8,7,89.0,36.3,36.3,443.0,observed_estimated_cost
4061,2026-04-28,BKK_Sukhumvit,PassionFruit,5,122.55,2026-04-27,6,6,65.0,18.51,18.51,122.55,observed_estimated_cost
4062,2026-04-28,BKK_Sukhumvit,Pineapple,5,68.15,2026-04-27,6,5,49.0,7.63,7.63,68.15,observed_estimated_cost
4063,2026-04-28,BKK_Sukhumvit,Watermelon,5,65.9,2026-04-27,6,5,45.0,7.18,7.18,65.9,observed_estimated_cost
4064,2026-04-28,Pattaya_Beach,Guava,2,29.4,2026-04-27,6,5.5,49.0,8.7,8.7,29.4,observed_estimated_cost
4065,2026-04-28,Pattaya_Beach,MixedBerryPremium,12,531.6,2026-04-27,8,7,89.0,36.3,36.3,531.6,observed_estimated_cost
4066,2026-04-28,Pattaya_Beach,PassionFruit,7,171.57,2026-04-27,6,6,65.0,18.51,18.51,171.57,observed_estimated_cost
4067,2026-04-28,Pattaya_Beach,Pineapple,5,68.15,2026-04-27,6,5,49.0,7.63,7.63,68.15,observed_estimated_cost
4068,2026-04-28,Pattaya_Beach,Watermelon,11,144.98,2026-04-27,6,5,45.0,7.18,7.18,144.98,observed_estimated_cost
4069,2026-04-28,Pattaya_Central,Guava,3,44.1,2026-04-27,6,5.5,49.0,8.7,8.7,44.1,observed_estimated_cost
4070,2026-04-28,Pattaya_Central,MixedBerryPremium,13,575.9,2026-04-27,8,7,89.0,36.3,36.3,575.9,observed_estimated_cost
4071,2026-04-28,Pattaya_Central,PassionFruit,12,294.12,2026-04-27,6,6,65.0,18.51,18.51,294.12,observed_estimated_cost
4072,2026-04-28,Pattaya_Central,Pineapple,13,177.19,2026-04-27,6,5,49.0,7.63,7.63,177.19,observed_estimated_cost
4073,2026-04-28,Pattaya_Central,Watermelon,9,118.62,2026-04-27,6,5,45.0,7.18,7.18,118.62,observed_estimated_cost
4074,2026-04-29,BKK_Ladprao,Guava,5,73.5,2026-04-27,6,5.5,49.0,8.7,8.7,73.5,observed_estimated_cost
4075,2026-04-29,BKK_Ladprao,MixedBerryPremium,7,310.1,2026-04-27,8,7,89.0,36.3,36.3,310.1,observed_estimated_cost
4076,2026-04-29,BKK_Ladprao,PassionFruit,10,245.1,2026-04-27,6,6,65.0,18.51,18.51,245.1,observed_estimated_cost
4077,2026-04-29,BKK_Ladprao,Pineapple,3,40.89,2026-04-27,6,5,49.0,7.63,7.63,40.89,observed_estimated_cost
4078,2026-04-29,BKK_Ladprao,Watermelon,8,105.44,2026-04-27,6,5,45.0,7.18,7.18,105.44,observed_estimated_cost
4079,2026-04-29,BKK_Sukhumvit,Guava,4,58.8,2026-04-27,6,5.5,49.0,8.7,8.7,58.8,observed_estimated_cost
4080,2026-04-29,BKK_Sukhumvit,MixedBerryPremium,20,886.0,2026-04-27,8,7,89.0,36.3,36.3,886.0,observed_estimated_cost
4081,2026-04-29,BKK_Sukhumvit,PassionFruit,2,49.02,2026-04-27,6,6,65.0,18.51,18.51,49.02,observed_estimated_cost
4082,2026-04-29,BKK_Sukhumvit,Pineapple,6,81.78,2026-04-27,6,5,49.0,7.63,7.63,81.78,observed_estimated_cost
4083,2026-04-29,BKK_Sukhumvit,Watermelon,8,105.44,2026-04-27,6,5,45.0,7.18,7.18,105.44,observed_estimated_cost
4084,2026-04-29,Pattaya_Beach,Guava,6,88.2,2026-04-27,6,5.5,49.0,8.7,8.7,88.2,observed_estimated_cost
4085,2026-04-29,Pattaya_Beach,MixedBerryPremium,20,886.0,2026-04-27,8,7,89.0,36.3,36.3,886.0,observed_estimated_cost
4086,2026-04-29,Pattaya_Beach,PassionFruit,10,245.1,2026-04-27,6,6,65.0,18.51,18.51,245.1,observed_estimated_cost
4087,2026-04-29,Pattaya_Beach,Pineapple,7,95.41,2026-04-27,6,5,49.0,7.63,7.63,95.41,observed_estimated_cost
4088,2026-04-29,Pattaya_Beach,Watermelon,6,79.08,2026-04-27,6,5,45.0,7.18,7.18,79.08,observed_estimated_cost
4089,2026-04-29,Pattaya_Central,Guava,3,44.1,2026-04-27,6,5.5,49.0,8.7,8.7,44.1,observed_estimated_cost
4090,2026-04-29,Pattaya_Central,MixedBerryPremium,17,753.1,2026-04-27,8,7,89.0,36.3,36.3,753.1,observed_estimated_cost
4091,2026-04-29,Pattaya_Central,PassionFruit,9,220.59,2026-04-27,6,6,65.0,18.51,18.51,220.59,observed_estimated_cost
4092,2026-04-29,Pattaya_Central,Pineapple,10,136.3,2026-04-27,6,5,49.0,7.63,7.63,136.3,observed_estimated_cost
4093,2026-04-29,Pattaya_Central,Watermelon,5,65.9,2026-04-27,6,5,45.0,7.18,7.18,65.9,observed_estimated_cost
4094,2026-04-30,BKK_Ladprao,Guava,3,44.1,2026-04-27,6,5.5,49.0,8.7,8.7,44.1,observed_estimated_cost
4095,2026-04-30,BKK_Ladprao,MixedBerryPremium,16,708.8,2026-04-27,8,7,89.0,36.3,36.3,708.8,observed_estimated_cost
4096,2026-04-30,BKK_Ladprao,PassionFruit,6,147.06,2026-04-27,6,6,65.0,18.51,18.51,147.06,observed_estimated_cost
4097,2026-04-30,BKK_Ladprao,Pineapple,9,122.67,2026-04-27,6,5,49.0,7.63,7.63,122.67,observed_estimated_cost
4098,2026-04-30,BKK_Ladprao,Watermelon,4,52.72,2026-04-27,6,5,45.0,7.18,7.18,52.72,observed_estimated_cost
4099,2026-04-30,BKK_Sukhumvit,Guava,6,88.2,2026-04-27,6,5.5,49.0,8.7,8.7,88.2,observed_estimated_cost
4100,2026-04-30,BKK_Sukhumvit,MixedBerryPremium,12,531.6,2026-04-27,8,7,89.0,36.3,36.3,531.6,observed_estimated_cost
4101,2026-04-30,BKK_Sukhumvit,PassionFruit,9,220.59,2026-04-27,6,6,65.0,18.51,18.51,220.59,observed_estimated_cost
4102,2026-04-30,BKK_Sukhumvit,Pineapple,6,81.78,2026-04-27,6,5,49.0,7.63,7.63,81.78,observed_estimated_cost
4103,2026-04-30,BKK_Sukhumvit,Watermelon,6,79.08,2026-04-27,6,5,45.0,7.18,7.18,79.08,observed_estimated_cost
4104,2026-04-30,Pattaya_Beach,Guava,7,102.9,2026-04-27,6,5.5,49.0,8.7,8.7,102.9,observed_estimated_cost
4105,2026-04-30,Pattaya_Beach,MixedBerryPremium,8,354.4,2026-04-27,8,7,89.0,36.3,36.3,354.4,observed_estimated_cost
4106,2026-04-30,Pattaya_Beach,PassionFruit,7,171.57,2026-04-27,6,6,65.0,18.51,18.51,171.57,observed_estimated_cost
4107,2026-04-30,Pattaya_Beach,Pineapple,7,95.41,2026-04-27,6,5,49.0,7.63,7.63,95.41,observed_estimated_cost
4108,2026-04-30,Pattaya_Beach,Watermelon,5,65.9,2026-04-27,6,5,45.0,7.18,7.18,65.9,observed_estimated_cost
4109,2026-04-30,Pattaya_Central,Guava,8,117.6,2026-04-27,6,5.5,49.0,8.7,8.7,117.6,observed_estimated_cost
4110,2026-04-30,Pattaya_Central,MixedBerryPremium,17,753.1,2026-04-27,8,7,89.0,36.3,36.3,753.1,observed_estimated_cost
4111,2026-04-30,Pattaya_Central,PassionFruit,5,122.55,2026-04-27,6,6,65.0,18.51,18.51,122.55,observed_estimated_cost
4112,2026-04-30,Pattaya_Central,Pineapple,12,163.56,2026-04-27,6,5,49.0,7.63,7.63,163.56,observed_estimated_cost
4113,2026-04-30,Pattaya_Central,Watermelon,9,118.62,2026-04-27,6,5,45.0,7.18,7.18,118.62,observed_estimated_cost
4114,2026-05-01,BKK_Ladprao,Guava,5,73.5,2026-04-27,6,5.5,49.0,8.7,8.7,73.5,observed_estimated_cost
4115,2026-05-01,BKK_Ladprao,MixedBerryPremium,11,487.3,2026-04-27,8,7,89.0,36.3,36.3,487.3,observed_estimated_cost
4116,2026-05-01,BKK_Ladprao,PassionFruit,3,73.53,2026-04-27,6,6,65.0,18.51,18.51,73.53,observed_estimated_cost
4117,2026-05-01,BKK_Ladprao,Pineapple,5,68.15,2026-04-27,6,5,49.0,7.63,7.63,68.15,observed_estimated_cost
4118,2026-05-01,BKK_Ladprao,Watermelon,8,105.44,2026-04-27,6,5,45.0,7.18,7.18,105.44,observed_estimated_cost
4119,2026-05-01,BKK_Sukhumvit,Guava,6,88.2,2026-04-27,6,5.5,49.0,8.7,8.7,88.2,observed_estimated_cost
4120,2026-05-01,BKK_Sukhumvit,MixedBerryPremium,11,487.3,2026-04-27,8,7,89.0,36.3,36.3,487.3,observed_estimated_cost
4121,2026-05-01,BKK_Sukhumvit,PassionFruit,10,245.1,2026-04-27,6,6,65.0,18.51,18.51,245.1,observed_estimated_cost
4122,2026-05-01,BKK_Sukhumvit,Pineapple,6,81.78,2026-04-27,6,5,49.0,7.63,7.63,81.78,observed_estimated_cost
4123,2026-05-01,BKK_Sukhumvit,Watermelon,7,92.26,2026-04-27,6,5,45.0,7.18,7.18,92.26,observed_estimated_cost
4124,2026-05-01,Pattaya_Beach,Guava,4,58.8,2026-04-27,6,5.5,49.0,8.7,8.7,58.8,observed_estimated_cost
4125,2026-05-01,Pattaya_Beach,MixedBerryPremium,7,310.1,2026-04-27,8,7,89.0,36.3,36.3,310.1,observed_estimated_cost
4126,2026-05-01,Pattaya_Beach,PassionFruit,2,49.02,2026-04-27,6,6,65.0,18.51,18.51,49.02,observed_estimated_cost
4127,2026-05-01,Pattaya_Beach,Pineapple,3,40.89,2026-04-27,6,5,49.0,7.63,7.63,40.89,observed_estimated_cost
4128,2026-05-01,Pattaya_Beach,Watermelon,7,92.26,2026-04-27,6,5,45.0,7.18,7.18,92.26,observed_estimated_cost
4129,2026-05-01,Pattaya_Central,Guava,8,117.6,2026-04-27,6,5.5,49.0,8.7,8.7,117.6,observed_estimated_cost
4130,2026-05-01,Pattaya_Central,MixedBerryPremium,19,841.7,2026-04-27,8,7,89.0,36.3,36.3,841.7,observed_estimated_cost
4131,2026-05-01,Pattaya_Central,PassionFruit,6,147.06,2026-04-27,6,6,65.0,18.51,18.51,147.06,observed_estimated_cost
4132,2026-05-01,Pattaya_Central,Pineapple,8,109.04,2026-04-27,6,5,49.0,7.63,7.63,109.04,observed_estimated_cost
4133,2026-05-01,Pattaya_Central,Watermelon,7,92.26,2026-04-27,6,5,45.0,7.18,7.18,92.26,observed_estimated_cost
4134,2026-05-02,BKK_Ladprao,Guava,2,29.4,2026-04-27,6,5.5,49.0,8.7,8.7,29.4,observed_estimated_cost
4135,2026-05-02,BKK_Ladprao,MixedBerryPremium,17,753.1,2026-04-27,8,7,89.0,36.3,36.3,753.1,observed_estimated_cost
4136,2026-05-02,BKK_Ladprao,PassionFruit,4,98.04,2026-04-27,6,6,65.0,18.51,18.51,98.04,observed_estimated_cost
4137,2026-05-02,BKK_Ladprao,Pineapple,5,68.15,2026-04-27,6,5,49.0,7.63,7.63,68.15,observed_estimated_cost
4138,2026-05-02,BKK_Ladprao,Watermelon,5,65.9,2026-04-27,6,5,45.0,7.18,7.18,65.9,observed_estimated_cost
4139,2026-05-02,BKK_Sukhumvit,Guava,3,44.1,2026-04-27,6,5.5,49.0,8.7,8.7,44.1,observed_estimated_cost
4140,2026-05-02,BKK_Sukhumvit,MixedBerryPremium,6,265.8,2026-04-27,8,7,89.0,36.3,36.3,265.8,observed_estimated_cost
4141,2026-05-02,BKK_Sukhumvit,PassionFruit,3,73.53,2026-04-27,6,6,65.0,18.51,18.51,73.53,observed_estimated_cost
4142,2026-05-02,BKK_Sukhumvit,Pineapple,6,81.78,2026-04-27,6,5,49.0,7.63,7.63,81.78,observed_estimated_cost
4143,2026-05-02,BKK_Sukhumvit,Watermelon,2,26.36,2026-04-27,6,5,45.0,7.18,7.18,26.36,observed_estimated_cost
4144,2026-05-02,Pattaya_Beach,Guava,7,102.9,2026-04-27,6,5.5,49.0,8.7,8.7,102.9,observed_estimated_cost
4145,2026-05-02,Pattaya_Beach,MixedBerryPremium,12,531.6,2026-04-27,8,7,89.0,36.3,36.3,531.6,observed_estimated_cost
4146,2026-05-02,Pattaya_Beach,PassionFruit,7,171.57,2026-04-27,6,6,65.0,18.51,18.51,171.57,observed_estimated_cost
4147,2026-05-02,Pattaya_Beach,Pineapple,7,95.41,2026-04-27,6,5,49.0,7.63,7.63,95.41,observed_estimated_cost
4148,2026-05-02,Pattaya_Beach,Watermelon,6,79.08,2026-04-27,6,5,45.0,7.18,7.18,79.08,observed_estimated_cost
4149,2026-05-02,Pattaya_Central,Guava,13,191.1,2026-04-27,6,5.5,49.0,8.7,8.7,191.1,observed_estimated_cost
4150,2026-05-02,Pattaya_Central,MixedBerryPremium,13,575.9,2026-04-27,8,7,89.0,36.3,36.3,575.9,observed_estimated_cost
4151,2026-05-02,Pattaya_Central,PassionFruit,11,269.61,2026-04-27,6,6,65.0,18.51,18.51,269.61,observed_estimated_cost
4152,2026-05-02,Pattaya_Central,Pineapple,11,149.93,2026-04-27,6,5,49.0,7.63,7.63,149.93,observed_estimated_cost
4153,2026-05-02,Pattaya_Central,Watermelon,9,118.62,2026-04-27,6,5,45.0,7.18,7.18,118.62,observed_estimated_cost
4154,2026-05-03,BKK_Ladprao,Guava,3,44.1,2026-04-27,6,5.5,49.0,8.7,8.7,44.1,observed_estimated_cost
4155,2026-05-03,BKK_Ladprao,MixedBerryPremium,8,354.4,2026-04-27,8,7,89.0,36.3,36.3,354.4,observed_estimated_cost
4156,2026-05-03,BKK_Ladprao,PassionFruit,6,147.06,2026-04-27,6,6,65.0,18.51,18.51,147.06,observed_estimated_cost
4157,2026-05-03,BKK_Ladprao,Pineapple,3,40.89,2026-04-27,6,5,49.0,7.63,7.63,40.89,observed_estimated_cost
4158,2026-05-03,BKK_Ladprao,Watermelon,9,118.62,2026-04-27,6,5,45.0,7.18,7.18,118.62,observed_estimated_cost
4159,2026-05-03,BKK_Sukhumvit,Guava,4,58.8,2026-04-27,6,5.5,49.0,8.7,8.7,58.8,observed_estimated_cost
4160,2026-05-03,BKK_Sukhumvit,MixedBerryPremium,12,531.6,2026-04-27,8,7,89.0,36.3,36.3,531.6,observed_estimated_cost
4161,2026-05-03,BKK_Sukhumvit,PassionFruit,7,171.57,2026-04-27,6,6,65.0,18.51,18.51,171.57,observed_estimated_cost
4162,2026-05-03,BKK_Sukhumvit,Pineapple,8,109.04,2026-04-27,6,5,49.0,7.63,7.63,109.04,observed_estimated_cost
4163,2026-05-03,BKK_Sukhumvit,Watermelon,7,92.26,2026-04-27,6,5,45.0,7.18,7.18,92.26,observed_estimated_cost
4164,2026-05-03,Pattaya_Beach,Guava,6,88.2,2026-04-27,6,5.5,49.0,8.7,8.7,88.2,observed_estimated_cost
4165,2026-05-03,Pattaya_Beach,MixedBerryPremium,4,177.2,2026-04-27,8,7,89.0,36.3,36.3,177.2,observed_estimated_cost
4166,2026-05-03,Pattaya_Beach,PassionFruit,8,196.08,2026-04-27,6,6,65.0,18.51,18.51,196.08,observed_estimated_cost
4167,2026-05-03,Pattaya_Beach,Pineapple,9,122.67,2026-04-27,6,5,49.0,7.63,7.63,122.67,observed_estimated_cost
4168,2026-05-03,Pattaya_Beach,Watermelon,12,158.16,2026-04-27,6,5,45.0,7.18,7.18,158.16,observed_estimated_cost
4169,2026-05-03,Pattaya_Central,Guava,6,88.2,2026-04-27,6,5.5,49.0,8.7,8.7,88.2,observed_estimated_cost
4170,2026-05-03,Pattaya_Central,MixedBerryPremium,12,531.6,2026-04-27,8,7,89.0,36.3,36.3,531.6,observed_estimated_cost
4171,2026-05-03,Pattaya_Central,PassionFruit,9,220.59,2026-04-27,6,6,65.0,18.51,18.51,220.59,observed_estimated_cost
4172,2026-05-03,Pattaya_Central,Pineapple,7,95.41,2026-04-27,6,5,49.0,7.63,7.63,95.41,observed_estimated_cost
4173,2026-05-03,Pattaya_Central,Watermelon,11,144.98,2026-04-27,6,5,45.0,7.18,7.18,144.98,observed_estimated_cost
4174,2026-05-04,BKK_Ladprao,Guava,3,47.13,2026-05-04,6,5.5,49.0,9.71,9.71,47.13,observed_estimated_cost
4175,2026-05-04,BKK_Ladprao,MixedBerryPremium,14,631.4,2026-05-04,8,7,89.0,37.1,37.1,631.4,observed_estimated_cost
4176,2026-05-04,BKK_Ladprao,PassionFruit,4,93.92,2026-05-04,6,6,65.0,17.48,17.48,93.92,observed_estimated_cost
4177,2026-05-04,BKK_Ladprao,Pineapple,8,116.16,2026-05-04,6,5,49.0,8.52,8.52,116.16,observed_estimated_cost
4178,2026-05-04,BKK_Ladprao,Watermelon,6,77.16,2026-05-04,6,5,45.0,6.86,6.86,77.16,observed_estimated_cost
4179,2026-05-04,BKK_Sukhumvit,Guava,4,62.84,2026-05-04,6,5.5,49.0,9.71,9.71,62.84,observed_estimated_cost
4180,2026-05-04,BKK_Sukhumvit,MixedBerryPremium,9,405.9,2026-05-04,8,7,89.0,37.1,37.1,405.9,observed_estimated_cost
4181,2026-05-04,BKK_Sukhumvit,PassionFruit,4,93.92,2026-05-04,6,6,65.0,17.48,17.48,93.92,observed_estimated_cost
4182,2026-05-04,BKK_Sukhumvit,Pineapple,4,58.08,2026-05-04,6,5,49.0,8.52,8.52,58.08,observed_estimated_cost
4183,2026-05-04,BKK_Sukhumvit,Watermelon,10,128.6,2026-05-04,6,5,45.0,6.86,6.86,128.6,observed_estimated_cost
4184,2026-05-04,Pattaya_Beach,Guava,7,109.97,2026-05-04,6,5.5,49.0,9.71,9.71,109.97,observed_estimated_cost
4185,2026-05-04,Pattaya_Beach,MixedBerryPremium,8,360.8,2026-05-04,8,7,89.0,37.1,37.1,360.8,observed_estimated_cost
4186,2026-05-04,Pattaya_Beach,PassionFruit,8,187.84,2026-05-04,6,6,65.0,17.48,17.48,187.84,observed_estimated_cost
4187,2026-05-04,Pattaya_Beach,Pineapple,5,72.6,2026-05-04,6,5,49.0,8.52,8.52,72.6,observed_estimated_cost
4188,2026-05-04,Pattaya_Beach,Watermelon,12,154.32,2026-05-04,6,5,45.0,6.86,6.86,154.32,observed_estimated_cost
4189,2026-05-04,Pattaya_Central,Guava,2,31.42,2026-05-04,6,5.5,49.0,9.71,9.71,31.42,observed_estimated_cost
4190,2026-05-04,Pattaya_Central,MixedBerryPremium,6,270.6,2026-05-04,8,7,89.0,37.1,37.1,270.6,observed_estimated_cost
4191,2026-05-04,Pattaya_Central,PassionFruit,10,234.8,2026-05-04,6,6,65.0,17.48,17.48,234.8,observed_estimated_cost
4192,2026-05-04,Pattaya_Central,Pineapple,10,145.2,2026-05-04,6,5,49.0,8.52,8.52,145.2,observed_estimated_cost
4193,2026-05-04,Pattaya_Central,Watermelon,15,192.9,2026-05-04,6,5,45.0,6.86,6.86,192.9,observed_estimated_cost
4194,2026-05-05,BKK_Ladprao,Guava,5,78.55,2026-05-04,6,5.5,49.0,9.71,9.71,78.55,observed_estimated_cost
4195,2026-05-05,BKK_Ladprao,MixedBerryPremium,20,902.0,2026-05-04,8,7,89.0,37.1,37.1,902.0,observed_estimated_cost
4196,2026-05-05,BKK_Ladprao,PassionFruit,9,211.32,2026-05-04,6,6,65.0,17.48,17.48,211.32,observed_estimated_cost
4197,2026-05-05,BKK_Ladprao,Pineapple,9,130.68,2026-05-04,6,5,49.0,8.52,8.52,130.68,observed_estimated_cost
4198,2026-05-05,BKK_Ladprao,Watermelon,16,205.76,2026-05-04,6,5,45.0,6.86,6.86,205.76,observed_estimated_cost
4199,2026-05-05,BKK_Sukhumvit,Guava,9,141.39,2026-05-04,6,5.5,49.0,9.71,9.71,141.39,observed_estimated_cost
4200,2026-05-05,BKK_Sukhumvit,MixedBerryPremium,12,541.2,2026-05-04,8,7,89.0,37.1,37.1,541.2,observed_estimated_cost
4201,2026-05-05,BKK_Sukhumvit,PassionFruit,11,258.28,2026-05-04,6,6,65.0,17.48,17.48,258.28,observed_estimated_cost
4202,2026-05-05,BKK_Sukhumvit,Pineapple,7,101.64,2026-05-04,6,5,49.0,8.52,8.52,101.64,observed_estimated_cost
4203,2026-05-05,BKK_Sukhumvit,Watermelon,12,154.32,2026-05-04,6,5,45.0,6.86,6.86,154.32,observed_estimated_cost
4204,2026-05-05,Pattaya_Beach,Guava,6,94.26,2026-05-04,6,5.5,49.0,9.71,9.71,94.26,observed_estimated_cost
4205,2026-05-05,Pattaya_Beach,MixedBerryPremium,11,496.1,2026-05-04,8,7,89.0,37.1,37.1,496.1,observed_estimated_cost
4206,2026-05-05,Pattaya_Beach,PassionFruit,8,187.84,2026-05-04,6,6,65.0,17.48,17.48,187.84,observed_estimated_cost
4207,2026-05-05,Pattaya_Beach,Pineapple,14,203.28,2026-05-04,6,5,49.0,8.52,8.52,203.28,observed_estimated_cost
4208,2026-05-05,Pattaya_Beach,Watermelon,9,115.74,2026-05-04,6,5,45.0,6.86,6.86,115.74,observed_estimated_cost
4209,2026-05-05,Pattaya_Central,Guava,5,78.55,2026-05-04,6,5.5,49.0,9.71,9.71,78.55,observed_estimated_cost
4210,2026-05-05,Pattaya_Central,MixedBerryPremium,26,1172.6,2026-05-04,8,7,89.0,37.1,37.1,1172.6,observed_estimated_cost
4211,2026-05-05,Pattaya_Central,PassionFruit,12,281.76,2026-05-04,6,6,65.0,17.48,17.48,281.76,observed_estimated_cost
4212,2026-05-05,Pattaya_Central,Pineapple,6,87.12,2026-05-04,6,5,49.0,8.52,8.52,87.12,observed_estimated_cost
4213,2026-05-05,Pattaya_Central,Watermelon,13,167.18,2026-05-04,6,5,45.0,6.86,6.86,167.18,observed_estimated_cost
4214,2026-05-06,BKK_Ladprao,Guava,5,78.55,2026-05-04,6,5.5,49.0,9.71,9.71,78.55,observed_estimated_cost
4215,2026-05-06,BKK_Ladprao,MixedBerryPremium,9,405.9,2026-05-04,8,7,89.0,37.1,37.1,405.9,observed_estimated_cost
4216,2026-05-06,BKK_Ladprao,PassionFruit,3,70.44,2026-05-04,6,6,65.0,17.48,17.48,70.44,observed_estimated_cost
4217,2026-05-06,BKK_Ladprao,Pineapple,4,58.08,2026-05-04,6,5,49.0,8.52,8.52,58.08,observed_estimated_cost
4218,2026-05-06,BKK_Ladprao,Watermelon,6,77.16,2026-05-04,6,5,45.0,6.86,6.86,77.16,observed_estimated_cost
4219,2026-05-06,BKK_Sukhumvit,Guava,3,47.13,2026-05-04,6,5.5,49.0,9.71,9.71,47.13,observed_estimated_cost
4220,2026-05-06,BKK_Sukhumvit,MixedBerryPremium,11,496.1,2026-05-04,8,7,89.0,37.1,37.1,496.1,observed_estimated_cost
4221,2026-05-06,BKK_Sukhumvit,PassionFruit,6,140.88,2026-05-04,6,6,65.0,17.48,17.48,140.88,observed_estimated_cost
4222,2026-05-06,BKK_Sukhumvit,Pineapple,5,72.6,2026-05-04,6,5,49.0,8.52,8.52,72.6,observed_estimated_cost
4223,2026-05-06,BKK_Sukhumvit,Watermelon,6,77.16,2026-05-04,6,5,45.0,6.86,6.86,77.16,observed_estimated_cost
4224,2026-05-06,Pattaya_Beach,Guava,4,62.84,2026-05-04,6,5.5,49.0,9.71,9.71,62.84,observed_estimated_cost
4225,2026-05-06,Pattaya_Beach,MixedBerryPremium,8,360.8,2026-05-04,8,7,89.0,37.1,37.1,360.8,observed_estimated_cost
4226,2026-05-06,Pattaya_Beach,PassionFruit,4,93.92,2026-05-04,6,6,65.0,17.48,17.48,93.92,observed_estimated_cost
4227,2026-05-06,Pattaya_Beach,Pineapple,5,72.6,2026-05-04,6,5,49.0,8.52,8.52,72.6,observed_estimated_cost
4228,2026-05-06,Pattaya_Beach,Watermelon,5,64.3,2026-05-04,6,5,45.0,6.86,6.86,64.3,observed_estimated_cost
4229,2026-05-06,Pattaya_Central,Guava,6,94.26,2026-05-04,6,5.5,49.0,9.71,9.71,94.26,observed_estimated_cost
4230,2026-05-06,Pattaya_Central,MixedBerryPremium,14,631.4,2026-05-04,8,7,89.0,37.1,37.1,631.4,observed_estimated_cost
4231,2026-05-06,Pattaya_Central,PassionFruit,10,234.8,2026-05-04,6,6,65.0,17.48,17.48,234.8,observed_estimated_cost
4232,2026-05-06,Pattaya_Central,Pineapple,7,101.64,2026-05-04,6,5,49.0,8.52,8.52,101.64,observed_estimated_cost
4233,2026-05-06,Pattaya_Central,Watermelon,8,102.88,2026-05-04,6,5,45.0,6.86,6.86,102.88,observed_estimated_cost
4234,2026-05-07,BKK_Ladprao,Guava,6,94.26,2026-05-04,6,5.5,49.0,9.71,9.71,94.26,observed_estimated_cost
4235,2026-05-07,BKK_Ladprao,MixedBerryPremium,10,451.0,2026-05-04,8,7,89.0,37.1,37.1,451.0,observed_estimated_cost
4236,2026-05-07,BKK_Ladprao,PassionFruit,3,70.44,2026-05-04,6,6,65.0,17.48,17.48,70.44,observed_estimated_cost
4237,2026-05-07,BKK_Ladprao,Pineapple,2,29.04,2026-05-04,6,5,49.0,8.52,8.52,29.04,observed_estimated_cost
4238,2026-05-07,BKK_Ladprao,Watermelon,6,77.16,2026-05-04,6,5,45.0,6.86,6.86,77.16,observed_estimated_cost
4239,2026-05-07,BKK_Sukhumvit,Guava,5,78.55,2026-05-04,6,5.5,49.0,9.71,9.71,78.55,observed_estimated_cost
4240,2026-05-07,BKK_Sukhumvit,MixedBerryPremium,9,405.9,2026-05-04,8,7,89.0,37.1,37.1,405.9,observed_estimated_cost
4241,2026-05-07,BKK_Sukhumvit,PassionFruit,5,117.4,2026-05-04,6,6,65.0,17.48,17.48,117.4,observed_estimated_cost
4242,2026-05-07,BKK_Sukhumvit,Pineapple,5,72.6,2026-05-04,6,5,49.0,8.52,8.52,72.6,observed_estimated_cost
4243,2026-05-07,BKK_Sukhumvit,Watermelon,5,64.3,2026-05-04,6,5,45.0,6.86,6.86,64.3,observed_estimated_cost
4244,2026-05-07,Pattaya_Beach,Guava,5,78.55,2026-05-04,6,5.5,49.0,9.71,9.71,78.55,observed_estimated_cost
4245,2026-05-07,Pattaya_Beach,MixedBerryPremium,7,315.7,2026-05-04,8,7,89.0,37.1,37.1,315.7,observed_estimated_cost
4246,2026-05-07,Pattaya_Beach,PassionFruit,6,140.88,2026-05-04,6,6,65.0,17.48,17.48,140.88,observed_estimated_cost
4247,2026-05-07,Pattaya_Beach,Pineapple,5,72.6,2026-05-04,6,5,49.0,8.52,8.52,72.6,observed_estimated_cost
4248,2026-05-07,Pattaya_Beach,Watermelon,5,64.3,2026-05-04,6,5,45.0,6.86,6.86,64.3,observed_estimated_cost
4249,2026-05-07,Pattaya_Central,Guava,4,62.84,2026-05-04,6,5.5,49.0,9.71,9.71,62.84,observed_estimated_cost
4250,2026-05-07,Pattaya_Central,MixedBerryPremium,14,631.4,2026-05-04,8,7,89.0,37.1,37.1,631.4,observed_estimated_cost
4251,2026-05-07,Pattaya_Central,PassionFruit,6,140.88,2026-05-04,6,6,65.0,17.48,17.48,140.88,observed_estimated_cost
4252,2026-05-07,Pattaya_Central,Pineapple,4,58.08,2026-05-04,6,5,49.0,8.52,8.52,58.08,observed_estimated_cost
4253,2026-05-07,Pattaya_Central,Watermelon,11,141.46,2026-05-04,6,5,45.0,6.86,6.86,141.46,observed_estimated_cost
4254,2026-05-08,BKK_Ladprao,Guava,5,78.55,2026-05-04,6,5.5,49.0,9.71,9.71,78.55,observed_estimated_cost
4255,2026-05-08,BKK_Ladprao,MixedBerryPremium,18,811.8,2026-05-04,8,7,89.0,37.1,37.1,811.8,observed_estimated_cost
4256,2026-05-08,BKK_Ladprao,PassionFruit,5,117.4,2026-05-04,6,6,65.0,17.48,17.48,117.4,observed_estimated_cost
4257,2026-05-08,BKK_Ladprao,Pineapple,5,72.6,2026-05-04,6,5,49.0,8.52,8.52,72.6,observed_estimated_cost
4258,2026-05-08,BKK_Ladprao,Watermelon,8,102.88,2026-05-04,6,5,45.0,6.86,6.86,102.88,observed_estimated_cost
4259,2026-05-08,BKK_Sukhumvit,Guava,4,62.84,2026-05-04,6,5.5,49.0,9.71,9.71,62.84,observed_estimated_cost
4260,2026-05-08,BKK_Sukhumvit,MixedBerryPremium,13,586.3,2026-05-04,8,7,89.0,37.1,37.1,586.3,observed_estimated_cost
4261,2026-05-08,BKK_Sukhumvit,PassionFruit,4,93.92,2026-05-04,6,6,65.0,17.48,17.48,93.92,observed_estimated_cost
4262,2026-05-08,BKK_Sukhumvit,Pineapple,8,116.16,2026-05-04,6,5,49.0,8.52,8.52,116.16,observed_estimated_cost
4263,2026-05-08,BKK_Sukhumvit,Watermelon,4,51.44,2026-05-04,6,5,45.0,6.86,6.86,51.44,observed_estimated_cost
4264,2026-05-08,Pattaya_Beach,Guava,5,78.55,2026-05-04,6,5.5,49.0,9.71,9.71,78.55,observed_estimated_cost
4265,2026-05-08,Pattaya_Beach,MixedBerryPremium,13,586.3,2026-05-04,8,7,89.0,37.1,37.1,586.3,observed_estimated_cost
4266,2026-05-08,Pattaya_Beach,PassionFruit,6,140.88,2026-05-04,6,6,65.0,17.48,17.48,140.88,observed_estimated_cost
4267,2026-05-08,Pattaya_Beach,Pineapple,4,58.08,2026-05-04,6,5,49.0,8.52,8.52,58.08,observed_estimated_cost
4268,2026-05-08,Pattaya_Beach,Watermelon,4,51.44,2026-05-04,6,5,45.0,6.86,6.86,51.44,observed_estimated_cost
4269,2026-05-08,Pattaya_Central,Guava,6,94.26,2026-05-04,6,5.5,49.0,9.71,9.71,94.26,observed_estimated_cost
4270,2026-05-08,Pattaya_Central,MixedBerryPremium,16,721.6,2026-05-04,8,7,89.0,37.1,37.1,721.6,observed_estimated_cost
4271,2026-05-08,Pattaya_Central,PassionFruit,7,164.36,2026-05-04,6,6,65.0,17.48,17.48,164.36,observed_estimated_cost
4272,2026-05-08,Pattaya_Central,Pineapple,9,130.68,2026-05-04,6,5,49.0,8.52,8.52,130.68,observed_estimated_cost
4273,2026-05-08,Pattaya_Central,Watermelon,10,128.6,2026-05-04,6,5,45.0,6.86,6.86,128.6,observed_estimated_cost
4274,2026-05-09,BKK_Ladprao,Guava,5,78.55,2026-05-04,6,5.5,49.0,9.71,9.71,78.55,observed_estimated_cost
4275,2026-05-09,BKK_Ladprao,MixedBerryPremium,4,180.4,2026-05-04,8,7,89.0,37.1,37.1,180.4,observed_estimated_cost
4276,2026-05-09,BKK_Ladprao,PassionFruit,7,164.36,2026-05-04,6,6,65.0,17.48,17.48,164.36,observed_estimated_cost
4277,2026-05-09,BKK_Ladprao,Pineapple,6,87.12,2026-05-04,6,5,49.0,8.52,8.52,87.12,observed_estimated_cost
4278,2026-05-09,BKK_Ladprao,Watermelon,7,90.02,2026-05-04,6,5,45.0,6.86,6.86,90.02,observed_estimated_cost
4279,2026-05-09,BKK_Sukhumvit,Guava,6,94.26,2026-05-04,6,5.5,49.0,9.71,9.71,94.26,observed_estimated_cost
4280,2026-05-09,BKK_Sukhumvit,MixedBerryPremium,17,766.7,2026-05-04,8,7,89.0,37.1,37.1,766.7,observed_estimated_cost
4281,2026-05-09,BKK_Sukhumvit,PassionFruit,6,140.88,2026-05-04,6,6,65.0,17.48,17.48,140.88,observed_estimated_cost
4282,2026-05-09,BKK_Sukhumvit,Pineapple,3,43.56,2026-05-04,6,5,49.0,8.52,8.52,43.56,observed_estimated_cost
4283,2026-05-09,BKK_Sukhumvit,Watermelon,8,102.88,2026-05-04,6,5,45.0,6.86,6.86,102.88,observed_estimated_cost
4284,2026-05-09,Pattaya_Beach,Guava,5,78.55,2026-05-04,6,5.5,49.0,9.71,9.71,78.55,observed_estimated_cost
4285,2026-05-09,Pattaya_Beach,MixedBerryPremium,12,541.2,2026-05-04,8,7,89.0,37.1,37.1,541.2,observed_estimated_cost
4286,2026-05-09,Pattaya_Beach,PassionFruit,11,258.28,2026-05-04,6,6,65.0,17.48,17.48,258.28,observed_estimated_cost
4287,2026-05-09,Pattaya_Beach,Pineapple,9,130.68,2026-05-04,6,5,49.0,8.52,8.52,130.68,observed_estimated_cost
4288,2026-05-09,Pattaya_Beach,Watermelon,8,102.88,2026-05-04,6,5,45.0,6.86,6.86,102.88,observed_estimated_cost
4289,2026-05-09,Pattaya_Central,Guava,9,141.39,2026-05-04,6,5.5,49.0,9.71,9.71,141.39,observed_estimated_cost
4290,2026-05-09,Pattaya_Central,MixedBerryPremium,15,676.5,2026-05-04,8,7,89.0,37.1,37.1,676.5,observed_estimated_cost
4291,2026-05-09,Pattaya_Central,PassionFruit,9,211.32,2026-05-04,6,6,65.0,17.48,17.48,211.32,observed_estimated_cost
4292,2026-05-09,Pattaya_Central,Pineapple,5,72.6,2026-05-04,6,5,49.0,8.52,8.52,72.6,observed_estimated_cost
4293,2026-05-09,Pattaya_Central,Watermelon,5,64.3,2026-05-04,6,5,45.0,6.86,6.86,64.3,observed_estimated_cost
4294,2026-05-10,BKK_Ladprao,Guava,3,47.13,2026-05-04,6,5.5,49.0,9.71,9.71,47.13,observed_estimated_cost
4295,2026-05-10,BKK_Ladprao,MixedBerryPremium,21,947.1,2026-05-04,8,7,89.0,37.1,37.1,947.1,observed_estimated_cost
4296,2026-05-10,BKK_Ladprao,PassionFruit,7,164.36,2026-05-04,6,6,65.0,17.48,17.48,164.36,observed_estimated_cost
4297,2026-05-10,BKK_Ladprao,Pineapple,9,130.68,2026-05-04,6,5,49.0,8.52,8.52,130.68,observed_estimated_cost
4298,2026-05-10,BKK_Ladprao,Watermelon,8,102.88,2026-05-04,6,5,45.0,6.86,6.86,102.88,observed_estimated_cost
4299,2026-05-10,BKK_Sukhumvit,Guava,4,62.84,2026-05-04,6,5.5,49.0,9.71,9.71,62.84,observed_estimated_cost
4300,2026-05-10,BKK_Sukhumvit,MixedBerryPremium,10,451.0,2026-05-04,8,7,89.0,37.1,37.1,451.0,observed_estimated_cost
4301,2026-05-10,BKK_Sukhumvit,PassionFruit,6,140.88,2026-05-04,6,6,65.0,17.48,17.48,140.88,observed_estimated_cost
4302,2026-05-10,BKK_Sukhumvit,Pineapple,5,72.6,2026-05-04,6,5,49.0,8.52,8.52,72.6,observed_estimated_cost
4303,2026-05-10,BKK_Sukhumvit,Watermelon,5,64.3,2026-05-04,6,5,45.0,6.86,6.86,64.3,observed_estimated_cost
4304,2026-05-10,Pattaya_Beach,Guava,9,141.39,2026-05-04,6,5.5,49.0,9.71,9.71,141.39,observed_estimated_cost
4305,2026-05-10,Pattaya_Beach,MixedBerryPremium,13,586.3,2026-05-04,8,7,89.0,37.1,37.1,586.3,observed_estimated_cost
4306,2026-05-10,Pattaya_Beach,PassionFruit,10,234.8,2026-05-04,6,6,65.0,17.48,17.48,234.8,observed_estimated_cost
4307,2026-05-10,Pattaya_Beach,Pineapple,10,145.2,2026-05-04,6,5,49.0,8.52,8.52,145.2,observed_estimated_cost
4308,2026-05-10,Pattaya_Beach,Watermelon,5,64.3,2026-05-04,6,5,45.0,6.86,6.86,64.3,observed_estimated_cost
4309,2026-05-10,Pattaya_Central,Guava,6,94.26,2026-05-04,6,5.5,49.0,9.71,9.71,94.26,observed_estimated_cost
4310,2026-05-10,Pattaya_Central,MixedBerryPremium,12,541.2,2026-05-04,8,7,89.0,37.1,37.1,541.2,observed_estimated_cost
4311,2026-05-10,Pattaya_Central,PassionFruit,8,187.84,2026-05-04,6,6,65.0,17.48,17.48,187.84,observed_estimated_cost
4312,2026-05-10,Pattaya_Central,Pineapple,8,116.16,2026-05-04,6,5,49.0,8.52,8.52,116.16,observed_estimated_cost
4313,2026-05-10,Pattaya_Central,Watermelon,10,128.6,2026-05-04,6,5,45.0,6.86,6.86,128.6,observed_estimated_cost
4314,2026-05-11,BKK_Ladprao,Guava,2,29.22,2026-05-11,6,5.5,49.0,8.61,8.61,29.22,observed_estimated_cost
4315,2026-05-11,BKK_Ladprao,MixedBerryPremium,18,841.5,2026-05-11,8,7,89.0,38.75,38.75,841.5,observed_estimated_cost
4316,2026-05-11,BKK_Ladprao,PassionFruit,10,248.8,2026-05-11,6,6,65.0,18.88,18.88,248.8,observed_estimated_cost
4317,2026-05-11,BKK_Ladprao,Pineapple,6,85.68,2026-05-11,6,5,49.0,8.28,8.28,85.68,observed_estimated_cost
4318,2026-05-11,BKK_Ladprao,Watermelon,8,103.36,2026-05-11,6,5,45.0,6.92,6.92,103.36,observed_estimated_cost
4319,2026-05-11,BKK_Sukhumvit,Guava,3,43.83,2026-05-11,6,5.5,49.0,8.61,8.61,43.83,observed_estimated_cost
4320,2026-05-11,BKK_Sukhumvit,MixedBerryPremium,9,420.75,2026-05-11,8,7,89.0,38.75,38.75,420.75,observed_estimated_cost
4321,2026-05-11,BKK_Sukhumvit,PassionFruit,4,99.52,2026-05-11,6,6,65.0,18.88,18.88,99.52,observed_estimated_cost
4322,2026-05-11,BKK_Sukhumvit,Pineapple,4,57.12,2026-05-11,6,5,49.0,8.28,8.28,57.12,observed_estimated_cost
4323,2026-05-11,BKK_Sukhumvit,Watermelon,4,51.68,2026-05-11,6,5,45.0,6.92,6.92,51.68,observed_estimated_cost
4324,2026-05-11,Pattaya_Beach,Guava,8,116.88,2026-05-11,6,5.5,49.0,8.61,8.61,116.88,observed_estimated_cost
4325,2026-05-11,Pattaya_Beach,MixedBerryPremium,8,374.0,2026-05-11,8,7,89.0,38.75,38.75,374.0,observed_estimated_cost
4326,2026-05-11,Pattaya_Beach,PassionFruit,4,99.52,2026-05-11,6,6,65.0,18.88,18.88,99.52,observed_estimated_cost
4327,2026-05-11,Pattaya_Beach,Pineapple,3,42.84,2026-05-11,6,5,49.0,8.28,8.28,42.84,observed_estimated_cost
4328,2026-05-11,Pattaya_Beach,Watermelon,5,64.6,2026-05-11,6,5,45.0,6.92,6.92,64.6,observed_estimated_cost
4329,2026-05-11,Pattaya_Central,Guava,6,87.66,2026-05-11,6,5.5,49.0,8.61,8.61,87.66,observed_estimated_cost
4330,2026-05-11,Pattaya_Central,MixedBerryPremium,9,420.75,2026-05-11,8,7,89.0,38.75,38.75,420.75,observed_estimated_cost
4331,2026-05-11,Pattaya_Central,PassionFruit,8,199.04,2026-05-11,6,6,65.0,18.88,18.88,199.04,observed_estimated_cost
4332,2026-05-11,Pattaya_Central,Pineapple,10,142.8,2026-05-11,6,5,49.0,8.28,8.28,142.8,observed_estimated_cost
4333,2026-05-11,Pattaya_Central,Watermelon,7,90.44,2026-05-11,6,5,45.0,6.92,6.92,90.44,observed_estimated_cost
4334,2026-05-12,BKK_Ladprao,Guava,4,58.44,2026-05-11,6,5.5,49.0,8.61,8.61,58.44,observed_estimated_cost
4335,2026-05-12,BKK_Ladprao,MixedBerryPremium,15,701.25,2026-05-11,8,7,89.0,38.75,38.75,701.25,observed_estimated_cost
4336,2026-05-12,BKK_Ladprao,PassionFruit,6,149.28,2026-05-11,6,6,65.0,18.88,18.88,149.28,observed_estimated_cost
4337,2026-05-12,BKK_Ladprao,Pineapple,1,14.28,2026-05-11,6,5,49.0,8.28,8.28,14.28,observed_estimated_cost
4338,2026-05-12,BKK_Ladprao,Watermelon,2,25.84,2026-05-11,6,5,45.0,6.92,6.92,25.84,observed_estimated_cost
4339,2026-05-12,BKK_Sukhumvit,Guava,6,87.66,2026-05-11,6,5.5,49.0,8.61,8.61,87.66,observed_estimated_cost
4340,2026-05-12,BKK_Sukhumvit,MixedBerryPremium,11,514.25,2026-05-11,8,7,89.0,38.75,38.75,514.25,observed_estimated_cost
4341,2026-05-12,BKK_Sukhumvit,PassionFruit,7,174.16,2026-05-11,6,6,65.0,18.88,18.88,174.16,observed_estimated_cost
4342,2026-05-12,BKK_Sukhumvit,Pineapple,6,85.68,2026-05-11,6,5,49.0,8.28,8.28,85.68,observed_estimated_cost
4343,2026-05-12,BKK_Sukhumvit,Watermelon,4,51.68,2026-05-11,6,5,45.0,6.92,6.92,51.68,observed_estimated_cost
4344,2026-05-12,Pattaya_Beach,Guava,4,58.44,2026-05-11,6,5.5,49.0,8.61,8.61,58.44,observed_estimated_cost
4345,2026-05-12,Pattaya_Beach,MixedBerryPremium,15,701.25,2026-05-11,8,7,89.0,38.75,38.75,701.25,observed_estimated_cost
4346,2026-05-12,Pattaya_Beach,PassionFruit,4,99.52,2026-05-11,6,6,65.0,18.88,18.88,99.52,observed_estimated_cost
4347,2026-05-12,Pattaya_Beach,Pineapple,10,142.8,2026-05-11,6,5,49.0,8.28,8.28,142.8,observed_estimated_cost
4348,2026-05-12,Pattaya_Beach,Watermelon,6,77.52,2026-05-11,6,5,45.0,6.92,6.92,77.52,observed_estimated_cost
4349,2026-05-12,Pattaya_Central,Guava,4,58.44,2026-05-11,6,5.5,49.0,8.61,8.61,58.44,observed_estimated_cost
4350,2026-05-12,Pattaya_Central,MixedBerryPremium,11,514.25,2026-05-11,8,7,89.0,38.75,38.75,514.25,observed_estimated_cost
4351,2026-05-12,Pattaya_Central,PassionFruit,5,124.4,2026-05-11,6,6,65.0,18.88,18.88,124.4,observed_estimated_cost
4352,2026-05-12,Pattaya_Central,Pineapple,7,99.96,2026-05-11,6,5,49.0,8.28,8.28,99.96,observed_estimated_cost
4353,2026-05-12,Pattaya_Central,Watermelon,5,64.6,2026-05-11,6,5,45.0,6.92,6.92,64.6,observed_estimated_cost
4354,2026-05-13,BKK_Ladprao,Guava,3,43.83,2026-05-11,6,5.5,49.0,8.61,8.61,43.83,observed_estimated_cost
4355,2026-05-13,BKK_Ladprao,MixedBerryPremium,6,280.5,2026-05-11,8,7,89.0,38.75,38.75,280.5,observed_estimated_cost
4356,2026-05-13,BKK_Ladprao,PassionFruit,6,149.28,2026-05-11,6,6,65.0,18.88,18.88,149.28,observed_estimated_cost
4357,2026-05-13,BKK_Ladprao,Pineapple,6,85.68,2026-05-11,6,5,49.0,8.28,8.28,85.68,observed_estimated_cost
4358,2026-05-13,BKK_Ladprao,Watermelon,6,77.52,2026-05-11,6,5,45.0,6.92,6.92,77.52,observed_estimated_cost
4359,2026-05-13,BKK_Sukhumvit,Guava,5,73.05,2026-05-11,6,5.5,49.0,8.61,8.61,73.05,observed_estimated_cost
4360,2026-05-13,BKK_Sukhumvit,MixedBerryPremium,4,187.0,2026-05-11,8,7,89.0,38.75,38.75,187.0,observed_estimated_cost
4361,2026-05-13,BKK_Sukhumvit,PassionFruit,5,124.4,2026-05-11,6,6,65.0,18.88,18.88,124.4,observed_estimated_cost
4362,2026-05-13,BKK_Sukhumvit,Pineapple,6,85.68,2026-05-11,6,5,49.0,8.28,8.28,85.68,observed_estimated_cost
4363,2026-05-13,BKK_Sukhumvit,Watermelon,3,38.76,2026-05-11,6,5,45.0,6.92,6.92,38.76,observed_estimated_cost
4364,2026-05-13,Pattaya_Beach,Guava,2,29.22,2026-05-11,6,5.5,49.0,8.61,8.61,29.22,observed_estimated_cost
4365,2026-05-13,Pattaya_Beach,MixedBerryPremium,10,467.5,2026-05-11,8,7,89.0,38.75,38.75,467.5,observed_estimated_cost
4366,2026-05-13,Pattaya_Beach,PassionFruit,7,174.16,2026-05-11,6,6,65.0,18.88,18.88,174.16,observed_estimated_cost
4367,2026-05-13,Pattaya_Beach,Pineapple,5,71.4,2026-05-11,6,5,49.0,8.28,8.28,71.4,observed_estimated_cost
4368,2026-05-13,Pattaya_Beach,Watermelon,6,77.52,2026-05-11,6,5,45.0,6.92,6.92,77.52,observed_estimated_cost
4369,2026-05-13,Pattaya_Central,Guava,7,102.27,2026-05-11,6,5.5,49.0,8.61,8.61,102.27,observed_estimated_cost
4370,2026-05-13,Pattaya_Central,MixedBerryPremium,14,654.5,2026-05-11,8,7,89.0,38.75,38.75,654.5,observed_estimated_cost
4371,2026-05-13,Pattaya_Central,PassionFruit,3,74.64,2026-05-11,6,6,65.0,18.88,18.88,74.64,observed_estimated_cost
4372,2026-05-13,Pattaya_Central,Pineapple,5,71.4,2026-05-11,6,5,49.0,8.28,8.28,71.4,observed_estimated_cost
4373,2026-05-13,Pattaya_Central,Watermelon,7,90.44,2026-05-11,6,5,45.0,6.92,6.92,90.44,observed_estimated_cost
4374,2026-05-14,BKK_Ladprao,Guava,4,58.44,2026-05-11,6,5.5,49.0,8.61,8.61,58.44,observed_estimated_cost
4375,2026-05-14,BKK_Ladprao,MixedBerryPremium,7,327.25,2026-05-11,8,7,89.0,38.75,38.75,327.25,observed_estimated_cost
4376,2026-05-14,BKK_Ladprao,PassionFruit,2,49.76,2026-05-11,6,6,65.0,18.88,18.88,49.76,observed_estimated_cost
4377,2026-05-14,BKK_Ladprao,Pineapple,6,85.68,2026-05-11,6,5,49.0,8.28,8.28,85.68,observed_estimated_cost
4378,2026-05-14,BKK_Ladprao,Watermelon,6,77.52,2026-05-11,6,5,45.0,6.92,6.92,77.52,observed_estimated_cost
4379,2026-05-14,BKK_Sukhumvit,Guava,5,73.05,2026-05-11,6,5.5,49.0,8.61,8.61,73.05,observed_estimated_cost
4380,2026-05-14,BKK_Sukhumvit,MixedBerryPremium,9,420.75,2026-05-11,8,7,89.0,38.75,38.75,420.75,observed_estimated_cost
4381,2026-05-14,BKK_Sukhumvit,PassionFruit,5,124.4,2026-05-11,6,6,65.0,18.88,18.88,124.4,observed_estimated_cost
4382,2026-05-14,BKK_Sukhumvit,Pineapple,6,85.68,2026-05-11,6,5,49.0,8.28,8.28,85.68,observed_estimated_cost
4383,2026-05-14,BKK_Sukhumvit,Watermelon,10,129.2,2026-05-11,6,5,45.0,6.92,6.92,129.2,observed_estimated_cost
4384,2026-05-14,Pattaya_Beach,Guava,2,29.22,2026-05-11,6,5.5,49.0,8.61,8.61,29.22,observed_estimated_cost
4385,2026-05-14,Pattaya_Beach,MixedBerryPremium,7,327.25,2026-05-11,8,7,89.0,38.75,38.75,327.25,observed_estimated_cost
4386,2026-05-14,Pattaya_Beach,PassionFruit,6,149.28,2026-05-11,6,6,65.0,18.88,18.88,149.28,observed_estimated_cost
4387,2026-05-14,Pattaya_Beach,Pineapple,6,85.68,2026-05-11,6,5,49.0,8.28,8.28,85.68,observed_estimated_cost
4388,2026-05-14,Pattaya_Beach,Watermelon,7,90.44,2026-05-11,6,5,45.0,6.92,6.92,90.44,observed_estimated_cost
4389,2026-05-14,Pattaya_Central,Guava,5,73.05,2026-05-11,6,5.5,49.0,8.61,8.61,73.05,observed_estimated_cost
4390,2026-05-14,Pattaya_Central,MixedBerryPremium,18,841.5,2026-05-11,8,7,89.0,38.75,38.75,841.5,observed_estimated_cost
4391,2026-05-14,Pattaya_Central,PassionFruit,5,124.4,2026-05-11,6,6,65.0,18.88,18.88,124.4,observed_estimated_cost
4392,2026-05-14,Pattaya_Central,Pineapple,8,114.24,2026-05-11,6,5,49.0,8.28,8.28,114.24,observed_estimated_cost
4393,2026-05-14,Pattaya_Central,Watermelon,8,103.36,2026-05-11,6,5,45.0,6.92,6.92,103.36,observed_estimated_cost
4394,2026-05-15,BKK_Ladprao,Guava,7,102.27,2026-05-11,6,5.5,49.0,8.61,8.61,102.27,observed_estimated_cost
4395,2026-05-15,BKK_Ladprao,MixedBerryPremium,4,187.0,2026-05-11,8,7,89.0,38.75,38.75,187.0,observed_estimated_cost
4396,2026-05-15,BKK_Ladprao,PassionFruit,8,199.04,2026-05-11,6,6,65.0,18.88,18.88,199.04,observed_estimated_cost
4397,2026-05-15,BKK_Ladprao,Pineapple,5,71.4,2026-05-11,6,5,49.0,8.28,8.28,71.4,observed_estimated_cost
4398,2026-05-15,BKK_Ladprao,Watermelon,4,51.68,2026-05-11,6,5,45.0,6.92,6.92,51.68,observed_estimated_cost
4399,2026-05-15,BKK_Sukhumvit,Guava,4,58.44,2026-05-11,6,5.5,49.0,8.61,8.61,58.44,observed_estimated_cost
4400,2026-05-15,BKK_Sukhumvit,MixedBerryPremium,13,607.75,2026-05-11,8,7,89.0,38.75,38.75,607.75,observed_estimated_cost
4401,2026-05-15,BKK_Sukhumvit,PassionFruit,4,99.52,2026-05-11,6,6,65.0,18.88,18.88,99.52,observed_estimated_cost
4402,2026-05-15,BKK_Sukhumvit,Pineapple,4,57.12,2026-05-11,6,5,49.0,8.28,8.28,57.12,observed_estimated_cost
4403,2026-05-15,BKK_Sukhumvit,Watermelon,5,64.6,2026-05-11,6,5,45.0,6.92,6.92,64.6,observed_estimated_cost
4404,2026-05-15,Pattaya_Beach,Guava,3,43.83,2026-05-11,6,5.5,49.0,8.61,8.61,43.83,observed_estimated_cost
4405,2026-05-15,Pattaya_Beach,MixedBerryPremium,7,327.25,2026-05-11,8,7,89.0,38.75,38.75,327.25,observed_estimated_cost
4406,2026-05-15,Pattaya_Beach,PassionFruit,6,149.28,2026-05-11,6,6,65.0,18.88,18.88,149.28,observed_estimated_cost
4407,2026-05-15,Pattaya_Beach,Pineapple,7,99.96,2026-05-11,6,5,49.0,8.28,8.28,99.96,observed_estimated_cost
4408,2026-05-15,Pattaya_Beach,Watermelon,5,64.6,2026-05-11,6,5,45.0,6.92,6.92,64.6,observed_estimated_cost
4409,2026-05-15,Pattaya_Central,Guava,2,29.22,2026-05-11,6,5.5,49.0,8.61,8.61,29.22,observed_estimated_cost
4410,2026-05-15,Pattaya_Central,MixedBerryPremium,8,374.0,2026-05-11,8,7,89.0,38.75,38.75,374.0,observed_estimated_cost
4411,2026-05-15,Pattaya_Central,PassionFruit,2,49.76,2026-05-11,6,6,65.0,18.88,18.88,49.76,observed_estimated_cost
4412,2026-05-15,Pattaya_Central,Pineapple,6,85.68,2026-05-11,6,5,49.0,8.28,8.28,85.68,observed_estimated_cost
4413,2026-05-15,Pattaya_Central,Watermelon,7,90.44,2026-05-11,6,5,45.0,6.92,6.92,90.44,observed_estimated_cost
4414,2026-05-16,BKK_Ladprao,Guava,4,58.44,2026-05-11,6,5.5,49.0,8.61,8.61,58.44,observed_estimated_cost
4415,2026-05-16,BKK_Ladprao,MixedBerryPremium,6,280.5,2026-05-11,8,7,89.0,38.75,38.75,280.5,observed_estimated_cost
4416,2026-05-16,BKK_Ladprao,PassionFruit,8,199.04,2026-05-11,6,6,65.0,18.88,18.88,199.04,observed_estimated_cost
4417,2026-05-16,BKK_Ladprao,Pineapple,7,99.96,2026-05-11,6,5,49.0,8.28,8.28,99.96,observed_estimated_cost
4418,2026-05-16,BKK_Ladprao,Watermelon,8,103.36,2026-05-11,6,5,45.0,6.92,6.92,103.36,observed_estimated_cost
4419,2026-05-16,BKK_Sukhumvit,Guava,4,58.44,2026-05-11,6,5.5,49.0,8.61,8.61,58.44,observed_estimated_cost
4420,2026-05-16,BKK_Sukhumvit,MixedBerryPremium,4,187.0,2026-05-11,8,7,89.0,38.75,38.75,187.0,observed_estimated_cost
4421,2026-05-16,BKK_Sukhumvit,PassionFruit,6,149.28,2026-05-11,6,6,65.0,18.88,18.88,149.28,observed_estimated_cost
4422,2026-05-16,BKK_Sukhumvit,Pineapple,5,71.4,2026-05-11,6,5,49.0,8.28,8.28,71.4,observed_estimated_cost
4423,2026-05-16,BKK_Sukhumvit,Watermelon,7,90.44,2026-05-11,6,5,45.0,6.92,6.92,90.44,observed_estimated_cost
4424,2026-05-16,Pattaya_Beach,Guava,6,87.66,2026-05-11,6,5.5,49.0,8.61,8.61,87.66,observed_estimated_cost
4425,2026-05-16,Pattaya_Beach,MixedBerryPremium,12,561.0,2026-05-11,8,7,89.0,38.75,38.75,561.0,observed_estimated_cost
4426,2026-05-16,Pattaya_Beach,PassionFruit,7,174.16,2026-05-11,6,6,65.0,18.88,18.88,174.16,observed_estimated_cost
4427,2026-05-16,Pattaya_Beach,Pineapple,6,85.68,2026-05-11,6,5,49.0,8.28,8.28,85.68,observed_estimated_cost
4428,2026-05-16,Pattaya_Beach,Watermelon,6,77.52,2026-05-11,6,5,45.0,6.92,6.92,77.52,observed_estimated_cost
4429,2026-05-16,Pattaya_Central,Guava,7,102.27,2026-05-11,6,5.5,49.0,8.61,8.61,102.27,observed_estimated_cost
4430,2026-05-16,Pattaya_Central,MixedBerryPremium,12,561.0,2026-05-11,8,7,89.0,38.75,38.75,561.0,observed_estimated_cost
4431,2026-05-16,Pattaya_Central,PassionFruit,7,174.16,2026-05-11,6,6,65.0,18.88,18.88,174.16,observed_estimated_cost
4432,2026-05-16,Pattaya_Central,Pineapple,9,128.52,2026-05-11,6,5,49.0,8.28,8.28,128.52,observed_estimated_cost
4433,2026-05-16,Pattaya_Central,Watermelon,6,77.52,2026-05-11,6,5,45.0,6.92,6.92,77.52,observed_estimated_cost
4434,2026-05-17,BKK_Ladprao,Guava,5,73.05,2026-05-11,6,5.5,49.0,8.61,8.61,73.05,observed_estimated_cost
4435,2026-05-17,BKK_Ladprao,MixedBerryPremium,4,187.0,2026-05-11,8,7,89.0,38.75,38.75,187.0,observed_estimated_cost
4436,2026-05-17,BKK_Ladprao,PassionFruit,9,223.92,2026-05-11,6,6,65.0,18.88,18.88,223.92,observed_estimated_cost
4437,2026-05-17,BKK_Ladprao,Pineapple,5,71.4,2026-05-11,6,5,49.0,8.28,8.28,71.4,observed_estimated_cost
4438,2026-05-17,BKK_Ladprao,Watermelon,2,25.84,2026-05-11,6,5,45.0,6.92,6.92,25.84,observed_estimated_cost
4439,2026-05-17,BKK_Sukhumvit,Guava,3,43.83,2026-05-11,6,5.5,49.0,8.61,8.61,43.83,observed_estimated_cost
4440,2026-05-17,BKK_Sukhumvit,MixedBerryPremium,9,420.75,2026-05-11,8,7,89.0,38.75,38.75,420.75,observed_estimated_cost
4441,2026-05-17,BKK_Sukhumvit,PassionFruit,7,174.16,2026-05-11,6,6,65.0,18.88,18.88,174.16,observed_estimated_cost
4442,2026-05-17,BKK_Sukhumvit,Pineapple,7,99.96,2026-05-11,6,5,49.0,8.28,8.28,99.96,observed_estimated_cost
4443,2026-05-17,BKK_Sukhumvit,Watermelon,7,90.44,2026-05-11,6,5,45.0,6.92,6.92,90.44,observed_estimated_cost
4444,2026-05-17,Pattaya_Beach,Guava,5,73.05,2026-05-11,6,5.5,49.0,8.61,8.61,73.05,observed_estimated_cost
4445,2026-05-17,Pattaya_Beach,MixedBerryPremium,8,374.0,2026-05-11,8,7,89.0,38.75,38.75,374.0,observed_estimated_cost
4446,2026-05-17,Pattaya_Beach,PassionFruit,5,124.4,2026-05-11,6,6,65.0,18.88,18.88,124.4,observed_estimated_cost
4447,2026-05-17,Pattaya_Beach,Pineapple,4,57.12,2026-05-11,6,5,49.0,8.28,8.28,57.12,observed_estimated_cost
4448,2026-05-17,Pattaya_Beach,Watermelon,7,90.44,2026-05-11,6,5,45.0,6.92,6.92,90.44,observed_estimated_cost
4449,2026-05-17,Pattaya_Central,Guava,9,131.49,2026-05-11,6,5.5,49.0,8.61,8.61,131.49,observed_estimated_cost
4450,2026-05-17,Pattaya_Central,MixedBerryPremium,21,981.75,2026-05-11,8,7,89.0,38.75,38.75,981.75,observed_estimated_cost
4451,2026-05-17,Pattaya_Central,PassionFruit,8,199.04,2026-05-11,6,6,65.0,18.88,18.88,199.04,observed_estimated_cost
4452,2026-05-17,Pattaya_Central,Pineapple,8,114.24,2026-05-11,6,5,49.0,8.28,8.28,114.24,observed_estimated_cost
4453,2026-05-17,Pattaya_Central,Watermelon,11,142.12,2026-05-11,6,5,45.0,6.92,6.92,142.12,observed_estimated_cost
4454,2026-05-18,BKK_Ladprao,Guava,7,110.25,2026-05-18,6,5.5,49.0,9.75,9.75,110.25,observed_estimated_cost
4455,2026-05-18,BKK_Ladprao,MixedBerryPremium,9,405.0,2026-05-18,8,7,89.0,37.0,37.0,405.0,observed_estimated_cost
4456,2026-05-18,BKK_Ladprao,PassionFruit,6,142.32,2026-05-18,6,6,65.0,17.72,17.72,142.32,observed_estimated_cost
4457,2026-05-18,BKK_Ladprao,Pineapple,6,80.22,2026-05-18,6,5,49.0,7.37,7.37,80.22,observed_estimated_cost
4458,2026-05-18,BKK_Ladprao,Watermelon,8,107.12,2026-05-18,6,5,45.0,7.39,7.39,107.12,observed_estimated_cost
4459,2026-05-18,BKK_Sukhumvit,Guava,4,63.0,2026-05-18,6,5.5,49.0,9.75,9.75,63.0,observed_estimated_cost
4460,2026-05-18,BKK_Sukhumvit,MixedBerryPremium,12,540.0,2026-05-18,8,7,89.0,37.0,37.0,540.0,observed_estimated_cost
4461,2026-05-18,BKK_Sukhumvit,PassionFruit,2,47.44,2026-05-18,6,6,65.0,17.72,17.72,47.44,observed_estimated_cost
4462,2026-05-18,BKK_Sukhumvit,Pineapple,8,106.96,2026-05-18,6,5,49.0,7.37,7.37,106.96,observed_estimated_cost
4463,2026-05-18,BKK_Sukhumvit,Watermelon,2,26.78,2026-05-18,6,5,45.0,7.39,7.39,26.78,observed_estimated_cost
4464,2026-05-18,Pattaya_Beach,Guava,6,94.5,2026-05-18,6,5.5,49.0,9.75,9.75,94.5,observed_estimated_cost
4465,2026-05-18,Pattaya_Beach,MixedBerryPremium,12,540.0,2026-05-18,8,7,89.0,37.0,37.0,540.0,observed_estimated_cost
4466,2026-05-18,Pattaya_Beach,PassionFruit,9,213.48,2026-05-18,6,6,65.0,17.72,17.72,213.48,observed_estimated_cost
4467,2026-05-18,Pattaya_Beach,Pineapple,6,80.22,2026-05-18,6,5,49.0,7.37,7.37,80.22,observed_estimated_cost
4468,2026-05-18,Pattaya_Beach,Watermelon,7,93.73,2026-05-18,6,5,45.0,7.39,7.39,93.73,observed_estimated_cost
4469,2026-05-18,Pattaya_Central,Guava,5,78.75,2026-05-18,6,5.5,49.0,9.75,9.75,78.75,observed_estimated_cost
4470,2026-05-18,Pattaya_Central,MixedBerryPremium,14,630.0,2026-05-18,8,7,89.0,37.0,37.0,630.0,observed_estimated_cost
4471,2026-05-18,Pattaya_Central,PassionFruit,5,118.6,2026-05-18,6,6,65.0,17.72,17.72,118.6,observed_estimated_cost
4472,2026-05-18,Pattaya_Central,Pineapple,6,80.22,2026-05-18,6,5,49.0,7.37,7.37,80.22,observed_estimated_cost
4473,2026-05-18,Pattaya_Central,Watermelon,6,80.34,2026-05-18,6,5,45.0,7.39,7.39,80.34,observed_estimated_cost
4474,2026-05-19,BKK_Ladprao,Guava,3,47.25,2026-05-18,6,5.5,49.0,9.75,9.75,47.25,observed_estimated_cost
4475,2026-05-19,BKK_Ladprao,MixedBerryPremium,18,810.0,2026-05-18,8,7,89.0,37.0,37.0,810.0,observed_estimated_cost
4476,2026-05-19,BKK_Ladprao,PassionFruit,3,71.16,2026-05-18,6,6,65.0,17.72,17.72,71.16,observed_estimated_cost
4477,2026-05-19,BKK_Ladprao,Pineapple,4,53.48,2026-05-18,6,5,49.0,7.37,7.37,53.48,observed_estimated_cost
4478,2026-05-19,BKK_Sukhumvit,Guava,6,94.5,2026-05-18,6,5.5,49.0,9.75,9.75,94.5,observed_estimated_cost
4479,2026-05-19,BKK_Sukhumvit,MixedBerryPremium,3,135.0,2026-05-18,8,7,89.0,37.0,37.0,135.0,observed_estimated_cost
4480,2026-05-19,BKK_Sukhumvit,PassionFruit,7,166.04,2026-05-18,6,6,65.0,17.72,17.72,166.04,observed_estimated_cost
4481,2026-05-19,BKK_Sukhumvit,Pineapple,5,66.85,2026-05-18,6,5,49.0,7.37,7.37,66.85,observed_estimated_cost
4482,2026-05-19,BKK_Sukhumvit,Watermelon,6,80.34,2026-05-18,6,5,45.0,7.39,7.39,80.34,observed_estimated_cost
4483,2026-05-19,Pattaya_Beach,Guava,6,94.5,2026-05-18,6,5.5,49.0,9.75,9.75,94.5,observed_estimated_cost
4484,2026-05-19,Pattaya_Beach,MixedBerryPremium,11,495.0,2026-05-18,8,7,89.0,37.0,37.0,495.0,observed_estimated_cost
4485,2026-05-19,Pattaya_Beach,PassionFruit,5,118.6,2026-05-18,6,6,65.0,17.72,17.72,118.6,observed_estimated_cost
4486,2026-05-19,Pattaya_Beach,Pineapple,5,66.85,2026-05-18,6,5,49.0,7.37,7.37,66.85,observed_estimated_cost
4487,2026-05-19,Pattaya_Beach,Watermelon,2,26.78,2026-05-18,6,5,45.0,7.39,7.39,26.78,observed_estimated_cost
4488,2026-05-19,Pattaya_Central,Guava,7,110.25,2026-05-18,6,5.5,49.0,9.75,9.75,110.25,observed_estimated_cost
4489,2026-05-19,Pattaya_Central,MixedBerryPremium,16,720.0,2026-05-18,8,7,89.0,37.0,37.0,720.0,observed_estimated_cost
4490,2026-05-19,Pattaya_Central,PassionFruit,5,118.6,2026-05-18,6,6,65.0,17.72,17.72,118.6,observed_estimated_cost
4491,2026-05-19,Pattaya_Central,Pineapple,7,93.59,2026-05-18,6,5,49.0,7.37,7.37,93.59,observed_estimated_cost
4492,2026-05-19,Pattaya_Central,Watermelon,9,120.51,2026-05-18,6,5,45.0,7.39,7.39,120.51,observed_estimated_cost
4493,2026-05-20,BKK_Ladprao,Guava,3,47.25,2026-05-18,6,5.5,49.0,9.75,9.75,47.25,observed_estimated_cost
4494,2026-05-20,BKK_Ladprao,MixedBerryPremium,4,180.0,2026-05-18,8,7,89.0,37.0,37.0,180.0,observed_estimated_cost
4495,2026-05-20,BKK_Ladprao,PassionFruit,5,118.6,2026-05-18,6,6,65.0,17.72,17.72,118.6,observed_estimated_cost
4496,2026-05-20,BKK_Ladprao,Pineapple,2,26.74,2026-05-18,6,5,49.0,7.37,7.37,26.74,observed_estimated_cost
4497,2026-05-20,BKK_Ladprao,Watermelon,5,66.95,2026-05-18,6,5,45.0,7.39,7.39,66.95,observed_estimated_cost
4498,2026-05-20,BKK_Sukhumvit,Guava,4,63.0,2026-05-18,6,5.5,49.0,9.75,9.75,63.0,observed_estimated_cost
4499,2026-05-20,BKK_Sukhumvit,MixedBerryPremium,9,405.0,2026-05-18,8,7,89.0,37.0,37.0,405.0,observed_estimated_cost
4500,2026-05-20,BKK_Sukhumvit,PassionFruit,7,166.04,2026-05-18,6,6,65.0,17.72,17.72,166.04,observed_estimated_cost
4501,2026-05-20,BKK_Sukhumvit,Pineapple,6,80.22,2026-05-18,6,5,49.0,7.37,7.37,80.22,observed_estimated_cost
4502,2026-05-20,BKK_Sukhumvit,Watermelon,6,80.34,2026-05-18,6,5,45.0,7.39,7.39,80.34,observed_estimated_cost
4503,2026-05-20,Pattaya_Beach,Guava,7,110.25,2026-05-18,6,5.5,49.0,9.75,9.75,110.25,observed_estimated_cost
4504,2026-05-20,Pattaya_Beach,MixedBerryPremium,11,495.0,2026-05-18,8,7,89.0,37.0,37.0,495.0,observed_estimated_cost
4505,2026-05-20,Pattaya_Beach,PassionFruit,7,166.04,2026-05-18,6,6,65.0,17.72,17.72,166.04,observed_estimated_cost
4506,2026-05-20,Pattaya_Beach,Pineapple,7,93.59,2026-05-18,6,5,49.0,7.37,7.37,93.59,observed_estimated_cost
4507,2026-05-20,Pattaya_Beach,Watermelon,8,107.12,2026-05-18,6,5,45.0,7.39,7.39,107.12,observed_estimated_cost
4508,2026-05-20,Pattaya_Central,Guava,5,78.75,2026-05-18,6,5.5,49.0,9.75,9.75,78.75,observed_estimated_cost
4509,2026-05-20,Pattaya_Central,MixedBerryPremium,11,495.0,2026-05-18,8,7,89.0,37.0,37.0,495.0,observed_estimated_cost
4510,2026-05-20,Pattaya_Central,PassionFruit,6,142.32,2026-05-18,6,6,65.0,17.72,17.72,142.32,observed_estimated_cost
4511,2026-05-20,Pattaya_Central,Pineapple,4,53.48,2026-05-18,6,5,49.0,7.37,7.37,53.48,observed_estimated_cost
4512,2026-05-20,Pattaya_Central,Watermelon,12,160.68,2026-05-18,6,5,45.0,7.39,7.39,160.68,observed_estimated_cost
4513,2026-05-21,BKK_Ladprao,Guava,5,78.75,2026-05-18,6,5.5,49.0,9.75,9.75,78.75,observed_estimated_cost
4514,2026-05-21,BKK_Ladprao,MixedBerryPremium,8,360.0,2026-05-18,8,7,89.0,37.0,37.0,360.0,observed_estimated_cost
4515,2026-05-21,BKK_Ladprao,PassionFruit,6,142.32,2026-05-18,6,6,65.0,17.72,17.72,142.32,observed_estimated_cost
4516,2026-05-21,BKK_Ladprao,Pineapple,2,26.74,2026-05-18,6,5,49.0,7.37,7.37,26.74,observed_estimated_cost
4517,2026-05-21,BKK_Ladprao,Watermelon,4,53.56,2026-05-18,6,5,45.0,7.39,7.39,53.56,observed_estimated_cost
4518,2026-05-21,BKK_Sukhumvit,Guava,5,78.75,2026-05-18,6,5.5,49.0,9.75,9.75,78.75,observed_estimated_cost
4519,2026-05-21,BKK_Sukhumvit,MixedBerryPremium,17,765.0,2026-05-18,8,7,89.0,37.0,37.0,765.0,observed_estimated_cost
4520,2026-05-21,BKK_Sukhumvit,PassionFruit,4,94.88,2026-05-18,6,6,65.0,17.72,17.72,94.88,observed_estimated_cost
4521,2026-05-21,BKK_Sukhumvit,Pineapple,6,80.22,2026-05-18,6,5,49.0,7.37,7.37,80.22,observed_estimated_cost
4522,2026-05-21,BKK_Sukhumvit,Watermelon,4,53.56,2026-05-18,6,5,45.0,7.39,7.39,53.56,observed_estimated_cost
4523,2026-05-21,Pattaya_Beach,Guava,4,63.0,2026-05-18,6,5.5,49.0,9.75,9.75,63.0,observed_estimated_cost
4524,2026-05-21,Pattaya_Beach,MixedBerryPremium,8,360.0,2026-05-18,8,7,89.0,37.0,37.0,360.0,observed_estimated_cost
4525,2026-05-21,Pattaya_Beach,PassionFruit,5,118.6,2026-05-18,6,6,65.0,17.72,17.72,118.6,observed_estimated_cost
4526,2026-05-21,Pattaya_Beach,Pineapple,10,133.7,2026-05-18,6,5,49.0,7.37,7.37,133.7,observed_estimated_cost
4527,2026-05-21,Pattaya_Beach,Watermelon,10,133.9,2026-05-18,6,5,45.0,7.39,7.39,133.9,observed_estimated_cost
4528,2026-05-21,Pattaya_Central,Guava,9,141.75,2026-05-18,6,5.5,49.0,9.75,9.75,141.75,observed_estimated_cost
4529,2026-05-21,Pattaya_Central,MixedBerryPremium,20,900.0,2026-05-18,8,7,89.0,37.0,37.0,900.0,observed_estimated_cost
4530,2026-05-21,Pattaya_Central,PassionFruit,6,142.32,2026-05-18,6,6,65.0,17.72,17.72,142.32,observed_estimated_cost
4531,2026-05-21,Pattaya_Central,Pineapple,5,66.85,2026-05-18,6,5,49.0,7.37,7.37,66.85,observed_estimated_cost
4532,2026-05-21,Pattaya_Central,Watermelon,7,93.73,2026-05-18,6,5,45.0,7.39,7.39,93.73,observed_estimated_cost
4533,2026-05-22,BKK_Ladprao,Guava,4,63.0,2026-05-18,6,5.5,49.0,9.75,9.75,63.0,observed_estimated_cost
4534,2026-05-22,BKK_Ladprao,MixedBerryPremium,10,450.0,2026-05-18,8,7,89.0,37.0,37.0,450.0,observed_estimated_cost
4535,2026-05-22,BKK_Ladprao,PassionFruit,5,118.6,2026-05-18,6,6,65.0,17.72,17.72,118.6,observed_estimated_cost
4536,2026-05-22,BKK_Ladprao,Pineapple,6,80.22,2026-05-18,6,5,49.0,7.37,7.37,80.22,observed_estimated_cost
4537,2026-05-22,BKK_Ladprao,Watermelon,7,93.73,2026-05-18,6,5,45.0,7.39,7.39,93.73,observed_estimated_cost
4538,2026-05-22,BKK_Sukhumvit,Guava,5,78.75,2026-05-18,6,5.5,49.0,9.75,9.75,78.75,observed_estimated_cost
4539,2026-05-22,BKK_Sukhumvit,MixedBerryPremium,7,315.0,2026-05-18,8,7,89.0,37.0,37.0,315.0,observed_estimated_cost
4540,2026-05-22,BKK_Sukhumvit,PassionFruit,3,71.16,2026-05-18,6,6,65.0,17.72,17.72,71.16,observed_estimated_cost
4541,2026-05-22,BKK_Sukhumvit,Pineapple,6,80.22,2026-05-18,6,5,49.0,7.37,7.37,80.22,observed_estimated_cost
4542,2026-05-22,BKK_Sukhumvit,Watermelon,6,80.34,2026-05-18,6,5,45.0,7.39,7.39,80.34,observed_estimated_cost
4543,2026-05-22,Pattaya_Beach,Guava,7,110.25,2026-05-18,6,5.5,49.0,9.75,9.75,110.25,observed_estimated_cost
4544,2026-05-22,Pattaya_Beach,MixedBerryPremium,4,180.0,2026-05-18,8,7,89.0,37.0,37.0,180.0,observed_estimated_cost
4545,2026-05-22,Pattaya_Beach,PassionFruit,6,142.32,2026-05-18,6,6,65.0,17.72,17.72,142.32,observed_estimated_cost
4546,2026-05-22,Pattaya_Beach,Pineapple,7,93.59,2026-05-18,6,5,49.0,7.37,7.37,93.59,observed_estimated_cost
4547,2026-05-22,Pattaya_Beach,Watermelon,6,80.34,2026-05-18,6,5,45.0,7.39,7.39,80.34,observed_estimated_cost
4548,2026-05-22,Pattaya_Central,Guava,9,141.75,2026-05-18,6,5.5,49.0,9.75,9.75,141.75,observed_estimated_cost
4549,2026-05-22,Pattaya_Central,MixedBerryPremium,14,630.0,2026-05-18,8,7,89.0,37.0,37.0,630.0,observed_estimated_cost
4550,2026-05-22,Pattaya_Central,PassionFruit,8,189.76,2026-05-18,6,6,65.0,17.72,17.72,189.76,observed_estimated_cost
4551,2026-05-22,Pattaya_Central,Pineapple,7,93.59,2026-05-18,6,5,49.0,7.37,7.37,93.59,observed_estimated_cost
4552,2026-05-22,Pattaya_Central,Watermelon,3,40.17,2026-05-18,6,5,45.0,7.39,7.39,40.17,observed_estimated_cost
4553,2026-05-23,BKK_Ladprao,Guava,5,78.75,2026-05-18,6,5.5,49.0,9.75,9.75,78.75,observed_estimated_cost
4554,2026-05-23,BKK_Ladprao,MixedBerryPremium,4,180.0,2026-05-18,8,7,89.0,37.0,37.0,180.0,observed_estimated_cost
4555,2026-05-23,BKK_Ladprao,PassionFruit,5,118.6,2026-05-18,6,6,65.0,17.72,17.72,118.6,observed_estimated_cost
4556,2026-05-23,BKK_Ladprao,Pineapple,5,66.85,2026-05-18,6,5,49.0,7.37,7.37,66.85,observed_estimated_cost
4557,2026-05-23,BKK_Ladprao,Watermelon,8,107.12,2026-05-18,6,5,45.0,7.39,7.39,107.12,observed_estimated_cost
4558,2026-05-23,BKK_Sukhumvit,Guava,4,63.0,2026-05-18,6,5.5,49.0,9.75,9.75,63.0,observed_estimated_cost
4559,2026-05-23,BKK_Sukhumvit,MixedBerryPremium,8,360.0,2026-05-18,8,7,89.0,37.0,37.0,360.0,observed_estimated_cost
4560,2026-05-23,BKK_Sukhumvit,PassionFruit,6,142.32,2026-05-18,6,6,65.0,17.72,17.72,142.32,observed_estimated_cost
4561,2026-05-23,BKK_Sukhumvit,Pineapple,6,80.22,2026-05-18,6,5,49.0,7.37,7.37,80.22,observed_estimated_cost
4562,2026-05-23,BKK_Sukhumvit,Watermelon,4,53.56,2026-05-18,6,5,45.0,7.39,7.39,53.56,observed_estimated_cost
4563,2026-05-23,Pattaya_Beach,Guava,8,126.0,2026-05-18,6,5.5,49.0,9.75,9.75,126.0,observed_estimated_cost
4564,2026-05-23,Pattaya_Beach,MixedBerryPremium,8,360.0,2026-05-18,8,7,89.0,37.0,37.0,360.0,observed_estimated_cost
4565,2026-05-23,Pattaya_Beach,PassionFruit,7,166.04,2026-05-18,6,6,65.0,17.72,17.72,166.04,observed_estimated_cost
4566,2026-05-23,Pattaya_Beach,Pineapple,10,133.7,2026-05-18,6,5,49.0,7.37,7.37,133.7,observed_estimated_cost
4567,2026-05-23,Pattaya_Beach,Watermelon,7,93.73,2026-05-18,6,5,45.0,7.39,7.39,93.73,observed_estimated_cost
4568,2026-05-23,Pattaya_Central,Guava,6,94.5,2026-05-18,6,5.5,49.0,9.75,9.75,94.5,observed_estimated_cost
4569,2026-05-23,Pattaya_Central,MixedBerryPremium,13,585.0,2026-05-18,8,7,89.0,37.0,37.0,585.0,observed_estimated_cost
4570,2026-05-23,Pattaya_Central,PassionFruit,4,94.88,2026-05-18,6,6,65.0,17.72,17.72,94.88,observed_estimated_cost
4571,2026-05-23,Pattaya_Central,Pineapple,8,106.96,2026-05-18,6,5,49.0,7.37,7.37,106.96,observed_estimated_cost
4572,2026-05-23,Pattaya_Central,Watermelon,8,107.12,2026-05-18,6,5,45.0,7.39,7.39,107.12,observed_estimated_cost
4573,2026-05-24,BKK_Ladprao,Guava,3,47.25,2026-05-18,6,5.5,49.0,9.75,9.75,47.25,observed_estimated_cost
4574,2026-05-24,BKK_Ladprao,MixedBerryPremium,6,270.0,2026-05-18,8,7,89.0,37.0,37.0,270.0,observed_estimated_cost
4575,2026-05-24,BKK_Ladprao,PassionFruit,5,118.6,2026-05-18,6,6,65.0,17.72,17.72,118.6,observed_estimated_cost
4576,2026-05-24,BKK_Ladprao,Pineapple,5,66.85,2026-05-18,6,5,49.0,7.37,7.37,66.85,observed_estimated_cost
4577,2026-05-24,BKK_Ladprao,Watermelon,6,80.34,2026-05-18,6,5,45.0,7.39,7.39,80.34,observed_estimated_cost
4578,2026-05-24,BKK_Sukhumvit,Guava,4,63.0,2026-05-18,6,5.5,49.0,9.75,9.75,63.0,observed_estimated_cost
4579,2026-05-24,BKK_Sukhumvit,MixedBerryPremium,11,495.0,2026-05-18,8,7,89.0,37.0,37.0,495.0,observed_estimated_cost
4580,2026-05-24,BKK_Sukhumvit,PassionFruit,6,142.32,2026-05-18,6,6,65.0,17.72,17.72,142.32,observed_estimated_cost
4581,2026-05-24,BKK_Sukhumvit,Pineapple,7,93.59,2026-05-18,6,5,49.0,7.37,7.37,93.59,observed_estimated_cost
4582,2026-05-24,BKK_Sukhumvit,Watermelon,7,93.73,2026-05-18,6,5,45.0,7.39,7.39,93.73,observed_estimated_cost
4583,2026-05-24,Pattaya_Beach,Guava,6,94.5,2026-05-18,6,5.5,49.0,9.75,9.75,94.5,observed_estimated_cost
4584,2026-05-24,Pattaya_Beach,MixedBerryPremium,8,360.0,2026-05-18,8,7,89.0,37.0,37.0,360.0,observed_estimated_cost
4585,2026-05-24,Pattaya_Beach,PassionFruit,8,189.76,2026-05-18,6,6,65.0,17.72,17.72,189.76,observed_estimated_cost
4586,2026-05-24,Pattaya_Beach,Pineapple,6,80.22,2026-05-18,6,5,49.0,7.37,7.37,80.22,observed_estimated_cost
4587,2026-05-24,Pattaya_Beach,Watermelon,6,80.34,2026-05-18,6,5,45.0,7.39,7.39,80.34,observed_estimated_cost
4588,2026-05-24,Pattaya_Central,Guava,8,126.0,2026-05-18,6,5.5,49.0,9.75,9.75,126.0,observed_estimated_cost
4589,2026-05-24,Pattaya_Central,MixedBerryPremium,9,405.0,2026-05-18,8,7,89.0,37.0,37.0,405.0,observed_estimated_cost
4590,2026-05-24,Pattaya_Central,PassionFruit,7,166.04,2026-05-18,6,6,65.0,17.72,17.72,166.04,observed_estimated_cost
4591,2026-05-24,Pattaya_Central,Pineapple,8,106.96,2026-05-18,6,5,49.0,7.37,7.37,106.96,observed_estimated_cost
4592,2026-05-24,Pattaya_Central,Watermelon,12,160.68,2026-05-18,6,5,45.0,7.39,7.39,160.68,observed_estimated_cost
4593,2026-05-25,BKK_Ladprao,Guava,5,77.95,2026-05-25,6,5.5,49.0,9.59,9.59,77.95,observed_estimated_cost
4594,2026-05-25,BKK_Ladprao,MixedBerryPremium,3,134.01,2026-05-25,8,7,89.0,36.67,36.67,134.01,observed_estimated_cost
4595,2026-05-25,BKK_Ladprao,PassionFruit,7,176.96,2026-05-25,6,6,65.0,19.28,19.28,176.96,observed_estimated_cost
4596,2026-05-25,BKK_Ladprao,Pineapple,4,55.16,2026-05-25,6,5,49.0,7.79,7.79,55.16,observed_estimated_cost
4597,2026-05-25,BKK_Ladprao,Watermelon,12,158.88,2026-05-25,6,5,45.0,7.24,7.24,158.88,observed_estimated_cost
4598,2026-05-25,BKK_Sukhumvit,Guava,5,77.95,2026-05-25,6,5.5,49.0,9.59,9.59,77.95,observed_estimated_cost
4599,2026-05-25,BKK_Sukhumvit,MixedBerryPremium,11,491.37,2026-05-25,8,7,89.0,36.67,36.67,491.37,observed_estimated_cost
4600,2026-05-25,BKK_Sukhumvit,PassionFruit,5,126.4,2026-05-25,6,6,65.0,19.28,19.28,126.4,observed_estimated_cost
4601,2026-05-25,BKK_Sukhumvit,Pineapple,8,110.32,2026-05-25,6,5,49.0,7.79,7.79,110.32,observed_estimated_cost
4602,2026-05-25,BKK_Sukhumvit,Watermelon,10,132.4,2026-05-25,6,5,45.0,7.24,7.24,132.4,observed_estimated_cost
4603,2026-05-25,Pattaya_Beach,Guava,4,62.36,2026-05-25,6,5.5,49.0,9.59,9.59,62.36,observed_estimated_cost
4604,2026-05-25,Pattaya_Beach,MixedBerryPremium,8,357.36,2026-05-25,8,7,89.0,36.67,36.67,357.36,observed_estimated_cost
4605,2026-05-25,Pattaya_Beach,PassionFruit,10,252.8,2026-05-25,6,6,65.0,19.28,19.28,252.8,observed_estimated_cost
4606,2026-05-25,Pattaya_Beach,Pineapple,4,55.16,2026-05-25,6,5,49.0,7.79,7.79,55.16,observed_estimated_cost
4607,2026-05-25,Pattaya_Beach,Watermelon,6,79.44,2026-05-25,6,5,45.0,7.24,7.24,79.44,observed_estimated_cost
4608,2026-05-25,Pattaya_Central,Guava,4,62.36,2026-05-25,6,5.5,49.0,9.59,9.59,62.36,observed_estimated_cost
4609,2026-05-25,Pattaya_Central,MixedBerryPremium,13,580.71,2026-05-25,8,7,89.0,36.67,36.67,580.71,observed_estimated_cost
4610,2026-05-25,Pattaya_Central,PassionFruit,5,126.4,2026-05-25,6,6,65.0,19.28,19.28,126.4,observed_estimated_cost
4611,2026-05-25,Pattaya_Central,Pineapple,8,110.32,2026-05-25,6,5,49.0,7.79,7.79,110.32,observed_estimated_cost
4612,2026-05-25,Pattaya_Central,Watermelon,5,66.2,2026-05-25,6,5,45.0,7.24,7.24,66.2,observed_estimated_cost
4613,2026-05-26,BKK_Ladprao,Guava,3,46.77,2026-05-25,6,5.5,49.0,9.59,9.59,46.77,observed_estimated_cost
4614,2026-05-26,BKK_Ladprao,MixedBerryPremium,13,580.71,2026-05-25,8,7,89.0,36.67,36.67,580.71,observed_estimated_cost
4615,2026-05-26,BKK_Ladprao,PassionFruit,5,126.4,2026-05-25,6,6,65.0,19.28,19.28,126.4,observed_estimated_cost
4616,2026-05-26,BKK_Ladprao,Pineapple,5,68.95,2026-05-25,6,5,49.0,7.79,7.79,68.95,observed_estimated_cost
4617,2026-05-26,BKK_Ladprao,Watermelon,4,52.96,2026-05-25,6,5,45.0,7.24,7.24,52.96,observed_estimated_cost
4618,2026-05-26,BKK_Sukhumvit,Guava,4,62.36,2026-05-25,6,5.5,49.0,9.59,9.59,62.36,observed_estimated_cost
4619,2026-05-26,BKK_Sukhumvit,MixedBerryPremium,5,223.35,2026-05-25,8,7,89.0,36.67,36.67,223.35,observed_estimated_cost
4620,2026-05-26,BKK_Sukhumvit,PassionFruit,5,126.4,2026-05-25,6,6,65.0,19.28,19.28,126.4,observed_estimated_cost
4621,2026-05-26,BKK_Sukhumvit,Pineapple,5,68.95,2026-05-25,6,5,49.0,7.79,7.79,68.95,observed_estimated_cost
4622,2026-05-26,BKK_Sukhumvit,Watermelon,5,66.2,2026-05-25,6,5,45.0,7.24,7.24,66.2,observed_estimated_cost
4623,2026-05-26,Pattaya_Beach,Guava,5,77.95,2026-05-25,6,5.5,49.0,9.59,9.59,77.95,observed_estimated_cost
4624,2026-05-26,Pattaya_Beach,MixedBerryPremium,8,357.36,2026-05-25,8,7,89.0,36.67,36.67,357.36,observed_estimated_cost
4625,2026-05-26,Pattaya_Beach,PassionFruit,10,252.8,2026-05-25,6,6,65.0,19.28,19.28,252.8,observed_estimated_cost
4626,2026-05-26,Pattaya_Beach,Pineapple,5,68.95,2026-05-25,6,5,49.0,7.79,7.79,68.95,observed_estimated_cost
4627,2026-05-26,Pattaya_Beach,Watermelon,9,119.16,2026-05-25,6,5,45.0,7.24,7.24,119.16,observed_estimated_cost
4628,2026-05-26,Pattaya_Central,Guava,4,62.36,2026-05-25,6,5.5,49.0,9.59,9.59,62.36,observed_estimated_cost
4629,2026-05-26,Pattaya_Central,MixedBerryPremium,14,625.38,2026-05-25,8,7,89.0,36.67,36.67,625.38,observed_estimated_cost
4630,2026-05-26,Pattaya_Central,PassionFruit,6,151.68,2026-05-25,6,6,65.0,19.28,19.28,151.68,observed_estimated_cost
4631,2026-05-26,Pattaya_Central,Pineapple,4,55.16,2026-05-25,6,5,49.0,7.79,7.79,55.16,observed_estimated_cost
4632,2026-05-26,Pattaya_Central,Watermelon,10,132.4,2026-05-25,6,5,45.0,7.24,7.24,132.4,observed_estimated_cost
4633,2026-05-27,BKK_Ladprao,Guava,2,31.18,2026-05-25,6,5.5,49.0,9.59,9.59,31.18,observed_estimated_cost
4634,2026-05-27,BKK_Ladprao,MixedBerryPremium,16,714.72,2026-05-25,8,7,89.0,36.67,36.67,714.72,observed_estimated_cost
4635,2026-05-27,BKK_Ladprao,PassionFruit,4,101.12,2026-05-25,6,6,65.0,19.28,19.28,101.12,observed_estimated_cost
4636,2026-05-27,BKK_Ladprao,Pineapple,6,82.74,2026-05-25,6,5,49.0,7.79,7.79,82.74,observed_estimated_cost
4637,2026-05-27,BKK_Ladprao,Watermelon,5,66.2,2026-05-25,6,5,45.0,7.24,7.24,66.2,observed_estimated_cost
4638,2026-05-27,BKK_Sukhumvit,Guava,3,46.77,2026-05-25,6,5.5,49.0,9.59,9.59,46.77,observed_estimated_cost
4639,2026-05-27,BKK_Sukhumvit,MixedBerryPremium,5,223.35,2026-05-25,8,7,89.0,36.67,36.67,223.35,observed_estimated_cost
4640,2026-05-27,BKK_Sukhumvit,PassionFruit,5,126.4,2026-05-25,6,6,65.0,19.28,19.28,126.4,observed_estimated_cost
4641,2026-05-27,BKK_Sukhumvit,Pineapple,7,96.53,2026-05-25,6,5,49.0,7.79,7.79,96.53,observed_estimated_cost
4642,2026-05-27,BKK_Sukhumvit,Watermelon,8,105.92,2026-05-25,6,5,45.0,7.24,7.24,105.92,observed_estimated_cost
4643,2026-05-27,Pattaya_Beach,Guava,5,77.95,2026-05-25,6,5.5,49.0,9.59,9.59,77.95,observed_estimated_cost
4644,2026-05-27,Pattaya_Beach,MixedBerryPremium,5,223.35,2026-05-25,8,7,89.0,36.67,36.67,223.35,observed_estimated_cost
4645,2026-05-27,Pattaya_Beach,PassionFruit,7,176.96,2026-05-25,6,6,65.0,19.28,19.28,176.96,observed_estimated_cost
4646,2026-05-27,Pattaya_Beach,Pineapple,9,124.11,2026-05-25,6,5,49.0,7.79,7.79,124.11,observed_estimated_cost
4647,2026-05-27,Pattaya_Beach,Watermelon,7,92.68,2026-05-25,6,5,45.0,7.24,7.24,92.68,observed_estimated_cost
4648,2026-05-27,Pattaya_Central,Guava,8,124.72,2026-05-25,6,5.5,49.0,9.59,9.59,124.72,observed_estimated_cost
4649,2026-05-27,Pattaya_Central,MixedBerryPremium,13,580.71,2026-05-25,8,7,89.0,36.67,36.67,580.71,observed_estimated_cost
4650,2026-05-27,Pattaya_Central,PassionFruit,7,176.96,2026-05-25,6,6,65.0,19.28,19.28,176.96,observed_estimated_cost
4651,2026-05-27,Pattaya_Central,Pineapple,5,68.95,2026-05-25,6,5,49.0,7.79,7.79,68.95,observed_estimated_cost
4652,2026-05-27,Pattaya_Central,Watermelon,3,39.72,2026-05-25,6,5,45.0,7.24,7.24,39.72,observed_estimated_cost
4653,2026-05-28,BKK_Ladprao,Guava,6,93.54,2026-05-25,6,5.5,49.0,9.59,9.59,93.54,observed_estimated_cost
4654,2026-05-28,BKK_Ladprao,MixedBerryPremium,8,357.36,2026-05-25,8,7,89.0,36.67,36.67,357.36,observed_estimated_cost
4655,2026-05-28,BKK_Ladprao,PassionFruit,3,75.84,2026-05-25,6,6,65.0,19.28,19.28,75.84,observed_estimated_cost
4656,2026-05-28,BKK_Ladprao,Pineapple,4,55.16,2026-05-25,6,5,49.0,7.79,7.79,55.16,observed_estimated_cost
4657,2026-05-28,BKK_Ladprao,Watermelon,9,119.16,2026-05-25,6,5,45.0,7.24,7.24,119.16,observed_estimated_cost
4658,2026-05-28,BKK_Sukhumvit,Guava,6,93.54,2026-05-25,6,5.5,49.0,9.59,9.59,93.54,observed_estimated_cost
4659,2026-05-28,BKK_Sukhumvit,MixedBerryPremium,11,491.37,2026-05-25,8,7,89.0,36.67,36.67,491.37,observed_estimated_cost
4660,2026-05-28,BKK_Sukhumvit,PassionFruit,8,202.24,2026-05-25,6,6,65.0,19.28,19.28,202.24,observed_estimated_cost
4661,2026-05-28,BKK_Sukhumvit,Pineapple,3,41.37,2026-05-25,6,5,49.0,7.79,7.79,41.37,observed_estimated_cost
4662,2026-05-28,BKK_Sukhumvit,Watermelon,7,92.68,2026-05-25,6,5,45.0,7.24,7.24,92.68,observed_estimated_cost
4663,2026-05-28,Pattaya_Beach,Guava,5,77.95,2026-05-25,6,5.5,49.0,9.59,9.59,77.95,observed_estimated_cost
4664,2026-05-28,Pattaya_Beach,MixedBerryPremium,6,268.02,2026-05-25,8,7,89.0,36.67,36.67,268.02,observed_estimated_cost
4665,2026-05-28,Pattaya_Beach,PassionFruit,7,176.96,2026-05-25,6,6,65.0,19.28,19.28,176.96,observed_estimated_cost
4666,2026-05-28,Pattaya_Beach,Pineapple,4,55.16,2026-05-25,6,5,49.0,7.79,7.79,55.16,observed_estimated_cost
4667,2026-05-28,Pattaya_Beach,Watermelon,7,92.68,2026-05-25,6,5,45.0,7.24,7.24,92.68,observed_estimated_cost
4668,2026-05-28,Pattaya_Central,Guava,3,46.77,2026-05-25,6,5.5,49.0,9.59,9.59,46.77,observed_estimated_cost
4669,2026-05-28,Pattaya_Central,MixedBerryPremium,6,268.02,2026-05-25,8,7,89.0,36.67,36.67,268.02,observed_estimated_cost
4670,2026-05-28,Pattaya_Central,PassionFruit,8,202.24,2026-05-25,6,6,65.0,19.28,19.28,202.24,observed_estimated_cost
4671,2026-05-28,Pattaya_Central,Pineapple,7,96.53,2026-05-25,6,5,49.0,7.79,7.79,96.53,observed_estimated_cost
4672,2026-05-28,Pattaya_Central,Watermelon,6,79.44,2026-05-25,6,5,45.0,7.24,7.24,79.44,observed_estimated_cost
4673,2026-05-29,BKK_Ladprao,Guava,4,62.36,2026-05-25,6,5.5,49.0,9.59,9.59,62.36,observed_estimated_cost
4674,2026-05-29,BKK_Ladprao,MixedBerryPremium,8,357.36,2026-05-25,8,7,89.0,36.67,36.67,357.36,observed_estimated_cost
4675,2026-05-29,BKK_Ladprao,PassionFruit,7,176.96,2026-05-25,6,6,65.0,19.28,19.28,176.96,observed_estimated_cost
4676,2026-05-29,BKK_Ladprao,Pineapple,4,55.16,2026-05-25,6,5,49.0,7.79,7.79,55.16,observed_estimated_cost
4677,2026-05-29,BKK_Ladprao,Watermelon,5,66.2,2026-05-25,6,5,45.0,7.24,7.24,66.2,observed_estimated_cost
4678,2026-05-29,BKK_Sukhumvit,Guava,4,62.36,2026-05-25,6,5.5,49.0,9.59,9.59,62.36,observed_estimated_cost
4679,2026-05-29,BKK_Sukhumvit,MixedBerryPremium,16,714.72,2026-05-25,8,7,89.0,36.67,36.67,714.72,observed_estimated_cost
4680,2026-05-29,BKK_Sukhumvit,PassionFruit,6,151.68,2026-05-25,6,6,65.0,19.28,19.28,151.68,observed_estimated_cost
4681,2026-05-29,BKK_Sukhumvit,Pineapple,2,27.58,2026-05-25,6,5,49.0,7.79,7.79,27.58,observed_estimated_cost
4682,2026-05-29,BKK_Sukhumvit,Watermelon,8,105.92,2026-05-25,6,5,45.0,7.24,7.24,105.92,observed_estimated_cost
4683,2026-05-29,Pattaya_Beach,Guava,4,62.36,2026-05-25,6,5.5,49.0,9.59,9.59,62.36,observed_estimated_cost
4684,2026-05-29,Pattaya_Beach,MixedBerryPremium,13,580.71,2026-05-25,8,7,89.0,36.67,36.67,580.71,observed_estimated_cost
4685,2026-05-29,Pattaya_Beach,PassionFruit,8,202.24,2026-05-25,6,6,65.0,19.28,19.28,202.24,observed_estimated_cost
4686,2026-05-29,Pattaya_Beach,Pineapple,7,96.53,2026-05-25,6,5,49.0,7.79,7.79,96.53,observed_estimated_cost
4687,2026-05-29,Pattaya_Beach,Watermelon,5,66.2,2026-05-25,6,5,45.0,7.24,7.24,66.2,observed_estimated_cost
4688,2026-05-29,Pattaya_Central,Guava,8,124.72,2026-05-25,6,5.5,49.0,9.59,9.59,124.72,observed_estimated_cost
4689,2026-05-29,Pattaya_Central,MixedBerryPremium,7,312.69,2026-05-25,8,7,89.0,36.67,36.67,312.69,observed_estimated_cost
4690,2026-05-29,Pattaya_Central,PassionFruit,8,202.24,2026-05-25,6,6,65.0,19.28,19.28,202.24,observed_estimated_cost
4691,2026-05-29,Pattaya_Central,Pineapple,12,165.48,2026-05-25,6,5,49.0,7.79,7.79,165.48,observed_estimated_cost
4692,2026-05-29,Pattaya_Central,Watermelon,11,145.64,2026-05-25,6,5,45.0,7.24,7.24,145.64,observed_estimated_cost
4693,2026-05-30,BKK_Ladprao,Guava,3,46.77,2026-05-25,6,5.5,49.0,9.59,9.59,46.77,observed_estimated_cost
4694,2026-05-30,BKK_Ladprao,MixedBerryPremium,8,357.36,2026-05-25,8,7,89.0,36.67,36.67,357.36,observed_estimated_cost
4695,2026-05-30,BKK_Ladprao,PassionFruit,8,202.24,2026-05-25,6,6,65.0,19.28,19.28,202.24,observed_estimated_cost
4696,2026-05-30,BKK_Ladprao,Pineapple,8,110.32,2026-05-25,6,5,49.0,7.79,7.79,110.32,observed_estimated_cost
4697,2026-05-30,BKK_Ladprao,Watermelon,8,105.92,2026-05-25,6,5,45.0,7.24,7.24,105.92,observed_estimated_cost
4698,2026-05-30,BKK_Sukhumvit,Guava,4,62.36,2026-05-25,6,5.5,49.0,9.59,9.59,62.36,observed_estimated_cost
4699,2026-05-30,BKK_Sukhumvit,MixedBerryPremium,13,580.71,2026-05-25,8,7,89.0,36.67,36.67,580.71,observed_estimated_cost
4700,2026-05-30,BKK_Sukhumvit,PassionFruit,7,176.96,2026-05-25,6,6,65.0,19.28,19.28,176.96,observed_estimated_cost
4701,2026-05-30,BKK_Sukhumvit,Pineapple,4,55.16,2026-05-25,6,5,49.0,7.79,7.79,55.16,observed_estimated_cost
4702,2026-05-30,BKK_Sukhumvit,Watermelon,7,92.68,2026-05-25,6,5,45.0,7.24,7.24,92.68,observed_estimated_cost
4703,2026-05-30,Pattaya_Beach,Guava,3,46.77,2026-05-25,6,5.5,49.0,9.59,9.59,46.77,observed_estimated_cost
4704,2026-05-30,Pattaya_Beach,MixedBerryPremium,7,312.69,2026-05-25,8,7,89.0,36.67,36.67,312.69,observed_estimated_cost
4705,2026-05-30,Pattaya_Beach,PassionFruit,5,126.4,2026-05-25,6,6,65.0,19.28,19.28,126.4,observed_estimated_cost
4706,2026-05-30,Pattaya_Beach,Pineapple,9,124.11,2026-05-25,6,5,49.0,7.79,7.79,124.11,observed_estimated_cost
4707,2026-05-30,Pattaya_Beach,Watermelon,11,145.64,2026-05-25,6,5,45.0,7.24,7.24,145.64,observed_estimated_cost
4708,2026-05-30,Pattaya_Central,Guava,5,77.95,2026-05-25,6,5.5,49.0,9.59,9.59,77.95,observed_estimated_cost
4709,2026-05-30,Pattaya_Central,MixedBerryPremium,10,446.7,2026-05-25,8,7,89.0,36.67,36.67,446.7,observed_estimated_cost
4710,2026-05-30,Pattaya_Central,PassionFruit,10,252.8,2026-05-25,6,6,65.0,19.28,19.28,252.8,observed_estimated_cost
4711,2026-05-30,Pattaya_Central,Pineapple,8,110.32,2026-05-25,6,5,49.0,7.79,7.79,110.32,observed_estimated_cost
4712,2026-05-30,Pattaya_Central,Watermelon,9,119.16,2026-05-25,6,5,45.0,7.24,7.24,119.16,observed_estimated_cost
4713,2026-05-31,BKK_Ladprao,Guava,5,77.95,2026-05-25,6,5.5,49.0,9.59,9.59,77.95,observed_estimated_cost
4714,2026-05-31,BKK_Ladprao,MixedBerryPremium,24,1072.08,2026-05-25,8,7,89.0,36.67,36.67,1072.08,observed_estimated_cost
4715,2026-05-31,BKK_Ladprao,PassionFruit,5,126.4,2026-05-25,6,6,65.0,19.28,19.28,126.4,observed_estimated_cost
4716,2026-05-31,BKK_Ladprao,Pineapple,5,68.95,2026-05-25,6,5,49.0,7.79,7.79,68.95,observed_estimated_cost
4717,2026-05-31,BKK_Ladprao,Watermelon,7,92.68,2026-05-25,6,5,45.0,7.24,7.24,92.68,observed_estimated_cost
4718,2026-05-31,BKK_Sukhumvit,Guava,5,77.95,2026-05-25,6,5.5,49.0,9.59,9.59,77.95,observed_estimated_cost
4719,2026-05-31,BKK_Sukhumvit,MixedBerryPremium,7,312.69,2026-05-25,8,7,89.0,36.67,36.67,312.69,observed_estimated_cost
4720,2026-05-31,BKK_Sukhumvit,PassionFruit,5,126.4,2026-05-25,6,6,65.0,19.28,19.28,126.4,observed_estimated_cost
4721,2026-05-31,BKK_Sukhumvit,Pineapple,2,27.58,2026-05-25,6,5,49.0,7.79,7.79,27.58,observed_estimated_cost
4722,2026-05-31,BKK_Sukhumvit,Watermelon,9,119.16,2026-05-25,6,5,45.0,7.24,7.24,119.16,observed_estimated_cost
4723,2026-05-31,Pattaya_Beach,Guava,8,124.72,2026-05-25,6,5.5,49.0,9.59,9.59,124.72,observed_estimated_cost
4724,2026-05-31,Pattaya_Beach,MixedBerryPremium,11,491.37,2026-05-25,8,7,89.0,36.67,36.67,491.37,observed_estimated_cost
4725,2026-05-31,Pattaya_Beach,PassionFruit,10,252.8,2026-05-25,6,6,65.0,19.28,19.28,252.8,observed_estimated_cost
4726,2026-05-31,Pattaya_Beach,Pineapple,4,55.16,2026-05-25,6,5,49.0,7.79,7.79,55.16,observed_estimated_cost
4727,2026-05-31,Pattaya_Beach,Watermelon,10,132.4,2026-05-25,6,5,45.0,7.24,7.24,132.4,observed_estimated_cost
4728,2026-05-31,Pattaya_Central,Guava,9,140.31,2026-05-25,6,5.5,49.0,9.59,9.59,140.31,observed_estimated_cost
4729,2026-05-31,Pattaya_Central,MixedBerryPremium,13,580.71,2026-05-25,8,7,89.0,36.67,36.67,580.71,observed_estimated_cost
4730,2026-05-31,Pattaya_Central,PassionFruit,16,404.48,2026-05-25,6,6,65.0,19.28,19.28,404.48,observed_estimated_cost
4731,2026-05-31,Pattaya_Central,Pineapple,5,68.95,2026-05-25,6,5,49.0,7.79,7.79,68.95,observed_estimated_cost
4732,2026-05-31,Pattaya_Central,Watermelon,4,52.96,2026-05-25,6,5,45.0,7.24,7.24,52.96,observed_estimated_cost
4733,2026-06-01,BKK_Ladprao,Guava,3,49.14,2026-06-01,6,5.5,49.0,10.38,10.38,49.14,observed_estimated_cost
4734,2026-06-01,BKK_Ladprao,MixedBerryPremium,11,520.3,2026-06-01,8,7,89.0,39.3,39.3,520.3,observed_estimated_cost
4735,2026-06-01,BKK_Ladprao,PassionFruit,3,98.07,2026-06-01,6,6,65.0,26.69,26.69,98.07,observed_estimated_cost
4736,2026-06-01,BKK_Ladprao,Pineapple,5,68.35,2026-06-01,6,5,49.0,7.67,7.67,68.35,observed_estimated_cost
4737,2026-06-01,BKK_Ladprao,Watermelon,5,71.8,2026-06-01,6,5,45.0,8.36,8.36,71.8,observed_estimated_cost
4738,2026-06-01,BKK_Sukhumvit,Guava,3,49.14,2026-06-01,6,5.5,49.0,10.38,10.38,49.14,observed_estimated_cost
4739,2026-06-01,BKK_Sukhumvit,MixedBerryPremium,7,331.1,2026-06-01,8,7,89.0,39.3,39.3,331.1,observed_estimated_cost
4740,2026-06-01,BKK_Sukhumvit,PassionFruit,3,98.07,2026-06-01,6,6,65.0,26.69,26.69,98.07,observed_estimated_cost
4741,2026-06-01,BKK_Sukhumvit,Pineapple,3,41.01,2026-06-01,6,5,49.0,7.67,7.67,41.01,observed_estimated_cost
4742,2026-06-01,BKK_Sukhumvit,Watermelon,6,86.16,2026-06-01,6,5,45.0,8.36,8.36,86.16,observed_estimated_cost
4743,2026-06-01,Pattaya_Beach,Guava,4,65.52,2026-06-01,6,5.5,49.0,10.38,10.38,65.52,observed_estimated_cost
4744,2026-06-01,Pattaya_Beach,MixedBerryPremium,2,94.6,2026-06-01,8,7,89.0,39.3,39.3,94.6,observed_estimated_cost
4745,2026-06-01,Pattaya_Beach,PassionFruit,4,130.76,2026-06-01,6,6,65.0,26.69,26.69,130.76,observed_estimated_cost
4746,2026-06-01,Pattaya_Beach,Pineapple,3,41.01,2026-06-01,6,5,49.0,7.67,7.67,41.01,observed_estimated_cost
4747,2026-06-01,Pattaya_Beach,Watermelon,3,43.08,2026-06-01,6,5,45.0,8.36,8.36,43.08,observed_estimated_cost
4748,2026-06-01,Pattaya_Central,Guava,4,65.52,2026-06-01,6,5.5,49.0,10.38,10.38,65.52,observed_estimated_cost
4749,2026-06-01,Pattaya_Central,MixedBerryPremium,14,662.2,2026-06-01,8,7,89.0,39.3,39.3,662.2,observed_estimated_cost
4750,2026-06-01,Pattaya_Central,PassionFruit,10,326.9,2026-06-01,6,6,65.0,26.69,26.69,326.9,observed_estimated_cost
4751,2026-06-01,Pattaya_Central,Pineapple,5,68.35,2026-06-01,6,5,49.0,7.67,7.67,68.35,observed_estimated_cost
4752,2026-06-01,Pattaya_Central,Watermelon,5,71.8,2026-06-01,6,5,45.0,8.36,8.36,71.8,observed_estimated_cost
4753,2026-06-02,BKK_Ladprao,Guava,3,49.14,2026-06-01,6,5.5,49.0,10.38,10.38,49.14,observed_estimated_cost
4754,2026-06-02,BKK_Ladprao,MixedBerryPremium,4,189.2,2026-06-01,8,7,89.0,39.3,39.3,189.2,observed_estimated_cost
4755,2026-06-02,BKK_Ladprao,PassionFruit,4,130.76,2026-06-01,6,6,65.0,26.69,26.69,130.76,observed_estimated_cost
4756,2026-06-02,BKK_Ladprao,Pineapple,5,68.35,2026-06-01,6,5,49.0,7.67,7.67,68.35,observed_estimated_cost
4757,2026-06-02,BKK_Ladprao,Watermelon,3,43.08,2026-06-01,6,5,45.0,8.36,8.36,43.08,observed_estimated_cost
4758,2026-06-02,BKK_Sukhumvit,Guava,3,49.14,2026-06-01,6,5.5,49.0,10.38,10.38,49.14,observed_estimated_cost
4759,2026-06-02,BKK_Sukhumvit,MixedBerryPremium,3,141.9,2026-06-01,8,7,89.0,39.3,39.3,141.9,observed_estimated_cost
4760,2026-06-02,BKK_Sukhumvit,PassionFruit,4,130.76,2026-06-01,6,6,65.0,26.69,26.69,130.76,observed_estimated_cost
4761,2026-06-02,BKK_Sukhumvit,Pineapple,2,27.34,2026-06-01,6,5,49.0,7.67,7.67,27.34,observed_estimated_cost
4762,2026-06-02,BKK_Sukhumvit,Watermelon,3,43.08,2026-06-01,6,5,45.0,8.36,8.36,43.08,observed_estimated_cost
4763,2026-06-02,Pattaya_Beach,Guava,2,32.76,2026-06-01,6,5.5,49.0,10.38,10.38,32.76,observed_estimated_cost
4764,2026-06-02,Pattaya_Beach,MixedBerryPremium,3,141.9,2026-06-01,8,7,89.0,39.3,39.3,141.9,observed_estimated_cost
4765,2026-06-02,Pattaya_Beach,PassionFruit,4,130.76,2026-06-01,6,6,65.0,26.69,26.69,130.76,observed_estimated_cost
4766,2026-06-02,Pattaya_Beach,Pineapple,5,68.35,2026-06-01,6,5,49.0,7.67,7.67,68.35,observed_estimated_cost
4767,2026-06-02,Pattaya_Beach,Watermelon,2,28.72,2026-06-01,6,5,45.0,8.36,8.36,28.72,observed_estimated_cost
4768,2026-06-02,Pattaya_Central,Guava,5,81.9,2026-06-01,6,5.5,49.0,10.38,10.38,81.9,observed_estimated_cost
4769,2026-06-02,Pattaya_Central,MixedBerryPremium,10,473.0,2026-06-01,8,7,89.0,39.3,39.3,473.0,observed_estimated_cost
4770,2026-06-02,Pattaya_Central,PassionFruit,2,65.38,2026-06-01,6,6,65.0,26.69,26.69,65.38,observed_estimated_cost
4771,2026-06-02,Pattaya_Central,Pineapple,5,68.35,2026-06-01,6,5,49.0,7.67,7.67,68.35,observed_estimated_cost
4772,2026-06-02,Pattaya_Central,Watermelon,6,86.16,2026-06-01,6,5,45.0,8.36,8.36,86.16,observed_estimated_cost
4773,2026-06-03,BKK_Ladprao,Guava,3,49.14,2026-06-01,6,5.5,49.0,10.38,10.38,49.14,observed_estimated_cost
4774,2026-06-03,BKK_Ladprao,MixedBerryPremium,4,189.2,2026-06-01,8,7,89.0,39.3,39.3,189.2,observed_estimated_cost
4775,2026-06-03,BKK_Ladprao,PassionFruit,6,196.14,2026-06-01,6,6,65.0,26.69,26.69,196.14,observed_estimated_cost
4776,2026-06-03,BKK_Ladprao,Pineapple,5,68.35,2026-06-01,6,5,49.0,7.67,7.67,68.35,observed_estimated_cost
4777,2026-06-03,BKK_Ladprao,Watermelon,3,43.08,2026-06-01,6,5,45.0,8.36,8.36,43.08,observed_estimated_cost
4778,2026-06-03,BKK_Sukhumvit,Guava,3,49.14,2026-06-01,6,5.5,49.0,10.38,10.38,49.14,observed_estimated_cost
4779,2026-06-03,BKK_Sukhumvit,MixedBerryPremium,7,331.1,2026-06-01,8,7,89.0,39.3,39.3,331.1,observed_estimated_cost
4780,2026-06-03,BKK_Sukhumvit,PassionFruit,4,130.76,2026-06-01,6,6,65.0,26.69,26.69,130.76,observed_estimated_cost
4781,2026-06-03,BKK_Sukhumvit,Pineapple,1,13.67,2026-06-01,6,5,49.0,7.67,7.67,13.67,observed_estimated_cost
4782,2026-06-03,BKK_Sukhumvit,Watermelon,2,28.72,2026-06-01,6,5,45.0,8.36,8.36,28.72,observed_estimated_cost
4783,2026-06-03,Pattaya_Beach,Guava,4,65.52,2026-06-01,6,5.5,49.0,10.38,10.38,65.52,observed_estimated_cost
4784,2026-06-03,Pattaya_Beach,MixedBerryPremium,8,378.4,2026-06-01,8,7,89.0,39.3,39.3,378.4,observed_estimated_cost
4785,2026-06-03,Pattaya_Beach,PassionFruit,6,196.14,2026-06-01,6,6,65.0,26.69,26.69,196.14,observed_estimated_cost
4786,2026-06-03,Pattaya_Beach,Pineapple,4,54.68,2026-06-01,6,5,49.0,7.67,7.67,54.68,observed_estimated_cost
4787,2026-06-03,Pattaya_Beach,Watermelon,4,57.44,2026-06-01,6,5,45.0,8.36,8.36,57.44,observed_estimated_cost
4788,2026-06-03,Pattaya_Central,Guava,7,114.66,2026-06-01,6,5.5,49.0,10.38,10.38,114.66,observed_estimated_cost
4789,2026-06-03,Pattaya_Central,MixedBerryPremium,5,236.5,2026-06-01,8,7,89.0,39.3,39.3,236.5,observed_estimated_cost
4790,2026-06-03,Pattaya_Central,PassionFruit,3,98.07,2026-06-01,6,6,65.0,26.69,26.69,98.07,observed_estimated_cost
4791,2026-06-03,Pattaya_Central,Pineapple,5,68.35,2026-06-01,6,5,49.0,7.67,7.67,68.35,observed_estimated_cost
4792,2026-06-03,Pattaya_Central,Watermelon,7,100.52,2026-06-01,6,5,45.0,8.36,8.36,100.52,observed_estimated_cost
4793,2026-06-04,BKK_Ladprao,Guava,4,65.52,2026-06-01,6,5.5,49.0,10.38,10.38,65.52,observed_estimated_cost
4794,2026-06-04,BKK_Ladprao,MixedBerryPremium,8,378.4,2026-06-01,8,7,89.0,39.3,39.3,378.4,observed_estimated_cost
4795,2026-06-04,BKK_Ladprao,PassionFruit,3,98.07,2026-06-01,6,6,65.0,26.69,26.69,98.07,observed_estimated_cost
4796,2026-06-04,BKK_Ladprao,Pineapple,3,41.01,2026-06-01,6,5,49.0,7.67,7.67,41.01,observed_estimated_cost
4797,2026-06-04,BKK_Ladprao,Watermelon,4,57.44,2026-06-01,6,5,45.0,8.36,8.36,57.44,observed_estimated_cost
4798,2026-06-04,BKK_Sukhumvit,Guava,1,16.38,2026-06-01,6,5.5,49.0,10.38,10.38,16.38,observed_estimated_cost
4799,2026-06-04,BKK_Sukhumvit,MixedBerryPremium,5,236.5,2026-06-01,8,7,89.0,39.3,39.3,236.5,observed_estimated_cost
4800,2026-06-04,BKK_Sukhumvit,PassionFruit,4,130.76,2026-06-01,6,6,65.0,26.69,26.69,130.76,observed_estimated_cost
4801,2026-06-04,BKK_Sukhumvit,Pineapple,3,41.01,2026-06-01,6,5,49.0,7.67,7.67,41.01,observed_estimated_cost
4802,2026-06-04,BKK_Sukhumvit,Watermelon,4,57.44,2026-06-01,6,5,45.0,8.36,8.36,57.44,observed_estimated_cost
4803,2026-06-04,Pattaya_Beach,Guava,2,32.76,2026-06-01,6,5.5,49.0,10.38,10.38,32.76,observed_estimated_cost
4804,2026-06-04,Pattaya_Beach,MixedBerryPremium,2,94.6,2026-06-01,8,7,89.0,39.3,39.3,94.6,observed_estimated_cost
4805,2026-06-04,Pattaya_Beach,PassionFruit,5,163.45,2026-06-01,6,6,65.0,26.69,26.69,163.45,observed_estimated_cost
4806,2026-06-04,Pattaya_Beach,Pineapple,3,41.01,2026-06-01,6,5,49.0,7.67,7.67,41.01,observed_estimated_cost
4807,2026-06-04,Pattaya_Beach,Watermelon,4,57.44,2026-06-01,6,5,45.0,8.36,8.36,57.44,observed_estimated_cost
4808,2026-06-04,Pattaya_Central,Guava,3,49.14,2026-06-01,6,5.5,49.0,10.38,10.38,49.14,observed_estimated_cost
4809,2026-06-04,Pattaya_Central,MixedBerryPremium,12,567.6,2026-06-01,8,7,89.0,39.3,39.3,567.6,observed_estimated_cost
4810,2026-06-04,Pattaya_Central,PassionFruit,6,196.14,2026-06-01,6,6,65.0,26.69,26.69,196.14,observed_estimated_cost
4811,2026-06-04,Pattaya_Central,Pineapple,7,95.69,2026-06-01,6,5,49.0,7.67,7.67,95.69,observed_estimated_cost
4812,2026-06-04,Pattaya_Central,Watermelon,4,57.44,2026-06-01,6,5,45.0,8.36,8.36,57.44,observed_estimated_cost
4813,2026-06-05,BKK_Ladprao,Guava,3,49.14,2026-06-01,6,5.5,49.0,10.38,10.38,49.14,observed_estimated_cost
4814,2026-06-05,BKK_Ladprao,MixedBerryPremium,6,283.8,2026-06-01,8,7,89.0,39.3,39.3,283.8,observed_estimated_cost
4815,2026-06-05,BKK_Ladprao,PassionFruit,7,228.83,2026-06-01,6,6,65.0,26.69,26.69,228.83,observed_estimated_cost
4816,2026-06-05,BKK_Ladprao,Pineapple,4,54.68,2026-06-01,6,5,49.0,7.67,7.67,54.68,observed_estimated_cost
4817,2026-06-05,BKK_Ladprao,Watermelon,5,71.8,2026-06-01,6,5,45.0,8.36,8.36,71.8,observed_estimated_cost
4818,2026-06-05,BKK_Sukhumvit,Guava,3,49.14,2026-06-01,6,5.5,49.0,10.38,10.38,49.14,observed_estimated_cost
4819,2026-06-05,BKK_Sukhumvit,MixedBerryPremium,3,141.9,2026-06-01,8,7,89.0,39.3,39.3,141.9,observed_estimated_cost
4820,2026-06-05,BKK_Sukhumvit,PassionFruit,4,130.76,2026-06-01,6,6,65.0,26.69,26.69,130.76,observed_estimated_cost
4821,2026-06-05,BKK_Sukhumvit,Pineapple,3,41.01,2026-06-01,6,5,49.0,7.67,7.67,41.01,observed_estimated_cost
4822,2026-06-05,BKK_Sukhumvit,Watermelon,4,57.44,2026-06-01,6,5,45.0,8.36,8.36,57.44,observed_estimated_cost
4823,2026-06-05,Pattaya_Beach,Guava,5,81.9,2026-06-01,6,5.5,49.0,10.38,10.38,81.9,observed_estimated_cost
4824,2026-06-05,Pattaya_Beach,MixedBerryPremium,4,189.2,2026-06-01,8,7,89.0,39.3,39.3,189.2,observed_estimated_cost
4825,2026-06-05,Pattaya_Beach,PassionFruit,3,98.07,2026-06-01,6,6,65.0,26.69,26.69,98.07,observed_estimated_cost
4826,2026-06-05,Pattaya_Beach,Pineapple,6,82.02,2026-06-01,6,5,49.0,7.67,7.67,82.02,observed_estimated_cost
4827,2026-06-05,Pattaya_Beach,Watermelon,6,86.16,2026-06-01,6,5,45.0,8.36,8.36,86.16,observed_estimated_cost
4828,2026-06-05,Pattaya_Central,Guava,3,49.14,2026-06-01,6,5.5,49.0,10.38,10.38,49.14,observed_estimated_cost
4829,2026-06-05,Pattaya_Central,MixedBerryPremium,3,141.9,2026-06-01,8,7,89.0,39.3,39.3,141.9,observed_estimated_cost
4830,2026-06-05,Pattaya_Central,PassionFruit,9,294.21,2026-06-01,6,6,65.0,26.69,26.69,294.21,observed_estimated_cost
4831,2026-06-05,Pattaya_Central,Pineapple,5,68.35,2026-06-01,6,5,49.0,7.67,7.67,68.35,observed_estimated_cost
4832,2026-06-05,Pattaya_Central,Watermelon,7,100.52,2026-06-01,6,5,45.0,8.36,8.36,100.52,observed_estimated_cost
4833,2026-06-06,BKK_Ladprao,Guava,5,81.9,2026-06-01,6,5.5,49.0,10.38,10.38,81.9,observed_estimated_cost
4834,2026-06-06,BKK_Ladprao,MixedBerryPremium,7,331.1,2026-06-01,8,7,89.0,39.3,39.3,331.1,observed_estimated_cost
4835,2026-06-06,BKK_Ladprao,PassionFruit,9,294.21,2026-06-01,6,6,65.0,26.69,26.69,294.21,observed_estimated_cost
4836,2026-06-06,BKK_Ladprao,Pineapple,4,54.68,2026-06-01,6,5,49.0,7.67,7.67,54.68,observed_estimated_cost
4837,2026-06-06,BKK_Ladprao,Watermelon,11,157.96,2026-06-01,6,5,45.0,8.36,8.36,157.96,observed_estimated_cost
4838,2026-06-06,BKK_Sukhumvit,Guava,7,114.66,2026-06-01,6,5.5,49.0,10.38,10.38,114.66,observed_estimated_cost
4839,2026-06-06,BKK_Sukhumvit,MixedBerryPremium,17,804.1,2026-06-01,8,7,89.0,39.3,39.3,804.1,observed_estimated_cost
4840,2026-06-06,BKK_Sukhumvit,PassionFruit,8,261.52,2026-06-01,6,6,65.0,26.69,26.69,261.52,observed_estimated_cost
4841,2026-06-06,BKK_Sukhumvit,Pineapple,6,82.02,2026-06-01,6,5,49.0,7.67,7.67,82.02,observed_estimated_cost
4842,2026-06-06,BKK_Sukhumvit,Watermelon,7,100.52,2026-06-01,6,5,45.0,8.36,8.36,100.52,observed_estimated_cost
4843,2026-06-06,Pattaya_Beach,Guava,7,114.66,2026-06-01,6,5.5,49.0,10.38,10.38,114.66,observed_estimated_cost
4844,2026-06-06,Pattaya_Beach,MixedBerryPremium,15,709.5,2026-06-01,8,7,89.0,39.3,39.3,709.5,observed_estimated_cost
4845,2026-06-06,Pattaya_Beach,PassionFruit,4,130.76,2026-06-01,6,6,65.0,26.69,26.69,130.76,observed_estimated_cost
4846,2026-06-06,Pattaya_Beach,Pineapple,6,82.02,2026-06-01,6,5,49.0,7.67,7.67,82.02,observed_estimated_cost
4847,2026-06-06,Pattaya_Beach,Watermelon,10,143.6,2026-06-01,6,5,45.0,8.36,8.36,143.6,observed_estimated_cost
4848,2026-06-06,Pattaya_Central,Guava,8,131.04,2026-06-01,6,5.5,49.0,10.38,10.38,131.04,observed_estimated_cost
4849,2026-06-06,Pattaya_Central,MixedBerryPremium,29,1371.7,2026-06-01,8,7,89.0,39.3,39.3,1371.7,observed_estimated_cost
4850,2026-06-06,Pattaya_Central,PassionFruit,16,523.04,2026-06-01,6,6,65.0,26.69,26.69,523.04,observed_estimated_cost
4851,2026-06-06,Pattaya_Central,Pineapple,10,136.7,2026-06-01,6,5,49.0,7.67,7.67,136.7,observed_estimated_cost
4852,2026-06-06,Pattaya_Central,Watermelon,11,157.96,2026-06-01,6,5,45.0,8.36,8.36,157.96,observed_estimated_cost
4853,2026-06-07,BKK_Ladprao,Guava,5,81.9,2026-06-01,6,5.5,49.0,10.38,10.38,81.9,observed_estimated_cost
4854,2026-06-07,BKK_Ladprao,MixedBerryPremium,3,141.9,2026-06-01,8,7,89.0,39.3,39.3,141.9,observed_estimated_cost
4855,2026-06-07,BKK_Ladprao,PassionFruit,2,65.38,2026-06-01,6,6,65.0,26.69,26.69,65.38,observed_estimated_cost
4856,2026-06-07,BKK_Ladprao,Pineapple,2,27.34,2026-06-01,6,5,49.0,7.67,7.67,27.34,observed_estimated_cost
4857,2026-06-07,BKK_Ladprao,Watermelon,5,71.8,2026-06-01,6,5,45.0,8.36,8.36,71.8,observed_estimated_cost
4858,2026-06-07,BKK_Sukhumvit,Guava,3,49.14,2026-06-01,6,5.5,49.0,10.38,10.38,49.14,observed_estimated_cost
4859,2026-06-07,BKK_Sukhumvit,MixedBerryPremium,5,236.5,2026-06-01,8,7,89.0,39.3,39.3,236.5,observed_estimated_cost
4860,2026-06-07,BKK_Sukhumvit,PassionFruit,6,196.14,2026-06-01,6,6,65.0,26.69,26.69,196.14,observed_estimated_cost
4861,2026-06-07,BKK_Sukhumvit,Pineapple,3,41.01,2026-06-01,6,5,49.0,7.67,7.67,41.01,observed_estimated_cost
4862,2026-06-07,BKK_Sukhumvit,Watermelon,4,57.44,2026-06-01,6,5,45.0,8.36,8.36,57.44,observed_estimated_cost
4863,2026-06-07,Pattaya_Beach,Guava,2,32.76,2026-06-01,6,5.5,49.0,10.38,10.38,32.76,observed_estimated_cost
4864,2026-06-07,Pattaya_Beach,MixedBerryPremium,11,520.3,2026-06-01,8,7,89.0,39.3,39.3,520.3,observed_estimated_cost
4865,2026-06-07,Pattaya_Beach,PassionFruit,8,261.52,2026-06-01,6,6,65.0,26.69,26.69,261.52,observed_estimated_cost
4866,2026-06-07,Pattaya_Beach,Pineapple,3,41.01,2026-06-01,6,5,49.0,7.67,7.67,41.01,observed_estimated_cost
4867,2026-06-07,Pattaya_Beach,Watermelon,5,71.8,2026-06-01,6,5,45.0,8.36,8.36,71.8,observed_estimated_cost
4868,2026-06-07,Pattaya_Central,Guava,4,65.52,2026-06-01,6,5.5,49.0,10.38,10.38,65.52,observed_estimated_cost
4869,2026-06-07,Pattaya_Central,MixedBerryPremium,6,283.8,2026-06-01,8,7,89.0,39.3,39.3,283.8,observed_estimated_cost
4870,2026-06-07,Pattaya_Central,PassionFruit,5,163.45,2026-06-01,6,6,65.0,26.69,26.69,163.45,observed_estimated_cost
4871,2026-06-07,Pattaya_Central,Pineapple,8,109.36,2026-06-01,6,5,49.0,7.67,7.67,109.36,observed_estimated_cost
4872,2026-06-07,Pattaya_Central,Watermelon,12,172.32,2026-06-01,6,5,45.0,8.36,8.36,172.32,observed_estimated_cost
4873,2026-06-08,BKK_Ladprao,Guava,3,48.66,2026-06-08,6,5.5,49.0,10.22,10.22,48.66,observed_estimated_cost
4874,2026-06-08,BKK_Ladprao,MixedBerryPremium,10,498.9,2026-06-08,8,7,89.0,41.89,41.89,498.9,observed_estimated_cost
4875,2026-06-08,BKK_Ladprao,PassionFruit,5,178.35,2026-06-08,6,6,65.0,29.67,29.67,178.35,observed_estimated_cost
4876,2026-06-08,BKK_Ladprao,Pineapple,7,92.89,2026-06-08,6,5,49.0,7.27,7.27,92.89,observed_estimated_cost
4877,2026-06-08,BKK_Ladprao,Watermelon,5,68.65,2026-06-08,6,5,45.0,7.73,7.73,68.65,observed_estimated_cost
4878,2026-06-08,BKK_Sukhumvit,Guava,3,48.66,2026-06-08,6,5.5,49.0,10.22,10.22,48.66,observed_estimated_cost
4879,2026-06-08,BKK_Sukhumvit,MixedBerryPremium,2,99.78,2026-06-08,8,7,89.0,41.89,41.89,99.78,observed_estimated_cost
4880,2026-06-08,BKK_Sukhumvit,PassionFruit,5,178.35,2026-06-08,6,6,65.0,29.67,29.67,178.35,observed_estimated_cost
4881,2026-06-08,BKK_Sukhumvit,Pineapple,4,53.08,2026-06-08,6,5,49.0,7.27,7.27,53.08,observed_estimated_cost
4882,2026-06-08,BKK_Sukhumvit,Watermelon,6,82.38,2026-06-08,6,5,45.0,7.73,7.73,82.38,observed_estimated_cost
4883,2026-06-08,Pattaya_Beach,Guava,3,48.66,2026-06-08,6,5.5,49.0,10.22,10.22,48.66,observed_estimated_cost
4884,2026-06-08,Pattaya_Beach,MixedBerryPremium,7,349.23,2026-06-08,8,7,89.0,41.89,41.89,349.23,observed_estimated_cost
4885,2026-06-08,Pattaya_Beach,PassionFruit,5,178.35,2026-06-08,6,6,65.0,29.67,29.67,178.35,observed_estimated_cost
4886,2026-06-08,Pattaya_Beach,Pineapple,4,53.08,2026-06-08,6,5,49.0,7.27,7.27,53.08,observed_estimated_cost
4887,2026-06-08,Pattaya_Beach,Watermelon,5,68.65,2026-06-08,6,5,45.0,7.73,7.73,68.65,observed_estimated_cost
4888,2026-06-08,Pattaya_Central,Guava,2,32.44,2026-06-08,6,5.5,49.0,10.22,10.22,32.44,observed_estimated_cost
4889,2026-06-08,Pattaya_Central,MixedBerryPremium,6,299.34,2026-06-08,8,7,89.0,41.89,41.89,299.34,observed_estimated_cost
4890,2026-06-08,Pattaya_Central,PassionFruit,2,71.34,2026-06-08,6,6,65.0,29.67,29.67,71.34,observed_estimated_cost
4891,2026-06-08,Pattaya_Central,Pineapple,4,53.08,2026-06-08,6,5,49.0,7.27,7.27,53.08,observed_estimated_cost
4892,2026-06-08,Pattaya_Central,Watermelon,4,54.92,2026-06-08,6,5,45.0,7.73,7.73,54.92,observed_estimated_cost
4893,2026-06-09,BKK_Ladprao,Guava,3,48.66,2026-06-08,6,5.5,49.0,10.22,10.22,48.66,observed_estimated_cost
4894,2026-06-09,BKK_Ladprao,MixedBerryPremium,5,249.45,2026-06-08,8,7,89.0,41.89,41.89,249.45,observed_estimated_cost
4895,2026-06-09,BKK_Ladprao,PassionFruit,2,71.34,2026-06-08,6,6,65.0,29.67,29.67,71.34,observed_estimated_cost
4896,2026-06-09,BKK_Ladprao,Pineapple,4,53.08,2026-06-08,6,5,49.0,7.27,7.27,53.08,observed_estimated_cost
4897,2026-06-09,BKK_Ladprao,Watermelon,4,54.92,2026-06-08,6,5,45.0,7.73,7.73,54.92,observed_estimated_cost
4898,2026-06-09,BKK_Sukhumvit,Guava,4,64.88,2026-06-08,6,5.5,49.0,10.22,10.22,64.88,observed_estimated_cost
4899,2026-06-09,BKK_Sukhumvit,MixedBerryPremium,6,299.34,2026-06-08,8,7,89.0,41.89,41.89,299.34,observed_estimated_cost
4900,2026-06-09,BKK_Sukhumvit,PassionFruit,3,107.01,2026-06-08,6,6,65.0,29.67,29.67,107.01,observed_estimated_cost
4901,2026-06-09,BKK_Sukhumvit,Pineapple,3,39.81,2026-06-08,6,5,49.0,7.27,7.27,39.81,observed_estimated_cost
4902,2026-06-09,BKK_Sukhumvit,Watermelon,4,54.92,2026-06-08,6,5,45.0,7.73,7.73,54.92,observed_estimated_cost
4903,2026-06-09,Pattaya_Beach,Guava,3,48.66,2026-06-08,6,5.5,49.0,10.22,10.22,48.66,observed_estimated_cost
4904,2026-06-09,Pattaya_Beach,MixedBerryPremium,7,349.23,2026-06-08,8,7,89.0,41.89,41.89,349.23,observed_estimated_cost
4905,2026-06-09,Pattaya_Beach,PassionFruit,9,321.03,2026-06-08,6,6,65.0,29.67,29.67,321.03,observed_estimated_cost
4906,2026-06-09,Pattaya_Beach,Pineapple,4,53.08,2026-06-08,6,5,49.0,7.27,7.27,53.08,observed_estimated_cost
4907,2026-06-09,Pattaya_Beach,Watermelon,3,41.19,2026-06-08,6,5,45.0,7.73,7.73,41.19,observed_estimated_cost
4908,2026-06-09,Pattaya_Central,Guava,5,81.1,2026-06-08,6,5.5,49.0,10.22,10.22,81.1,observed_estimated_cost
4909,2026-06-09,Pattaya_Central,MixedBerryPremium,14,698.46,2026-06-08,8,7,89.0,41.89,41.89,698.46,observed_estimated_cost
4910,2026-06-09,Pattaya_Central,PassionFruit,3,107.01,2026-06-08,6,6,65.0,29.67,29.67,107.01,observed_estimated_cost
4911,2026-06-09,Pattaya_Central,Pineapple,5,66.35,2026-06-08,6,5,49.0,7.27,7.27,66.35,observed_estimated_cost
4912,2026-06-09,Pattaya_Central,Watermelon,6,82.38,2026-06-08,6,5,45.0,7.73,7.73,82.38,observed_estimated_cost
4913,2026-06-10,BKK_Ladprao,Guava,2,32.44,2026-06-08,6,5.5,49.0,10.22,10.22,32.44,observed_estimated_cost
4914,2026-06-10,BKK_Ladprao,MixedBerryPremium,6,299.34,2026-06-08,8,7,89.0,41.89,41.89,299.34,observed_estimated_cost
4915,2026-06-10,BKK_Ladprao,PassionFruit,4,142.68,2026-06-08,6,6,65.0,29.67,29.67,142.68,observed_estimated_cost
4916,2026-06-10,BKK_Ladprao,Pineapple,4,53.08,2026-06-08,6,5,49.0,7.27,7.27,53.08,observed_estimated_cost
4917,2026-06-10,BKK_Ladprao,Watermelon,4,54.92,2026-06-08,6,5,45.0,7.73,7.73,54.92,observed_estimated_cost
4918,2026-06-10,BKK_Sukhumvit,Guava,4,64.88,2026-06-08,6,5.5,49.0,10.22,10.22,64.88,observed_estimated_cost
4919,2026-06-10,BKK_Sukhumvit,MixedBerryPremium,3,149.67,2026-06-08,8,7,89.0,41.89,41.89,149.67,observed_estimated_cost
4920,2026-06-10,BKK_Sukhumvit,PassionFruit,3,107.01,2026-06-08,6,6,65.0,29.67,29.67,107.01,observed_estimated_cost
4921,2026-06-10,BKK_Sukhumvit,Pineapple,6,79.62,2026-06-08,6,5,49.0,7.27,7.27,79.62,observed_estimated_cost
4922,2026-06-10,BKK_Sukhumvit,Watermelon,4,54.92,2026-06-08,6,5,45.0,7.73,7.73,54.92,observed_estimated_cost
4923,2026-06-10,Pattaya_Beach,Guava,3,48.66,2026-06-08,6,5.5,49.0,10.22,10.22,48.66,observed_estimated_cost
4924,2026-06-10,Pattaya_Beach,MixedBerryPremium,8,399.12,2026-06-08,8,7,89.0,41.89,41.89,399.12,observed_estimated_cost
4925,2026-06-10,Pattaya_Beach,PassionFruit,5,178.35,2026-06-08,6,6,65.0,29.67,29.67,178.35,observed_estimated_cost
4926,2026-06-10,Pattaya_Beach,Pineapple,2,26.54,2026-06-08,6,5,49.0,7.27,7.27,26.54,observed_estimated_cost
4927,2026-06-10,Pattaya_Beach,Watermelon,4,54.92,2026-06-08,6,5,45.0,7.73,7.73,54.92,observed_estimated_cost
4928,2026-06-10,Pattaya_Central,Guava,3,48.66,2026-06-08,6,5.5,49.0,10.22,10.22,48.66,observed_estimated_cost
4929,2026-06-10,Pattaya_Central,MixedBerryPremium,6,299.34,2026-06-08,8,7,89.0,41.89,41.89,299.34,observed_estimated_cost
4930,2026-06-10,Pattaya_Central,PassionFruit,6,214.02,2026-06-08,6,6,65.0,29.67,29.67,214.02,observed_estimated_cost
4931,2026-06-10,Pattaya_Central,Pineapple,5,66.35,2026-06-08,6,5,49.0,7.27,7.27,66.35,observed_estimated_cost
4932,2026-06-10,Pattaya_Central,Watermelon,2,27.46,2026-06-08,6,5,45.0,7.73,7.73,27.46,observed_estimated_cost
4933,2026-06-11,BKK_Ladprao,Guava,1,16.22,2026-06-08,6,5.5,49.0,10.22,10.22,16.22,observed_estimated_cost
4934,2026-06-11,BKK_Ladprao,MixedBerryPremium,5,249.45,2026-06-08,8,7,89.0,41.89,41.89,249.45,observed_estimated_cost
4935,2026-06-11,BKK_Ladprao,PassionFruit,8,285.36,2026-06-08,6,6,65.0,29.67,29.67,285.36,observed_estimated_cost
4936,2026-06-11,BKK_Ladprao,Pineapple,2,26.54,2026-06-08,6,5,49.0,7.27,7.27,26.54,observed_estimated_cost
4937,2026-06-11,BKK_Ladprao,Watermelon,2,27.46,2026-06-08,6,5,45.0,7.73,7.73,27.46,observed_estimated_cost
4938,2026-06-11,BKK_Sukhumvit,Guava,4,64.88,2026-06-08,6,5.5,49.0,10.22,10.22,64.88,observed_estimated_cost
4939,2026-06-11,BKK_Sukhumvit,MixedBerryPremium,11,548.79,2026-06-08,8,7,89.0,41.89,41.89,548.79,observed_estimated_cost
4940,2026-06-11,BKK_Sukhumvit,PassionFruit,7,249.69,2026-06-08,6,6,65.0,29.67,29.67,249.69,observed_estimated_cost
4941,2026-06-11,BKK_Sukhumvit,Pineapple,5,66.35,2026-06-08,6,5,49.0,7.27,7.27,66.35,observed_estimated_cost
4942,2026-06-11,BKK_Sukhumvit,Watermelon,5,68.65,2026-06-08,6,5,45.0,7.73,7.73,68.65,observed_estimated_cost
4943,2026-06-11,Pattaya_Beach,Guava,3,48.66,2026-06-08,6,5.5,49.0,10.22,10.22,48.66,observed_estimated_cost
4944,2026-06-11,Pattaya_Beach,MixedBerryPremium,6,299.34,2026-06-08,8,7,89.0,41.89,41.89,299.34,observed_estimated_cost
4945,2026-06-11,Pattaya_Beach,PassionFruit,5,178.35,2026-06-08,6,6,65.0,29.67,29.67,178.35,observed_estimated_cost
4946,2026-06-11,Pattaya_Beach,Pineapple,4,53.08,2026-06-08,6,5,49.0,7.27,7.27,53.08,observed_estimated_cost
4947,2026-06-11,Pattaya_Beach,Watermelon,7,96.11,2026-06-08,6,5,45.0,7.73,7.73,96.11,observed_estimated_cost
4948,2026-06-11,Pattaya_Central,Guava,3,48.66,2026-06-08,6,5.5,49.0,10.22,10.22,48.66,observed_estimated_cost
4949,2026-06-11,Pattaya_Central,MixedBerryPremium,3,149.67,2026-06-08,8,7,89.0,41.89,41.89,149.67,observed_estimated_cost
4950,2026-06-11,Pattaya_Central,PassionFruit,5,178.35,2026-06-08,6,6,65.0,29.67,29.67,178.35,observed_estimated_cost
4951,2026-06-11,Pattaya_Central,Pineapple,5,66.35,2026-06-08,6,5,49.0,7.27,7.27,66.35,observed_estimated_cost
4952,2026-06-11,Pattaya_Central,Watermelon,8,109.84,2026-06-08,6,5,45.0,7.73,7.73,109.84,observed_estimated_cost
4953,2026-06-12,BKK_Ladprao,Guava,4,64.88,2026-06-08,6,5.5,49.0,10.22,10.22,64.88,observed_estimated_cost
4954,2026-06-12,BKK_Ladprao,MixedBerryPremium,0,0.0,2026-06-08,8,7,89.0,41.89,41.89,0.0,observed_estimated_cost
4955,2026-06-12,BKK_Ladprao,PassionFruit,3,107.01,2026-06-08,6,6,65.0,29.67,29.67,107.01,observed_estimated_cost
4956,2026-06-12,BKK_Ladprao,Pineapple,6,79.62,2026-06-08,6,5,49.0,7.27,7.27,79.62,observed_estimated_cost
4957,2026-06-12,BKK_Ladprao,Watermelon,6,82.38,2026-06-08,6,5,45.0,7.73,7.73,82.38,observed_estimated_cost
4958,2026-06-12,BKK_Sukhumvit,Guava,2,32.44,2026-06-08,6,5.5,49.0,10.22,10.22,32.44,observed_estimated_cost
4959,2026-06-12,BKK_Sukhumvit,MixedBerryPremium,6,299.34,2026-06-08,8,7,89.0,41.89,41.89,299.34,observed_estimated_cost
4960,2026-06-12,BKK_Sukhumvit,PassionFruit,5,178.35,2026-06-08,6,6,65.0,29.67,29.67,178.35,observed_estimated_cost
4961,2026-06-12,BKK_Sukhumvit,Pineapple,2,26.54,2026-06-08,6,5,49.0,7.27,7.27,26.54,observed_estimated_cost
4962,2026-06-12,BKK_Sukhumvit,Watermelon,4,54.92,2026-06-08,6,5,45.0,7.73,7.73,54.92,observed_estimated_cost
4963,2026-06-12,Pattaya_Beach,Guava,4,64.88,2026-06-08,6,5.5,49.0,10.22,10.22,64.88,observed_estimated_cost
4964,2026-06-12,Pattaya_Beach,MixedBerryPremium,11,548.79,2026-06-08,8,7,89.0,41.89,41.89,548.79,observed_estimated_cost
4965,2026-06-12,Pattaya_Beach,PassionFruit,5,178.35,2026-06-08,6,6,65.0,29.67,29.67,178.35,observed_estimated_cost
4966,2026-06-12,Pattaya_Beach,Pineapple,4,53.08,2026-06-08,6,5,49.0,7.27,7.27,53.08,observed_estimated_cost
4967,2026-06-12,Pattaya_Beach,Watermelon,2,27.46,2026-06-08,6,5,45.0,7.73,7.73,27.46,observed_estimated_cost
4968,2026-06-12,Pattaya_Central,Guava,4,64.88,2026-06-08,6,5.5,49.0,10.22,10.22,64.88,observed_estimated_cost
4969,2026-06-12,Pattaya_Central,MixedBerryPremium,8,399.12,2026-06-08,8,7,89.0,41.89,41.89,399.12,observed_estimated_cost
4970,2026-06-12,Pattaya_Central,PassionFruit,7,249.69,2026-06-08,6,6,65.0,29.67,29.67,249.69,observed_estimated_cost
4971,2026-06-12,Pattaya_Central,Pineapple,7,92.89,2026-06-08,6,5,49.0,7.27,7.27,92.89,observed_estimated_cost
4972,2026-06-12,Pattaya_Central,Watermelon,4,54.92,2026-06-08,6,5,45.0,7.73,7.73,54.92,observed_estimated_cost
4973,2026-06-13,BKK_Ladprao,Guava,4,64.88,2026-06-08,6,5.5,49.0,10.22,10.22,64.88,observed_estimated_cost
4974,2026-06-13,BKK_Ladprao,MixedBerryPremium,3,149.67,2026-06-08,8,7,89.0,41.89,41.89,149.67,observed_estimated_cost
4975,2026-06-13,BKK_Ladprao,PassionFruit,2,71.34,2026-06-08,6,6,65.0,29.67,29.67,71.34,observed_estimated_cost
4976,2026-06-13,BKK_Ladprao,Pineapple,5,66.35,2026-06-08,6,5,49.0,7.27,7.27,66.35,observed_estimated_cost
4977,2026-06-13,BKK_Ladprao,Watermelon,7,96.11,2026-06-08,6,5,45.0,7.73,7.73,96.11,observed_estimated_cost
4978,2026-06-13,BKK_Sukhumvit,Guava,3,48.66,2026-06-08,6,5.5,49.0,10.22,10.22,48.66,observed_estimated_cost
4979,2026-06-13,BKK_Sukhumvit,MixedBerryPremium,6,299.34,2026-06-08,8,7,89.0,41.89,41.89,299.34,observed_estimated_cost
4980,2026-06-13,BKK_Sukhumvit,PassionFruit,3,107.01,2026-06-08,6,6,65.0,29.67,29.67,107.01,observed_estimated_cost
4981,2026-06-13,BKK_Sukhumvit,Pineapple,5,66.35,2026-06-08,6,5,49.0,7.27,7.27,66.35,observed_estimated_cost
4982,2026-06-13,BKK_Sukhumvit,Watermelon,5,68.65,2026-06-08,6,5,45.0,7.73,7.73,68.65,observed_estimated_cost
4983,2026-06-13,Pattaya_Beach,Guava,1,16.22,2026-06-08,6,5.5,49.0,10.22,10.22,16.22,observed_estimated_cost
4984,2026-06-13,Pattaya_Beach,MixedBerryPremium,2,99.78,2026-06-08,8,7,89.0,41.89,41.89,99.78,observed_estimated_cost
4985,2026-06-13,Pattaya_Beach,PassionFruit,8,285.36,2026-06-08,6,6,65.0,29.67,29.67,285.36,observed_estimated_cost
4986,2026-06-13,Pattaya_Beach,Pineapple,3,39.81,2026-06-08,6,5,49.0,7.27,7.27,39.81,observed_estimated_cost
4987,2026-06-13,Pattaya_Beach,Watermelon,7,96.11,2026-06-08,6,5,45.0,7.73,7.73,96.11,observed_estimated_cost
4988,2026-06-13,Pattaya_Central,Guava,5,81.1,2026-06-08,6,5.5,49.0,10.22,10.22,81.1,observed_estimated_cost
4989,2026-06-13,Pattaya_Central,MixedBerryPremium,12,598.68,2026-06-08,8,7,89.0,41.89,41.89,598.68,observed_estimated_cost
4990,2026-06-13,Pattaya_Central,PassionFruit,5,178.35,2026-06-08,6,6,65.0,29.67,29.67,178.35,observed_estimated_cost
4991,2026-06-13,Pattaya_Central,Pineapple,9,119.43,2026-06-08,6,5,49.0,7.27,7.27,119.43,observed_estimated_cost
4992,2026-06-13,Pattaya_Central,Watermelon,4,54.92,2026-06-08,6,5,45.0,7.73,7.73,54.92,observed_estimated_cost
4993,2026-06-14,BKK_Ladprao,Guava,3,48.66,2026-06-08,6,5.5,49.0,10.22,10.22,48.66,observed_estimated_cost
4994,2026-06-14,BKK_Ladprao,MixedBerryPremium,18,898.02,2026-06-08,8,7,89.0,41.89,41.89,898.02,observed_estimated_cost
4995,2026-06-14,BKK_Ladprao,PassionFruit,6,214.02,2026-06-08,6,6,65.0,29.67,29.67,214.02,observed_estimated_cost
4996,2026-06-14,BKK_Ladprao,Pineapple,4,53.08,2026-06-08,6,5,49.0,7.27,7.27,53.08,observed_estimated_cost
4997,2026-06-14,BKK_Ladprao,Watermelon,5,68.65,2026-06-08,6,5,45.0,7.73,7.73,68.65,observed_estimated_cost
4998,2026-06-14,BKK_Sukhumvit,Guava,3,48.66,2026-06-08,6,5.5,49.0,10.22,10.22,48.66,observed_estimated_cost
4999,2026-06-14,BKK_Sukhumvit,MixedBerryPremium,10,498.9,2026-06-08,8,7,89.0,41.89,41.89,498.9,observed_estimated_cost
5000,2026-06-14,BKK_Sukhumvit,PassionFruit,3,107.01,2026-06-08,6,6,65.0,29.67,29.67,107.01,observed_estimated_cost
5001,2026-06-14,BKK_Sukhumvit,Pineapple,4,53.08,2026-06-08,6,5,49.0,7.27,7.27,53.08,observed_estimated_cost
5002,2026-06-14,BKK_Sukhumvit,Watermelon,6,82.38,2026-06-08,6,5,45.0,7.73,7.73,82.38,observed_estimated_cost
5003,2026-06-14,Pattaya_Beach,Guava,3,48.66,2026-06-08,6,5.5,49.0,10.22,10.22,48.66,observed_estimated_cost
5004,2026-06-14,Pattaya_Beach,MixedBerryPremium,7,349.23,2026-06-08,8,7,89.0,41.89,41.89,349.23,observed_estimated_cost
5005,2026-06-14,Pattaya_Beach,PassionFruit,5,178.35,2026-06-08,6,6,65.0,29.67,29.67,178.35,observed_estimated_cost
5006,2026-06-14,Pattaya_Beach,Pineapple,4,53.08,2026-06-08,6,5,49.0,7.27,7.27,53.08,observed_estimated_cost
5007,2026-06-14,Pattaya_Beach,Watermelon,6,82.38,2026-06-08,6,5,45.0,7.73,7.73,82.38,observed_estimated_cost
5008,2026-06-14,Pattaya_Central,Guava,8,129.76,2026-06-08,6,5.5,49.0,10.22,10.22,129.76,observed_estimated_cost
5009,2026-06-14,Pattaya_Central,MixedBerryPremium,7,349.23,2026-06-08,8,7,89.0,41.89,41.89,349.23,observed_estimated_cost
5010,2026-06-14,Pattaya_Central,PassionFruit,3,107.01,2026-06-08,6,6,65.0,29.67,29.67,107.01,observed_estimated_cost
5011,2026-06-14,Pattaya_Central,Pineapple,5,66.35,2026-06-08,6,5,49.0,7.27,7.27,66.35,observed_estimated_cost
5012,2026-06-14,Pattaya_Central,Watermelon,5,68.65,2026-06-08,6,5,45.0,7.73,7.73,68.65,observed_estimated_cost
5013,2026-06-15,BKK_Ladprao,Guava,2,34.32,2026-06-15,6,5.5,49.0,11.16,11.16,34.32,observed_estimated_cost
5014,2026-06-15,BKK_Ladprao,MixedBerryPremium,8,396.16,2026-06-15,8,7,89.0,41.52,41.52,396.16,observed_estimated_cost
5015,2026-06-15,BKK_Ladprao,PassionFruit,4,135.0,2026-06-15,6,6,65.0,27.75,27.75,135.0,observed_estimated_cost
5016,2026-06-15,BKK_Ladprao,Pineapple,8,117.04,2026-06-15,6,5,49.0,8.63,8.63,117.04,observed_estimated_cost
5017,2026-06-15,BKK_Ladprao,Watermelon,4,56.8,2026-06-15,6,5,45.0,8.2,8.2,56.8,observed_estimated_cost
5018,2026-06-15,BKK_Sukhumvit,Guava,3,51.48,2026-06-15,6,5.5,49.0,11.16,11.16,51.48,observed_estimated_cost
5019,2026-06-15,BKK_Sukhumvit,MixedBerryPremium,7,346.64,2026-06-15,8,7,89.0,41.52,41.52,346.64,observed_estimated_cost
5020,2026-06-15,BKK_Sukhumvit,PassionFruit,3,101.25,2026-06-15,6,6,65.0,27.75,27.75,101.25,observed_estimated_cost
5021,2026-06-15,BKK_Sukhumvit,Pineapple,2,29.26,2026-06-15,6,5,49.0,8.63,8.63,29.26,observed_estimated_cost
5022,2026-06-15,BKK_Sukhumvit,Watermelon,5,71.0,2026-06-15,6,5,45.0,8.2,8.2,71.0,observed_estimated_cost
5023,2026-06-15,Pattaya_Beach,Guava,4,68.64,2026-06-15,6,5.5,49.0,11.16,11.16,68.64,observed_estimated_cost
5024,2026-06-15,Pattaya_Beach,MixedBerryPremium,6,297.12,2026-06-15,8,7,89.0,41.52,41.52,297.12,observed_estimated_cost
5025,2026-06-15,Pattaya_Beach,PassionFruit,5,168.75,2026-06-15,6,6,65.0,27.75,27.75,168.75,observed_estimated_cost
5026,2026-06-15,Pattaya_Beach,Pineapple,2,29.26,2026-06-15,6,5,49.0,8.63,8.63,29.26,observed_estimated_cost
5027,2026-06-15,Pattaya_Beach,Watermelon,6,85.2,2026-06-15,6,5,45.0,8.2,8.2,85.2,observed_estimated_cost
5028,2026-06-15,Pattaya_Central,Guava,3,51.48,2026-06-15,6,5.5,49.0,11.16,11.16,51.48,observed_estimated_cost
5029,2026-06-15,Pattaya_Central,MixedBerryPremium,8,396.16,2026-06-15,8,7,89.0,41.52,41.52,396.16,observed_estimated_cost
5030,2026-06-15,Pattaya_Central,PassionFruit,5,168.75,2026-06-15,6,6,65.0,27.75,27.75,168.75,observed_estimated_cost
5031,2026-06-15,Pattaya_Central,Pineapple,4,58.52,2026-06-15,6,5,49.0,8.63,8.63,58.52,observed_estimated_cost
5032,2026-06-15,Pattaya_Central,Watermelon,5,71.0,2026-06-15,6,5,45.0,8.2,8.2,71.0,observed_estimated_cost
5033,2026-06-16,BKK_Ladprao,Guava,3,51.48,2026-06-15,6,5.5,49.0,11.16,11.16,51.48,observed_estimated_cost
5034,2026-06-16,BKK_Ladprao,MixedBerryPremium,1,49.52,2026-06-15,8,7,89.0,41.52,41.52,49.52,observed_estimated_cost
5035,2026-06-16,BKK_Ladprao,PassionFruit,3,101.25,2026-06-15,6,6,65.0,27.75,27.75,101.25,observed_estimated_cost
5036,2026-06-16,BKK_Ladprao,Pineapple,3,43.89,2026-06-15,6,5,49.0,8.63,8.63,43.89,observed_estimated_cost
5037,2026-06-16,BKK_Ladprao,Watermelon,7,99.4,2026-06-15,6,5,45.0,8.2,8.2,99.4,observed_estimated_cost
5038,2026-06-16,BKK_Sukhumvit,Guava,3,51.48,2026-06-15,6,5.5,49.0,11.16,11.16,51.48,observed_estimated_cost
5039,2026-06-16,BKK_Sukhumvit,MixedBerryPremium,5,247.6,2026-06-15,8,7,89.0,41.52,41.52,247.6,observed_estimated_cost
5040,2026-06-16,BKK_Sukhumvit,PassionFruit,4,135.0,2026-06-15,6,6,65.0,27.75,27.75,135.0,observed_estimated_cost
5041,2026-06-16,BKK_Sukhumvit,Pineapple,3,43.89,2026-06-15,6,5,49.0,8.63,8.63,43.89,observed_estimated_cost
5042,2026-06-16,BKK_Sukhumvit,Watermelon,6,85.2,2026-06-15,6,5,45.0,8.2,8.2,85.2,observed_estimated_cost
5043,2026-06-16,Pattaya_Beach,Guava,3,51.48,2026-06-15,6,5.5,49.0,11.16,11.16,51.48,observed_estimated_cost
5044,2026-06-16,Pattaya_Beach,MixedBerryPremium,8,396.16,2026-06-15,8,7,89.0,41.52,41.52,396.16,observed_estimated_cost
5045,2026-06-16,Pattaya_Beach,PassionFruit,3,101.25,2026-06-15,6,6,65.0,27.75,27.75,101.25,observed_estimated_cost
5046,2026-06-16,Pattaya_Beach,Pineapple,3,43.89,2026-06-15,6,5,49.0,8.63,8.63,43.89,observed_estimated_cost
5047,2026-06-16,Pattaya_Beach,Watermelon,4,56.8,2026-06-15,6,5,45.0,8.2,8.2,56.8,observed_estimated_cost
5048,2026-06-16,Pattaya_Central,Guava,3,51.48,2026-06-15,6,5.5,49.0,11.16,11.16,51.48,observed_estimated_cost
5049,2026-06-16,Pattaya_Central,MixedBerryPremium,4,198.08,2026-06-15,8,7,89.0,41.52,41.52,198.08,observed_estimated_cost
5050,2026-06-16,Pattaya_Central,PassionFruit,5,168.75,2026-06-15,6,6,65.0,27.75,27.75,168.75,observed_estimated_cost
5051,2026-06-16,Pattaya_Central,Pineapple,6,87.78,2026-06-15,6,5,49.0,8.63,8.63,87.78,observed_estimated_cost
5052,2026-06-16,Pattaya_Central,Watermelon,5,71.0,2026-06-15,6,5,45.0,8.2,8.2,71.0,observed_estimated_cost
5053,2026-06-17,BKK_Ladprao,Guava,3,51.48,2026-06-15,6,5.5,49.0,11.16,11.16,51.48,observed_estimated_cost
5054,2026-06-17,BKK_Ladprao,MixedBerryPremium,9,445.68,2026-06-15,8,7,89.0,41.52,41.52,445.68,observed_estimated_cost
5055,2026-06-17,BKK_Ladprao,PassionFruit,5,168.75,2026-06-15,6,6,65.0,27.75,27.75,168.75,observed_estimated_cost
5056,2026-06-17,BKK_Ladprao,Pineapple,5,73.15,2026-06-15,6,5,49.0,8.63,8.63,73.15,observed_estimated_cost
5057,2026-06-17,BKK_Ladprao,Watermelon,4,56.8,2026-06-15,6,5,45.0,8.2,8.2,56.8,observed_estimated_cost
5058,2026-06-17,BKK_Sukhumvit,Guava,2,34.32,2026-06-15,6,5.5,49.0,11.16,11.16,34.32,observed_estimated_cost
5059,2026-06-17,BKK_Sukhumvit,MixedBerryPremium,5,247.6,2026-06-15,8,7,89.0,41.52,41.52,247.6,observed_estimated_cost
5060,2026-06-17,BKK_Sukhumvit,PassionFruit,9,303.75,2026-06-15,6,6,65.0,27.75,27.75,303.75,observed_estimated_cost
5061,2026-06-17,BKK_Sukhumvit,Pineapple,8,117.04,2026-06-15,6,5,49.0,8.63,8.63,117.04,observed_estimated_cost
5062,2026-06-17,BKK_Sukhumvit,Watermelon,4,56.8,2026-06-15,6,5,45.0,8.2,8.2,56.8,observed_estimated_cost
5063,2026-06-17,Pattaya_Beach,Guava,5,85.8,2026-06-15,6,5.5,49.0,11.16,11.16,85.8,observed_estimated_cost
5064,2026-06-17,Pattaya_Beach,MixedBerryPremium,7,346.64,2026-06-15,8,7,89.0,41.52,41.52,346.64,observed_estimated_cost
5065,2026-06-17,Pattaya_Beach,PassionFruit,4,135.0,2026-06-15,6,6,65.0,27.75,27.75,135.0,observed_estimated_cost
5066,2026-06-17,Pattaya_Beach,Pineapple,4,58.52,2026-06-15,6,5,49.0,8.63,8.63,58.52,observed_estimated_cost
5067,2026-06-17,Pattaya_Beach,Watermelon,8,113.6,2026-06-15,6,5,45.0,8.2,8.2,113.6,observed_estimated_cost
5068,2026-06-17,Pattaya_Central,Guava,3,51.48,2026-06-15,6,5.5,49.0,11.16,11.16,51.48,observed_estimated_cost
5069,2026-06-17,Pattaya_Central,MixedBerryPremium,3,148.56,2026-06-15,8,7,89.0,41.52,41.52,148.56,observed_estimated_cost
5070,2026-06-17,Pattaya_Central,PassionFruit,3,101.25,2026-06-15,6,6,65.0,27.75,27.75,101.25,observed_estimated_cost
5071,2026-06-17,Pattaya_Central,Pineapple,3,43.89,2026-06-15,6,5,49.0,8.63,8.63,43.89,observed_estimated_cost
5072,2026-06-17,Pattaya_Central,Watermelon,4,56.8,2026-06-15,6,5,45.0,8.2,8.2,56.8,observed_estimated_cost
5073,2026-06-18,BKK_Ladprao,Guava,4,68.64,2026-06-15,6,5.5,49.0,11.16,11.16,68.64,observed_estimated_cost
5074,2026-06-18,BKK_Ladprao,MixedBerryPremium,3,148.56,2026-06-15,8,7,89.0,41.52,41.52,148.56,observed_estimated_cost
5075,2026-06-18,BKK_Ladprao,PassionFruit,3,101.25,2026-06-15,6,6,65.0,27.75,27.75,101.25,observed_estimated_cost
5076,2026-06-18,BKK_Ladprao,Pineapple,3,43.89,2026-06-15,6,5,49.0,8.63,8.63,43.89,observed_estimated_cost
5077,2026-06-18,BKK_Ladprao,Watermelon,3,42.6,2026-06-15,6,5,45.0,8.2,8.2,42.6,observed_estimated_cost
5078,2026-06-18,BKK_Sukhumvit,Guava,3,51.48,2026-06-15,6,5.5,49.0,11.16,11.16,51.48,observed_estimated_cost
5079,2026-06-18,BKK_Sukhumvit,MixedBerryPremium,6,297.12,2026-06-15,8,7,89.0,41.52,41.52,297.12,observed_estimated_cost
5080,2026-06-18,BKK_Sukhumvit,PassionFruit,3,101.25,2026-06-15,6,6,65.0,27.75,27.75,101.25,observed_estimated_cost
5081,2026-06-18,BKK_Sukhumvit,Pineapple,3,43.89,2026-06-15,6,5,49.0,8.63,8.63,43.89,observed_estimated_cost
5082,2026-06-18,BKK_Sukhumvit,Watermelon,6,85.2,2026-06-15,6,5,45.0,8.2,8.2,85.2,observed_estimated_cost
5083,2026-06-18,Pattaya_Beach,Guava,3,51.48,2026-06-15,6,5.5,49.0,11.16,11.16,51.48,observed_estimated_cost
5084,2026-06-18,Pattaya_Beach,MixedBerryPremium,5,247.6,2026-06-15,8,7,89.0,41.52,41.52,247.6,observed_estimated_cost
5085,2026-06-18,Pattaya_Beach,PassionFruit,4,135.0,2026-06-15,6,6,65.0,27.75,27.75,135.0,observed_estimated_cost
5086,2026-06-18,Pattaya_Beach,Pineapple,2,29.26,2026-06-15,6,5,49.0,8.63,8.63,29.26,observed_estimated_cost
5087,2026-06-18,Pattaya_Beach,Watermelon,5,71.0,2026-06-15,6,5,45.0,8.2,8.2,71.0,observed_estimated_cost
5088,2026-06-18,Pattaya_Central,Guava,4,68.64,2026-06-15,6,5.5,49.0,11.16,11.16,68.64,observed_estimated_cost
5089,2026-06-18,Pattaya_Central,MixedBerryPremium,8,396.16,2026-06-15,8,7,89.0,41.52,41.52,396.16,observed_estimated_cost
5090,2026-06-18,Pattaya_Central,PassionFruit,5,168.75,2026-06-15,6,6,65.0,27.75,27.75,168.75,observed_estimated_cost
5091,2026-06-18,Pattaya_Central,Pineapple,4,58.52,2026-06-15,6,5,49.0,8.63,8.63,58.52,observed_estimated_cost
5092,2026-06-18,Pattaya_Central,Watermelon,7,99.4,2026-06-15,6,5,45.0,8.2,8.2,99.4,observed_estimated_cost
5093,2026-06-19,BKK_Ladprao,Guava,3,51.48,2026-06-15,6,5.5,49.0,11.16,11.16,51.48,observed_estimated_cost
5094,2026-06-19,BKK_Ladprao,MixedBerryPremium,11,544.72,2026-06-15,8,7,89.0,41.52,41.52,544.72,observed_estimated_cost
5095,2026-06-19,BKK_Ladprao,PassionFruit,5,168.75,2026-06-15,6,6,65.0,27.75,27.75,168.75,observed_estimated_cost
5096,2026-06-19,BKK_Ladprao,Pineapple,3,43.89,2026-06-15,6,5,49.0,8.63,8.63,43.89,observed_estimated_cost
5097,2026-06-19,BKK_Ladprao,Watermelon,4,56.8,2026-06-15,6,5,45.0,8.2,8.2,56.8,observed_estimated_cost
5098,2026-06-19,BKK_Sukhumvit,Guava,2,34.32,2026-06-15,6,5.5,49.0,11.16,11.16,34.32,observed_estimated_cost
5099,2026-06-19,BKK_Sukhumvit,MixedBerryPremium,6,297.12,2026-06-15,8,7,89.0,41.52,41.52,297.12,observed_estimated_cost
5100,2026-06-19,BKK_Sukhumvit,PassionFruit,4,135.0,2026-06-15,6,6,65.0,27.75,27.75,135.0,observed_estimated_cost
5101,2026-06-19,BKK_Sukhumvit,Pineapple,3,43.89,2026-06-15,6,5,49.0,8.63,8.63,43.89,observed_estimated_cost
5102,2026-06-19,BKK_Sukhumvit,Watermelon,4,56.8,2026-06-15,6,5,45.0,8.2,8.2,56.8,observed_estimated_cost
5103,2026-06-19,Pattaya_Beach,Guava,2,34.32,2026-06-15,6,5.5,49.0,11.16,11.16,34.32,observed_estimated_cost
5104,2026-06-19,Pattaya_Beach,MixedBerryPremium,5,247.6,2026-06-15,8,7,89.0,41.52,41.52,247.6,observed_estimated_cost
5105,2026-06-19,Pattaya_Beach,PassionFruit,8,270.0,2026-06-15,6,6,65.0,27.75,27.75,270.0,observed_estimated_cost
5106,2026-06-19,Pattaya_Beach,Pineapple,3,43.89,2026-06-15,6,5,49.0,8.63,8.63,43.89,observed_estimated_cost
5107,2026-06-19,Pattaya_Beach,Watermelon,5,71.0,2026-06-15,6,5,45.0,8.2,8.2,71.0,observed_estimated_cost
5108,2026-06-19,Pattaya_Central,Guava,5,85.8,2026-06-15,6,5.5,49.0,11.16,11.16,85.8,observed_estimated_cost
5109,2026-06-19,Pattaya_Central,MixedBerryPremium,6,297.12,2026-06-15,8,7,89.0,41.52,41.52,297.12,observed_estimated_cost
5110,2026-06-19,Pattaya_Central,PassionFruit,4,135.0,2026-06-15,6,6,65.0,27.75,27.75,135.0,observed_estimated_cost
5111,2026-06-19,Pattaya_Central,Pineapple,8,117.04,2026-06-15,6,5,49.0,8.63,8.63,117.04,observed_estimated_cost
5112,2026-06-19,Pattaya_Central,Watermelon,7,99.4,2026-06-15,6,5,45.0,8.2,8.2,99.4,observed_estimated_cost
5113,2026-06-20,BKK_Ladprao,Guava,3,51.48,2026-06-15,6,5.5,49.0,11.16,11.16,51.48,observed_estimated_cost
5114,2026-06-20,BKK_Ladprao,MixedBerryPremium,6,297.12,2026-06-15,8,7,89.0,41.52,41.52,297.12,observed_estimated_cost
5115,2026-06-20,BKK_Ladprao,PassionFruit,5,168.75,2026-06-15,6,6,65.0,27.75,27.75,168.75,observed_estimated_cost
5116,2026-06-20,BKK_Ladprao,Pineapple,2,29.26,2026-06-15,6,5,49.0,8.63,8.63,29.26,observed_estimated_cost
5117,2026-06-20,BKK_Ladprao,Watermelon,6,85.2,2026-06-15,6,5,45.0,8.2,8.2,85.2,observed_estimated_cost
5118,2026-06-20,BKK_Sukhumvit,Guava,3,51.48,2026-06-15,6,5.5,49.0,11.16,11.16,51.48,observed_estimated_cost
5119,2026-06-20,BKK_Sukhumvit,MixedBerryPremium,4,198.08,2026-06-15,8,7,89.0,41.52,41.52,198.08,observed_estimated_cost
5120,2026-06-20,BKK_Sukhumvit,PassionFruit,9,303.75,2026-06-15,6,6,65.0,27.75,27.75,303.75,observed_estimated_cost
5121,2026-06-20,BKK_Sukhumvit,Pineapple,4,58.52,2026-06-15,6,5,49.0,8.63,8.63,58.52,observed_estimated_cost
5122,2026-06-20,BKK_Sukhumvit,Watermelon,5,71.0,2026-06-15,6,5,45.0,8.2,8.2,71.0,observed_estimated_cost
5123,2026-06-20,Pattaya_Beach,Guava,4,68.64,2026-06-15,6,5.5,49.0,11.16,11.16,68.64,observed_estimated_cost
5124,2026-06-20,Pattaya_Beach,MixedBerryPremium,9,445.68,2026-06-15,8,7,89.0,41.52,41.52,445.68,observed_estimated_cost
5125,2026-06-20,Pattaya_Beach,PassionFruit,6,202.5,2026-06-15,6,6,65.0,27.75,27.75,202.5,observed_estimated_cost
5126,2026-06-20,Pattaya_Beach,Pineapple,6,87.78,2026-06-15,6,5,49.0,8.63,8.63,87.78,observed_estimated_cost
5127,2026-06-20,Pattaya_Beach,Watermelon,3,42.6,2026-06-15,6,5,45.0,8.2,8.2,42.6,observed_estimated_cost
5128,2026-06-20,Pattaya_Central,Guava,5,85.8,2026-06-15,6,5.5,49.0,11.16,11.16,85.8,observed_estimated_cost
5129,2026-06-20,Pattaya_Central,MixedBerryPremium,11,544.72,2026-06-15,8,7,89.0,41.52,41.52,544.72,observed_estimated_cost
5130,2026-06-20,Pattaya_Central,PassionFruit,5,168.75,2026-06-15,6,6,65.0,27.75,27.75,168.75,observed_estimated_cost
5131,2026-06-20,Pattaya_Central,Pineapple,4,58.52,2026-06-15,6,5,49.0,8.63,8.63,58.52,observed_estimated_cost
5132,2026-06-20,Pattaya_Central,Watermelon,9,127.8,2026-06-15,6,5,45.0,8.2,8.2,127.8,observed_estimated_cost
5133,2026-06-21,BKK_Ladprao,Guava,5,85.8,2026-06-15,6,5.5,49.0,11.16,11.16,85.8,observed_estimated_cost
5134,2026-06-21,BKK_Ladprao,MixedBerryPremium,6,297.12,2026-06-15,8,7,89.0,41.52,41.52,297.12,observed_estimated_cost
5135,2026-06-21,BKK_Ladprao,PassionFruit,6,202.5,2026-06-15,6,6,65.0,27.75,27.75,202.5,observed_estimated_cost
5136,2026-06-21,BKK_Ladprao,Pineapple,3,43.89,2026-06-15,6,5,49.0,8.63,8.63,43.89,observed_estimated_cost
5137,2026-06-21,BKK_Ladprao,Watermelon,6,85.2,2026-06-15,6,5,45.0,8.2,8.2,85.2,observed_estimated_cost
5138,2026-06-21,BKK_Sukhumvit,Guava,5,85.8,2026-06-15,6,5.5,49.0,11.16,11.16,85.8,observed_estimated_cost
5139,2026-06-21,BKK_Sukhumvit,MixedBerryPremium,8,396.16,2026-06-15,8,7,89.0,41.52,41.52,396.16,observed_estimated_cost
5140,2026-06-21,BKK_Sukhumvit,PassionFruit,3,101.25,2026-06-15,6,6,65.0,27.75,27.75,101.25,observed_estimated_cost
5141,2026-06-21,BKK_Sukhumvit,Pineapple,3,43.89,2026-06-15,6,5,49.0,8.63,8.63,43.89,observed_estimated_cost
5142,2026-06-21,BKK_Sukhumvit,Watermelon,6,85.2,2026-06-15,6,5,45.0,8.2,8.2,85.2,observed_estimated_cost
5143,2026-06-21,Pattaya_Beach,Guava,2,34.32,2026-06-15,6,5.5,49.0,11.16,11.16,34.32,observed_estimated_cost
5144,2026-06-21,Pattaya_Beach,MixedBerryPremium,7,346.64,2026-06-15,8,7,89.0,41.52,41.52,346.64,observed_estimated_cost
5145,2026-06-21,Pattaya_Beach,PassionFruit,6,202.5,2026-06-15,6,6,65.0,27.75,27.75,202.5,observed_estimated_cost
5146,2026-06-21,Pattaya_Beach,Pineapple,5,73.15,2026-06-15,6,5,49.0,8.63,8.63,73.15,observed_estimated_cost
5147,2026-06-21,Pattaya_Beach,Watermelon,9,127.8,2026-06-15,6,5,45.0,8.2,8.2,127.8,observed_estimated_cost
5148,2026-06-21,Pattaya_Central,Guava,5,85.8,2026-06-15,6,5.5,49.0,11.16,11.16,85.8,observed_estimated_cost
5149,2026-06-21,Pattaya_Central,MixedBerryPremium,8,396.16,2026-06-15,8,7,89.0,41.52,41.52,396.16,observed_estimated_cost
5150,2026-06-21,Pattaya_Central,PassionFruit,5,168.75,2026-06-15,6,6,65.0,27.75,27.75,168.75,observed_estimated_cost
5151,2026-06-21,Pattaya_Central,Pineapple,5,73.15,2026-06-15,6,5,49.0,8.63,8.63,73.15,observed_estimated_cost
5152,2026-06-21,Pattaya_Central,Watermelon,8,113.6,2026-06-15,6,5,45.0,8.2,8.2,113.6,observed_estimated_cost
5153,2026-06-22,BKK_Ladprao,Guava,4,64.36,2026-06-22,6,5.5,49.0,10.09,10.09,64.36,observed_estimated_cost
5154,2026-06-22,BKK_Ladprao,MixedBerryPremium,6,308.82,2026-06-22,8,7,89.0,43.47,43.47,308.82,observed_estimated_cost
5155,2026-06-22,BKK_Ladprao,PassionFruit,3,96.09,2026-06-22,6,6,65.0,26.03,26.03,96.09,observed_estimated_cost
5156,2026-06-22,BKK_Ladprao,Pineapple,5,71.3,2026-06-22,6,5,49.0,8.26,8.26,71.3,observed_estimated_cost
5157,2026-06-22,BKK_Ladprao,Watermelon,6,85.32,2026-06-22,6,5,45.0,8.22,8.22,85.32,observed_estimated_cost
5158,2026-06-22,BKK_Sukhumvit,Guava,3,48.27,2026-06-22,6,5.5,49.0,10.09,10.09,48.27,observed_estimated_cost
5159,2026-06-22,BKK_Sukhumvit,MixedBerryPremium,5,257.35,2026-06-22,8,7,89.0,43.47,43.47,257.35,observed_estimated_cost
5160,2026-06-22,BKK_Sukhumvit,PassionFruit,3,96.09,2026-06-22,6,6,65.0,26.03,26.03,96.09,observed_estimated_cost
5161,2026-06-22,BKK_Sukhumvit,Pineapple,6,85.56,2026-06-22,6,5,49.0,8.26,8.26,85.56,observed_estimated_cost
5162,2026-06-22,BKK_Sukhumvit,Watermelon,5,71.1,2026-06-22,6,5,45.0,8.22,8.22,71.1,observed_estimated_cost
5163,2026-06-22,Pattaya_Beach,Guava,2,32.18,2026-06-22,6,5.5,49.0,10.09,10.09,32.18,observed_estimated_cost
5164,2026-06-22,Pattaya_Beach,MixedBerryPremium,5,257.35,2026-06-22,8,7,89.0,43.47,43.47,257.35,observed_estimated_cost
5165,2026-06-22,Pattaya_Beach,PassionFruit,7,224.21,2026-06-22,6,6,65.0,26.03,26.03,224.21,observed_estimated_cost
5166,2026-06-22,Pattaya_Beach,Pineapple,3,42.78,2026-06-22,6,5,49.0,8.26,8.26,42.78,observed_estimated_cost
5167,2026-06-22,Pattaya_Beach,Watermelon,6,85.32,2026-06-22,6,5,45.0,8.22,8.22,85.32,observed_estimated_cost
5168,2026-06-22,Pattaya_Central,Guava,5,80.45,2026-06-22,6,5.5,49.0,10.09,10.09,80.45,observed_estimated_cost
5169,2026-06-22,Pattaya_Central,MixedBerryPremium,6,308.82,2026-06-22,8,7,89.0,43.47,43.47,308.82,observed_estimated_cost
5170,2026-06-22,Pattaya_Central,PassionFruit,2,64.06,2026-06-22,6,6,65.0,26.03,26.03,64.06,observed_estimated_cost
5171,2026-06-22,Pattaya_Central,Pineapple,2,28.52,2026-06-22,6,5,49.0,8.26,8.26,28.52,observed_estimated_cost
5172,2026-06-22,Pattaya_Central,Watermelon,4,56.88,2026-06-22,6,5,45.0,8.22,8.22,56.88,observed_estimated_cost
5173,2026-06-23,BKK_Ladprao,Guava,4,64.36,2026-06-22,6,5.5,49.0,10.09,10.09,64.36,observed_estimated_cost
5174,2026-06-23,BKK_Ladprao,MixedBerryPremium,6,308.82,2026-06-22,8,7,89.0,43.47,43.47,308.82,observed_estimated_cost
5175,2026-06-23,BKK_Ladprao,PassionFruit,5,160.15,2026-06-22,6,6,65.0,26.03,26.03,160.15,observed_estimated_cost
5176,2026-06-23,BKK_Ladprao,Pineapple,3,42.78,2026-06-22,6,5,49.0,8.26,8.26,42.78,observed_estimated_cost
5177,2026-06-23,BKK_Ladprao,Watermelon,7,99.54,2026-06-22,6,5,45.0,8.22,8.22,99.54,observed_estimated_cost
5178,2026-06-23,BKK_Sukhumvit,Guava,3,48.27,2026-06-22,6,5.5,49.0,10.09,10.09,48.27,observed_estimated_cost
5179,2026-06-23,BKK_Sukhumvit,MixedBerryPremium,7,360.29,2026-06-22,8,7,89.0,43.47,43.47,360.29,observed_estimated_cost
5180,2026-06-23,BKK_Sukhumvit,PassionFruit,5,160.15,2026-06-22,6,6,65.0,26.03,26.03,160.15,observed_estimated_cost
5181,2026-06-23,BKK_Sukhumvit,Pineapple,2,28.52,2026-06-22,6,5,49.0,8.26,8.26,28.52,observed_estimated_cost
5182,2026-06-23,BKK_Sukhumvit,Watermelon,2,28.44,2026-06-22,6,5,45.0,8.22,8.22,28.44,observed_estimated_cost
5183,2026-06-23,Pattaya_Beach,Guava,1,16.09,2026-06-22,6,5.5,49.0,10.09,10.09,16.09,observed_estimated_cost
5184,2026-06-23,Pattaya_Beach,MixedBerryPremium,6,308.82,2026-06-22,8,7,89.0,43.47,43.47,308.82,observed_estimated_cost
5185,2026-06-23,Pattaya_Beach,PassionFruit,6,192.18,2026-06-22,6,6,65.0,26.03,26.03,192.18,observed_estimated_cost
5186,2026-06-23,Pattaya_Beach,Pineapple,5,71.3,2026-06-22,6,5,49.0,8.26,8.26,71.3,observed_estimated_cost
5187,2026-06-23,Pattaya_Beach,Watermelon,3,42.66,2026-06-22,6,5,45.0,8.22,8.22,42.66,observed_estimated_cost
5188,2026-06-23,Pattaya_Central,Guava,3,48.27,2026-06-22,6,5.5,49.0,10.09,10.09,48.27,observed_estimated_cost
5189,2026-06-23,Pattaya_Central,MixedBerryPremium,8,411.76,2026-06-22,8,7,89.0,43.47,43.47,411.76,observed_estimated_cost
5190,2026-06-23,Pattaya_Central,PassionFruit,10,320.3,2026-06-22,6,6,65.0,26.03,26.03,320.3,observed_estimated_cost
5191,2026-06-23,Pattaya_Central,Pineapple,4,57.04,2026-06-22,6,5,49.0,8.26,8.26,57.04,observed_estimated_cost
5192,2026-06-23,Pattaya_Central,Watermelon,2,28.44,2026-06-22,6,5,45.0,8.22,8.22,28.44,observed_estimated_cost
5193,2026-06-24,BKK_Ladprao,Guava,3,48.27,2026-06-22,6,5.5,49.0,10.09,10.09,48.27,observed_estimated_cost
5194,2026-06-24,BKK_Ladprao,MixedBerryPremium,6,308.82,2026-06-22,8,7,89.0,43.47,43.47,308.82,observed_estimated_cost
5195,2026-06-24,BKK_Ladprao,PassionFruit,5,160.15,2026-06-22,6,6,65.0,26.03,26.03,160.15,observed_estimated_cost
5196,2026-06-24,BKK_Ladprao,Pineapple,5,71.3,2026-06-22,6,5,49.0,8.26,8.26,71.3,observed_estimated_cost
5197,2026-06-24,BKK_Ladprao,Watermelon,3,42.66,2026-06-22,6,5,45.0,8.22,8.22,42.66,observed_estimated_cost
5198,2026-06-24,BKK_Sukhumvit,Guava,4,64.36,2026-06-22,6,5.5,49.0,10.09,10.09,64.36,observed_estimated_cost
5199,2026-06-24,BKK_Sukhumvit,MixedBerryPremium,6,308.82,2026-06-22,8,7,89.0,43.47,43.47,308.82,observed_estimated_cost
5200,2026-06-24,BKK_Sukhumvit,PassionFruit,4,128.12,2026-06-22,6,6,65.0,26.03,26.03,128.12,observed_estimated_cost
5201,2026-06-24,BKK_Sukhumvit,Pineapple,4,57.04,2026-06-22,6,5,49.0,8.26,8.26,57.04,observed_estimated_cost
5202,2026-06-24,BKK_Sukhumvit,Watermelon,3,42.66,2026-06-22,6,5,45.0,8.22,8.22,42.66,observed_estimated_cost
5203,2026-06-24,Pattaya_Beach,Guava,1,16.09,2026-06-22,6,5.5,49.0,10.09,10.09,16.09,observed_estimated_cost
5204,2026-06-24,Pattaya_Beach,MixedBerryPremium,9,463.23,2026-06-22,8,7,89.0,43.47,43.47,463.23,observed_estimated_cost
5205,2026-06-24,Pattaya_Beach,PassionFruit,7,224.21,2026-06-22,6,6,65.0,26.03,26.03,224.21,observed_estimated_cost
5206,2026-06-24,Pattaya_Beach,Pineapple,4,57.04,2026-06-22,6,5,49.0,8.26,8.26,57.04,observed_estimated_cost
5207,2026-06-24,Pattaya_Beach,Watermelon,6,85.32,2026-06-22,6,5,45.0,8.22,8.22,85.32,observed_estimated_cost
5208,2026-06-24,Pattaya_Central,Guava,4,64.36,2026-06-22,6,5.5,49.0,10.09,10.09,64.36,observed_estimated_cost
5209,2026-06-24,Pattaya_Central,MixedBerryPremium,4,205.88,2026-06-22,8,7,89.0,43.47,43.47,205.88,observed_estimated_cost
5210,2026-06-24,Pattaya_Central,PassionFruit,5,160.15,2026-06-22,6,6,65.0,26.03,26.03,160.15,observed_estimated_cost
5211,2026-06-24,Pattaya_Central,Pineapple,4,57.04,2026-06-22,6,5,49.0,8.26,8.26,57.04,observed_estimated_cost
5212,2026-06-24,Pattaya_Central,Watermelon,6,85.32,2026-06-22,6,5,45.0,8.22,8.22,85.32,observed_estimated_cost
5213,2026-06-25,BKK_Ladprao,Guava,3,48.27,2026-06-22,6,5.5,49.0,10.09,10.09,48.27,observed_estimated_cost
5214,2026-06-25,BKK_Ladprao,MixedBerryPremium,16,823.52,2026-06-22,8,7,89.0,43.47,43.47,823.52,observed_estimated_cost
5215,2026-06-25,BKK_Ladprao,PassionFruit,8,256.24,2026-06-22,6,6,65.0,26.03,26.03,256.24,observed_estimated_cost
5216,2026-06-25,BKK_Ladprao,Pineapple,4,57.04,2026-06-22,6,5,49.0,8.26,8.26,57.04,observed_estimated_cost
5217,2026-06-25,BKK_Ladprao,Watermelon,6,85.32,2026-06-22,6,5,45.0,8.22,8.22,85.32,observed_estimated_cost
5218,2026-06-25,BKK_Sukhumvit,Guava,2,32.18,2026-06-22,6,5.5,49.0,10.09,10.09,32.18,observed_estimated_cost
5219,2026-06-25,BKK_Sukhumvit,MixedBerryPremium,4,205.88,2026-06-22,8,7,89.0,43.47,43.47,205.88,observed_estimated_cost
5220,2026-06-25,BKK_Sukhumvit,PassionFruit,6,192.18,2026-06-22,6,6,65.0,26.03,26.03,192.18,observed_estimated_cost
5221,2026-06-25,BKK_Sukhumvit,Pineapple,7,99.82,2026-06-22,6,5,49.0,8.26,8.26,99.82,observed_estimated_cost
5222,2026-06-25,BKK_Sukhumvit,Watermelon,6,85.32,2026-06-22,6,5,45.0,8.22,8.22,85.32,observed_estimated_cost
5223,2026-06-25,Pattaya_Beach,Guava,2,32.18,2026-06-22,6,5.5,49.0,10.09,10.09,32.18,observed_estimated_cost
5224,2026-06-25,Pattaya_Beach,MixedBerryPremium,4,205.88,2026-06-22,8,7,89.0,43.47,43.47,205.88,observed_estimated_cost
5225,2026-06-25,Pattaya_Beach,PassionFruit,4,128.12,2026-06-22,6,6,65.0,26.03,26.03,128.12,observed_estimated_cost
5226,2026-06-25,Pattaya_Beach,Pineapple,5,71.3,2026-06-22,6,5,49.0,8.26,8.26,71.3,observed_estimated_cost
5227,2026-06-25,Pattaya_Beach,Watermelon,5,71.1,2026-06-22,6,5,45.0,8.22,8.22,71.1,observed_estimated_cost
5228,2026-06-25,Pattaya_Central,Guava,5,80.45,2026-06-22,6,5.5,49.0,10.09,10.09,80.45,observed_estimated_cost
5229,2026-06-25,Pattaya_Central,MixedBerryPremium,8,411.76,2026-06-22,8,7,89.0,43.47,43.47,411.76,observed_estimated_cost
5230,2026-06-25,Pattaya_Central,PassionFruit,7,224.21,2026-06-22,6,6,65.0,26.03,26.03,224.21,observed_estimated_cost
5231,2026-06-25,Pattaya_Central,Pineapple,5,71.3,2026-06-22,6,5,49.0,8.26,8.26,71.3,observed_estimated_cost
5232,2026-06-25,Pattaya_Central,Watermelon,8,113.76,2026-06-22,6,5,45.0,8.22,8.22,113.76,observed_estimated_cost
5233,2026-06-26,BKK_Ladprao,Guava,4,64.36,2026-06-22,6,5.5,49.0,10.09,10.09,64.36,observed_estimated_cost
5234,2026-06-26,BKK_Ladprao,MixedBerryPremium,10,514.7,2026-06-22,8,7,89.0,43.47,43.47,514.7,observed_estimated_cost
5235,2026-06-26,BKK_Ladprao,PassionFruit,4,128.12,2026-06-22,6,6,65.0,26.03,26.03,128.12,observed_estimated_cost
5236,2026-06-26,BKK_Ladprao,Pineapple,2,28.52,2026-06-22,6,5,49.0,8.26,8.26,28.52,observed_estimated_cost
5237,2026-06-26,BKK_Ladprao,Watermelon,3,42.66,2026-06-22,6,5,45.0,8.22,8.22,42.66,observed_estimated_cost
5238,2026-06-26,BKK_Sukhumvit,Guava,3,48.27,2026-06-22,6,5.5,49.0,10.09,10.09,48.27,observed_estimated_cost
5239,2026-06-26,BKK_Sukhumvit,MixedBerryPremium,7,360.29,2026-06-22,8,7,89.0,43.47,43.47,360.29,observed_estimated_cost
5240,2026-06-26,BKK_Sukhumvit,PassionFruit,6,192.18,2026-06-22,6,6,65.0,26.03,26.03,192.18,observed_estimated_cost
5241,2026-06-26,BKK_Sukhumvit,Pineapple,5,71.3,2026-06-22,6,5,49.0,8.26,8.26,71.3,observed_estimated_cost
5242,2026-06-26,BKK_Sukhumvit,Watermelon,4,56.88,2026-06-22,6,5,45.0,8.22,8.22,56.88,observed_estimated_cost
5243,2026-06-26,Pattaya_Beach,Guava,3,48.27,2026-06-22,6,5.5,49.0,10.09,10.09,48.27,observed_estimated_cost
5244,2026-06-26,Pattaya_Beach,MixedBerryPremium,9,463.23,2026-06-22,8,7,89.0,43.47,43.47,463.23,observed_estimated_cost
5245,2026-06-26,Pattaya_Beach,PassionFruit,6,192.18,2026-06-22,6,6,65.0,26.03,26.03,192.18,observed_estimated_cost
5246,2026-06-26,Pattaya_Beach,Pineapple,5,71.3,2026-06-22,6,5,49.0,8.26,8.26,71.3,observed_estimated_cost
5247,2026-06-26,Pattaya_Beach,Watermelon,3,42.66,2026-06-22,6,5,45.0,8.22,8.22,42.66,observed_estimated_cost
5248,2026-06-26,Pattaya_Central,Guava,1,16.09,2026-06-22,6,5.5,49.0,10.09,10.09,16.09,observed_estimated_cost
5249,2026-06-26,Pattaya_Central,MixedBerryPremium,7,360.29,2026-06-22,8,7,89.0,43.47,43.47,360.29,observed_estimated_cost
5250,2026-06-26,Pattaya_Central,PassionFruit,6,192.18,2026-06-22,6,6,65.0,26.03,26.03,192.18,observed_estimated_cost
5251,2026-06-26,Pattaya_Central,Pineapple,5,71.3,2026-06-22,6,5,49.0,8.26,8.26,71.3,observed_estimated_cost
5252,2026-06-26,Pattaya_Central,Watermelon,11,156.42,2026-06-22,6,5,45.0,8.22,8.22,156.42,observed_estimated_cost
5253,2026-06-27,BKK_Ladprao,Guava,3,48.27,2026-06-22,6,5.5,49.0,10.09,10.09,48.27,observed_estimated_cost
5254,2026-06-27,BKK_Ladprao,MixedBerryPremium,3,154.41,2026-06-22,8,7,89.0,43.47,43.47,154.41,observed_estimated_cost
5255,2026-06-27,BKK_Ladprao,PassionFruit,4,128.12,2026-06-22,6,6,65.0,26.03,26.03,128.12,observed_estimated_cost
5256,2026-06-27,BKK_Ladprao,Pineapple,3,42.78,2026-06-22,6,5,49.0,8.26,8.26,42.78,observed_estimated_cost
5257,2026-06-27,BKK_Ladprao,Watermelon,3,42.66,2026-06-22,6,5,45.0,8.22,8.22,42.66,observed_estimated_cost
5258,2026-06-27,BKK_Sukhumvit,Guava,3,48.27,2026-06-22,6,5.5,49.0,10.09,10.09,48.27,observed_estimated_cost
5259,2026-06-27,BKK_Sukhumvit,MixedBerryPremium,2,102.94,2026-06-22,8,7,89.0,43.47,43.47,102.94,observed_estimated_cost
5260,2026-06-27,BKK_Sukhumvit,PassionFruit,4,128.12,2026-06-22,6,6,65.0,26.03,26.03,128.12,observed_estimated_cost
5261,2026-06-27,BKK_Sukhumvit,Pineapple,4,57.04,2026-06-22,6,5,49.0,8.26,8.26,57.04,observed_estimated_cost
5262,2026-06-27,BKK_Sukhumvit,Watermelon,5,71.1,2026-06-22,6,5,45.0,8.22,8.22,71.1,observed_estimated_cost
5263,2026-06-27,Pattaya_Beach,Guava,5,80.45,2026-06-22,6,5.5,49.0,10.09,10.09,80.45,observed_estimated_cost
5264,2026-06-27,Pattaya_Beach,MixedBerryPremium,5,257.35,2026-06-22,8,7,89.0,43.47,43.47,257.35,observed_estimated_cost
5265,2026-06-27,Pattaya_Beach,PassionFruit,3,96.09,2026-06-22,6,6,65.0,26.03,26.03,96.09,observed_estimated_cost
5266,2026-06-27,Pattaya_Beach,Pineapple,6,85.56,2026-06-22,6,5,49.0,8.26,8.26,85.56,observed_estimated_cost
5267,2026-06-27,Pattaya_Beach,Watermelon,10,142.2,2026-06-22,6,5,45.0,8.22,8.22,142.2,observed_estimated_cost
5268,2026-06-27,Pattaya_Central,Guava,4,64.36,2026-06-22,6,5.5,49.0,10.09,10.09,64.36,observed_estimated_cost
5269,2026-06-27,Pattaya_Central,MixedBerryPremium,5,257.35,2026-06-22,8,7,89.0,43.47,43.47,257.35,observed_estimated_cost
5270,2026-06-27,Pattaya_Central,PassionFruit,4,128.12,2026-06-22,6,6,65.0,26.03,26.03,128.12,observed_estimated_cost
5271,2026-06-27,Pattaya_Central,Pineapple,9,128.34,2026-06-22,6,5,49.0,8.26,8.26,128.34,observed_estimated_cost
5272,2026-06-27,Pattaya_Central,Watermelon,5,71.1,2026-06-22,6,5,45.0,8.22,8.22,71.1,observed_estimated_cost
5273,2026-06-28,BKK_Ladprao,Guava,2,32.18,2026-06-22,6,5.5,49.0,10.09,10.09,32.18,observed_estimated_cost
5274,2026-06-28,BKK_Ladprao,MixedBerryPremium,4,205.88,2026-06-22,8,7,89.0,43.47,43.47,205.88,observed_estimated_cost
5275,2026-06-28,BKK_Ladprao,PassionFruit,5,160.15,2026-06-22,6,6,65.0,26.03,26.03,160.15,observed_estimated_cost
5276,2026-06-28,BKK_Ladprao,Pineapple,2,28.52,2026-06-22,6,5,49.0,8.26,8.26,28.52,observed_estimated_cost
5277,2026-06-28,BKK_Ladprao,Watermelon,6,85.32,2026-06-22,6,5,45.0,8.22,8.22,85.32,observed_estimated_cost
5278,2026-06-28,BKK_Sukhumvit,Guava,2,32.18,2026-06-22,6,5.5,49.0,10.09,10.09,32.18,observed_estimated_cost
5279,2026-06-28,BKK_Sukhumvit,MixedBerryPremium,7,360.29,2026-06-22,8,7,89.0,43.47,43.47,360.29,observed_estimated_cost
5280,2026-06-28,BKK_Sukhumvit,PassionFruit,4,128.12,2026-06-22,6,6,65.0,26.03,26.03,128.12,observed_estimated_cost
5281,2026-06-28,BKK_Sukhumvit,Pineapple,4,57.04,2026-06-22,6,5,49.0,8.26,8.26,57.04,observed_estimated_cost
5282,2026-06-28,BKK_Sukhumvit,Watermelon,3,42.66,2026-06-22,6,5,45.0,8.22,8.22,42.66,observed_estimated_cost
5283,2026-06-28,Pattaya_Beach,Guava,4,64.36,2026-06-22,6,5.5,49.0,10.09,10.09,64.36,observed_estimated_cost
5284,2026-06-28,Pattaya_Beach,MixedBerryPremium,8,411.76,2026-06-22,8,7,89.0,43.47,43.47,411.76,observed_estimated_cost
5285,2026-06-28,Pattaya_Beach,PassionFruit,9,288.27,2026-06-22,6,6,65.0,26.03,26.03,288.27,observed_estimated_cost
5286,2026-06-28,Pattaya_Beach,Pineapple,5,71.3,2026-06-22,6,5,49.0,8.26,8.26,71.3,observed_estimated_cost
5287,2026-06-28,Pattaya_Beach,Watermelon,8,113.76,2026-06-22,6,5,45.0,8.22,8.22,113.76,observed_estimated_cost
5288,2026-06-28,Pattaya_Central,Guava,5,80.45,2026-06-22,6,5.5,49.0,10.09,10.09,80.45,observed_estimated_cost
5289,2026-06-28,Pattaya_Central,MixedBerryPremium,10,514.7,2026-06-22,8,7,89.0,43.47,43.47,514.7,observed_estimated_cost
5290,2026-06-28,Pattaya_Central,PassionFruit,5,160.15,2026-06-22,6,6,65.0,26.03,26.03,160.15,observed_estimated_cost
5291,2026-06-28,Pattaya_Central,Pineapple,4,57.04,2026-06-22,6,5,49.0,8.26,8.26,57.04,observed_estimated_cost
5292,2026-06-28,Pattaya_Central,Watermelon,5,71.1,2026-06-22,6,5,45.0,8.22,8.22,71.1,observed_estimated_cost
5293,2026-06-29,BKK_Ladprao,Guava,2,31.62,2026-06-29,6,5.5,49.0,9.81,9.81,31.62,observed_estimated_cost
5294,2026-06-29,BKK_Ladprao,MixedBerryPremium,9,486.0,2026-06-29,8,7,89.0,46.0,46.0,486.0,observed_estimated_cost
5295,2026-06-29,BKK_Ladprao,PassionFruit,6,192.9,2026-06-29,6,6,65.0,26.15,26.15,192.9,observed_estimated_cost
5296,2026-06-29,BKK_Ladprao,Pineapple,5,73.5,2026-06-29,6,5,49.0,8.7,8.7,73.5,observed_estimated_cost
5297,2026-06-29,BKK_Ladprao,Watermelon,4,55.24,2026-06-29,6,5,45.0,7.81,7.81,55.24,observed_estimated_cost
5298,2026-06-29,BKK_Sukhumvit,Guava,3,47.43,2026-06-29,6,5.5,49.0,9.81,9.81,47.43,observed_estimated_cost
5299,2026-06-29,BKK_Sukhumvit,MixedBerryPremium,7,378.0,2026-06-29,8,7,89.0,46.0,46.0,378.0,observed_estimated_cost
5300,2026-06-29,BKK_Sukhumvit,PassionFruit,6,192.9,2026-06-29,6,6,65.0,26.15,26.15,192.9,observed_estimated_cost
5301,2026-06-29,BKK_Sukhumvit,Pineapple,3,44.1,2026-06-29,6,5,49.0,8.7,8.7,44.1,observed_estimated_cost
5302,2026-06-29,BKK_Sukhumvit,Watermelon,7,96.67,2026-06-29,6,5,45.0,7.81,7.81,96.67,observed_estimated_cost
5303,2026-06-29,Pattaya_Beach,Guava,2,31.62,2026-06-29,6,5.5,49.0,9.81,9.81,31.62,observed_estimated_cost
5304,2026-06-29,Pattaya_Beach,MixedBerryPremium,3,162.0,2026-06-29,8,7,89.0,46.0,46.0,162.0,observed_estimated_cost
5305,2026-06-29,Pattaya_Beach,PassionFruit,3,96.45,2026-06-29,6,6,65.0,26.15,26.15,96.45,observed_estimated_cost
5306,2026-06-29,Pattaya_Beach,Pineapple,3,44.1,2026-06-29,6,5,49.0,8.7,8.7,44.1,observed_estimated_cost
5307,2026-06-29,Pattaya_Beach,Watermelon,3,41.43,2026-06-29,6,5,45.0,7.81,7.81,41.43,observed_estimated_cost
5308,2026-06-29,Pattaya_Central,Guava,6,94.86,2026-06-29,6,5.5,49.0,9.81,9.81,94.86,observed_estimated_cost
5309,2026-06-29,Pattaya_Central,MixedBerryPremium,7,378.0,2026-06-29,8,7,89.0,46.0,46.0,378.0,observed_estimated_cost
5310,2026-06-29,Pattaya_Central,PassionFruit,5,160.75,2026-06-29,6,6,65.0,26.15,26.15,160.75,observed_estimated_cost
5311,2026-06-29,Pattaya_Central,Pineapple,7,102.9,2026-06-29,6,5,49.0,8.7,8.7,102.9,observed_estimated_cost
5312,2026-06-29,Pattaya_Central,Watermelon,3,41.43,2026-06-29,6,5,45.0,7.81,7.81,41.43,observed_estimated_cost
5313,2026-06-30,BKK_Ladprao,Guava,2,31.62,2026-06-29,6,5.5,49.0,9.81,9.81,31.62,observed_estimated_cost
5314,2026-06-30,BKK_Ladprao,MixedBerryPremium,7,378.0,2026-06-29,8,7,89.0,46.0,46.0,378.0,observed_estimated_cost
5315,2026-06-30,BKK_Ladprao,PassionFruit,3,96.45,2026-06-29,6,6,65.0,26.15,26.15,96.45,observed_estimated_cost
5316,2026-06-30,BKK_Ladprao,Pineapple,4,58.8,2026-06-29,6,5,49.0,8.7,8.7,58.8,observed_estimated_cost
5317,2026-06-30,BKK_Ladprao,Watermelon,2,27.62,2026-06-29,6,5,45.0,7.81,7.81,27.62,observed_estimated_cost
5318,2026-06-30,BKK_Sukhumvit,Guava,4,63.24,2026-06-29,6,5.5,49.0,9.81,9.81,63.24,observed_estimated_cost
5319,2026-06-30,BKK_Sukhumvit,MixedBerryPremium,6,324.0,2026-06-29,8,7,89.0,46.0,46.0,324.0,observed_estimated_cost
5320,2026-06-30,BKK_Sukhumvit,PassionFruit,3,96.45,2026-06-29,6,6,65.0,26.15,26.15,96.45,observed_estimated_cost
5321,2026-06-30,BKK_Sukhumvit,Pineapple,3,44.1,2026-06-29,6,5,49.0,8.7,8.7,44.1,observed_estimated_cost
5322,2026-06-30,BKK_Sukhumvit,Watermelon,7,96.67,2026-06-29,6,5,45.0,7.81,7.81,96.67,observed_estimated_cost
5323,2026-06-30,Pattaya_Beach,Guava,1,15.81,2026-06-29,6,5.5,49.0,9.81,9.81,15.81,observed_estimated_cost
5324,2026-06-30,Pattaya_Beach,MixedBerryPremium,6,324.0,2026-06-29,8,7,89.0,46.0,46.0,324.0,observed_estimated_cost
5325,2026-06-30,Pattaya_Beach,PassionFruit,2,64.3,2026-06-29,6,6,65.0,26.15,26.15,64.3,observed_estimated_cost
5326,2026-06-30,Pattaya_Beach,Pineapple,7,102.9,2026-06-29,6,5,49.0,8.7,8.7,102.9,observed_estimated_cost
5327,2026-06-30,Pattaya_Beach,Watermelon,5,69.05,2026-06-29,6,5,45.0,7.81,7.81,69.05,observed_estimated_cost
5328,2026-06-30,Pattaya_Central,Guava,5,79.05,2026-06-29,6,5.5,49.0,9.81,9.81,79.05,observed_estimated_cost
5329,2026-06-30,Pattaya_Central,MixedBerryPremium,6,324.0,2026-06-29,8,7,89.0,46.0,46.0,324.0,observed_estimated_cost
5330,2026-06-30,Pattaya_Central,PassionFruit,7,225.05,2026-06-29,6,6,65.0,26.15,26.15,225.05,observed_estimated_cost
5331,2026-06-30,Pattaya_Central,Pineapple,7,102.9,2026-06-29,6,5,49.0,8.7,8.7,102.9,observed_estimated_cost
5332,2026-06-30,Pattaya_Central,Watermelon,5,69.05,2026-06-29,6,5,45.0,7.81,7.81,69.05,observed_estimated_cost
5333,2026-07-01,BKK_Ladprao,Guava,1,15.81,2026-06-29,6,5.5,49.0,9.81,9.81,15.81,observed_estimated_cost
5334,2026-07-01,BKK_Ladprao,MixedBerryPremium,4,216.0,2026-06-29,8,7,89.0,46.0,46.0,216.0,observed_estimated_cost
5335,2026-07-01,BKK_Ladprao,PassionFruit,2,64.3,2026-06-29,6,6,65.0,26.15,26.15,64.3,observed_estimated_cost
5336,2026-07-01,BKK_Ladprao,Pineapple,4,58.8,2026-06-29,6,5,49.0,8.7,8.7,58.8,observed_estimated_cost
5337,2026-07-01,BKK_Ladprao,Watermelon,4,55.24,2026-06-29,6,5,45.0,7.81,7.81,55.24,observed_estimated_cost
5338,2026-07-01,BKK_Sukhumvit,Guava,2,31.62,2026-06-29,6,5.5,49.0,9.81,9.81,31.62,observed_estimated_cost
5339,2026-07-01,BKK_Sukhumvit,MixedBerryPremium,4,216.0,2026-06-29,8,7,89.0,46.0,46.0,216.0,observed_estimated_cost
5340,2026-07-01,BKK_Sukhumvit,PassionFruit,1,32.15,2026-06-29,6,6,65.0,26.15,26.15,32.15,observed_estimated_cost
5341,2026-07-01,BKK_Sukhumvit,Pineapple,4,58.8,2026-06-29,6,5,49.0,8.7,8.7,58.8,observed_estimated_cost
5342,2026-07-01,BKK_Sukhumvit,Watermelon,6,82.86,2026-06-29,6,5,45.0,7.81,7.81,82.86,observed_estimated_cost
5343,2026-07-01,Pattaya_Beach,Guava,3,47.43,2026-06-29,6,5.5,49.0,9.81,9.81,47.43,observed_estimated_cost
5344,2026-07-01,Pattaya_Beach,MixedBerryPremium,7,378.0,2026-06-29,8,7,89.0,46.0,46.0,378.0,observed_estimated_cost
5345,2026-07-01,Pattaya_Beach,PassionFruit,6,192.9,2026-06-29,6,6,65.0,26.15,26.15,192.9,observed_estimated_cost
5346,2026-07-01,Pattaya_Beach,Pineapple,2,29.4,2026-06-29,6,5,49.0,8.7,8.7,29.4,observed_estimated_cost
5347,2026-07-01,Pattaya_Beach,Watermelon,5,69.05,2026-06-29,6,5,45.0,7.81,7.81,69.05,observed_estimated_cost
5348,2026-07-01,Pattaya_Central,Guava,7,110.67,2026-06-29,6,5.5,49.0,9.81,9.81,110.67,observed_estimated_cost
5349,2026-07-01,Pattaya_Central,MixedBerryPremium,8,432.0,2026-06-29,8,7,89.0,46.0,46.0,432.0,observed_estimated_cost
5350,2026-07-01,Pattaya_Central,PassionFruit,5,160.75,2026-06-29,6,6,65.0,26.15,26.15,160.75,observed_estimated_cost
5351,2026-07-01,Pattaya_Central,Pineapple,3,44.1,2026-06-29,6,5,49.0,8.7,8.7,44.1,observed_estimated_cost
5352,2026-07-01,Pattaya_Central,Watermelon,5,69.05,2026-06-29,6,5,45.0,7.81,7.81,69.05,observed_estimated_cost
5353,2026-07-02,BKK_Ladprao,Guava,3,47.43,2026-06-29,6,5.5,49.0,9.81,9.81,47.43,observed_estimated_cost
5354,2026-07-02,BKK_Ladprao,MixedBerryPremium,4,216.0,2026-06-29,8,7,89.0,46.0,46.0,216.0,observed_estimated_cost
5355,2026-07-02,BKK_Ladprao,PassionFruit,1,32.15,2026-06-29,6,6,65.0,26.15,26.15,32.15,observed_estimated_cost
5356,2026-07-02,BKK_Ladprao,Pineapple,7,102.9,2026-06-29,6,5,49.0,8.7,8.7,102.9,observed_estimated_cost
5357,2026-07-02,BKK_Ladprao,Watermelon,4,55.24,2026-06-29,6,5,45.0,7.81,7.81,55.24,observed_estimated_cost
5358,2026-07-02,BKK_Sukhumvit,Guava,1,15.81,2026-06-29,6,5.5,49.0,9.81,9.81,15.81,observed_estimated_cost
5359,2026-07-02,BKK_Sukhumvit,MixedBerryPremium,2,108.0,2026-06-29,8,7,89.0,46.0,46.0,108.0,observed_estimated_cost
5360,2026-07-02,BKK_Sukhumvit,PassionFruit,8,257.2,2026-06-29,6,6,65.0,26.15,26.15,257.2,observed_estimated_cost
5361,2026-07-02,BKK_Sukhumvit,Pineapple,6,88.2,2026-06-29,6,5,49.0,8.7,8.7,88.2,observed_estimated_cost
5362,2026-07-02,BKK_Sukhumvit,Watermelon,4,55.24,2026-06-29,6,5,45.0,7.81,7.81,55.24,observed_estimated_cost
5363,2026-07-02,Pattaya_Beach,Guava,2,31.62,2026-06-29,6,5.5,49.0,9.81,9.81,31.62,observed_estimated_cost
5364,2026-07-02,Pattaya_Beach,MixedBerryPremium,5,270.0,2026-06-29,8,7,89.0,46.0,46.0,270.0,observed_estimated_cost
5365,2026-07-02,Pattaya_Beach,PassionFruit,3,96.45,2026-06-29,6,6,65.0,26.15,26.15,96.45,observed_estimated_cost
5366,2026-07-02,Pattaya_Beach,Pineapple,4,58.8,2026-06-29,6,5,49.0,8.7,8.7,58.8,observed_estimated_cost
5367,2026-07-02,Pattaya_Beach,Watermelon,4,55.24,2026-06-29,6,5,45.0,7.81,7.81,55.24,observed_estimated_cost
5368,2026-07-02,Pattaya_Central,Guava,3,47.43,2026-06-29,6,5.5,49.0,9.81,9.81,47.43,observed_estimated_cost
5369,2026-07-02,Pattaya_Central,MixedBerryPremium,3,162.0,2026-06-29,8,7,89.0,46.0,46.0,162.0,observed_estimated_cost
5370,2026-07-02,Pattaya_Central,PassionFruit,4,128.6,2026-06-29,6,6,65.0,26.15,26.15,128.6,observed_estimated_cost
5371,2026-07-02,Pattaya_Central,Pineapple,5,73.5,2026-06-29,6,5,49.0,8.7,8.7,73.5,observed_estimated_cost
5372,2026-07-02,Pattaya_Central,Watermelon,5,69.05,2026-06-29,6,5,45.0,7.81,7.81,69.05,observed_estimated_cost
5373,2026-07-03,BKK_Ladprao,Guava,3,47.43,2026-06-29,6,5.5,49.0,9.81,9.81,47.43,observed_estimated_cost
5374,2026-07-03,BKK_Ladprao,MixedBerryPremium,2,108.0,2026-06-29,8,7,89.0,46.0,46.0,108.0,observed_estimated_cost
5375,2026-07-03,BKK_Ladprao,PassionFruit,4,128.6,2026-06-29,6,6,65.0,26.15,26.15,128.6,observed_estimated_cost
5376,2026-07-03,BKK_Ladprao,Pineapple,3,44.1,2026-06-29,6,5,49.0,8.7,8.7,44.1,observed_estimated_cost
5377,2026-07-03,BKK_Ladprao,Watermelon,3,41.43,2026-06-29,6,5,45.0,7.81,7.81,41.43,observed_estimated_cost
5378,2026-07-03,BKK_Sukhumvit,Guava,3,47.43,2026-06-29,6,5.5,49.0,9.81,9.81,47.43,observed_estimated_cost
5379,2026-07-03,BKK_Sukhumvit,MixedBerryPremium,8,432.0,2026-06-29,8,7,89.0,46.0,46.0,432.0,observed_estimated_cost
5380,2026-07-03,BKK_Sukhumvit,PassionFruit,5,160.75,2026-06-29,6,6,65.0,26.15,26.15,160.75,observed_estimated_cost
5381,2026-07-03,BKK_Sukhumvit,Pineapple,4,58.8,2026-06-29,6,5,49.0,8.7,8.7,58.8,observed_estimated_cost
5382,2026-07-03,BKK_Sukhumvit,Watermelon,6,82.86,2026-06-29,6,5,45.0,7.81,7.81,82.86,observed_estimated_cost
5383,2026-07-03,Pattaya_Beach,Guava,3,47.43,2026-06-29,6,5.5,49.0,9.81,9.81,47.43,observed_estimated_cost
5384,2026-07-03,Pattaya_Beach,MixedBerryPremium,4,216.0,2026-06-29,8,7,89.0,46.0,46.0,216.0,observed_estimated_cost
5385,2026-07-03,Pattaya_Beach,PassionFruit,3,96.45,2026-06-29,6,6,65.0,26.15,26.15,96.45,observed_estimated_cost
5386,2026-07-03,Pattaya_Beach,Pineapple,3,44.1,2026-06-29,6,5,49.0,8.7,8.7,44.1,observed_estimated_cost
5387,2026-07-03,Pattaya_Beach,Watermelon,4,55.24,2026-06-29,6,5,45.0,7.81,7.81,55.24,observed_estimated_cost
5388,2026-07-03,Pattaya_Central,Guava,4,63.24,2026-06-29,6,5.5,49.0,9.81,9.81,63.24,observed_estimated_cost
5389,2026-07-03,Pattaya_Central,MixedBerryPremium,6,324.0,2026-06-29,8,7,89.0,46.0,46.0,324.0,observed_estimated_cost
5390,2026-07-03,Pattaya_Central,PassionFruit,4,128.6,2026-06-29,6,6,65.0,26.15,26.15,128.6,observed_estimated_cost
5391,2026-07-03,Pattaya_Central,Pineapple,5,73.5,2026-06-29,6,5,49.0,8.7,8.7,73.5,observed_estimated_cost
5392,2026-07-03,Pattaya_Central,Watermelon,3,41.43,2026-06-29,6,5,45.0,7.81,7.81,41.43,observed_estimated_cost
5393,2026-07-04,BKK_Ladprao,Guava,2,31.62,2026-06-29,6,5.5,49.0,9.81,9.81,31.62,observed_estimated_cost
5394,2026-07-04,BKK_Ladprao,MixedBerryPremium,4,216.0,2026-06-29,8,7,89.0,46.0,46.0,216.0,observed_estimated_cost
5395,2026-07-04,BKK_Ladprao,PassionFruit,1,32.15,2026-06-29,6,6,65.0,26.15,26.15,32.15,observed_estimated_cost
5396,2026-07-04,BKK_Ladprao,Pineapple,2,29.4,2026-06-29,6,5,49.0,8.7,8.7,29.4,observed_estimated_cost
5397,2026-07-04,BKK_Ladprao,Watermelon,3,41.43,2026-06-29,6,5,45.0,7.81,7.81,41.43,observed_estimated_cost
5398,2026-07-04,BKK_Sukhumvit,Guava,3,47.43,2026-06-29,6,5.5,49.0,9.81,9.81,47.43,observed_estimated_cost
5399,2026-07-04,BKK_Sukhumvit,MixedBerryPremium,3,162.0,2026-06-29,8,7,89.0,46.0,46.0,162.0,observed_estimated_cost
5400,2026-07-04,BKK_Sukhumvit,PassionFruit,5,160.75,2026-06-29,6,6,65.0,26.15,26.15,160.75,observed_estimated_cost
5401,2026-07-04,BKK_Sukhumvit,Pineapple,6,88.2,2026-06-29,6,5,49.0,8.7,8.7,88.2,observed_estimated_cost
5402,2026-07-04,BKK_Sukhumvit,Watermelon,5,69.05,2026-06-29,6,5,45.0,7.81,7.81,69.05,observed_estimated_cost
5403,2026-07-04,Pattaya_Beach,Guava,5,79.05,2026-06-29,6,5.5,49.0,9.81,9.81,79.05,observed_estimated_cost
5404,2026-07-04,Pattaya_Beach,MixedBerryPremium,5,270.0,2026-06-29,8,7,89.0,46.0,46.0,270.0,observed_estimated_cost
5405,2026-07-04,Pattaya_Beach,PassionFruit,4,128.6,2026-06-29,6,6,65.0,26.15,26.15,128.6,observed_estimated_cost
5406,2026-07-04,Pattaya_Beach,Pineapple,5,73.5,2026-06-29,6,5,49.0,8.7,8.7,73.5,observed_estimated_cost
5407,2026-07-04,Pattaya_Beach,Watermelon,5,69.05,2026-06-29,6,5,45.0,7.81,7.81,69.05,observed_estimated_cost
5408,2026-07-04,Pattaya_Central,Guava,3,47.43,2026-06-29,6,5.5,49.0,9.81,9.81,47.43,observed_estimated_cost
5409,2026-07-04,Pattaya_Central,MixedBerryPremium,5,270.0,2026-06-29,8,7,89.0,46.0,46.0,270.0,observed_estimated_cost
5410,2026-07-04,Pattaya_Central,PassionFruit,6,192.9,2026-06-29,6,6,65.0,26.15,26.15,192.9,observed_estimated_cost
5411,2026-07-04,Pattaya_Central,Pineapple,2,29.4,2026-06-29,6,5,49.0,8.7,8.7,29.4,observed_estimated_cost
5412,2026-07-04,Pattaya_Central,Watermelon,6,82.86,2026-06-29,6,5,45.0,7.81,7.81,82.86,observed_estimated_cost
5413,2026-07-05,BKK_Ladprao,Guava,4,63.24,2026-06-29,6,5.5,49.0,9.81,9.81,63.24,observed_estimated_cost
5414,2026-07-05,BKK_Ladprao,MixedBerryPremium,4,216.0,2026-06-29,8,7,89.0,46.0,46.0,216.0,observed_estimated_cost
5415,2026-07-05,BKK_Ladprao,PassionFruit,2,64.3,2026-06-29,6,6,65.0,26.15,26.15,64.3,observed_estimated_cost
5416,2026-07-05,BKK_Ladprao,Pineapple,6,88.2,2026-06-29,6,5,49.0,8.7,8.7,88.2,observed_estimated_cost
5417,2026-07-05,BKK_Ladprao,Watermelon,4,55.24,2026-06-29,6,5,45.0,7.81,7.81,55.24,observed_estimated_cost
5418,2026-07-05,BKK_Sukhumvit,Guava,5,79.05,2026-06-29,6,5.5,49.0,9.81,9.81,79.05,observed_estimated_cost
5419,2026-07-05,BKK_Sukhumvit,MixedBerryPremium,13,702.0,2026-06-29,8,7,89.0,46.0,46.0,702.0,observed_estimated_cost
5420,2026-07-05,BKK_Sukhumvit,PassionFruit,4,128.6,2026-06-29,6,6,65.0,26.15,26.15,128.6,observed_estimated_cost
5421,2026-07-05,BKK_Sukhumvit,Pineapple,4,58.8,2026-06-29,6,5,49.0,8.7,8.7,58.8,observed_estimated_cost
5422,2026-07-05,BKK_Sukhumvit,Watermelon,3,41.43,2026-06-29,6,5,45.0,7.81,7.81,41.43,observed_estimated_cost
5423,2026-07-05,Pattaya_Beach,Guava,2,31.62,2026-06-29,6,5.5,49.0,9.81,9.81,31.62,observed_estimated_cost
5424,2026-07-05,Pattaya_Beach,MixedBerryPremium,3,162.0,2026-06-29,8,7,89.0,46.0,46.0,162.0,observed_estimated_cost
5425,2026-07-05,Pattaya_Beach,PassionFruit,5,160.75,2026-06-29,6,6,65.0,26.15,26.15,160.75,observed_estimated_cost
5426,2026-07-05,Pattaya_Beach,Pineapple,4,58.8,2026-06-29,6,5,49.0,8.7,8.7,58.8,observed_estimated_cost
5427,2026-07-05,Pattaya_Beach,Watermelon,5,69.05,2026-06-29,6,5,45.0,7.81,7.81,69.05,observed_estimated_cost
5428,2026-07-05,Pattaya_Central,Guava,2,31.62,2026-06-29,6,5.5,49.0,9.81,9.81,31.62,observed_estimated_cost
5429,2026-07-05,Pattaya_Central,MixedBerryPremium,7,378.0,2026-06-29,8,7,89.0,46.0,46.0,378.0,observed_estimated_cost
5430,2026-07-05,Pattaya_Central,PassionFruit,4,128.6,2026-06-29,6,6,65.0,26.15,26.15,128.6,observed_estimated_cost
5431,2026-07-05,Pattaya_Central,Pineapple,5,73.5,2026-06-29,6,5,49.0,8.7,8.7,73.5,observed_estimated_cost
5432,2026-07-05,Pattaya_Central,Watermelon,7,96.67,2026-06-29,6,5,45.0,7.81,7.81,96.67,observed_estimated_cost
5433,2026-07-06,BKK_Ladprao,Guava,0,0.0,2026-07-06,6,5.5,49.0,10.56,10.56,0.0,observed_estimated_cost
5434,2026-07-06,BKK_Ladprao,MixedBerryPremium,9,475.83,2026-07-06,8,7,89.0,44.87,44.87,475.83,observed_estimated_cost
5435,2026-07-06,BKK_Ladprao,PassionFruit,3,105.57,2026-07-06,6,6,65.0,29.19,29.19,105.57,observed_estimated_cost
5436,2026-07-06,BKK_Ladprao,Pineapple,5,76.8,2026-07-06,6,5,49.0,9.36,9.36,76.8,observed_estimated_cost
5437,2026-07-06,BKK_Ladprao,Watermelon,3,41.16,2026-07-06,6,5,45.0,7.72,7.72,41.16,observed_estimated_cost
5438,2026-07-06,BKK_Sukhumvit,Guava,3,49.68,2026-07-06,6,5.5,49.0,10.56,10.56,49.68,observed_estimated_cost
5439,2026-07-06,BKK_Sukhumvit,MixedBerryPremium,5,264.35,2026-07-06,8,7,89.0,44.87,44.87,264.35,observed_estimated_cost
5440,2026-07-06,BKK_Sukhumvit,PassionFruit,2,70.38,2026-07-06,6,6,65.0,29.19,29.19,70.38,observed_estimated_cost
5441,2026-07-06,BKK_Sukhumvit,Pineapple,4,61.44,2026-07-06,6,5,49.0,9.36,9.36,61.44,observed_estimated_cost
5442,2026-07-06,BKK_Sukhumvit,Watermelon,4,54.88,2026-07-06,6,5,45.0,7.72,7.72,54.88,observed_estimated_cost
5443,2026-07-06,Pattaya_Beach,Guava,4,66.24,2026-07-06,6,5.5,49.0,10.56,10.56,66.24,observed_estimated_cost
5444,2026-07-06,Pattaya_Beach,MixedBerryPremium,10,528.7,2026-07-06,8,7,89.0,44.87,44.87,528.7,observed_estimated_cost
5445,2026-07-06,Pattaya_Beach,PassionFruit,6,211.14,2026-07-06,6,6,65.0,29.19,29.19,211.14,observed_estimated_cost
5446,2026-07-06,Pattaya_Beach,Pineapple,4,61.44,2026-07-06,6,5,49.0,9.36,9.36,61.44,observed_estimated_cost
5447,2026-07-06,Pattaya_Beach,Watermelon,5,68.6,2026-07-06,6,5,45.0,7.72,7.72,68.6,observed_estimated_cost
5448,2026-07-06,Pattaya_Central,Guava,3,49.68,2026-07-06,6,5.5,49.0,10.56,10.56,49.68,observed_estimated_cost
5449,2026-07-06,Pattaya_Central,MixedBerryPremium,10,528.7,2026-07-06,8,7,89.0,44.87,44.87,528.7,observed_estimated_cost
5450,2026-07-06,Pattaya_Central,PassionFruit,3,105.57,2026-07-06,6,6,65.0,29.19,29.19,105.57,observed_estimated_cost
5451,2026-07-06,Pattaya_Central,Pineapple,7,107.52,2026-07-06,6,5,49.0,9.36,9.36,107.52,observed_estimated_cost
5452,2026-07-06,Pattaya_Central,Watermelon,6,82.32,2026-07-06,6,5,45.0,7.72,7.72,82.32,observed_estimated_cost
5453,2026-07-07,BKK_Ladprao,Guava,5,82.8,2026-07-06,6,5.5,49.0,10.56,10.56,82.8,observed_estimated_cost
5454,2026-07-07,BKK_Ladprao,MixedBerryPremium,10,528.7,2026-07-06,8,7,89.0,44.87,44.87,528.7,observed_estimated_cost
5455,2026-07-07,BKK_Ladprao,PassionFruit,4,140.76,2026-07-06,6,6,65.0,29.19,29.19,140.76,observed_estimated_cost
5456,2026-07-07,BKK_Ladprao,Pineapple,4,61.44,2026-07-06,6,5,49.0,9.36,9.36,61.44,observed_estimated_cost
5457,2026-07-07,BKK_Ladprao,Watermelon,5,68.6,2026-07-06,6,5,45.0,7.72,7.72,68.6,observed_estimated_cost
5458,2026-07-07,BKK_Sukhumvit,Guava,7,115.92,2026-07-06,6,5.5,49.0,10.56,10.56,115.92,observed_estimated_cost
5459,2026-07-07,BKK_Sukhumvit,MixedBerryPremium,3,158.61,2026-07-06,8,7,89.0,44.87,44.87,158.61,observed_estimated_cost
5460,2026-07-07,BKK_Sukhumvit,PassionFruit,6,211.14,2026-07-06,6,6,65.0,29.19,29.19,211.14,observed_estimated_cost
5461,2026-07-07,BKK_Sukhumvit,Pineapple,8,122.88,2026-07-06,6,5,49.0,9.36,9.36,122.88,observed_estimated_cost
5462,2026-07-07,BKK_Sukhumvit,Watermelon,3,41.16,2026-07-06,6,5,45.0,7.72,7.72,41.16,observed_estimated_cost
5463,2026-07-07,Pattaya_Beach,Guava,8,132.48,2026-07-06,6,5.5,49.0,10.56,10.56,132.48,observed_estimated_cost
5464,2026-07-07,Pattaya_Beach,MixedBerryPremium,13,687.31,2026-07-06,8,7,89.0,44.87,44.87,687.31,observed_estimated_cost
5465,2026-07-07,Pattaya_Beach,PassionFruit,10,351.9,2026-07-06,6,6,65.0,29.19,29.19,351.9,observed_estimated_cost
5466,2026-07-07,Pattaya_Beach,Pineapple,9,138.24,2026-07-06,6,5,49.0,9.36,9.36,138.24,observed_estimated_cost
5467,2026-07-07,Pattaya_Beach,Watermelon,6,82.32,2026-07-06,6,5,45.0,7.72,7.72,82.32,observed_estimated_cost
5468,2026-07-07,Pattaya_Central,Guava,6,99.36,2026-07-06,6,5.5,49.0,10.56,10.56,99.36,observed_estimated_cost
5469,2026-07-07,Pattaya_Central,MixedBerryPremium,9,475.83,2026-07-06,8,7,89.0,44.87,44.87,475.83,observed_estimated_cost
5470,2026-07-07,Pattaya_Central,PassionFruit,11,387.09,2026-07-06,6,6,65.0,29.19,29.19,387.09,observed_estimated_cost
5471,2026-07-07,Pattaya_Central,Pineapple,8,122.88,2026-07-06,6,5,49.0,9.36,9.36,122.88,observed_estimated_cost
5472,2026-07-07,Pattaya_Central,Watermelon,7,96.04,2026-07-06,6,5,45.0,7.72,7.72,96.04,observed_estimated_cost
5473,2026-07-08,BKK_Ladprao,Guava,1,16.56,2026-07-06,6,5.5,49.0,10.56,10.56,16.56,observed_estimated_cost
5474,2026-07-08,BKK_Ladprao,MixedBerryPremium,9,475.83,2026-07-06,8,7,89.0,44.87,44.87,475.83,observed_estimated_cost
5475,2026-07-08,BKK_Ladprao,PassionFruit,5,175.95,2026-07-06,6,6,65.0,29.19,29.19,175.95,observed_estimated_cost
5476,2026-07-08,BKK_Ladprao,Pineapple,3,46.08,2026-07-06,6,5,49.0,9.36,9.36,46.08,observed_estimated_cost
5477,2026-07-08,BKK_Ladprao,Watermelon,4,54.88,2026-07-06,6,5,45.0,7.72,7.72,54.88,observed_estimated_cost
5478,2026-07-08,BKK_Sukhumvit,Guava,2,33.12,2026-07-06,6,5.5,49.0,10.56,10.56,33.12,observed_estimated_cost
5479,2026-07-08,BKK_Sukhumvit,MixedBerryPremium,12,634.44,2026-07-06,8,7,89.0,44.87,44.87,634.44,observed_estimated_cost
5480,2026-07-08,BKK_Sukhumvit,PassionFruit,4,140.76,2026-07-06,6,6,65.0,29.19,29.19,140.76,observed_estimated_cost
5481,2026-07-08,BKK_Sukhumvit,Pineapple,4,61.44,2026-07-06,6,5,49.0,9.36,9.36,61.44,observed_estimated_cost
5482,2026-07-08,BKK_Sukhumvit,Watermelon,3,41.16,2026-07-06,6,5,45.0,7.72,7.72,41.16,observed_estimated_cost
5483,2026-07-08,Pattaya_Beach,Guava,3,49.68,2026-07-06,6,5.5,49.0,10.56,10.56,49.68,observed_estimated_cost
5484,2026-07-08,Pattaya_Beach,MixedBerryPremium,6,317.22,2026-07-06,8,7,89.0,44.87,44.87,317.22,observed_estimated_cost
5485,2026-07-08,Pattaya_Beach,PassionFruit,6,211.14,2026-07-06,6,6,65.0,29.19,29.19,211.14,observed_estimated_cost
5486,2026-07-08,Pattaya_Beach,Pineapple,3,46.08,2026-07-06,6,5,49.0,9.36,9.36,46.08,observed_estimated_cost
5487,2026-07-08,Pattaya_Beach,Watermelon,6,82.32,2026-07-06,6,5,45.0,7.72,7.72,82.32,observed_estimated_cost
5488,2026-07-08,Pattaya_Central,Guava,2,33.12,2026-07-06,6,5.5,49.0,10.56,10.56,33.12,observed_estimated_cost
5489,2026-07-08,Pattaya_Central,MixedBerryPremium,6,317.22,2026-07-06,8,7,89.0,44.87,44.87,317.22,observed_estimated_cost
5490,2026-07-08,Pattaya_Central,PassionFruit,3,105.57,2026-07-06,6,6,65.0,29.19,29.19,105.57,observed_estimated_cost
5491,2026-07-08,Pattaya_Central,Pineapple,3,46.08,2026-07-06,6,5,49.0,9.36,9.36,46.08,observed_estimated_cost
5492,2026-07-08,Pattaya_Central,Watermelon,5,68.6,2026-07-06,6,5,45.0,7.72,7.72,68.6,observed_estimated_cost
5493,2026-07-09,BKK_Ladprao,Guava,3,49.68,2026-07-06,6,5.5,49.0,10.56,10.56,49.68,observed_estimated_cost
5494,2026-07-09,BKK_Ladprao,MixedBerryPremium,4,211.48,2026-07-06,8,7,89.0,44.87,44.87,211.48,observed_estimated_cost
5495,2026-07-09,BKK_Ladprao,PassionFruit,3,105.57,2026-07-06,6,6,65.0,29.19,29.19,105.57,observed_estimated_cost
5496,2026-07-09,BKK_Ladprao,Pineapple,5,76.8,2026-07-06,6,5,49.0,9.36,9.36,76.8,observed_estimated_cost
5497,2026-07-09,BKK_Ladprao,Watermelon,6,82.32,2026-07-06,6,5,45.0,7.72,7.72,82.32,observed_estimated_cost
5498,2026-07-09,BKK_Sukhumvit,Guava,2,33.12,2026-07-06,6,5.5,49.0,10.56,10.56,33.12,observed_estimated_cost
5499,2026-07-09,BKK_Sukhumvit,MixedBerryPremium,5,264.35,2026-07-06,8,7,89.0,44.87,44.87,264.35,observed_estimated_cost
5500,2026-07-09,BKK_Sukhumvit,PassionFruit,7,246.33,2026-07-06,6,6,65.0,29.19,29.19,246.33,observed_estimated_cost
5501,2026-07-09,BKK_Sukhumvit,Pineapple,3,46.08,2026-07-06,6,5,49.0,9.36,9.36,46.08,observed_estimated_cost
5502,2026-07-09,BKK_Sukhumvit,Watermelon,4,54.88,2026-07-06,6,5,45.0,7.72,7.72,54.88,observed_estimated_cost
5503,2026-07-09,Pattaya_Beach,Guava,5,82.8,2026-07-06,6,5.5,49.0,10.56,10.56,82.8,observed_estimated_cost
5504,2026-07-09,Pattaya_Beach,MixedBerryPremium,5,264.35,2026-07-06,8,7,89.0,44.87,44.87,264.35,observed_estimated_cost
5505,2026-07-09,Pattaya_Beach,PassionFruit,5,175.95,2026-07-06,6,6,65.0,29.19,29.19,175.95,observed_estimated_cost
5506,2026-07-09,Pattaya_Beach,Pineapple,5,76.8,2026-07-06,6,5,49.0,9.36,9.36,76.8,observed_estimated_cost
5507,2026-07-09,Pattaya_Beach,Watermelon,5,68.6,2026-07-06,6,5,45.0,7.72,7.72,68.6,observed_estimated_cost
5508,2026-07-09,Pattaya_Central,Guava,3,49.68,2026-07-06,6,5.5,49.0,10.56,10.56,49.68,observed_estimated_cost
5509,2026-07-09,Pattaya_Central,MixedBerryPremium,9,475.83,2026-07-06,8,7,89.0,44.87,44.87,475.83,observed_estimated_cost
5510,2026-07-09,Pattaya_Central,PassionFruit,3,105.57,2026-07-06,6,6,65.0,29.19,29.19,105.57,observed_estimated_cost
5511,2026-07-09,Pattaya_Central,Pineapple,5,76.8,2026-07-06,6,5,49.0,9.36,9.36,76.8,observed_estimated_cost
5512,2026-07-09,Pattaya_Central,Watermelon,4,54.88,2026-07-06,6,5,45.0,7.72,7.72,54.88,observed_estimated_cost
5513,2026-07-10,BKK_Ladprao,Guava,3,49.68,2026-07-06,6,5.5,49.0,10.56,10.56,49.68,observed_estimated_cost
5514,2026-07-10,BKK_Ladprao,MixedBerryPremium,2,105.74,2026-07-06,8,7,89.0,44.87,44.87,105.74,observed_estimated_cost
5515,2026-07-10,BKK_Ladprao,PassionFruit,5,175.95,2026-07-06,6,6,65.0,29.19,29.19,175.95,observed_estimated_cost
5516,2026-07-10,BKK_Ladprao,Pineapple,3,46.08,2026-07-06,6,5,49.0,9.36,9.36,46.08,observed_estimated_cost
5517,2026-07-10,BKK_Ladprao,Watermelon,6,82.32,2026-07-06,6,5,45.0,7.72,7.72,82.32,observed_estimated_cost
5518,2026-07-10,BKK_Sukhumvit,Guava,1,16.56,2026-07-06,6,5.5,49.0,10.56,10.56,16.56,observed_estimated_cost
5519,2026-07-10,BKK_Sukhumvit,MixedBerryPremium,2,105.74,2026-07-06,8,7,89.0,44.87,44.87,105.74,observed_estimated_cost
5520,2026-07-10,BKK_Sukhumvit,PassionFruit,4,140.76,2026-07-06,6,6,65.0,29.19,29.19,140.76,observed_estimated_cost
5521,2026-07-10,BKK_Sukhumvit,Pineapple,2,30.72,2026-07-06,6,5,49.0,9.36,9.36,30.72,observed_estimated_cost
5522,2026-07-10,BKK_Sukhumvit,Watermelon,2,27.44,2026-07-06,6,5,45.0,7.72,7.72,27.44,observed_estimated_cost
5523,2026-07-10,Pattaya_Beach,Guava,2,33.12,2026-07-06,6,5.5,49.0,10.56,10.56,33.12,observed_estimated_cost
5524,2026-07-10,Pattaya_Beach,MixedBerryPremium,13,687.31,2026-07-06,8,7,89.0,44.87,44.87,687.31,observed_estimated_cost
5525,2026-07-10,Pattaya_Beach,PassionFruit,3,105.57,2026-07-06,6,6,65.0,29.19,29.19,105.57,observed_estimated_cost
5526,2026-07-10,Pattaya_Beach,Pineapple,4,61.44,2026-07-06,6,5,49.0,9.36,9.36,61.44,observed_estimated_cost
5527,2026-07-10,Pattaya_Beach,Watermelon,4,54.88,2026-07-06,6,5,45.0,7.72,7.72,54.88,observed_estimated_cost
5528,2026-07-10,Pattaya_Central,Guava,5,82.8,2026-07-06,6,5.5,49.0,10.56,10.56,82.8,observed_estimated_cost
5529,2026-07-10,Pattaya_Central,MixedBerryPremium,3,158.61,2026-07-06,8,7,89.0,44.87,44.87,158.61,observed_estimated_cost
5530,2026-07-10,Pattaya_Central,PassionFruit,5,175.95,2026-07-06,6,6,65.0,29.19,29.19,175.95,observed_estimated_cost
5531,2026-07-10,Pattaya_Central,Pineapple,3,46.08,2026-07-06,6,5,49.0,9.36,9.36,46.08,observed_estimated_cost
5532,2026-07-10,Pattaya_Central,Watermelon,2,27.44,2026-07-06,6,5,45.0,7.72,7.72,27.44,observed_estimated_cost
5533,2026-07-11,BKK_Ladprao,Guava,4,66.24,2026-07-06,6,5.5,49.0,10.56,10.56,66.24,observed_estimated_cost
5534,2026-07-11,BKK_Ladprao,MixedBerryPremium,4,211.48,2026-07-06,8,7,89.0,44.87,44.87,211.48,observed_estimated_cost
5535,2026-07-11,BKK_Ladprao,PassionFruit,4,140.76,2026-07-06,6,6,65.0,29.19,29.19,140.76,observed_estimated_cost
5536,2026-07-11,BKK_Ladprao,Pineapple,2,30.72,2026-07-06,6,5,49.0,9.36,9.36,30.72,observed_estimated_cost
5537,2026-07-11,BKK_Ladprao,Watermelon,5,68.6,2026-07-06,6,5,45.0,7.72,7.72,68.6,observed_estimated_cost
5538,2026-07-11,BKK_Sukhumvit,Guava,3,49.68,2026-07-06,6,5.5,49.0,10.56,10.56,49.68,observed_estimated_cost
5539,2026-07-11,BKK_Sukhumvit,MixedBerryPremium,7,370.09,2026-07-06,8,7,89.0,44.87,44.87,370.09,observed_estimated_cost
5540,2026-07-11,BKK_Sukhumvit,PassionFruit,2,70.38,2026-07-06,6,6,65.0,29.19,29.19,70.38,observed_estimated_cost
5541,2026-07-11,BKK_Sukhumvit,Pineapple,3,46.08,2026-07-06,6,5,49.0,9.36,9.36,46.08,observed_estimated_cost
5542,2026-07-11,BKK_Sukhumvit,Watermelon,5,68.6,2026-07-06,6,5,45.0,7.72,7.72,68.6,observed_estimated_cost
5543,2026-07-11,Pattaya_Beach,Guava,5,82.8,2026-07-06,6,5.5,49.0,10.56,10.56,82.8,observed_estimated_cost
5544,2026-07-11,Pattaya_Beach,MixedBerryPremium,6,317.22,2026-07-06,8,7,89.0,44.87,44.87,317.22,observed_estimated_cost
5545,2026-07-11,Pattaya_Beach,PassionFruit,6,211.14,2026-07-06,6,6,65.0,29.19,29.19,211.14,observed_estimated_cost
5546,2026-07-11,Pattaya_Beach,Pineapple,3,46.08,2026-07-06,6,5,49.0,9.36,9.36,46.08,observed_estimated_cost
5547,2026-07-11,Pattaya_Beach,Watermelon,4,54.88,2026-07-06,6,5,45.0,7.72,7.72,54.88,observed_estimated_cost
5548,2026-07-11,Pattaya_Central,Guava,7,115.92,2026-07-06,6,5.5,49.0,10.56,10.56,115.92,observed_estimated_cost
5549,2026-07-11,Pattaya_Central,MixedBerryPremium,10,528.7,2026-07-06,8,7,89.0,44.87,44.87,528.7,observed_estimated_cost
5550,2026-07-11,Pattaya_Central,PassionFruit,2,70.38,2026-07-06,6,6,65.0,29.19,29.19,70.38,observed_estimated_cost
5551,2026-07-11,Pattaya_Central,Pineapple,4,61.44,2026-07-06,6,5,49.0,9.36,9.36,61.44,observed_estimated_cost
5552,2026-07-11,Pattaya_Central,Watermelon,5,68.6,2026-07-06,6,5,45.0,7.72,7.72,68.6,observed_estimated_cost
5553,2026-07-12,BKK_Ladprao,Guava,2,33.12,2026-07-06,6,5.5,49.0,10.56,10.56,33.12,observed_estimated_cost
5554,2026-07-12,BKK_Ladprao,MixedBerryPremium,3,158.61,2026-07-06,8,7,89.0,44.87,44.87,158.61,observed_estimated_cost
5555,2026-07-12,BKK_Ladprao,PassionFruit,1,35.19,2026-07-06,6,6,65.0,29.19,29.19,35.19,observed_estimated_cost
5556,2026-07-12,BKK_Ladprao,Pineapple,2,30.72,2026-07-06,6,5,49.0,9.36,9.36,30.72,observed_estimated_cost
5557,2026-07-12,BKK_Ladprao,Watermelon,4,54.88,2026-07-06,6,5,45.0,7.72,7.72,54.88,observed_estimated_cost
5558,2026-07-12,BKK_Sukhumvit,Guava,3,49.68,2026-07-06,6,5.5,49.0,10.56,10.56,49.68,observed_estimated_cost
5559,2026-07-12,BKK_Sukhumvit,MixedBerryPremium,4,211.48,2026-07-06,8,7,89.0,44.87,44.87,211.48,observed_estimated_cost
5560,2026-07-12,BKK_Sukhumvit,PassionFruit,4,140.76,2026-07-06,6,6,65.0,29.19,29.19,140.76,observed_estimated_cost
5561,2026-07-12,BKK_Sukhumvit,Pineapple,3,46.08,2026-07-06,6,5,49.0,9.36,9.36,46.08,observed_estimated_cost
5562,2026-07-12,BKK_Sukhumvit,Watermelon,5,68.6,2026-07-06,6,5,45.0,7.72,7.72,68.6,observed_estimated_cost
5563,2026-07-12,Pattaya_Beach,Guava,4,66.24,2026-07-06,6,5.5,49.0,10.56,10.56,66.24,observed_estimated_cost
5564,2026-07-12,Pattaya_Beach,MixedBerryPremium,3,158.61,2026-07-06,8,7,89.0,44.87,44.87,158.61,observed_estimated_cost
5565,2026-07-12,Pattaya_Beach,PassionFruit,4,140.76,2026-07-06,6,6,65.0,29.19,29.19,140.76,observed_estimated_cost
5566,2026-07-12,Pattaya_Beach,Pineapple,5,76.8,2026-07-06,6,5,49.0,9.36,9.36,76.8,observed_estimated_cost
5567,2026-07-12,Pattaya_Beach,Watermelon,4,54.88,2026-07-06,6,5,45.0,7.72,7.72,54.88,observed_estimated_cost
5568,2026-07-12,Pattaya_Central,Guava,4,66.24,2026-07-06,6,5.5,49.0,10.56,10.56,66.24,observed_estimated_cost
5569,2026-07-12,Pattaya_Central,MixedBerryPremium,9,475.83,2026-07-06,8,7,89.0,44.87,44.87,475.83,observed_estimated_cost
5570,2026-07-12,Pattaya_Central,PassionFruit,4,140.76,2026-07-06,6,6,65.0,29.19,29.19,140.76,observed_estimated_cost
5571,2026-07-12,Pattaya_Central,Pineapple,4,61.44,2026-07-06,6,5,49.0,9.36,9.36,61.44,observed_estimated_cost
5572,2026-07-12,Pattaya_Central,Watermelon,5,68.6,2026-07-06,6,5,45.0,7.72,7.72,68.6,observed_estimated_cost
5573,2026-07-13,BKK_Ladprao,Guava,1,17.33,2026-07-13,6,5.5,49.0,11.33,11.33,17.33,observed_estimated_cost
5574,2026-07-13,BKK_Ladprao,MixedBerryPremium,6,308.82,2026-07-13,8,7,89.0,43.47,43.47,308.82,observed_estimated_cost
5575,2026-07-13,BKK_Ladprao,PassionFruit,2,67.36,2026-07-13,6,6,65.0,27.68,27.68,67.36,observed_estimated_cost
5576,2026-07-13,BKK_Ladprao,Pineapple,3,49.65,2026-07-13,6,5,49.0,10.55,10.55,49.65,observed_estimated_cost
5577,2026-07-13,BKK_Ladprao,Watermelon,6,83.1,2026-07-13,6,5,45.0,7.85,7.85,83.1,observed_estimated_cost
5578,2026-07-13,BKK_Sukhumvit,Guava,4,69.32,2026-07-13,6,5.5,49.0,11.33,11.33,69.32,observed_estimated_cost
5579,2026-07-13,BKK_Sukhumvit,MixedBerryPremium,6,308.82,2026-07-13,8,7,89.0,43.47,43.47,308.82,observed_estimated_cost
5580,2026-07-13,BKK_Sukhumvit,PassionFruit,3,101.04,2026-07-13,6,6,65.0,27.68,27.68,101.04,observed_estimated_cost
5581,2026-07-13,BKK_Sukhumvit,Pineapple,3,49.65,2026-07-13,6,5,49.0,10.55,10.55,49.65,observed_estimated_cost
5582,2026-07-13,BKK_Sukhumvit,Watermelon,3,41.55,2026-07-13,6,5,45.0,7.85,7.85,41.55,observed_estimated_cost
5583,2026-07-13,Pattaya_Beach,Guava,4,69.32,2026-07-13,6,5.5,49.0,11.33,11.33,69.32,observed_estimated_cost
5584,2026-07-13,Pattaya_Beach,MixedBerryPremium,5,257.35,2026-07-13,8,7,89.0,43.47,43.47,257.35,observed_estimated_cost
5585,2026-07-13,Pattaya_Beach,PassionFruit,3,101.04,2026-07-13,6,6,65.0,27.68,27.68,101.04,observed_estimated_cost
5586,2026-07-13,Pattaya_Beach,Pineapple,4,66.2,2026-07-13,6,5,49.0,10.55,10.55,66.2,observed_estimated_cost
5587,2026-07-13,Pattaya_Beach,Watermelon,4,55.4,2026-07-13,6,5,45.0,7.85,7.85,55.4,observed_estimated_cost
5588,2026-07-13,Pattaya_Central,Guava,1,17.33,2026-07-13,6,5.5,49.0,11.33,11.33,17.33,observed_estimated_cost
5589,2026-07-13,Pattaya_Central,MixedBerryPremium,5,257.35,2026-07-13,8,7,89.0,43.47,43.47,257.35,observed_estimated_cost
5590,2026-07-13,Pattaya_Central,PassionFruit,2,67.36,2026-07-13,6,6,65.0,27.68,27.68,67.36,observed_estimated_cost
5591,2026-07-13,Pattaya_Central,Pineapple,5,82.75,2026-07-13,6,5,49.0,10.55,10.55,82.75,observed_estimated_cost
5592,2026-07-13,Pattaya_Central,Watermelon,3,41.55,2026-07-13,6,5,45.0,7.85,7.85,41.55,observed_estimated_cost
5593,2026-07-14,BKK_Ladprao,Guava,2,34.66,2026-07-13,6,5.5,49.0,11.33,11.33,34.66,observed_estimated_cost
5594,2026-07-14,BKK_Ladprao,MixedBerryPremium,5,257.35,2026-07-13,8,7,89.0,43.47,43.47,257.35,observed_estimated_cost
5595,2026-07-14,BKK_Ladprao,PassionFruit,2,67.36,2026-07-13,6,6,65.0,27.68,27.68,67.36,observed_estimated_cost
5596,2026-07-14,BKK_Ladprao,Pineapple,7,115.85,2026-07-13,6,5,49.0,10.55,10.55,115.85,observed_estimated_cost
5597,2026-07-14,BKK_Ladprao,Watermelon,3,41.55,2026-07-13,6,5,45.0,7.85,7.85,41.55,observed_estimated_cost
5598,2026-07-14,BKK_Sukhumvit,Guava,4,69.32,2026-07-13,6,5.5,49.0,11.33,11.33,69.32,observed_estimated_cost
5599,2026-07-14,BKK_Sukhumvit,MixedBerryPremium,3,154.41,2026-07-13,8,7,89.0,43.47,43.47,154.41,observed_estimated_cost
5600,2026-07-14,BKK_Sukhumvit,PassionFruit,4,134.72,2026-07-13,6,6,65.0,27.68,27.68,134.72,observed_estimated_cost
5601,2026-07-14,BKK_Sukhumvit,Pineapple,6,99.3,2026-07-13,6,5,49.0,10.55,10.55,99.3,observed_estimated_cost
5602,2026-07-14,BKK_Sukhumvit,Watermelon,5,69.25,2026-07-13,6,5,45.0,7.85,7.85,69.25,observed_estimated_cost
5603,2026-07-14,Pattaya_Beach,Guava,5,86.65,2026-07-13,6,5.5,49.0,11.33,11.33,86.65,observed_estimated_cost
5604,2026-07-14,Pattaya_Beach,MixedBerryPremium,4,205.88,2026-07-13,8,7,89.0,43.47,43.47,205.88,observed_estimated_cost
5605,2026-07-14,Pattaya_Beach,PassionFruit,3,101.04,2026-07-13,6,6,65.0,27.68,27.68,101.04,observed_estimated_cost
5606,2026-07-14,Pattaya_Beach,Pineapple,4,66.2,2026-07-13,6,5,49.0,10.55,10.55,66.2,observed_estimated_cost
5607,2026-07-14,Pattaya_Beach,Watermelon,4,55.4,2026-07-13,6,5,45.0,7.85,7.85,55.4,observed_estimated_cost
5608,2026-07-14,Pattaya_Central,Guava,3,51.99,2026-07-13,6,5.5,49.0,11.33,11.33,51.99,observed_estimated_cost
5609,2026-07-14,Pattaya_Central,MixedBerryPremium,9,463.23,2026-07-13,8,7,89.0,43.47,43.47,463.23,observed_estimated_cost
5610,2026-07-14,Pattaya_Central,PassionFruit,8,269.44,2026-07-13,6,6,65.0,27.68,27.68,269.44,observed_estimated_cost
5611,2026-07-14,Pattaya_Central,Pineapple,5,82.75,2026-07-13,6,5,49.0,10.55,10.55,82.75,observed_estimated_cost
5612,2026-07-14,Pattaya_Central,Watermelon,5,69.25,2026-07-13,6,5,45.0,7.85,7.85,69.25,observed_estimated_cost
5613,2026-07-15,BKK_Ladprao,Guava,2,34.66,2026-07-13,6,5.5,49.0,11.33,11.33,34.66,observed_estimated_cost
5614,2026-07-15,BKK_Ladprao,MixedBerryPremium,8,411.76,2026-07-13,8,7,89.0,43.47,43.47,411.76,observed_estimated_cost
5615,2026-07-15,BKK_Ladprao,PassionFruit,5,168.4,2026-07-13,6,6,65.0,27.68,27.68,168.4,observed_estimated_cost
5616,2026-07-15,BKK_Ladprao,Pineapple,5,82.75,2026-07-13,6,5,49.0,10.55,10.55,82.75,observed_estimated_cost
5617,2026-07-15,BKK_Ladprao,Watermelon,5,69.25,2026-07-13,6,5,45.0,7.85,7.85,69.25,observed_estimated_cost
5618,2026-07-15,BKK_Sukhumvit,Guava,3,51.99,2026-07-13,6,5.5,49.0,11.33,11.33,51.99,observed_estimated_cost
5619,2026-07-15,BKK_Sukhumvit,MixedBerryPremium,2,102.94,2026-07-13,8,7,89.0,43.47,43.47,102.94,observed_estimated_cost
5620,2026-07-15,BKK_Sukhumvit,PassionFruit,4,134.72,2026-07-13,6,6,65.0,27.68,27.68,134.72,observed_estimated_cost
5621,2026-07-15,BKK_Sukhumvit,Pineapple,5,82.75,2026-07-13,6,5,49.0,10.55,10.55,82.75,observed_estimated_cost
5622,2026-07-15,BKK_Sukhumvit,Watermelon,5,69.25,2026-07-13,6,5,45.0,7.85,7.85,69.25,observed_estimated_cost
5623,2026-07-15,Pattaya_Beach,Guava,4,69.32,2026-07-13,6,5.5,49.0,11.33,11.33,69.32,observed_estimated_cost
5624,2026-07-15,Pattaya_Beach,MixedBerryPremium,9,463.23,2026-07-13,8,7,89.0,43.47,43.47,463.23,observed_estimated_cost
5625,2026-07-15,Pattaya_Beach,PassionFruit,5,168.4,2026-07-13,6,6,65.0,27.68,27.68,168.4,observed_estimated_cost
5626,2026-07-15,Pattaya_Beach,Pineapple,3,49.65,2026-07-13,6,5,49.0,10.55,10.55,49.65,observed_estimated_cost
5627,2026-07-15,Pattaya_Beach,Watermelon,4,55.4,2026-07-13,6,5,45.0,7.85,7.85,55.4,observed_estimated_cost
5628,2026-07-15,Pattaya_Central,Guava,4,69.32,2026-07-13,6,5.5,49.0,11.33,11.33,69.32,observed_estimated_cost
5629,2026-07-15,Pattaya_Central,MixedBerryPremium,6,308.82,2026-07-13,8,7,89.0,43.47,43.47,308.82,observed_estimated_cost
5630,2026-07-15,Pattaya_Central,PassionFruit,7,235.76,2026-07-13,6,6,65.0,27.68,27.68,235.76,observed_estimated_cost
5631,2026-07-15,Pattaya_Central,Pineapple,5,82.75,2026-07-13,6,5,49.0,10.55,10.55,82.75,observed_estimated_cost
5632,2026-07-15,Pattaya_Central,Watermelon,4,55.4,2026-07-13,6,5,45.0,7.85,7.85,55.4,observed_estimated_cost
5633,2026-07-16,BKK_Ladprao,Guava,2,34.66,2026-07-13,6,5.5,49.0,11.33,11.33,34.66,observed_estimated_cost
5634,2026-07-16,BKK_Ladprao,MixedBerryPremium,7,360.29,2026-07-13,8,7,89.0,43.47,43.47,360.29,observed_estimated_cost
5635,2026-07-16,BKK_Ladprao,PassionFruit,6,202.08,2026-07-13,6,6,65.0,27.68,27.68,202.08,observed_estimated_cost
5636,2026-07-16,BKK_Ladprao,Pineapple,2,33.1,2026-07-13,6,5,49.0,10.55,10.55,33.1,observed_estimated_cost
5637,2026-07-16,BKK_Ladprao,Watermelon,3,41.55,2026-07-13,6,5,45.0,7.85,7.85,41.55,observed_estimated_cost
5638,2026-07-16,BKK_Sukhumvit,Guava,2,34.66,2026-07-13,6,5.5,49.0,11.33,11.33,34.66,observed_estimated_cost
5639,2026-07-16,BKK_Sukhumvit,MixedBerryPremium,2,102.94,2026-07-13,8,7,89.0,43.47,43.47,102.94,observed_estimated_cost
5640,2026-07-16,BKK_Sukhumvit,PassionFruit,5,168.4,2026-07-13,6,6,65.0,27.68,27.68,168.4,observed_estimated_cost
5641,2026-07-16,BKK_Sukhumvit,Pineapple,5,82.75,2026-07-13,6,5,49.0,10.55,10.55,82.75,observed_estimated_cost
5642,2026-07-16,BKK_Sukhumvit,Watermelon,1,13.85,2026-07-13,6,5,45.0,7.85,7.85,13.85,observed_estimated_cost
5643,2026-07-16,Pattaya_Beach,Guava,4,69.32,2026-07-13,6,5.5,49.0,11.33,11.33,69.32,observed_estimated_cost
5644,2026-07-16,Pattaya_Beach,MixedBerryPremium,6,308.82,2026-07-13,8,7,89.0,43.47,43.47,308.82,observed_estimated_cost
5645,2026-07-16,Pattaya_Beach,PassionFruit,9,303.12,2026-07-13,6,6,65.0,27.68,27.68,303.12,observed_estimated_cost
5646,2026-07-16,Pattaya_Beach,Pineapple,1,16.55,2026-07-13,6,5,49.0,10.55,10.55,16.55,observed_estimated_cost
5647,2026-07-16,Pattaya_Beach,Watermelon,4,55.4,2026-07-13,6,5,45.0,7.85,7.85,55.4,observed_estimated_cost
5648,2026-07-16,Pattaya_Central,Guava,2,34.66,2026-07-13,6,5.5,49.0,11.33,11.33,34.66,observed_estimated_cost
5649,2026-07-16,Pattaya_Central,MixedBerryPremium,6,308.82,2026-07-13,8,7,89.0,43.47,43.47,308.82,observed_estimated_cost
5650,2026-07-16,Pattaya_Central,PassionFruit,6,202.08,2026-07-13,6,6,65.0,27.68,27.68,202.08,observed_estimated_cost
5651,2026-07-16,Pattaya_Central,Pineapple,4,66.2,2026-07-13,6,5,49.0,10.55,10.55,66.2,observed_estimated_cost
5652,2026-07-16,Pattaya_Central,Watermelon,7,96.95,2026-07-13,6,5,45.0,7.85,7.85,96.95,observed_estimated_cost
5653,2026-07-17,BKK_Ladprao,Guava,1,17.33,2026-07-13,6,5.5,49.0,11.33,11.33,17.33,observed_estimated_cost
5654,2026-07-17,BKK_Ladprao,MixedBerryPremium,6,308.82,2026-07-13,8,7,89.0,43.47,43.47,308.82,observed_estimated_cost
5655,2026-07-17,BKK_Ladprao,PassionFruit,4,134.72,2026-07-13,6,6,65.0,27.68,27.68,134.72,observed_estimated_cost
5656,2026-07-17,BKK_Ladprao,Pineapple,3,49.65,2026-07-13,6,5,49.0,10.55,10.55,49.65,observed_estimated_cost
5657,2026-07-17,BKK_Ladprao,Watermelon,4,55.4,2026-07-13,6,5,45.0,7.85,7.85,55.4,observed_estimated_cost
5658,2026-07-17,BKK_Sukhumvit,Guava,4,69.32,2026-07-13,6,5.5,49.0,11.33,11.33,69.32,observed_estimated_cost
5659,2026-07-17,BKK_Sukhumvit,MixedBerryPremium,5,257.35,2026-07-13,8,7,89.0,43.47,43.47,257.35,observed_estimated_cost
5660,2026-07-17,BKK_Sukhumvit,PassionFruit,4,134.72,2026-07-13,6,6,65.0,27.68,27.68,134.72,observed_estimated_cost
5661,2026-07-17,BKK_Sukhumvit,Pineapple,3,49.65,2026-07-13,6,5,49.0,10.55,10.55,49.65,observed_estimated_cost
5662,2026-07-17,BKK_Sukhumvit,Watermelon,6,83.1,2026-07-13,6,5,45.0,7.85,7.85,83.1,observed_estimated_cost
5663,2026-07-17,Pattaya_Beach,Guava,5,86.65,2026-07-13,6,5.5,49.0,11.33,11.33,86.65,observed_estimated_cost
5664,2026-07-17,Pattaya_Beach,MixedBerryPremium,9,463.23,2026-07-13,8,7,89.0,43.47,43.47,463.23,observed_estimated_cost
5665,2026-07-17,Pattaya_Beach,PassionFruit,4,134.72,2026-07-13,6,6,65.0,27.68,27.68,134.72,observed_estimated_cost
5666,2026-07-17,Pattaya_Beach,Pineapple,4,66.2,2026-07-13,6,5,49.0,10.55,10.55,66.2,observed_estimated_cost
5667,2026-07-17,Pattaya_Beach,Watermelon,2,27.7,2026-07-13,6,5,45.0,7.85,7.85,27.7,observed_estimated_cost
5668,2026-07-17,Pattaya_Central,Guava,3,51.99,2026-07-13,6,5.5,49.0,11.33,11.33,51.99,observed_estimated_cost
5669,2026-07-17,Pattaya_Central,MixedBerryPremium,6,308.82,2026-07-13,8,7,89.0,43.47,43.47,308.82,observed_estimated_cost
5670,2026-07-17,Pattaya_Central,PassionFruit,6,202.08,2026-07-13,6,6,65.0,27.68,27.68,202.08,observed_estimated_cost
5671,2026-07-17,Pattaya_Central,Pineapple,5,82.75,2026-07-13,6,5,49.0,10.55,10.55,82.75,observed_estimated_cost
5672,2026-07-17,Pattaya_Central,Watermelon,4,55.4,2026-07-13,6,5,45.0,7.85,7.85,55.4,observed_estimated_cost
5673,2026-07-18,BKK_Ladprao,Guava,2,34.66,2026-07-13,6,5.5,49.0,11.33,11.33,34.66,observed_estimated_cost
5674,2026-07-18,BKK_Ladprao,MixedBerryPremium,6,308.82,2026-07-13,8,7,89.0,43.47,43.47,308.82,observed_estimated_cost
5675,2026-07-18,BKK_Ladprao,PassionFruit,3,101.04,2026-07-13,6,6,65.0,27.68,27.68,101.04,observed_estimated_cost
5676,2026-07-18,BKK_Ladprao,Pineapple,3,49.65,2026-07-13,6,5,49.0,10.55,10.55,49.65,observed_estimated_cost
5677,2026-07-18,BKK_Ladprao,Watermelon,2,27.7,2026-07-13,6,5,45.0,7.85,7.85,27.7,observed_estimated_cost
5678,2026-07-18,BKK_Sukhumvit,Guava,1,17.33,2026-07-13,6,5.5,49.0,11.33,11.33,17.33,observed_estimated_cost
5679,2026-07-18,BKK_Sukhumvit,MixedBerryPremium,3,154.41,2026-07-13,8,7,89.0,43.47,43.47,154.41,observed_estimated_cost
5680,2026-07-18,BKK_Sukhumvit,PassionFruit,3,101.04,2026-07-13,6,6,65.0,27.68,27.68,101.04,observed_estimated_cost
5681,2026-07-18,BKK_Sukhumvit,Pineapple,4,66.2,2026-07-13,6,5,49.0,10.55,10.55,66.2,observed_estimated_cost
5682,2026-07-18,BKK_Sukhumvit,Watermelon,7,96.95,2026-07-13,6,5,45.0,7.85,7.85,96.95,observed_estimated_cost
5683,2026-07-18,Pattaya_Beach,Guava,4,69.32,2026-07-13,6,5.5,49.0,11.33,11.33,69.32,observed_estimated_cost
5684,2026-07-18,Pattaya_Beach,MixedBerryPremium,5,257.35,2026-07-13,8,7,89.0,43.47,43.47,257.35,observed_estimated_cost
5685,2026-07-18,Pattaya_Beach,PassionFruit,4,134.72,2026-07-13,6,6,65.0,27.68,27.68,134.72,observed_estimated_cost
5686,2026-07-18,Pattaya_Beach,Pineapple,3,49.65,2026-07-13,6,5,49.0,10.55,10.55,49.65,observed_estimated_cost
5687,2026-07-18,Pattaya_Beach,Watermelon,3,41.55,2026-07-13,6,5,45.0,7.85,7.85,41.55,observed_estimated_cost
5688,2026-07-18,Pattaya_Central,Guava,4,69.32,2026-07-13,6,5.5,49.0,11.33,11.33,69.32,observed_estimated_cost
5689,2026-07-18,Pattaya_Central,MixedBerryPremium,8,411.76,2026-07-13,8,7,89.0,43.47,43.47,411.76,observed_estimated_cost
5690,2026-07-18,Pattaya_Central,PassionFruit,7,235.76,2026-07-13,6,6,65.0,27.68,27.68,235.76,observed_estimated_cost
5691,2026-07-18,Pattaya_Central,Pineapple,6,99.3,2026-07-13,6,5,49.0,10.55,10.55,99.3,observed_estimated_cost
5692,2026-07-18,Pattaya_Central,Watermelon,9,124.65,2026-07-13,6,5,45.0,7.85,7.85,124.65,observed_estimated_cost
5693,2026-07-19,BKK_Ladprao,Guava,2,34.66,2026-07-13,6,5.5,49.0,11.33,11.33,34.66,observed_estimated_cost
5694,2026-07-19,BKK_Ladprao,MixedBerryPremium,8,411.76,2026-07-13,8,7,89.0,43.47,43.47,411.76,observed_estimated_cost
5695,2026-07-19,BKK_Ladprao,PassionFruit,3,101.04,2026-07-13,6,6,65.0,27.68,27.68,101.04,observed_estimated_cost
5696,2026-07-19,BKK_Ladprao,Pineapple,7,115.85,2026-07-13,6,5,49.0,10.55,10.55,115.85,observed_estimated_cost
5697,2026-07-19,BKK_Ladprao,Watermelon,2,27.7,2026-07-13,6,5,45.0,7.85,7.85,27.7,observed_estimated_cost
5698,2026-07-19,BKK_Sukhumvit,Guava,1,17.33,2026-07-13,6,5.5,49.0,11.33,11.33,17.33,observed_estimated_cost
5699,2026-07-19,BKK_Sukhumvit,MixedBerryPremium,4,205.88,2026-07-13,8,7,89.0,43.47,43.47,205.88,observed_estimated_cost
5700,2026-07-19,BKK_Sukhumvit,PassionFruit,4,134.72,2026-07-13,6,6,65.0,27.68,27.68,134.72,observed_estimated_cost
5701,2026-07-19,BKK_Sukhumvit,Pineapple,3,49.65,2026-07-13,6,5,49.0,10.55,10.55,49.65,observed_estimated_cost
5702,2026-07-19,BKK_Sukhumvit,Watermelon,6,83.1,2026-07-13,6,5,45.0,7.85,7.85,83.1,observed_estimated_cost
5703,2026-07-19,Pattaya_Beach,Guava,2,34.66,2026-07-13,6,5.5,49.0,11.33,11.33,34.66,observed_estimated_cost
5704,2026-07-19,Pattaya_Beach,MixedBerryPremium,18,926.46,2026-07-13,8,7,89.0,43.47,43.47,926.46,observed_estimated_cost
5705,2026-07-19,Pattaya_Beach,PassionFruit,4,134.72,2026-07-13,6,6,65.0,27.68,27.68,134.72,observed_estimated_cost
5706,2026-07-19,Pattaya_Beach,Pineapple,3,49.65,2026-07-13,6,5,49.0,10.55,10.55,49.65,observed_estimated_cost
5707,2026-07-19,Pattaya_Beach,Watermelon,6,83.1,2026-07-13,6,5,45.0,7.85,7.85,83.1,observed_estimated_cost
5708,2026-07-19,Pattaya_Central,Guava,3,51.99,2026-07-13,6,5.5,49.0,11.33,11.33,51.99,observed_estimated_cost
5709,2026-07-19,Pattaya_Central,MixedBerryPremium,18,926.46,2026-07-13,8,7,89.0,43.47,43.47,926.46,observed_estimated_cost
5710,2026-07-19,Pattaya_Central,PassionFruit,7,235.76,2026-07-13,6,6,65.0,27.68,27.68,235.76,observed_estimated_cost
5711,2026-07-19,Pattaya_Central,Pineapple,4,66.2,2026-07-13,6,5,49.0,10.55,10.55,66.2,observed_estimated_cost
5712,2026-07-19,Pattaya_Central,Watermelon,7,96.95,2026-07-13,6,5,45.0,7.85,7.85,96.95,observed_estimated_cost
5713,2026-07-20,BKK_Ladprao,Guava,4,62.36,2026-07-20,6,5.5,49.0,9.59,9.59,62.36,observed_estimated_cost
5714,2026-07-20,BKK_Ladprao,MixedBerryPremium,6,299.88,2026-07-20,8,7,89.0,41.98,41.98,299.88,observed_estimated_cost
5715,2026-07-20,BKK_Ladprao,PassionFruit,4,137.56,2026-07-20,6,6,65.0,28.39,28.39,137.56,observed_estimated_cost
5716,2026-07-20,BKK_Ladprao,Pineapple,4,61.84,2026-07-20,6,5,49.0,9.46,9.46,61.84,observed_estimated_cost
5717,2026-07-20,BKK_Ladprao,Watermelon,7,95.27,2026-07-20,6,5,45.0,7.61,7.61,95.27,observed_estimated_cost
5718,2026-07-20,BKK_Sukhumvit,Guava,2,31.18,2026-07-20,6,5.5,49.0,9.59,9.59,31.18,observed_estimated_cost
5719,2026-07-20,BKK_Sukhumvit,MixedBerryPremium,4,199.92,2026-07-20,8,7,89.0,41.98,41.98,199.92,observed_estimated_cost
5720,2026-07-20,BKK_Sukhumvit,PassionFruit,5,171.95,2026-07-20,6,6,65.0,28.39,28.39,171.95,observed_estimated_cost
5721,2026-07-20,BKK_Sukhumvit,Pineapple,5,77.3,2026-07-20,6,5,49.0,9.46,9.46,77.3,observed_estimated_cost
5722,2026-07-20,BKK_Sukhumvit,Watermelon,4,54.44,2026-07-20,6,5,45.0,7.61,7.61,54.44,observed_estimated_cost
5723,2026-07-20,Pattaya_Beach,Guava,3,46.77,2026-07-20,6,5.5,49.0,9.59,9.59,46.77,observed_estimated_cost
5724,2026-07-20,Pattaya_Beach,MixedBerryPremium,4,199.92,2026-07-20,8,7,89.0,41.98,41.98,199.92,observed_estimated_cost
5725,2026-07-20,Pattaya_Beach,PassionFruit,6,206.34,2026-07-20,6,6,65.0,28.39,28.39,206.34,observed_estimated_cost
5726,2026-07-20,Pattaya_Beach,Pineapple,4,61.84,2026-07-20,6,5,49.0,9.46,9.46,61.84,observed_estimated_cost
5727,2026-07-20,Pattaya_Beach,Watermelon,2,27.22,2026-07-20,6,5,45.0,7.61,7.61,27.22,observed_estimated_cost
5728,2026-07-20,Pattaya_Central,Guava,5,77.95,2026-07-20,6,5.5,49.0,9.59,9.59,77.95,observed_estimated_cost
5729,2026-07-20,Pattaya_Central,MixedBerryPremium,2,99.96,2026-07-20,8,7,89.0,41.98,41.98,99.96,observed_estimated_cost
5730,2026-07-20,Pattaya_Central,PassionFruit,5,171.95,2026-07-20,6,6,65.0,28.39,28.39,171.95,observed_estimated_cost
5731,2026-07-20,Pattaya_Central,Pineapple,3,46.38,2026-07-20,6,5,49.0,9.46,9.46,46.38,observed_estimated_cost
5732,2026-07-20,Pattaya_Central,Watermelon,6,81.66,2026-07-20,6,5,45.0,7.61,7.61,81.66,observed_estimated_cost
5733,2026-07-21,BKK_Ladprao,Guava,2,31.18,2026-07-20,6,5.5,49.0,9.59,9.59,31.18,observed_estimated_cost
5734,2026-07-21,BKK_Ladprao,MixedBerryPremium,1,49.98,2026-07-20,8,7,89.0,41.98,41.98,49.98,observed_estimated_cost
5735,2026-07-21,BKK_Ladprao,PassionFruit,4,137.56,2026-07-20,6,6,65.0,28.39,28.39,137.56,observed_estimated_cost
5736,2026-07-21,BKK_Ladprao,Pineapple,3,46.38,2026-07-20,6,5,49.0,9.46,9.46,46.38,observed_estimated_cost
5737,2026-07-21,BKK_Ladprao,Watermelon,4,54.44,2026-07-20,6,5,45.0,7.61,7.61,54.44,observed_estimated_cost
5738,2026-07-21,BKK_Sukhumvit,Guava,3,46.77,2026-07-20,6,5.5,49.0,9.59,9.59,46.77,observed_estimated_cost
5739,2026-07-21,BKK_Sukhumvit,MixedBerryPremium,6,299.88,2026-07-20,8,7,89.0,41.98,41.98,299.88,observed_estimated_cost
5740,2026-07-21,BKK_Sukhumvit,PassionFruit,5,171.95,2026-07-20,6,6,65.0,28.39,28.39,171.95,observed_estimated_cost
5741,2026-07-21,BKK_Sukhumvit,Pineapple,2,30.92,2026-07-20,6,5,49.0,9.46,9.46,30.92,observed_estimated_cost
5742,2026-07-21,BKK_Sukhumvit,Watermelon,4,54.44,2026-07-20,6,5,45.0,7.61,7.61,54.44,observed_estimated_cost
5743,2026-07-21,Pattaya_Beach,Guava,4,62.36,2026-07-20,6,5.5,49.0,9.59,9.59,62.36,observed_estimated_cost
5744,2026-07-21,Pattaya_Beach,MixedBerryPremium,3,149.94,2026-07-20,8,7,89.0,41.98,41.98,149.94,observed_estimated_cost
5745,2026-07-21,Pattaya_Beach,PassionFruit,4,137.56,2026-07-20,6,6,65.0,28.39,28.39,137.56,observed_estimated_cost
5746,2026-07-21,Pattaya_Beach,Pineapple,5,77.3,2026-07-20,6,5,49.0,9.46,9.46,77.3,observed_estimated_cost
5747,2026-07-21,Pattaya_Beach,Watermelon,4,54.44,2026-07-20,6,5,45.0,7.61,7.61,54.44,observed_estimated_cost
5748,2026-07-21,Pattaya_Central,Guava,3,46.77,2026-07-20,6,5.5,49.0,9.59,9.59,46.77,observed_estimated_cost
5749,2026-07-21,Pattaya_Central,MixedBerryPremium,5,249.9,2026-07-20,8,7,89.0,41.98,41.98,249.9,observed_estimated_cost
5750,2026-07-21,Pattaya_Central,PassionFruit,5,171.95,2026-07-20,6,6,65.0,28.39,28.39,171.95,observed_estimated_cost
5751,2026-07-21,Pattaya_Central,Pineapple,3,46.38,2026-07-20,6,5,49.0,9.46,9.46,46.38,observed_estimated_cost
5752,2026-07-21,Pattaya_Central,Watermelon,5,68.05,2026-07-20,6,5,45.0,7.61,7.61,68.05,observed_estimated_cost
5753,2026-07-22,BKK_Ladprao,Guava,3,46.77,2026-07-20,6,5.5,49.0,9.59,9.59,46.77,observed_estimated_cost
5754,2026-07-22,BKK_Ladprao,MixedBerryPremium,4,199.92,2026-07-20,8,7,89.0,41.98,41.98,199.92,observed_estimated_cost
5755,2026-07-22,BKK_Ladprao,PassionFruit,5,171.95,2026-07-20,6,6,65.0,28.39,28.39,171.95,observed_estimated_cost
5756,2026-07-22,BKK_Ladprao,Pineapple,3,46.38,2026-07-20,6,5,49.0,9.46,9.46,46.38,observed_estimated_cost
5757,2026-07-22,BKK_Ladprao,Watermelon,4,54.44,2026-07-20,6,5,45.0,7.61,7.61,54.44,observed_estimated_cost
5758,2026-07-22,BKK_Sukhumvit,Guava,2,31.18,2026-07-20,6,5.5,49.0,9.59,9.59,31.18,observed_estimated_cost
5759,2026-07-22,BKK_Sukhumvit,MixedBerryPremium,5,249.9,2026-07-20,8,7,89.0,41.98,41.98,249.9,observed_estimated_cost
5760,2026-07-22,BKK_Sukhumvit,PassionFruit,4,137.56,2026-07-20,6,6,65.0,28.39,28.39,137.56,observed_estimated_cost
5761,2026-07-22,BKK_Sukhumvit,Pineapple,1,15.46,2026-07-20,6,5,49.0,9.46,9.46,15.46,observed_estimated_cost
5762,2026-07-22,BKK_Sukhumvit,Watermelon,4,54.44,2026-07-20,6,5,45.0,7.61,7.61,54.44,observed_estimated_cost
5763,2026-07-22,Pattaya_Beach,Guava,2,31.18,2026-07-20,6,5.5,49.0,9.59,9.59,31.18,observed_estimated_cost
5764,2026-07-22,Pattaya_Beach,MixedBerryPremium,7,349.86,2026-07-20,8,7,89.0,41.98,41.98,349.86,observed_estimated_cost
5765,2026-07-22,Pattaya_Beach,PassionFruit,2,68.78,2026-07-20,6,6,65.0,28.39,28.39,68.78,observed_estimated_cost
5766,2026-07-22,Pattaya_Beach,Pineapple,3,46.38,2026-07-20,6,5,49.0,9.46,9.46,46.38,observed_estimated_cost
5767,2026-07-22,Pattaya_Beach,Watermelon,3,40.83,2026-07-20,6,5,45.0,7.61,7.61,40.83,observed_estimated_cost
5768,2026-07-22,Pattaya_Central,Guava,3,46.77,2026-07-20,6,5.5,49.0,9.59,9.59,46.77,observed_estimated_cost
5769,2026-07-22,Pattaya_Central,MixedBerryPremium,11,549.78,2026-07-20,8,7,89.0,41.98,41.98,549.78,observed_estimated_cost
5770,2026-07-22,Pattaya_Central,PassionFruit,4,137.56,2026-07-20,6,6,65.0,28.39,28.39,137.56,observed_estimated_cost
5771,2026-07-22,Pattaya_Central,Pineapple,3,46.38,2026-07-20,6,5,49.0,9.46,9.46,46.38,observed_estimated_cost
5772,2026-07-22,Pattaya_Central,Watermelon,3,40.83,2026-07-20,6,5,45.0,7.61,7.61,40.83,observed_estimated_cost
5773,2026-07-23,BKK_Ladprao,Guava,4,62.36,2026-07-20,6,5.5,49.0,9.59,9.59,62.36,observed_estimated_cost
5774,2026-07-23,BKK_Ladprao,MixedBerryPremium,4,199.92,2026-07-20,8,7,89.0,41.98,41.98,199.92,observed_estimated_cost
5775,2026-07-23,BKK_Ladprao,PassionFruit,5,171.95,2026-07-20,6,6,65.0,28.39,28.39,171.95,observed_estimated_cost
5776,2026-07-23,BKK_Ladprao,Pineapple,3,46.38,2026-07-20,6,5,49.0,9.46,9.46,46.38,observed_estimated_cost
5777,2026-07-23,BKK_Sukhumvit,Guava,2,31.18,2026-07-20,6,5.5,49.0,9.59,9.59,31.18,observed_estimated_cost
5778,2026-07-23,BKK_Sukhumvit,MixedBerryPremium,3,149.94,2026-07-20,8,7,89.0,41.98,41.98,149.94,observed_estimated_cost
5779,2026-07-23,BKK_Sukhumvit,PassionFruit,4,137.56,2026-07-20,6,6,65.0,28.39,28.39,137.56,observed_estimated_cost
5780,2026-07-23,BKK_Sukhumvit,Pineapple,3,46.38,2026-07-20,6,5,49.0,9.46,9.46,46.38,observed_estimated_cost
5781,2026-07-23,BKK_Sukhumvit,Watermelon,4,54.44,2026-07-20,6,5,45.0,7.61,7.61,54.44,observed_estimated_cost
5782,2026-07-23,Pattaya_Beach,Guava,1,15.59,2026-07-20,6,5.5,49.0,9.59,9.59,15.59,observed_estimated_cost
5783,2026-07-23,Pattaya_Beach,MixedBerryPremium,6,299.88,2026-07-20,8,7,89.0,41.98,41.98,299.88,observed_estimated_cost
5784,2026-07-23,Pattaya_Beach,PassionFruit,5,171.95,2026-07-20,6,6,65.0,28.39,28.39,171.95,observed_estimated_cost
5785,2026-07-23,Pattaya_Beach,Pineapple,3,46.38,2026-07-20,6,5,49.0,9.46,9.46,46.38,observed_estimated_cost
5786,2026-07-23,Pattaya_Beach,Watermelon,2,27.22,2026-07-20,6,5,45.0,7.61,7.61,27.22,observed_estimated_cost
5787,2026-07-23,Pattaya_Central,Guava,2,31.18,2026-07-20,6,5.5,49.0,9.59,9.59,31.18,observed_estimated_cost
5788,2026-07-23,Pattaya_Central,MixedBerryPremium,6,299.88,2026-07-20,8,7,89.0,41.98,41.98,299.88,observed_estimated_cost
5789,2026-07-23,Pattaya_Central,PassionFruit,3,103.17,2026-07-20,6,6,65.0,28.39,28.39,103.17,observed_estimated_cost
5790,2026-07-23,Pattaya_Central,Pineapple,7,108.22,2026-07-20,6,5,49.0,9.46,9.46,108.22,observed_estimated_cost
5791,2026-07-23,Pattaya_Central,Watermelon,3,40.83,2026-07-20,6,5,45.0,7.61,7.61,40.83,observed_estimated_cost
5792,2026-07-24,BKK_Ladprao,Guava,4,62.36,2026-07-20,6,5.5,49.0,9.59,9.59,62.36,observed_estimated_cost
5793,2026-07-24,BKK_Ladprao,MixedBerryPremium,1,49.98,2026-07-20,8,7,89.0,41.98,41.98,49.98,observed_estimated_cost
5794,2026-07-24,BKK_Ladprao,PassionFruit,5,171.95,2026-07-20,6,6,65.0,28.39,28.39,171.95,observed_estimated_cost
5795,2026-07-24,BKK_Ladprao,Pineapple,3,46.38,2026-07-20,6,5,49.0,9.46,9.46,46.38,observed_estimated_cost
5796,2026-07-24,BKK_Ladprao,Watermelon,4,54.44,2026-07-20,6,5,45.0,7.61,7.61,54.44,observed_estimated_cost
5797,2026-07-24,BKK_Sukhumvit,Guava,3,46.77,2026-07-20,6,5.5,49.0,9.59,9.59,46.77,observed_estimated_cost
5798,2026-07-24,BKK_Sukhumvit,MixedBerryPremium,1,49.98,2026-07-20,8,7,89.0,41.98,41.98,49.98,observed_estimated_cost
5799,2026-07-24,BKK_Sukhumvit,PassionFruit,3,103.17,2026-07-20,6,6,65.0,28.39,28.39,103.17,observed_estimated_cost
5800,2026-07-24,BKK_Sukhumvit,Pineapple,1,15.46,2026-07-20,6,5,49.0,9.46,9.46,15.46,observed_estimated_cost
5801,2026-07-24,BKK_Sukhumvit,Watermelon,2,27.22,2026-07-20,6,5,45.0,7.61,7.61,27.22,observed_estimated_cost
5802,2026-07-24,Pattaya_Beach,Guava,3,46.77,2026-07-20,6,5.5,49.0,9.59,9.59,46.77,observed_estimated_cost
5803,2026-07-24,Pattaya_Beach,MixedBerryPremium,4,199.92,2026-07-20,8,7,89.0,41.98,41.98,199.92,observed_estimated_cost
5804,2026-07-24,Pattaya_Beach,PassionFruit,3,103.17,2026-07-20,6,6,65.0,28.39,28.39,103.17,observed_estimated_cost
5805,2026-07-24,Pattaya_Beach,Pineapple,4,61.84,2026-07-20,6,5,49.0,9.46,9.46,61.84,observed_estimated_cost
5806,2026-07-24,Pattaya_Beach,Watermelon,4,54.44,2026-07-20,6,5,45.0,7.61,7.61,54.44,observed_estimated_cost
5807,2026-07-24,Pattaya_Central,Guava,5,77.95,2026-07-20,6,5.5,49.0,9.59,9.59,77.95,observed_estimated_cost
5808,2026-07-24,Pattaya_Central,MixedBerryPremium,6,299.88,2026-07-20,8,7,89.0,41.98,41.98,299.88,observed_estimated_cost
5809,2026-07-24,Pattaya_Central,PassionFruit,8,275.12,2026-07-20,6,6,65.0,28.39,28.39,275.12,observed_estimated_cost
5810,2026-07-24,Pattaya_Central,Pineapple,4,61.84,2026-07-20,6,5,49.0,9.46,9.46,61.84,observed_estimated_cost
5811,2026-07-24,Pattaya_Central,Watermelon,8,108.88,2026-07-20,6,5,45.0,7.61,7.61,108.88,observed_estimated_cost
5812,2026-07-25,BKK_Ladprao,Guava,2,31.18,2026-07-20,6,5.5,49.0,9.59,9.59,31.18,observed_estimated_cost
5813,2026-07-25,BKK_Ladprao,MixedBerryPremium,4,199.92,2026-07-20,8,7,89.0,41.98,41.98,199.92,observed_estimated_cost
5814,2026-07-25,BKK_Ladprao,PassionFruit,2,68.78,2026-07-20,6,6,65.0,28.39,28.39,68.78,observed_estimated_cost
5815,2026-07-25,BKK_Ladprao,Pineapple,2,30.92,2026-07-20,6,5,49.0,9.46,9.46,30.92,observed_estimated_cost
5816,2026-07-25,BKK_Ladprao,Watermelon,4,54.44,2026-07-20,6,5,45.0,7.61,7.61,54.44,observed_estimated_cost
5817,2026-07-25,BKK_Sukhumvit,Guava,2,31.18,2026-07-20,6,5.5,49.0,9.59,9.59,31.18,observed_estimated_cost
5818,2026-07-25,BKK_Sukhumvit,MixedBerryPremium,4,199.92,2026-07-20,8,7,89.0,41.98,41.98,199.92,observed_estimated_cost
5819,2026-07-25,BKK_Sukhumvit,PassionFruit,3,103.17,2026-07-20,6,6,65.0,28.39,28.39,103.17,observed_estimated_cost
5820,2026-07-25,BKK_Sukhumvit,Pineapple,4,61.84,2026-07-20,6,5,49.0,9.46,9.46,61.84,observed_estimated_cost
5821,2026-07-25,BKK_Sukhumvit,Watermelon,4,54.44,2026-07-20,6,5,45.0,7.61,7.61,54.44,observed_estimated_cost
5822,2026-07-25,Pattaya_Beach,Guava,2,31.18,2026-07-20,6,5.5,49.0,9.59,9.59,31.18,observed_estimated_cost
5823,2026-07-25,Pattaya_Beach,MixedBerryPremium,3,149.94,2026-07-20,8,7,89.0,41.98,41.98,149.94,observed_estimated_cost
5824,2026-07-25,Pattaya_Beach,PassionFruit,6,206.34,2026-07-20,6,6,65.0,28.39,28.39,206.34,observed_estimated_cost
5825,2026-07-25,Pattaya_Beach,Pineapple,4,61.84,2026-07-20,6,5,49.0,9.46,9.46,61.84,observed_estimated_cost
5826,2026-07-25,Pattaya_Beach,Watermelon,3,40.83,2026-07-20,6,5,45.0,7.61,7.61,40.83,observed_estimated_cost
5827,2026-07-25,Pattaya_Central,Guava,5,77.95,2026-07-20,6,5.5,49.0,9.59,9.59,77.95,observed_estimated_cost
5828,2026-07-25,Pattaya_Central,MixedBerryPremium,9,449.82,2026-07-20,8,7,89.0,41.98,41.98,449.82,observed_estimated_cost
5829,2026-07-25,Pattaya_Central,PassionFruit,7,240.73,2026-07-20,6,6,65.0,28.39,28.39,240.73,observed_estimated_cost
5830,2026-07-25,Pattaya_Central,Pineapple,8,123.68,2026-07-20,6,5,49.0,9.46,9.46,123.68,observed_estimated_cost
5831,2026-07-25,Pattaya_Central,Watermelon,11,149.71,2026-07-20,6,5,45.0,7.61,7.61,149.71,observed_estimated_cost
5832,2026-07-26,BKK_Ladprao,Guava,3,46.77,2026-07-20,6,5.5,49.0,9.59,9.59,46.77,observed_estimated_cost
5833,2026-07-26,BKK_Ladprao,MixedBerryPremium,6,299.88,2026-07-20,8,7,89.0,41.98,41.98,299.88,observed_estimated_cost
5834,2026-07-26,BKK_Ladprao,PassionFruit,4,137.56,2026-07-20,6,6,65.0,28.39,28.39,137.56,observed_estimated_cost
5835,2026-07-26,BKK_Ladprao,Pineapple,4,61.84,2026-07-20,6,5,49.0,9.46,9.46,61.84,observed_estimated_cost
5836,2026-07-26,BKK_Ladprao,Watermelon,6,81.66,2026-07-20,6,5,45.0,7.61,7.61,81.66,observed_estimated_cost
5837,2026-07-26,BKK_Sukhumvit,Guava,4,62.36,2026-07-20,6,5.5,49.0,9.59,9.59,62.36,observed_estimated_cost
5838,2026-07-26,BKK_Sukhumvit,MixedBerryPremium,3,149.94,2026-07-20,8,7,89.0,41.98,41.98,149.94,observed_estimated_cost
5839,2026-07-26,BKK_Sukhumvit,PassionFruit,3,103.17,2026-07-20,6,6,65.0,28.39,28.39,103.17,observed_estimated_cost
5840,2026-07-26,BKK_Sukhumvit,Pineapple,4,61.84,2026-07-20,6,5,49.0,9.46,9.46,61.84,observed_estimated_cost
5841,2026-07-26,BKK_Sukhumvit,Watermelon,3,40.83,2026-07-20,6,5,45.0,7.61,7.61,40.83,observed_estimated_cost
5842,2026-07-26,Pattaya_Beach,Guava,2,31.18,2026-07-20,6,5.5,49.0,9.59,9.59,31.18,observed_estimated_cost
5843,2026-07-26,Pattaya_Beach,MixedBerryPremium,5,249.9,2026-07-20,8,7,89.0,41.98,41.98,249.9,observed_estimated_cost
5844,2026-07-26,Pattaya_Beach,PassionFruit,3,103.17,2026-07-20,6,6,65.0,28.39,28.39,103.17,observed_estimated_cost
5845,2026-07-26,Pattaya_Beach,Pineapple,3,46.38,2026-07-20,6,5,49.0,9.46,9.46,46.38,observed_estimated_cost
5846,2026-07-26,Pattaya_Beach,Watermelon,7,95.27,2026-07-20,6,5,45.0,7.61,7.61,95.27,observed_estimated_cost
5847,2026-07-26,Pattaya_Central,Guava,4,62.36,2026-07-20,6,5.5,49.0,9.59,9.59,62.36,observed_estimated_cost
5848,2026-07-26,Pattaya_Central,MixedBerryPremium,6,299.88,2026-07-20,8,7,89.0,41.98,41.98,299.88,observed_estimated_cost
5849,2026-07-26,Pattaya_Central,PassionFruit,6,206.34,2026-07-20,6,6,65.0,28.39,28.39,206.34,observed_estimated_cost
5850,2026-07-26,Pattaya_Central,Pineapple,4,61.84,2026-07-20,6,5,49.0,9.46,9.46,61.84,observed_estimated_cost
5851,2026-07-26,Pattaya_Central,Watermelon,7,95.27,2026-07-20,6,5,45.0,7.61,7.61,95.27,observed_estimated_cost
5852,2026-07-27,BKK_Ladprao,Guava,5,82.6,2026-07-27,6,5.5,49.0,10.52,10.52,82.6,observed_estimated_cost
5853,2026-07-27,BKK_Ladprao,MixedBerryPremium,1,52.27,2026-07-27,8,7,89.0,44.27,44.27,52.27,observed_estimated_cost
5854,2026-07-27,BKK_Ladprao,PassionFruit,2,64.92,2026-07-27,6,6,65.0,26.46,26.46,64.92,observed_estimated_cost
5855,2026-07-27,BKK_Ladprao,Pineapple,3,49.17,2026-07-27,6,5,49.0,10.39,10.39,49.17,observed_estimated_cost
5856,2026-07-27,BKK_Ladprao,Watermelon,4,56.04,2026-07-27,6,5,45.0,8.01,8.01,56.04,observed_estimated_cost
5857,2026-07-27,BKK_Sukhumvit,Guava,4,66.08,2026-07-27,6,5.5,49.0,10.52,10.52,66.08,observed_estimated_cost
5858,2026-07-27,BKK_Sukhumvit,MixedBerryPremium,4,209.08,2026-07-27,8,7,89.0,44.27,44.27,209.08,observed_estimated_cost
5859,2026-07-27,BKK_Sukhumvit,PassionFruit,5,162.3,2026-07-27,6,6,65.0,26.46,26.46,162.3,observed_estimated_cost
5860,2026-07-27,BKK_Sukhumvit,Pineapple,4,65.56,2026-07-27,6,5,49.0,10.39,10.39,65.56,observed_estimated_cost
5861,2026-07-27,BKK_Sukhumvit,Watermelon,4,56.04,2026-07-27,6,5,45.0,8.01,8.01,56.04,observed_estimated_cost
5862,2026-07-27,Pattaya_Beach,Guava,4,66.08,2026-07-27,6,5.5,49.0,10.52,10.52,66.08,observed_estimated_cost
5863,2026-07-27,Pattaya_Beach,MixedBerryPremium,5,261.35,2026-07-27,8,7,89.0,44.27,44.27,261.35,observed_estimated_cost
5864,2026-07-27,Pattaya_Beach,PassionFruit,3,97.38,2026-07-27,6,6,65.0,26.46,26.46,97.38,observed_estimated_cost
5865,2026-07-27,Pattaya_Beach,Pineapple,3,49.17,2026-07-27,6,5,49.0,10.39,10.39,49.17,observed_estimated_cost
5866,2026-07-27,Pattaya_Beach,Watermelon,4,56.04,2026-07-27,6,5,45.0,8.01,8.01,56.04,observed_estimated_cost
5867,2026-07-27,Pattaya_Central,Guava,3,49.56,2026-07-27,6,5.5,49.0,10.52,10.52,49.56,observed_estimated_cost
5868,2026-07-27,Pattaya_Central,MixedBerryPremium,6,313.62,2026-07-27,8,7,89.0,44.27,44.27,313.62,observed_estimated_cost
5869,2026-07-27,Pattaya_Central,PassionFruit,5,162.3,2026-07-27,6,6,65.0,26.46,26.46,162.3,observed_estimated_cost
5870,2026-07-27,Pattaya_Central,Pineapple,5,81.95,2026-07-27,6,5,49.0,10.39,10.39,81.95,observed_estimated_cost
5871,2026-07-27,Pattaya_Central,Watermelon,5,70.05,2026-07-27,6,5,45.0,8.01,8.01,70.05,observed_estimated_cost
5872,2026-07-28,BKK_Ladprao,Guava,3,49.56,2026-07-27,6,5.5,49.0,10.52,10.52,49.56,observed_estimated_cost
5873,2026-07-28,BKK_Ladprao,MixedBerryPremium,4,209.08,2026-07-27,8,7,89.0,44.27,44.27,209.08,observed_estimated_cost
5874,2026-07-28,BKK_Ladprao,PassionFruit,6,194.76,2026-07-27,6,6,65.0,26.46,26.46,194.76,observed_estimated_cost
5875,2026-07-28,BKK_Ladprao,Pineapple,5,81.95,2026-07-27,6,5,49.0,10.39,10.39,81.95,observed_estimated_cost
5876,2026-07-28,BKK_Ladprao,Watermelon,6,84.06,2026-07-27,6,5,45.0,8.01,8.01,84.06,observed_estimated_cost
5877,2026-07-28,BKK_Sukhumvit,Guava,2,33.04,2026-07-27,6,5.5,49.0,10.52,10.52,33.04,observed_estimated_cost
5878,2026-07-28,BKK_Sukhumvit,MixedBerryPremium,9,470.43,2026-07-27,8,7,89.0,44.27,44.27,470.43,observed_estimated_cost
5879,2026-07-28,BKK_Sukhumvit,PassionFruit,4,129.84,2026-07-27,6,6,65.0,26.46,26.46,129.84,observed_estimated_cost
5880,2026-07-28,BKK_Sukhumvit,Pineapple,3,49.17,2026-07-27,6,5,49.0,10.39,10.39,49.17,observed_estimated_cost
5881,2026-07-28,BKK_Sukhumvit,Watermelon,3,42.03,2026-07-27,6,5,45.0,8.01,8.01,42.03,observed_estimated_cost
5882,2026-07-28,Pattaya_Beach,Guava,1,16.52,2026-07-27,6,5.5,49.0,10.52,10.52,16.52,observed_estimated_cost
5883,2026-07-28,Pattaya_Beach,MixedBerryPremium,3,156.81,2026-07-27,8,7,89.0,44.27,44.27,156.81,observed_estimated_cost
5884,2026-07-28,Pattaya_Beach,PassionFruit,3,97.38,2026-07-27,6,6,65.0,26.46,26.46,97.38,observed_estimated_cost
5885,2026-07-28,Pattaya_Beach,Pineapple,5,81.95,2026-07-27,6,5,49.0,10.39,10.39,81.95,observed_estimated_cost
5886,2026-07-28,Pattaya_Beach,Watermelon,4,56.04,2026-07-27,6,5,45.0,8.01,8.01,56.04,observed_estimated_cost
5887,2026-07-28,Pattaya_Central,Guava,2,33.04,2026-07-27,6,5.5,49.0,10.52,10.52,33.04,observed_estimated_cost
5888,2026-07-28,Pattaya_Central,MixedBerryPremium,8,418.16,2026-07-27,8,7,89.0,44.27,44.27,418.16,observed_estimated_cost
5889,2026-07-28,Pattaya_Central,PassionFruit,8,259.68,2026-07-27,6,6,65.0,26.46,26.46,259.68,observed_estimated_cost
5890,2026-07-28,Pattaya_Central,Pineapple,6,98.34,2026-07-27,6,5,49.0,10.39,10.39,98.34,observed_estimated_cost
5891,2026-07-28,Pattaya_Central,Watermelon,2,28.02,2026-07-27,6,5,45.0,8.01,8.01,28.02,observed_estimated_cost
5892,2026-07-29,BKK_Ladprao,Guava,2,33.04,2026-07-27,6,5.5,49.0,10.52,10.52,33.04,observed_estimated_cost
5893,2026-07-29,BKK_Ladprao,MixedBerryPremium,6,313.62,2026-07-27,8,7,89.0,44.27,44.27,313.62,observed_estimated_cost
5894,2026-07-29,BKK_Ladprao,PassionFruit,4,129.84,2026-07-27,6,6,65.0,26.46,26.46,129.84,observed_estimated_cost
5895,2026-07-29,BKK_Ladprao,Pineapple,2,32.78,2026-07-27,6,5,49.0,10.39,10.39,32.78,observed_estimated_cost
5896,2026-07-29,BKK_Ladprao,Watermelon,2,28.02,2026-07-27,6,5,45.0,8.01,8.01,28.02,observed_estimated_cost
5897,2026-07-29,BKK_Sukhumvit,Guava,3,49.56,2026-07-27,6,5.5,49.0,10.52,10.52,49.56,observed_estimated_cost
5898,2026-07-29,BKK_Sukhumvit,MixedBerryPremium,5,261.35,2026-07-27,8,7,89.0,44.27,44.27,261.35,observed_estimated_cost
5899,2026-07-29,BKK_Sukhumvit,PassionFruit,3,97.38,2026-07-27,6,6,65.0,26.46,26.46,97.38,observed_estimated_cost
5900,2026-07-29,BKK_Sukhumvit,Pineapple,3,49.17,2026-07-27,6,5,49.0,10.39,10.39,49.17,observed_estimated_cost
5901,2026-07-29,BKK_Sukhumvit,Watermelon,6,84.06,2026-07-27,6,5,45.0,8.01,8.01,84.06,observed_estimated_cost
5902,2026-07-29,Pattaya_Beach,Guava,4,66.08,2026-07-27,6,5.5,49.0,10.52,10.52,66.08,observed_estimated_cost
5903,2026-07-29,Pattaya_Beach,MixedBerryPremium,5,261.35,2026-07-27,8,7,89.0,44.27,44.27,261.35,observed_estimated_cost
5904,2026-07-29,Pattaya_Beach,PassionFruit,3,97.38,2026-07-27,6,6,65.0,26.46,26.46,97.38,observed_estimated_cost
5905,2026-07-29,Pattaya_Beach,Pineapple,5,81.95,2026-07-27,6,5,49.0,10.39,10.39,81.95,observed_estimated_cost
5906,2026-07-29,Pattaya_Beach,Watermelon,4,56.04,2026-07-27,6,5,45.0,8.01,8.01,56.04,observed_estimated_cost
5907,2026-07-29,Pattaya_Central,Guava,5,82.6,2026-07-27,6,5.5,49.0,10.52,10.52,82.6,observed_estimated_cost
5908,2026-07-29,Pattaya_Central,MixedBerryPremium,3,156.81,2026-07-27,8,7,89.0,44.27,44.27,156.81,observed_estimated_cost
5909,2026-07-29,Pattaya_Central,PassionFruit,5,162.3,2026-07-27,6,6,65.0,26.46,26.46,162.3,observed_estimated_cost
5910,2026-07-29,Pattaya_Central,Pineapple,5,81.95,2026-07-27,6,5,49.0,10.39,10.39,81.95,observed_estimated_cost
5911,2026-07-29,Pattaya_Central,Watermelon,4,56.04,2026-07-27,6,5,45.0,8.01,8.01,56.04,observed_estimated_cost
5912,2026-07-30,BKK_Ladprao,Guava,1,16.52,2026-07-27,6,5.5,49.0,10.52,10.52,16.52,observed_estimated_cost
5913,2026-07-30,BKK_Ladprao,MixedBerryPremium,7,365.89,2026-07-27,8,7,89.0,44.27,44.27,365.89,observed_estimated_cost
5914,2026-07-30,BKK_Ladprao,PassionFruit,6,194.76,2026-07-27,6,6,65.0,26.46,26.46,194.76,observed_estimated_cost
5915,2026-07-30,BKK_Ladprao,Pineapple,3,49.17,2026-07-27,6,5,49.0,10.39,10.39,49.17,observed_estimated_cost
5916,2026-07-30,BKK_Ladprao,Watermelon,5,70.05,2026-07-27,6,5,45.0,8.01,8.01,70.05,observed_estimated_cost
5917,2026-07-30,BKK_Sukhumvit,Guava,2,33.04,2026-07-27,6,5.5,49.0,10.52,10.52,33.04,observed_estimated_cost
5918,2026-07-30,BKK_Sukhumvit,MixedBerryPremium,3,156.81,2026-07-27,8,7,89.0,44.27,44.27,156.81,observed_estimated_cost
5919,2026-07-30,BKK_Sukhumvit,PassionFruit,4,129.84,2026-07-27,6,6,65.0,26.46,26.46,129.84,observed_estimated_cost
5920,2026-07-30,BKK_Sukhumvit,Pineapple,4,65.56,2026-07-27,6,5,49.0,10.39,10.39,65.56,observed_estimated_cost
5921,2026-07-30,BKK_Sukhumvit,Watermelon,4,56.04,2026-07-27,6,5,45.0,8.01,8.01,56.04,observed_estimated_cost
5922,2026-07-30,Pattaya_Beach,Guava,4,66.08,2026-07-27,6,5.5,49.0,10.52,10.52,66.08,observed_estimated_cost
5923,2026-07-30,Pattaya_Beach,MixedBerryPremium,4,209.08,2026-07-27,8,7,89.0,44.27,44.27,209.08,observed_estimated_cost
5924,2026-07-30,Pattaya_Beach,PassionFruit,4,129.84,2026-07-27,6,6,65.0,26.46,26.46,129.84,observed_estimated_cost
5925,2026-07-30,Pattaya_Beach,Pineapple,3,49.17,2026-07-27,6,5,49.0,10.39,10.39,49.17,observed_estimated_cost
5926,2026-07-30,Pattaya_Beach,Watermelon,5,70.05,2026-07-27,6,5,45.0,8.01,8.01,70.05,observed_estimated_cost
5927,2026-07-30,Pattaya_Central,Guava,5,82.6,2026-07-27,6,5.5,49.0,10.52,10.52,82.6,observed_estimated_cost
5928,2026-07-30,Pattaya_Central,MixedBerryPremium,5,261.35,2026-07-27,8,7,89.0,44.27,44.27,261.35,observed_estimated_cost
5929,2026-07-30,Pattaya_Central,PassionFruit,7,227.22,2026-07-27,6,6,65.0,26.46,26.46,227.22,observed_estimated_cost
5930,2026-07-30,Pattaya_Central,Pineapple,4,65.56,2026-07-27,6,5,49.0,10.39,10.39,65.56,observed_estimated_cost
5931,2026-07-30,Pattaya_Central,Watermelon,4,56.04,2026-07-27,6,5,45.0,8.01,8.01,56.04,observed_estimated_cost
5932,2026-07-31,BKK_Ladprao,Guava,2,33.04,2026-07-27,6,5.5,49.0,10.52,10.52,33.04,observed_estimated_cost
5933,2026-07-31,BKK_Ladprao,MixedBerryPremium,2,104.54,2026-07-27,8,7,89.0,44.27,44.27,104.54,observed_estimated_cost
5934,2026-07-31,BKK_Ladprao,PassionFruit,3,97.38,2026-07-27,6,6,65.0,26.46,26.46,97.38,observed_estimated_cost
5935,2026-07-31,BKK_Ladprao,Pineapple,4,65.56,2026-07-27,6,5,49.0,10.39,10.39,65.56,observed_estimated_cost
5936,2026-07-31,BKK_Ladprao,Watermelon,5,70.05,2026-07-27,6,5,45.0,8.01,8.01,70.05,observed_estimated_cost
5937,2026-07-31,BKK_Sukhumvit,Guava,3,49.56,2026-07-27,6,5.5,49.0,10.52,10.52,49.56,observed_estimated_cost
5938,2026-07-31,BKK_Sukhumvit,MixedBerryPremium,3,156.81,2026-07-27,8,7,89.0,44.27,44.27,156.81,observed_estimated_cost
5939,2026-07-31,BKK_Sukhumvit,PassionFruit,2,64.92,2026-07-27,6,6,65.0,26.46,26.46,64.92,observed_estimated_cost
5940,2026-07-31,BKK_Sukhumvit,Pineapple,4,65.56,2026-07-27,6,5,49.0,10.39,10.39,65.56,observed_estimated_cost
5941,2026-07-31,BKK_Sukhumvit,Watermelon,3,42.03,2026-07-27,6,5,45.0,8.01,8.01,42.03,observed_estimated_cost
5942,2026-07-31,Pattaya_Beach,Guava,4,66.08,2026-07-27,6,5.5,49.0,10.52,10.52,66.08,observed_estimated_cost
5943,2026-07-31,Pattaya_Beach,MixedBerryPremium,5,261.35,2026-07-27,8,7,89.0,44.27,44.27,261.35,observed_estimated_cost
5944,2026-07-31,Pattaya_Beach,PassionFruit,5,162.3,2026-07-27,6,6,65.0,26.46,26.46,162.3,observed_estimated_cost
5945,2026-07-31,Pattaya_Beach,Pineapple,2,32.78,2026-07-27,6,5,49.0,10.39,10.39,32.78,observed_estimated_cost
5946,2026-07-31,Pattaya_Beach,Watermelon,2,28.02,2026-07-27,6,5,45.0,8.01,8.01,28.02,observed_estimated_cost
5947,2026-07-31,Pattaya_Central,Guava,7,115.64,2026-07-27,6,5.5,49.0,10.52,10.52,115.64,observed_estimated_cost
5948,2026-07-31,Pattaya_Central,MixedBerryPremium,6,313.62,2026-07-27,8,7,89.0,44.27,44.27,313.62,observed_estimated_cost
5949,2026-07-31,Pattaya_Central,PassionFruit,5,162.3,2026-07-27,6,6,65.0,26.46,26.46,162.3,observed_estimated_cost
5950,2026-07-31,Pattaya_Central,Pineapple,2,32.78,2026-07-27,6,5,49.0,10.39,10.39,32.78,observed_estimated_cost
5951,2026-07-31,Pattaya_Central,Watermelon,7,98.07,2026-07-27,6,5,45.0,8.01,8.01,98.07,observed_estimated_cost
5952,2026-08-01,BKK_Ladprao,Guava,2,33.04,2026-07-27,6,5.5,49.0,10.52,10.52,33.04,observed_estimated_cost
5953,2026-08-01,BKK_Ladprao,MixedBerryPremium,10,522.7,2026-07-27,8,7,89.0,44.27,44.27,522.7,observed_estimated_cost
5954,2026-08-01,BKK_Ladprao,PassionFruit,4,129.84,2026-07-27,6,6,65.0,26.46,26.46,129.84,observed_estimated_cost
5955,2026-08-01,BKK_Ladprao,Pineapple,3,49.17,2026-07-27,6,5,49.0,10.39,10.39,49.17,observed_estimated_cost
5956,2026-08-01,BKK_Ladprao,Watermelon,5,70.05,2026-07-27,6,5,45.0,8.01,8.01,70.05,observed_estimated_cost
5957,2026-08-01,BKK_Sukhumvit,Guava,4,66.08,2026-07-27,6,5.5,49.0,10.52,10.52,66.08,observed_estimated_cost
5958,2026-08-01,BKK_Sukhumvit,MixedBerryPremium,6,313.62,2026-07-27,8,7,89.0,44.27,44.27,313.62,observed_estimated_cost
5959,2026-08-01,BKK_Sukhumvit,PassionFruit,5,162.3,2026-07-27,6,6,65.0,26.46,26.46,162.3,observed_estimated_cost
5960,2026-08-01,BKK_Sukhumvit,Pineapple,4,65.56,2026-07-27,6,5,49.0,10.39,10.39,65.56,observed_estimated_cost
5961,2026-08-01,BKK_Sukhumvit,Watermelon,4,56.04,2026-07-27,6,5,45.0,8.01,8.01,56.04,observed_estimated_cost
5962,2026-08-01,Pattaya_Beach,Guava,5,82.6,2026-07-27,6,5.5,49.0,10.52,10.52,82.6,observed_estimated_cost
5963,2026-08-01,Pattaya_Beach,MixedBerryPremium,10,522.7,2026-07-27,8,7,89.0,44.27,44.27,522.7,observed_estimated_cost
5964,2026-08-01,Pattaya_Beach,PassionFruit,5,162.3,2026-07-27,6,6,65.0,26.46,26.46,162.3,observed_estimated_cost
5965,2026-08-01,Pattaya_Beach,Pineapple,2,32.78,2026-07-27,6,5,49.0,10.39,10.39,32.78,observed_estimated_cost
5966,2026-08-01,Pattaya_Beach,Watermelon,4,56.04,2026-07-27,6,5,45.0,8.01,8.01,56.04,observed_estimated_cost
5967,2026-08-01,Pattaya_Central,Guava,6,99.12,2026-07-27,6,5.5,49.0,10.52,10.52,99.12,observed_estimated_cost
5968,2026-08-01,Pattaya_Central,MixedBerryPremium,3,156.81,2026-07-27,8,7,89.0,44.27,44.27,156.81,observed_estimated_cost
5969,2026-08-01,Pattaya_Central,PassionFruit,5,162.3,2026-07-27,6,6,65.0,26.46,26.46,162.3,observed_estimated_cost
5970,2026-08-01,Pattaya_Central,Pineapple,5,81.95,2026-07-27,6,5,49.0,10.39,10.39,81.95,observed_estimated_cost
5971,2026-08-01,Pattaya_Central,Watermelon,8,112.08,2026-07-27,6,5,45.0,8.01,8.01,112.08,observed_estimated_cost
5972,2026-08-02,BKK_Ladprao,Guava,3,49.56,2026-07-27,6,5.5,49.0,10.52,10.52,49.56,observed_estimated_cost
5973,2026-08-02,BKK_Ladprao,MixedBerryPremium,6,313.62,2026-07-27,8,7,89.0,44.27,44.27,313.62,observed_estimated_cost
5974,2026-08-02,BKK_Ladprao,PassionFruit,2,64.92,2026-07-27,6,6,65.0,26.46,26.46,64.92,observed_estimated_cost
5975,2026-08-02,BKK_Ladprao,Pineapple,4,65.56,2026-07-27,6,5,49.0,10.39,10.39,65.56,observed_estimated_cost
5976,2026-08-02,BKK_Ladprao,Watermelon,5,70.05,2026-07-27,6,5,45.0,8.01,8.01,70.05,observed_estimated_cost
5977,2026-08-02,BKK_Sukhumvit,Guava,3,49.56,2026-07-27,6,5.5,49.0,10.52,10.52,49.56,observed_estimated_cost
5978,2026-08-02,BKK_Sukhumvit,MixedBerryPremium,3,156.81,2026-07-27,8,7,89.0,44.27,44.27,156.81,observed_estimated_cost
5979,2026-08-02,BKK_Sukhumvit,PassionFruit,2,64.92,2026-07-27,6,6,65.0,26.46,26.46,64.92,observed_estimated_cost
5980,2026-08-02,BKK_Sukhumvit,Pineapple,2,32.78,2026-07-27,6,5,49.0,10.39,10.39,32.78,observed_estimated_cost
5981,2026-08-02,BKK_Sukhumvit,Watermelon,2,28.02,2026-07-27,6,5,45.0,8.01,8.01,28.02,observed_estimated_cost
5982,2026-08-02,Pattaya_Beach,Guava,3,49.56,2026-07-27,6,5.5,49.0,10.52,10.52,49.56,observed_estimated_cost
5983,2026-08-02,Pattaya_Beach,MixedBerryPremium,4,209.08,2026-07-27,8,7,89.0,44.27,44.27,209.08,observed_estimated_cost
5984,2026-08-02,Pattaya_Beach,PassionFruit,5,162.3,2026-07-27,6,6,65.0,26.46,26.46,162.3,observed_estimated_cost
5985,2026-08-02,Pattaya_Beach,Pineapple,7,114.73,2026-07-27,6,5,49.0,10.39,10.39,114.73,observed_estimated_cost
5986,2026-08-02,Pattaya_Beach,Watermelon,4,56.04,2026-07-27,6,5,45.0,8.01,8.01,56.04,observed_estimated_cost
5987,2026-08-02,Pattaya_Central,Guava,1,16.52,2026-07-27,6,5.5,49.0,10.52,10.52,16.52,observed_estimated_cost
5988,2026-08-02,Pattaya_Central,MixedBerryPremium,8,418.16,2026-07-27,8,7,89.0,44.27,44.27,418.16,observed_estimated_cost
5989,2026-08-02,Pattaya_Central,PassionFruit,5,162.3,2026-07-27,6,6,65.0,26.46,26.46,162.3,observed_estimated_cost
5990,2026-08-02,Pattaya_Central,Pineapple,3,49.17,2026-07-27,6,5,49.0,10.39,10.39,49.17,observed_estimated_cost
5991,2026-08-02,Pattaya_Central,Watermelon,3,42.03,2026-07-27,6,5,45.0,8.01,8.01,42.03,observed_estimated_cost
5992,2026-08-03,BKK_Ladprao,Guava,2,31.18,2026-08-03,6,5.5,49.0,9.59,9.59,31.18,observed_estimated_cost
5993,2026-08-03,BKK_Ladprao,MixedBerryPremium,7,387.8,2026-08-03,8,7,89.0,47.4,47.4,387.8,observed_estimated_cost
5994,2026-08-03,BKK_Ladprao,PassionFruit,5,160.75,2026-08-03,6,6,65.0,26.15,26.15,160.75,observed_estimated_cost
5995,2026-08-03,BKK_Ladprao,Pineapple,3,49.44,2026-08-03,6,5,49.0,10.48,10.48,49.44,observed_estimated_cost
5996,2026-08-03,BKK_Ladprao,Watermelon,3,42.51,2026-08-03,6,5,45.0,8.17,8.17,42.51,observed_estimated_cost
5997,2026-08-03,BKK_Sukhumvit,Guava,2,31.18,2026-08-03,6,5.5,49.0,9.59,9.59,31.18,observed_estimated_cost
5998,2026-08-03,BKK_Sukhumvit,MixedBerryPremium,5,277.0,2026-08-03,8,7,89.0,47.4,47.4,277.0,observed_estimated_cost
5999,2026-08-03,BKK_Sukhumvit,PassionFruit,4,128.6,2026-08-03,6,6,65.0,26.15,26.15,128.6,observed_estimated_cost
6000,2026-08-03,BKK_Sukhumvit,Pineapple,3,49.44,2026-08-03,6,5,49.0,10.48,10.48,49.44,observed_estimated_cost
6001,2026-08-03,BKK_Sukhumvit,Watermelon,2,28.34,2026-08-03,6,5,45.0,8.17,8.17,28.34,observed_estimated_cost
6002,2026-08-03,Pattaya_Beach,Guava,3,46.77,2026-08-03,6,5.5,49.0,9.59,9.59,46.77,observed_estimated_cost
6003,2026-08-03,Pattaya_Beach,MixedBerryPremium,5,277.0,2026-08-03,8,7,89.0,47.4,47.4,277.0,observed_estimated_cost
6004,2026-08-03,Pattaya_Beach,PassionFruit,3,96.45,2026-08-03,6,6,65.0,26.15,26.15,96.45,observed_estimated_cost
6005,2026-08-03,Pattaya_Beach,Pineapple,1,16.48,2026-08-03,6,5,49.0,10.48,10.48,16.48,observed_estimated_cost
6006,2026-08-03,Pattaya_Beach,Watermelon,4,56.68,2026-08-03,6,5,45.0,8.17,8.17,56.68,observed_estimated_cost
6007,2026-08-03,Pattaya_Central,Guava,5,77.95,2026-08-03,6,5.5,49.0,9.59,9.59,77.95,observed_estimated_cost
6008,2026-08-03,Pattaya_Central,MixedBerryPremium,6,332.4,2026-08-03,8,7,89.0,47.4,47.4,332.4,observed_estimated_cost
6009,2026-08-03,Pattaya_Central,PassionFruit,8,257.2,2026-08-03,6,6,65.0,26.15,26.15,257.2,observed_estimated_cost
6010,2026-08-03,Pattaya_Central,Pineapple,3,49.44,2026-08-03,6,5,49.0,10.48,10.48,49.44,observed_estimated_cost
6011,2026-08-03,Pattaya_Central,Watermelon,5,70.85,2026-08-03,6,5,45.0,8.17,8.17,70.85,observed_estimated_cost
6012,2026-08-04,BKK_Ladprao,Guava,2,31.18,2026-08-03,6,5.5,49.0,9.59,9.59,31.18,observed_estimated_cost
6013,2026-08-04,BKK_Ladprao,MixedBerryPremium,3,166.2,2026-08-03,8,7,89.0,47.4,47.4,166.2,observed_estimated_cost
6014,2026-08-04,BKK_Ladprao,PassionFruit,4,128.6,2026-08-03,6,6,65.0,26.15,26.15,128.6,observed_estimated_cost
6015,2026-08-04,BKK_Ladprao,Pineapple,6,98.88,2026-08-03,6,5,49.0,10.48,10.48,98.88,observed_estimated_cost
6016,2026-08-04,BKK_Ladprao,Watermelon,2,28.34,2026-08-03,6,5,45.0,8.17,8.17,28.34,observed_estimated_cost
6017,2026-08-04,BKK_Sukhumvit,Guava,2,31.18,2026-08-03,6,5.5,49.0,9.59,9.59,31.18,observed_estimated_cost
6018,2026-08-04,BKK_Sukhumvit,MixedBerryPremium,3,166.2,2026-08-03,8,7,89.0,47.4,47.4,166.2,observed_estimated_cost
6019,2026-08-04,BKK_Sukhumvit,PassionFruit,3,96.45,2026-08-03,6,6,65.0,26.15,26.15,96.45,observed_estimated_cost
6020,2026-08-04,BKK_Sukhumvit,Pineapple,1,16.48,2026-08-03,6,5,49.0,10.48,10.48,16.48,observed_estimated_cost
6021,2026-08-04,BKK_Sukhumvit,Watermelon,4,56.68,2026-08-03,6,5,45.0,8.17,8.17,56.68,observed_estimated_cost
6022,2026-08-04,Pattaya_Beach,Guava,4,62.36,2026-08-03,6,5.5,49.0,9.59,9.59,62.36,observed_estimated_cost
6023,2026-08-04,Pattaya_Beach,MixedBerryPremium,8,443.2,2026-08-03,8,7,89.0,47.4,47.4,443.2,observed_estimated_cost
6024,2026-08-04,Pattaya_Beach,PassionFruit,4,128.6,2026-08-03,6,6,65.0,26.15,26.15,128.6,observed_estimated_cost
6025,2026-08-04,Pattaya_Beach,Pineapple,5,82.4,2026-08-03,6,5,49.0,10.48,10.48,82.4,observed_estimated_cost
6026,2026-08-04,Pattaya_Beach,Watermelon,6,85.02,2026-08-03,6,5,45.0,8.17,8.17,85.02,observed_estimated_cost
6027,2026-08-04,Pattaya_Central,Guava,3,46.77,2026-08-03,6,5.5,49.0,9.59,9.59,46.77,observed_estimated_cost
6028,2026-08-04,Pattaya_Central,MixedBerryPremium,4,221.6,2026-08-03,8,7,89.0,47.4,47.4,221.6,observed_estimated_cost
6029,2026-08-04,Pattaya_Central,PassionFruit,4,128.6,2026-08-03,6,6,65.0,26.15,26.15,128.6,observed_estimated_cost
6030,2026-08-04,Pattaya_Central,Pineapple,3,49.44,2026-08-03,6,5,49.0,10.48,10.48,49.44,observed_estimated_cost
6031,2026-08-04,Pattaya_Central,Watermelon,5,70.85,2026-08-03,6,5,45.0,8.17,8.17,70.85,observed_estimated_cost
6032,2026-08-05,BKK_Ladprao,Guava,1,15.59,2026-08-03,6,5.5,49.0,9.59,9.59,15.59,observed_estimated_cost
6033,2026-08-05,BKK_Ladprao,MixedBerryPremium,3,166.2,2026-08-03,8,7,89.0,47.4,47.4,166.2,observed_estimated_cost
6034,2026-08-05,BKK_Ladprao,PassionFruit,3,96.45,2026-08-03,6,6,65.0,26.15,26.15,96.45,observed_estimated_cost
6035,2026-08-05,BKK_Ladprao,Pineapple,5,82.4,2026-08-03,6,5,49.0,10.48,10.48,82.4,observed_estimated_cost
6036,2026-08-05,BKK_Ladprao,Watermelon,3,42.51,2026-08-03,6,5,45.0,8.17,8.17,42.51,observed_estimated_cost
6037,2026-08-05,BKK_Sukhumvit,Guava,2,31.18,2026-08-03,6,5.5,49.0,9.59,9.59,31.18,observed_estimated_cost
6038,2026-08-05,BKK_Sukhumvit,MixedBerryPremium,3,166.2,2026-08-03,8,7,89.0,47.4,47.4,166.2,observed_estimated_cost
6039,2026-08-05,BKK_Sukhumvit,PassionFruit,7,225.05,2026-08-03,6,6,65.0,26.15,26.15,225.05,observed_estimated_cost
6040,2026-08-05,BKK_Sukhumvit,Pineapple,3,49.44,2026-08-03,6,5,49.0,10.48,10.48,49.44,observed_estimated_cost
6041,2026-08-05,BKK_Sukhumvit,Watermelon,7,99.19,2026-08-03,6,5,45.0,8.17,8.17,99.19,observed_estimated_cost
6042,2026-08-05,Pattaya_Beach,Guava,5,77.95,2026-08-03,6,5.5,49.0,9.59,9.59,77.95,observed_estimated_cost
6043,2026-08-05,Pattaya_Beach,MixedBerryPremium,7,387.8,2026-08-03,8,7,89.0,47.4,47.4,387.8,observed_estimated_cost
6044,2026-08-05,Pattaya_Beach,PassionFruit,4,128.6,2026-08-03,6,6,65.0,26.15,26.15,128.6,observed_estimated_cost
6045,2026-08-05,Pattaya_Beach,Pineapple,3,49.44,2026-08-03,6,5,49.0,10.48,10.48,49.44,observed_estimated_cost
6046,2026-08-05,Pattaya_Beach,Watermelon,7,99.19,2026-08-03,6,5,45.0,8.17,8.17,99.19,observed_estimated_cost
6047,2026-08-05,Pattaya_Central,Guava,4,62.36,2026-08-03,6,5.5,49.0,9.59,9.59,62.36,observed_estimated_cost
6048,2026-08-05,Pattaya_Central,MixedBerryPremium,3,166.2,2026-08-03,8,7,89.0,47.4,47.4,166.2,observed_estimated_cost
6049,2026-08-05,Pattaya_Central,PassionFruit,3,96.45,2026-08-03,6,6,65.0,26.15,26.15,96.45,observed_estimated_cost
6050,2026-08-05,Pattaya_Central,Pineapple,5,82.4,2026-08-03,6,5,49.0,10.48,10.48,82.4,observed_estimated_cost
6051,2026-08-05,Pattaya_Central,Watermelon,7,99.19,2026-08-03,6,5,45.0,8.17,8.17,99.19,observed_estimated_cost
6052,2026-08-06,BKK_Ladprao,Guava,4,62.36,2026-08-03,6,5.5,49.0,9.59,9.59,62.36,observed_estimated_cost
6053,2026-08-06,BKK_Ladprao,MixedBerryPremium,3,166.2,2026-08-03,8,7,89.0,47.4,47.4,166.2,observed_estimated_cost
6054,2026-08-06,BKK_Ladprao,PassionFruit,2,64.3,2026-08-03,6,6,65.0,26.15,26.15,64.3,observed_estimated_cost
6055,2026-08-06,BKK_Ladprao,Pineapple,2,32.96,2026-08-03,6,5,49.0,10.48,10.48,32.96,observed_estimated_cost
6056,2026-08-06,BKK_Ladprao,Watermelon,3,42.51,2026-08-03,6,5,45.0,8.17,8.17,42.51,observed_estimated_cost
6057,2026-08-06,BKK_Sukhumvit,Guava,2,31.18,2026-08-03,6,5.5,49.0,9.59,9.59,31.18,observed_estimated_cost
6058,2026-08-06,BKK_Sukhumvit,MixedBerryPremium,4,221.6,2026-08-03,8,7,89.0,47.4,47.4,221.6,observed_estimated_cost
6059,2026-08-06,BKK_Sukhumvit,PassionFruit,6,192.9,2026-08-03,6,6,65.0,26.15,26.15,192.9,observed_estimated_cost
6060,2026-08-06,BKK_Sukhumvit,Pineapple,1,16.48,2026-08-03,6,5,49.0,10.48,10.48,16.48,observed_estimated_cost
6061,2026-08-06,BKK_Sukhumvit,Watermelon,4,56.68,2026-08-03,6,5,45.0,8.17,8.17,56.68,observed_estimated_cost
6062,2026-08-06,Pattaya_Beach,Guava,2,31.18,2026-08-03,6,5.5,49.0,9.59,9.59,31.18,observed_estimated_cost
6063,2026-08-06,Pattaya_Beach,MixedBerryPremium,2,110.8,2026-08-03,8,7,89.0,47.4,47.4,110.8,observed_estimated_cost
6064,2026-08-06,Pattaya_Beach,PassionFruit,4,128.6,2026-08-03,6,6,65.0,26.15,26.15,128.6,observed_estimated_cost
6065,2026-08-06,Pattaya_Beach,Pineapple,5,82.4,2026-08-03,6,5,49.0,10.48,10.48,82.4,observed_estimated_cost
6066,2026-08-06,Pattaya_Beach,Watermelon,4,56.68,2026-08-03,6,5,45.0,8.17,8.17,56.68,observed_estimated_cost
6067,2026-08-06,Pattaya_Central,Guava,5,77.95,2026-08-03,6,5.5,49.0,9.59,9.59,77.95,observed_estimated_cost
6068,2026-08-06,Pattaya_Central,MixedBerryPremium,2,110.8,2026-08-03,8,7,89.0,47.4,47.4,110.8,observed_estimated_cost
6069,2026-08-06,Pattaya_Central,PassionFruit,2,64.3,2026-08-03,6,6,65.0,26.15,26.15,64.3,observed_estimated_cost
6070,2026-08-06,Pattaya_Central,Pineapple,4,65.92,2026-08-03,6,5,49.0,10.48,10.48,65.92,observed_estimated_cost
6071,2026-08-06,Pattaya_Central,Watermelon,3,42.51,2026-08-03,6,5,45.0,8.17,8.17,42.51,observed_estimated_cost
6072,2026-08-07,BKK_Ladprao,Guava,2,31.18,2026-08-03,6,5.5,49.0,9.59,9.59,31.18,observed_estimated_cost
6073,2026-08-07,BKK_Ladprao,MixedBerryPremium,6,332.4,2026-08-03,8,7,89.0,47.4,47.4,332.4,observed_estimated_cost
6074,2026-08-07,BKK_Ladprao,PassionFruit,2,64.3,2026-08-03,6,6,65.0,26.15,26.15,64.3,observed_estimated_cost
6075,2026-08-07,BKK_Ladprao,Pineapple,5,82.4,2026-08-03,6,5,49.0,10.48,10.48,82.4,observed_estimated_cost
6076,2026-08-07,BKK_Ladprao,Watermelon,4,56.68,2026-08-03,6,5,45.0,8.17,8.17,56.68,observed_estimated_cost
6077,2026-08-07,BKK_Sukhumvit,Guava,3,46.77,2026-08-03,6,5.5,49.0,9.59,9.59,46.77,observed_estimated_cost
6078,2026-08-07,BKK_Sukhumvit,MixedBerryPremium,4,221.6,2026-08-03,8,7,89.0,47.4,47.4,221.6,observed_estimated_cost
6079,2026-08-07,BKK_Sukhumvit,PassionFruit,3,96.45,2026-08-03,6,6,65.0,26.15,26.15,96.45,observed_estimated_cost
6080,2026-08-07,BKK_Sukhumvit,Pineapple,3,49.44,2026-08-03,6,5,49.0,10.48,10.48,49.44,observed_estimated_cost
6081,2026-08-07,BKK_Sukhumvit,Watermelon,4,56.68,2026-08-03,6,5,45.0,8.17,8.17,56.68,observed_estimated_cost
6082,2026-08-07,Pattaya_Beach,Guava,5,77.95,2026-08-03,6,5.5,49.0,9.59,9.59,77.95,observed_estimated_cost
6083,2026-08-07,Pattaya_Beach,MixedBerryPremium,9,498.6,2026-08-03,8,7,89.0,47.4,47.4,498.6,observed_estimated_cost
6084,2026-08-07,Pattaya_Beach,PassionFruit,5,160.75,2026-08-03,6,6,65.0,26.15,26.15,160.75,observed_estimated_cost
6085,2026-08-07,Pattaya_Beach,Pineapple,4,65.92,2026-08-03,6,5,49.0,10.48,10.48,65.92,observed_estimated_cost
6086,2026-08-07,Pattaya_Beach,Watermelon,4,56.68,2026-08-03,6,5,45.0,8.17,8.17,56.68,observed_estimated_cost
6087,2026-08-07,Pattaya_Central,Guava,3,46.77,2026-08-03,6,5.5,49.0,9.59,9.59,46.77,observed_estimated_cost
6088,2026-08-07,Pattaya_Central,MixedBerryPremium,7,387.8,2026-08-03,8,7,89.0,47.4,47.4,387.8,observed_estimated_cost
6089,2026-08-07,Pattaya_Central,PassionFruit,6,192.9,2026-08-03,6,6,65.0,26.15,26.15,192.9,observed_estimated_cost
6090,2026-08-07,Pattaya_Central,Pineapple,3,49.44,2026-08-03,6,5,49.0,10.48,10.48,49.44,observed_estimated_cost
6091,2026-08-07,Pattaya_Central,Watermelon,4,56.68,2026-08-03,6,5,45.0,8.17,8.17,56.68,observed_estimated_cost
6092,2026-08-08,BKK_Ladprao,Guava,4,62.36,2026-08-03,6,5.5,49.0,9.59,9.59,62.36,observed_estimated_cost
6093,2026-08-08,BKK_Ladprao,MixedBerryPremium,6,332.4,2026-08-03,8,7,89.0,47.4,47.4,332.4,observed_estimated_cost
6094,2026-08-08,BKK_Ladprao,PassionFruit,4,128.6,2026-08-03,6,6,65.0,26.15,26.15,128.6,observed_estimated_cost
6095,2026-08-08,BKK_Ladprao,Pineapple,10,164.8,2026-08-03,6,5,49.0,10.48,10.48,164.8,observed_estimated_cost
6096,2026-08-08,BKK_Ladprao,Watermelon,13,184.21,2026-08-03,6,5,45.0,8.17,8.17,184.21,observed_estimated_cost
6097,2026-08-08,BKK_Sukhumvit,Guava,6,93.54,2026-08-03,6,5.5,49.0,9.59,9.59,93.54,observed_estimated_cost
6098,2026-08-08,BKK_Sukhumvit,MixedBerryPremium,17,941.8,2026-08-03,8,7,89.0,47.4,47.4,941.8,observed_estimated_cost
6099,2026-08-08,BKK_Sukhumvit,PassionFruit,7,225.05,2026-08-03,6,6,65.0,26.15,26.15,225.05,observed_estimated_cost
6100,2026-08-08,BKK_Sukhumvit,Pineapple,5,82.4,2026-08-03,6,5,49.0,10.48,10.48,82.4,observed_estimated_cost
6101,2026-08-08,BKK_Sukhumvit,Watermelon,3,42.51,2026-08-03,6,5,45.0,8.17,8.17,42.51,observed_estimated_cost
6102,2026-08-08,Pattaya_Beach,Guava,7,109.13,2026-08-03,6,5.5,49.0,9.59,9.59,109.13,observed_estimated_cost
6103,2026-08-08,Pattaya_Beach,MixedBerryPremium,12,664.8,2026-08-03,8,7,89.0,47.4,47.4,664.8,observed_estimated_cost
6104,2026-08-08,Pattaya_Beach,PassionFruit,14,450.1,2026-08-03,6,6,65.0,26.15,26.15,450.1,observed_estimated_cost
6105,2026-08-08,Pattaya_Beach,Pineapple,9,148.32,2026-08-03,6,5,49.0,10.48,10.48,148.32,observed_estimated_cost
6106,2026-08-08,Pattaya_Beach,Watermelon,16,226.72,2026-08-03,6,5,45.0,8.17,8.17,226.72,observed_estimated_cost
6107,2026-08-08,Pattaya_Central,Guava,13,202.67,2026-08-03,6,5.5,49.0,9.59,9.59,202.67,observed_estimated_cost
6108,2026-08-08,Pattaya_Central,MixedBerryPremium,8,443.2,2026-08-03,8,7,89.0,47.4,47.4,443.2,observed_estimated_cost
6109,2026-08-08,Pattaya_Central,PassionFruit,11,353.65,2026-08-03,6,6,65.0,26.15,26.15,353.65,observed_estimated_cost
6110,2026-08-08,Pattaya_Central,Pineapple,6,98.88,2026-08-03,6,5,49.0,10.48,10.48,98.88,observed_estimated_cost
6111,2026-08-08,Pattaya_Central,Watermelon,8,113.36,2026-08-03,6,5,45.0,8.17,8.17,113.36,observed_estimated_cost
6112,2026-08-09,BKK_Ladprao,Guava,3,46.77,2026-08-03,6,5.5,49.0,9.59,9.59,46.77,observed_estimated_cost
6113,2026-08-09,BKK_Ladprao,MixedBerryPremium,6,332.4,2026-08-03,8,7,89.0,47.4,47.4,332.4,observed_estimated_cost
6114,2026-08-09,BKK_Ladprao,PassionFruit,4,128.6,2026-08-03,6,6,65.0,26.15,26.15,128.6,observed_estimated_cost
6115,2026-08-09,BKK_Ladprao,Pineapple,3,49.44,2026-08-03,6,5,49.0,10.48,10.48,49.44,observed_estimated_cost
6116,2026-08-09,BKK_Ladprao,Watermelon,5,70.85,2026-08-03,6,5,45.0,8.17,8.17,70.85,observed_estimated_cost
6117,2026-08-09,BKK_Sukhumvit,Guava,3,46.77,2026-08-03,6,5.5,49.0,9.59,9.59,46.77,observed_estimated_cost
6118,2026-08-09,BKK_Sukhumvit,MixedBerryPremium,4,221.6,2026-08-03,8,7,89.0,47.4,47.4,221.6,observed_estimated_cost
6119,2026-08-09,BKK_Sukhumvit,PassionFruit,4,128.6,2026-08-03,6,6,65.0,26.15,26.15,128.6,observed_estimated_cost
6120,2026-08-09,BKK_Sukhumvit,Pineapple,4,65.92,2026-08-03,6,5,49.0,10.48,10.48,65.92,observed_estimated_cost
6121,2026-08-09,BKK_Sukhumvit,Watermelon,3,42.51,2026-08-03,6,5,45.0,8.17,8.17,42.51,observed_estimated_cost
6122,2026-08-09,Pattaya_Beach,Guava,3,46.77,2026-08-03,6,5.5,49.0,9.59,9.59,46.77,observed_estimated_cost
6123,2026-08-09,Pattaya_Beach,MixedBerryPremium,8,443.2,2026-08-03,8,7,89.0,47.4,47.4,443.2,observed_estimated_cost
6124,2026-08-09,Pattaya_Beach,PassionFruit,2,64.3,2026-08-03,6,6,65.0,26.15,26.15,64.3,observed_estimated_cost
6125,2026-08-09,Pattaya_Beach,Pineapple,3,49.44,2026-08-03,6,5,49.0,10.48,10.48,49.44,observed_estimated_cost
6126,2026-08-09,Pattaya_Beach,Watermelon,4,56.68,2026-08-03,6,5,45.0,8.17,8.17,56.68,observed_estimated_cost
6127,2026-08-09,Pattaya_Central,Guava,5,77.95,2026-08-03,6,5.5,49.0,9.59,9.59,77.95,observed_estimated_cost
6128,2026-08-09,Pattaya_Central,MixedBerryPremium,4,221.6,2026-08-03,8,7,89.0,47.4,47.4,221.6,observed_estimated_cost
6129,2026-08-09,Pattaya_Central,PassionFruit,4,128.6,2026-08-03,6,6,65.0,26.15,26.15,128.6,observed_estimated_cost
6130,2026-08-09,Pattaya_Central,Pineapple,4,65.92,2026-08-03,6,5,49.0,10.48,10.48,65.92,observed_estimated_cost
6131,2026-08-09,Pattaya_Central,Watermelon,5,70.85,2026-08-03,6,5,45.0,8.17,8.17,70.85,observed_estimated_cost
6132,2026-08-10,BKK_Ladprao,Guava,3,48.99,2026-08-10,6,5.5,49.0,10.33,10.33,48.99,observed_estimated_cost
6133,2026-08-10,BKK_Ladprao,MixedBerryPremium,4,235.68,2026-08-10,8,7,89.0,50.92,50.92,235.68,observed_estimated_cost
6134,2026-08-10,BKK_Ladprao,PassionFruit,4,137.32,2026-08-10,6,6,65.0,28.33,28.33,137.32,observed_estimated_cost
6135,2026-08-10,BKK_Ladprao,Pineapple,4,62.4,2026-08-10,6,5,49.0,9.6,9.6,62.4,observed_estimated_cost
6136,2026-08-10,BKK_Ladprao,Watermelon,5,69.6,2026-08-10,6,5,45.0,7.92,7.92,69.6,observed_estimated_cost
6137,2026-08-10,BKK_Sukhumvit,Guava,1,16.33,2026-08-10,6,5.5,49.0,10.33,10.33,16.33,observed_estimated_cost
6138,2026-08-10,BKK_Sukhumvit,MixedBerryPremium,6,353.52,2026-08-10,8,7,89.0,50.92,50.92,353.52,observed_estimated_cost
6139,2026-08-10,BKK_Sukhumvit,PassionFruit,7,240.31,2026-08-10,6,6,65.0,28.33,28.33,240.31,observed_estimated_cost
6140,2026-08-10,BKK_Sukhumvit,Pineapple,4,62.4,2026-08-10,6,5,49.0,9.6,9.6,62.4,observed_estimated_cost
6141,2026-08-10,BKK_Sukhumvit,Watermelon,6,83.52,2026-08-10,6,5,45.0,7.92,7.92,83.52,observed_estimated_cost
6142,2026-08-10,Pattaya_Beach,Guava,3,48.99,2026-08-10,6,5.5,49.0,10.33,10.33,48.99,observed_estimated_cost
6143,2026-08-10,Pattaya_Beach,MixedBerryPremium,3,176.76,2026-08-10,8,7,89.0,50.92,50.92,176.76,observed_estimated_cost
6144,2026-08-10,Pattaya_Beach,PassionFruit,5,171.65,2026-08-10,6,6,65.0,28.33,28.33,171.65,observed_estimated_cost
6145,2026-08-10,Pattaya_Beach,Pineapple,5,78.0,2026-08-10,6,5,49.0,9.6,9.6,78.0,observed_estimated_cost
6146,2026-08-10,Pattaya_Beach,Watermelon,5,69.6,2026-08-10,6,5,45.0,7.92,7.92,69.6,observed_estimated_cost
6147,2026-08-10,Pattaya_Central,Guava,1,16.33,2026-08-10,6,5.5,49.0,10.33,10.33,16.33,observed_estimated_cost
6148,2026-08-10,Pattaya_Central,MixedBerryPremium,7,412.44,2026-08-10,8,7,89.0,50.92,50.92,412.44,observed_estimated_cost
6149,2026-08-10,Pattaya_Central,PassionFruit,6,205.98,2026-08-10,6,6,65.0,28.33,28.33,205.98,observed_estimated_cost
6150,2026-08-10,Pattaya_Central,Pineapple,3,46.8,2026-08-10,6,5,49.0,9.6,9.6,46.8,observed_estimated_cost
6151,2026-08-10,Pattaya_Central,Watermelon,6,83.52,2026-08-10,6,5,45.0,7.92,7.92,83.52,observed_estimated_cost
6152,2026-08-11,BKK_Ladprao,Guava,4,65.32,2026-08-10,6,5.5,49.0,10.33,10.33,65.32,observed_estimated_cost
6153,2026-08-11,BKK_Ladprao,MixedBerryPremium,3,176.76,2026-08-10,8,7,89.0,50.92,50.92,176.76,observed_estimated_cost
6154,2026-08-11,BKK_Ladprao,PassionFruit,4,137.32,2026-08-10,6,6,65.0,28.33,28.33,137.32,observed_estimated_cost
6155,2026-08-11,BKK_Ladprao,Pineapple,4,62.4,2026-08-10,6,5,49.0,9.6,9.6,62.4,observed_estimated_cost
6156,2026-08-11,BKK_Ladprao,Watermelon,3,41.76,2026-08-10,6,5,45.0,7.92,7.92,41.76,observed_estimated_cost
6157,2026-08-11,BKK_Sukhumvit,Guava,4,65.32,2026-08-10,6,5.5,49.0,10.33,10.33,65.32,observed_estimated_cost
6158,2026-08-11,BKK_Sukhumvit,MixedBerryPremium,5,294.6,2026-08-10,8,7,89.0,50.92,50.92,294.6,observed_estimated_cost
6159,2026-08-11,BKK_Sukhumvit,PassionFruit,6,205.98,2026-08-10,6,6,65.0,28.33,28.33,205.98,observed_estimated_cost
6160,2026-08-11,BKK_Sukhumvit,Pineapple,3,46.8,2026-08-10,6,5,49.0,9.6,9.6,46.8,observed_estimated_cost
6161,2026-08-11,BKK_Sukhumvit,Watermelon,6,83.52,2026-08-10,6,5,45.0,7.92,7.92,83.52,observed_estimated_cost
6162,2026-08-11,Pattaya_Beach,Guava,4,65.32,2026-08-10,6,5.5,49.0,10.33,10.33,65.32,observed_estimated_cost
6163,2026-08-11,Pattaya_Beach,MixedBerryPremium,6,353.52,2026-08-10,8,7,89.0,50.92,50.92,353.52,observed_estimated_cost
6164,2026-08-11,Pattaya_Beach,PassionFruit,5,171.65,2026-08-10,6,6,65.0,28.33,28.33,171.65,observed_estimated_cost
6165,2026-08-11,Pattaya_Beach,Pineapple,4,62.4,2026-08-10,6,5,49.0,9.6,9.6,62.4,observed_estimated_cost
6166,2026-08-11,Pattaya_Beach,Watermelon,5,69.6,2026-08-10,6,5,45.0,7.92,7.92,69.6,observed_estimated_cost
6167,2026-08-11,Pattaya_Central,Guava,3,48.99,2026-08-10,6,5.5,49.0,10.33,10.33,48.99,observed_estimated_cost
6168,2026-08-11,Pattaya_Central,MixedBerryPremium,6,353.52,2026-08-10,8,7,89.0,50.92,50.92,353.52,observed_estimated_cost
6169,2026-08-11,Pattaya_Central,PassionFruit,6,205.98,2026-08-10,6,6,65.0,28.33,28.33,205.98,observed_estimated_cost
6170,2026-08-11,Pattaya_Central,Pineapple,5,78.0,2026-08-10,6,5,49.0,9.6,9.6,78.0,observed_estimated_cost
6171,2026-08-11,Pattaya_Central,Watermelon,4,55.68,2026-08-10,6,5,45.0,7.92,7.92,55.68,observed_estimated_cost
6172,2026-08-12,BKK_Ladprao,Guava,3,48.99,2026-08-10,6,5.5,49.0,10.33,10.33,48.99,observed_estimated_cost
6173,2026-08-12,BKK_Ladprao,MixedBerryPremium,5,294.6,2026-08-10,8,7,89.0,50.92,50.92,294.6,observed_estimated_cost
6174,2026-08-12,BKK_Ladprao,PassionFruit,5,171.65,2026-08-10,6,6,65.0,28.33,28.33,171.65,observed_estimated_cost
6175,2026-08-12,BKK_Ladprao,Pineapple,4,62.4,2026-08-10,6,5,49.0,9.6,9.6,62.4,observed_estimated_cost
6176,2026-08-12,BKK_Ladprao,Watermelon,6,83.52,2026-08-10,6,5,45.0,7.92,7.92,83.52,observed_estimated_cost
6177,2026-08-12,BKK_Sukhumvit,Guava,2,32.66,2026-08-10,6,5.5,49.0,10.33,10.33,32.66,observed_estimated_cost
6178,2026-08-12,BKK_Sukhumvit,MixedBerryPremium,3,176.76,2026-08-10,8,7,89.0,50.92,50.92,176.76,observed_estimated_cost
6179,2026-08-12,BKK_Sukhumvit,PassionFruit,3,102.99,2026-08-10,6,6,65.0,28.33,28.33,102.99,observed_estimated_cost
6180,2026-08-12,BKK_Sukhumvit,Pineapple,3,46.8,2026-08-10,6,5,49.0,9.6,9.6,46.8,observed_estimated_cost
6181,2026-08-12,BKK_Sukhumvit,Watermelon,7,97.44,2026-08-10,6,5,45.0,7.92,7.92,97.44,observed_estimated_cost
6182,2026-08-12,Pattaya_Beach,Guava,2,32.66,2026-08-10,6,5.5,49.0,10.33,10.33,32.66,observed_estimated_cost
6183,2026-08-12,Pattaya_Beach,MixedBerryPremium,2,117.84,2026-08-10,8,7,89.0,50.92,50.92,117.84,observed_estimated_cost
6184,2026-08-12,Pattaya_Beach,PassionFruit,3,102.99,2026-08-10,6,6,65.0,28.33,28.33,102.99,observed_estimated_cost
6185,2026-08-12,Pattaya_Beach,Pineapple,3,46.8,2026-08-10,6,5,49.0,9.6,9.6,46.8,observed_estimated_cost
6186,2026-08-12,Pattaya_Beach,Watermelon,4,55.68,2026-08-10,6,5,45.0,7.92,7.92,55.68,observed_estimated_cost
6187,2026-08-12,Pattaya_Central,Guava,4,65.32,2026-08-10,6,5.5,49.0,10.33,10.33,65.32,observed_estimated_cost
6188,2026-08-12,Pattaya_Central,MixedBerryPremium,2,117.84,2026-08-10,8,7,89.0,50.92,50.92,117.84,observed_estimated_cost
6189,2026-08-12,Pattaya_Central,PassionFruit,8,274.64,2026-08-10,6,6,65.0,28.33,28.33,274.64,observed_estimated_cost
6190,2026-08-12,Pattaya_Central,Pineapple,2,31.2,2026-08-10,6,5,49.0,9.6,9.6,31.2,observed_estimated_cost
6191,2026-08-12,Pattaya_Central,Watermelon,5,69.6,2026-08-10,6,5,45.0,7.92,7.92,69.6,observed_estimated_cost
6192,2026-08-13,BKK_Ladprao,Guava,3,48.99,2026-08-10,6,5.5,49.0,10.33,10.33,48.99,observed_estimated_cost
6193,2026-08-13,BKK_Ladprao,MixedBerryPremium,7,412.44,2026-08-10,8,7,89.0,50.92,50.92,412.44,observed_estimated_cost
6194,2026-08-13,BKK_Ladprao,PassionFruit,3,102.99,2026-08-10,6,6,65.0,28.33,28.33,102.99,observed_estimated_cost
6195,2026-08-13,BKK_Ladprao,Pineapple,4,62.4,2026-08-10,6,5,49.0,9.6,9.6,62.4,observed_estimated_cost
6196,2026-08-13,BKK_Ladprao,Watermelon,4,55.68,2026-08-10,6,5,45.0,7.92,7.92,55.68,observed_estimated_cost
6197,2026-08-13,BKK_Sukhumvit,Guava,3,48.99,2026-08-10,6,5.5,49.0,10.33,10.33,48.99,observed_estimated_cost
6198,2026-08-13,BKK_Sukhumvit,MixedBerryPremium,4,235.68,2026-08-10,8,7,89.0,50.92,50.92,235.68,observed_estimated_cost
6199,2026-08-13,BKK_Sukhumvit,PassionFruit,1,34.33,2026-08-10,6,6,65.0,28.33,28.33,34.33,observed_estimated_cost
6200,2026-08-13,BKK_Sukhumvit,Pineapple,3,46.8,2026-08-10,6,5,49.0,9.6,9.6,46.8,observed_estimated_cost
6201,2026-08-13,BKK_Sukhumvit,Watermelon,4,55.68,2026-08-10,6,5,45.0,7.92,7.92,55.68,observed_estimated_cost
6202,2026-08-13,Pattaya_Beach,Guava,4,65.32,2026-08-10,6,5.5,49.0,10.33,10.33,65.32,observed_estimated_cost
6203,2026-08-13,Pattaya_Beach,MixedBerryPremium,8,471.36,2026-08-10,8,7,89.0,50.92,50.92,471.36,observed_estimated_cost
6204,2026-08-13,Pattaya_Beach,PassionFruit,4,137.32,2026-08-10,6,6,65.0,28.33,28.33,137.32,observed_estimated_cost
6205,2026-08-13,Pattaya_Beach,Pineapple,2,31.2,2026-08-10,6,5,49.0,9.6,9.6,31.2,observed_estimated_cost
6206,2026-08-13,Pattaya_Beach,Watermelon,5,69.6,2026-08-10,6,5,45.0,7.92,7.92,69.6,observed_estimated_cost
6207,2026-08-13,Pattaya_Central,Guava,4,65.32,2026-08-10,6,5.5,49.0,10.33,10.33,65.32,observed_estimated_cost
6208,2026-08-13,Pattaya_Central,MixedBerryPremium,4,235.68,2026-08-10,8,7,89.0,50.92,50.92,235.68,observed_estimated_cost
6209,2026-08-13,Pattaya_Central,PassionFruit,9,308.97,2026-08-10,6,6,65.0,28.33,28.33,308.97,observed_estimated_cost
6210,2026-08-13,Pattaya_Central,Pineapple,6,93.6,2026-08-10,6,5,49.0,9.6,9.6,93.6,observed_estimated_cost
6211,2026-08-13,Pattaya_Central,Watermelon,5,69.6,2026-08-10,6,5,45.0,7.92,7.92,69.6,observed_estimated_cost
6212,2026-08-14,BKK_Ladprao,Guava,4,65.32,2026-08-10,6,5.5,49.0,10.33,10.33,65.32,observed_estimated_cost
6213,2026-08-14,BKK_Ladprao,MixedBerryPremium,3,176.76,2026-08-10,8,7,89.0,50.92,50.92,176.76,observed_estimated_cost
6214,2026-08-14,BKK_Ladprao,PassionFruit,4,137.32,2026-08-10,6,6,65.0,28.33,28.33,137.32,observed_estimated_cost
6215,2026-08-14,BKK_Ladprao,Pineapple,2,31.2,2026-08-10,6,5,49.0,9.6,9.6,31.2,observed_estimated_cost
6216,2026-08-14,BKK_Ladprao,Watermelon,3,41.76,2026-08-10,6,5,45.0,7.92,7.92,41.76,observed_estimated_cost
6217,2026-08-14,BKK_Sukhumvit,Guava,2,32.66,2026-08-10,6,5.5,49.0,10.33,10.33,32.66,observed_estimated_cost
6218,2026-08-14,BKK_Sukhumvit,MixedBerryPremium,2,117.84,2026-08-10,8,7,89.0,50.92,50.92,117.84,observed_estimated_cost
6219,2026-08-14,BKK_Sukhumvit,PassionFruit,4,137.32,2026-08-10,6,6,65.0,28.33,28.33,137.32,observed_estimated_cost
6220,2026-08-14,BKK_Sukhumvit,Pineapple,4,62.4,2026-08-10,6,5,49.0,9.6,9.6,62.4,observed_estimated_cost
6221,2026-08-14,BKK_Sukhumvit,Watermelon,4,55.68,2026-08-10,6,5,45.0,7.92,7.92,55.68,observed_estimated_cost
6222,2026-08-14,Pattaya_Beach,Guava,2,32.66,2026-08-10,6,5.5,49.0,10.33,10.33,32.66,observed_estimated_cost
6223,2026-08-14,Pattaya_Beach,MixedBerryPremium,6,353.52,2026-08-10,8,7,89.0,50.92,50.92,353.52,observed_estimated_cost
6224,2026-08-14,Pattaya_Beach,PassionFruit,4,137.32,2026-08-10,6,6,65.0,28.33,28.33,137.32,observed_estimated_cost
6225,2026-08-14,Pattaya_Beach,Pineapple,3,46.8,2026-08-10,6,5,49.0,9.6,9.6,46.8,observed_estimated_cost
6226,2026-08-14,Pattaya_Beach,Watermelon,5,69.6,2026-08-10,6,5,45.0,7.92,7.92,69.6,observed_estimated_cost
6227,2026-08-14,Pattaya_Central,Guava,3,48.99,2026-08-10,6,5.5,49.0,10.33,10.33,48.99,observed_estimated_cost
6228,2026-08-14,Pattaya_Central,MixedBerryPremium,3,176.76,2026-08-10,8,7,89.0,50.92,50.92,176.76,observed_estimated_cost
6229,2026-08-14,Pattaya_Central,PassionFruit,3,102.99,2026-08-10,6,6,65.0,28.33,28.33,102.99,observed_estimated_cost
6230,2026-08-14,Pattaya_Central,Pineapple,6,93.6,2026-08-10,6,5,49.0,9.6,9.6,93.6,observed_estimated_cost
6231,2026-08-14,Pattaya_Central,Watermelon,5,69.6,2026-08-10,6,5,45.0,7.92,7.92,69.6,observed_estimated_cost
6232,2026-08-15,BKK_Ladprao,Guava,2,32.66,2026-08-10,6,5.5,49.0,10.33,10.33,32.66,observed_estimated_cost
6233,2026-08-15,BKK_Ladprao,MixedBerryPremium,4,235.68,2026-08-10,8,7,89.0,50.92,50.92,235.68,observed_estimated_cost
6234,2026-08-15,BKK_Ladprao,PassionFruit,5,171.65,2026-08-10,6,6,65.0,28.33,28.33,171.65,observed_estimated_cost
6235,2026-08-15,BKK_Ladprao,Pineapple,6,93.6,2026-08-10,6,5,49.0,9.6,9.6,93.6,observed_estimated_cost
6236,2026-08-15,BKK_Ladprao,Watermelon,4,55.68,2026-08-10,6,5,45.0,7.92,7.92,55.68,observed_estimated_cost
6237,2026-08-15,BKK_Sukhumvit,Guava,3,48.99,2026-08-10,6,5.5,49.0,10.33,10.33,48.99,observed_estimated_cost
6238,2026-08-15,BKK_Sukhumvit,MixedBerryPremium,5,294.6,2026-08-10,8,7,89.0,50.92,50.92,294.6,observed_estimated_cost
6239,2026-08-15,BKK_Sukhumvit,PassionFruit,4,137.32,2026-08-10,6,6,65.0,28.33,28.33,137.32,observed_estimated_cost
6240,2026-08-15,BKK_Sukhumvit,Pineapple,3,46.8,2026-08-10,6,5,49.0,9.6,9.6,46.8,observed_estimated_cost
6241,2026-08-15,BKK_Sukhumvit,Watermelon,6,83.52,2026-08-10,6,5,45.0,7.92,7.92,83.52,observed_estimated_cost
6242,2026-08-15,Pattaya_Beach,Guava,3,48.99,2026-08-10,6,5.5,49.0,10.33,10.33,48.99,observed_estimated_cost
6243,2026-08-15,Pattaya_Beach,MixedBerryPremium,6,353.52,2026-08-10,8,7,89.0,50.92,50.92,353.52,observed_estimated_cost
6244,2026-08-15,Pattaya_Beach,PassionFruit,4,137.32,2026-08-10,6,6,65.0,28.33,28.33,137.32,observed_estimated_cost
6245,2026-08-15,Pattaya_Beach,Pineapple,8,124.8,2026-08-10,6,5,49.0,9.6,9.6,124.8,observed_estimated_cost
6246,2026-08-15,Pattaya_Beach,Watermelon,3,41.76,2026-08-10,6,5,45.0,7.92,7.92,41.76,observed_estimated_cost
6247,2026-08-15,Pattaya_Central,Guava,6,97.98,2026-08-10,6,5.5,49.0,10.33,10.33,97.98,observed_estimated_cost
6248,2026-08-15,Pattaya_Central,MixedBerryPremium,6,353.52,2026-08-10,8,7,89.0,50.92,50.92,353.52,observed_estimated_cost
6249,2026-08-15,Pattaya_Central,PassionFruit,6,205.98,2026-08-10,6,6,65.0,28.33,28.33,205.98,observed_estimated_cost
6250,2026-08-15,Pattaya_Central,Pineapple,5,78.0,2026-08-10,6,5,49.0,9.6,9.6,78.0,observed_estimated_cost
6251,2026-08-15,Pattaya_Central,Watermelon,5,69.6,2026-08-10,6,5,45.0,7.92,7.92,69.6,observed_estimated_cost
6252,2026-08-16,BKK_Ladprao,Guava,2,32.66,2026-08-10,6,5.5,49.0,10.33,10.33,32.66,observed_estimated_cost
6253,2026-08-16,BKK_Ladprao,MixedBerryPremium,0,0.0,2026-08-10,8,7,89.0,50.92,50.92,0.0,observed_estimated_cost
6254,2026-08-16,BKK_Ladprao,PassionFruit,3,102.99,2026-08-10,6,6,65.0,28.33,28.33,102.99,observed_estimated_cost
6255,2026-08-16,BKK_Ladprao,Pineapple,3,46.8,2026-08-10,6,5,49.0,9.6,9.6,46.8,observed_estimated_cost
6256,2026-08-16,BKK_Ladprao,Watermelon,5,69.6,2026-08-10,6,5,45.0,7.92,7.92,69.6,observed_estimated_cost
6257,2026-08-16,BKK_Sukhumvit,Guava,3,48.99,2026-08-10,6,5.5,49.0,10.33,10.33,48.99,observed_estimated_cost
6258,2026-08-16,BKK_Sukhumvit,MixedBerryPremium,5,294.6,2026-08-10,8,7,89.0,50.92,50.92,294.6,observed_estimated_cost
6259,2026-08-16,BKK_Sukhumvit,PassionFruit,5,171.65,2026-08-10,6,6,65.0,28.33,28.33,171.65,observed_estimated_cost
6260,2026-08-16,BKK_Sukhumvit,Pineapple,3,46.8,2026-08-10,6,5,49.0,9.6,9.6,46.8,observed_estimated_cost
6261,2026-08-16,BKK_Sukhumvit,Watermelon,5,69.6,2026-08-10,6,5,45.0,7.92,7.92,69.6,observed_estimated_cost
6262,2026-08-16,Pattaya_Beach,Guava,3,48.99,2026-08-10,6,5.5,49.0,10.33,10.33,48.99,observed_estimated_cost
6263,2026-08-16,Pattaya_Beach,MixedBerryPremium,8,471.36,2026-08-10,8,7,89.0,50.92,50.92,471.36,observed_estimated_cost
6264,2026-08-16,Pattaya_Beach,PassionFruit,5,171.65,2026-08-10,6,6,65.0,28.33,28.33,171.65,observed_estimated_cost
6265,2026-08-16,Pattaya_Beach,Pineapple,5,78.0,2026-08-10,6,5,49.0,9.6,9.6,78.0,observed_estimated_cost
6266,2026-08-16,Pattaya_Beach,Watermelon,6,83.52,2026-08-10,6,5,45.0,7.92,7.92,83.52,observed_estimated_cost
6267,2026-08-16,Pattaya_Central,Guava,6,97.98,2026-08-10,6,5.5,49.0,10.33,10.33,97.98,observed_estimated_cost
6268,2026-08-16,Pattaya_Central,MixedBerryPremium,4,235.68,2026-08-10,8,7,89.0,50.92,50.92,235.68,observed_estimated_cost
6269,2026-08-16,Pattaya_Central,PassionFruit,5,171.65,2026-08-10,6,6,65.0,28.33,28.33,171.65,observed_estimated_cost
6270,2026-08-16,Pattaya_Central,Pineapple,7,109.2,2026-08-10,6,5,49.0,9.6,9.6,109.2,observed_estimated_cost
6271,2026-08-16,Pattaya_Central,Watermelon,4,55.68,2026-08-10,6,5,45.0,7.92,7.92,55.68,observed_estimated_cost
6272,2026-08-17,BKK_Ladprao,Guava,3,46.11,2026-08-17,6,5.5,49.0,9.37,9.37,46.11,observed_estimated_cost
6273,2026-08-17,BKK_Ladprao,MixedBerryPremium,3,181.71,2026-08-17,8,7,89.0,52.57,52.57,181.71,observed_estimated_cost
6274,2026-08-17,BKK_Ladprao,PassionFruit,3,101.7,2026-08-17,6,6,65.0,27.9,27.9,101.7,observed_estimated_cost
6275,2026-08-17,BKK_Ladprao,Pineapple,3,50.55,2026-08-17,6,5,49.0,10.85,10.85,50.55,observed_estimated_cost
6276,2026-08-17,BKK_Ladprao,Watermelon,5,69.15,2026-08-17,6,5,45.0,7.83,7.83,69.15,observed_estimated_cost
6277,2026-08-17,BKK_Sukhumvit,Guava,3,46.11,2026-08-17,6,5.5,49.0,9.37,9.37,46.11,observed_estimated_cost
6278,2026-08-17,BKK_Sukhumvit,MixedBerryPremium,7,423.99,2026-08-17,8,7,89.0,52.57,52.57,423.99,observed_estimated_cost
6279,2026-08-17,BKK_Sukhumvit,PassionFruit,4,135.6,2026-08-17,6,6,65.0,27.9,27.9,135.6,observed_estimated_cost
6280,2026-08-17,BKK_Sukhumvit,Pineapple,2,33.7,2026-08-17,6,5,49.0,10.85,10.85,33.7,observed_estimated_cost
6281,2026-08-17,BKK_Sukhumvit,Watermelon,3,41.49,2026-08-17,6,5,45.0,7.83,7.83,41.49,observed_estimated_cost
6282,2026-08-17,Pattaya_Beach,Guava,3,46.11,2026-08-17,6,5.5,49.0,9.37,9.37,46.11,observed_estimated_cost
6283,2026-08-17,Pattaya_Beach,MixedBerryPremium,8,484.56,2026-08-17,8,7,89.0,52.57,52.57,484.56,observed_estimated_cost
6284,2026-08-17,Pattaya_Beach,PassionFruit,4,135.6,2026-08-17,6,6,65.0,27.9,27.9,135.6,observed_estimated_cost
6285,2026-08-17,Pattaya_Beach,Pineapple,5,84.25,2026-08-17,6,5,49.0,10.85,10.85,84.25,observed_estimated_cost
6286,2026-08-17,Pattaya_Beach,Watermelon,3,41.49,2026-08-17,6,5,45.0,7.83,7.83,41.49,observed_estimated_cost
6287,2026-08-17,Pattaya_Central,Guava,1,15.37,2026-08-17,6,5.5,49.0,9.37,9.37,15.37,observed_estimated_cost
6288,2026-08-17,Pattaya_Central,MixedBerryPremium,8,484.56,2026-08-17,8,7,89.0,52.57,52.57,484.56,observed_estimated_cost
6289,2026-08-17,Pattaya_Central,PassionFruit,1,33.9,2026-08-17,6,6,65.0,27.9,27.9,33.9,observed_estimated_cost
6290,2026-08-17,Pattaya_Central,Pineapple,3,50.55,2026-08-17,6,5,49.0,10.85,10.85,50.55,observed_estimated_cost
6291,2026-08-17,Pattaya_Central,Watermelon,5,69.15,2026-08-17,6,5,45.0,7.83,7.83,69.15,observed_estimated_cost
6292,2026-08-18,BKK_Ladprao,Guava,5,76.85,2026-08-17,6,5.5,49.0,9.37,9.37,76.85,observed_estimated_cost
6293,2026-08-18,BKK_Ladprao,MixedBerryPremium,5,302.85,2026-08-17,8,7,89.0,52.57,52.57,302.85,observed_estimated_cost
6294,2026-08-18,BKK_Ladprao,PassionFruit,4,135.6,2026-08-17,6,6,65.0,27.9,27.9,135.6,observed_estimated_cost
6295,2026-08-18,BKK_Ladprao,Pineapple,3,50.55,2026-08-17,6,5,49.0,10.85,10.85,50.55,observed_estimated_cost
6296,2026-08-18,BKK_Ladprao,Watermelon,3,41.49,2026-08-17,6,5,45.0,7.83,7.83,41.49,observed_estimated_cost
6297,2026-08-18,BKK_Sukhumvit,Guava,1,15.37,2026-08-17,6,5.5,49.0,9.37,9.37,15.37,observed_estimated_cost
6298,2026-08-18,BKK_Sukhumvit,MixedBerryPremium,4,242.28,2026-08-17,8,7,89.0,52.57,52.57,242.28,observed_estimated_cost
6299,2026-08-18,BKK_Sukhumvit,PassionFruit,2,67.8,2026-08-17,6,6,65.0,27.9,27.9,67.8,observed_estimated_cost
6300,2026-08-18,BKK_Sukhumvit,Pineapple,3,50.55,2026-08-17,6,5,49.0,10.85,10.85,50.55,observed_estimated_cost
6301,2026-08-18,BKK_Sukhumvit,Watermelon,3,41.49,2026-08-17,6,5,45.0,7.83,7.83,41.49,observed_estimated_cost
6302,2026-08-18,Pattaya_Beach,Guava,4,61.48,2026-08-17,6,5.5,49.0,9.37,9.37,61.48,observed_estimated_cost
6303,2026-08-18,Pattaya_Beach,MixedBerryPremium,3,181.71,2026-08-17,8,7,89.0,52.57,52.57,181.71,observed_estimated_cost
6304,2026-08-18,Pattaya_Beach,PassionFruit,4,135.6,2026-08-17,6,6,65.0,27.9,27.9,135.6,observed_estimated_cost
6305,2026-08-18,Pattaya_Beach,Pineapple,4,67.4,2026-08-17,6,5,49.0,10.85,10.85,67.4,observed_estimated_cost
6306,2026-08-18,Pattaya_Beach,Watermelon,4,55.32,2026-08-17,6,5,45.0,7.83,7.83,55.32,observed_estimated_cost
6307,2026-08-18,Pattaya_Central,Guava,3,46.11,2026-08-17,6,5.5,49.0,9.37,9.37,46.11,observed_estimated_cost
6308,2026-08-18,Pattaya_Central,MixedBerryPremium,7,423.99,2026-08-17,8,7,89.0,52.57,52.57,423.99,observed_estimated_cost
6309,2026-08-18,Pattaya_Central,PassionFruit,4,135.6,2026-08-17,6,6,65.0,27.9,27.9,135.6,observed_estimated_cost
6310,2026-08-18,Pattaya_Central,Pineapple,5,84.25,2026-08-17,6,5,49.0,10.85,10.85,84.25,observed_estimated_cost
6311,2026-08-18,Pattaya_Central,Watermelon,8,110.64,2026-08-17,6,5,45.0,7.83,7.83,110.64,observed_estimated_cost
6312,2026-08-19,BKK_Ladprao,Guava,3,46.11,2026-08-17,6,5.5,49.0,9.37,9.37,46.11,observed_estimated_cost
6313,2026-08-19,BKK_Ladprao,MixedBerryPremium,4,242.28,2026-08-17,8,7,89.0,52.57,52.57,242.28,observed_estimated_cost
6314,2026-08-19,BKK_Ladprao,PassionFruit,3,101.7,2026-08-17,6,6,65.0,27.9,27.9,101.7,observed_estimated_cost
6315,2026-08-19,BKK_Ladprao,Pineapple,2,33.7,2026-08-17,6,5,49.0,10.85,10.85,33.7,observed_estimated_cost
6316,2026-08-19,BKK_Ladprao,Watermelon,6,82.98,2026-08-17,6,5,45.0,7.83,7.83,82.98,observed_estimated_cost
6317,2026-08-19,BKK_Sukhumvit,Guava,2,30.74,2026-08-17,6,5.5,49.0,9.37,9.37,30.74,observed_estimated_cost
6318,2026-08-19,BKK_Sukhumvit,MixedBerryPremium,5,302.85,2026-08-17,8,7,89.0,52.57,52.57,302.85,observed_estimated_cost
6319,2026-08-19,BKK_Sukhumvit,PassionFruit,6,203.4,2026-08-17,6,6,65.0,27.9,27.9,203.4,observed_estimated_cost
6320,2026-08-19,BKK_Sukhumvit,Pineapple,3,50.55,2026-08-17,6,5,49.0,10.85,10.85,50.55,observed_estimated_cost
6321,2026-08-19,BKK_Sukhumvit,Watermelon,3,41.49,2026-08-17,6,5,45.0,7.83,7.83,41.49,observed_estimated_cost
6322,2026-08-19,Pattaya_Beach,Guava,4,61.48,2026-08-17,6,5.5,49.0,9.37,9.37,61.48,observed_estimated_cost
6323,2026-08-19,Pattaya_Beach,MixedBerryPremium,2,121.14,2026-08-17,8,7,89.0,52.57,52.57,121.14,observed_estimated_cost
6324,2026-08-19,Pattaya_Beach,PassionFruit,5,169.5,2026-08-17,6,6,65.0,27.9,27.9,169.5,observed_estimated_cost
6325,2026-08-19,Pattaya_Beach,Pineapple,2,33.7,2026-08-17,6,5,49.0,10.85,10.85,33.7,observed_estimated_cost
6326,2026-08-19,Pattaya_Beach,Watermelon,2,27.66,2026-08-17,6,5,45.0,7.83,7.83,27.66,observed_estimated_cost
6327,2026-08-19,Pattaya_Central,Guava,3,46.11,2026-08-17,6,5.5,49.0,9.37,9.37,46.11,observed_estimated_cost
6328,2026-08-19,Pattaya_Central,MixedBerryPremium,12,726.84,2026-08-17,8,7,89.0,52.57,52.57,726.84,observed_estimated_cost
6329,2026-08-19,Pattaya_Central,PassionFruit,5,169.5,2026-08-17,6,6,65.0,27.9,27.9,169.5,observed_estimated_cost
6330,2026-08-19,Pattaya_Central,Pineapple,3,50.55,2026-08-17,6,5,49.0,10.85,10.85,50.55,observed_estimated_cost
6331,2026-08-19,Pattaya_Central,Watermelon,6,82.98,2026-08-17,6,5,45.0,7.83,7.83,82.98,observed_estimated_cost
6332,2026-08-20,BKK_Ladprao,Guava,2,30.74,2026-08-17,6,5.5,49.0,9.37,9.37,30.74,observed_estimated_cost
6333,2026-08-20,BKK_Ladprao,MixedBerryPremium,3,181.71,2026-08-17,8,7,89.0,52.57,52.57,181.71,observed_estimated_cost
6334,2026-08-20,BKK_Ladprao,PassionFruit,2,67.8,2026-08-17,6,6,65.0,27.9,27.9,67.8,observed_estimated_cost
6335,2026-08-20,BKK_Ladprao,Pineapple,3,50.55,2026-08-17,6,5,49.0,10.85,10.85,50.55,observed_estimated_cost
6336,2026-08-20,BKK_Ladprao,Watermelon,6,82.98,2026-08-17,6,5,45.0,7.83,7.83,82.98,observed_estimated_cost
6337,2026-08-20,BKK_Sukhumvit,Guava,3,46.11,2026-08-17,6,5.5,49.0,9.37,9.37,46.11,observed_estimated_cost
6338,2026-08-20,BKK_Sukhumvit,MixedBerryPremium,5,302.85,2026-08-17,8,7,89.0,52.57,52.57,302.85,observed_estimated_cost
6339,2026-08-20,BKK_Sukhumvit,PassionFruit,2,67.8,2026-08-17,6,6,65.0,27.9,27.9,67.8,observed_estimated_cost
6340,2026-08-20,BKK_Sukhumvit,Pineapple,3,50.55,2026-08-17,6,5,49.0,10.85,10.85,50.55,observed_estimated_cost
6341,2026-08-20,BKK_Sukhumvit,Watermelon,6,82.98,2026-08-17,6,5,45.0,7.83,7.83,82.98,observed_estimated_cost
6342,2026-08-20,Pattaya_Beach,Guava,4,61.48,2026-08-17,6,5.5,49.0,9.37,9.37,61.48,observed_estimated_cost
6343,2026-08-20,Pattaya_Beach,MixedBerryPremium,4,242.28,2026-08-17,8,7,89.0,52.57,52.57,242.28,observed_estimated_cost
6344,2026-08-20,Pattaya_Beach,PassionFruit,2,67.8,2026-08-17,6,6,65.0,27.9,27.9,67.8,observed_estimated_cost
6345,2026-08-20,Pattaya_Beach,Pineapple,3,50.55,2026-08-17,6,5,49.0,10.85,10.85,50.55,observed_estimated_cost
6346,2026-08-20,Pattaya_Beach,Watermelon,6,82.98,2026-08-17,6,5,45.0,7.83,7.83,82.98,observed_estimated_cost
6347,2026-08-20,Pattaya_Central,Guava,5,76.85,2026-08-17,6,5.5,49.0,9.37,9.37,76.85,observed_estimated_cost
6348,2026-08-20,Pattaya_Central,MixedBerryPremium,13,787.41,2026-08-17,8,7,89.0,52.57,52.57,787.41,observed_estimated_cost
6349,2026-08-20,Pattaya_Central,PassionFruit,4,135.6,2026-08-17,6,6,65.0,27.9,27.9,135.6,observed_estimated_cost
6350,2026-08-20,Pattaya_Central,Pineapple,5,84.25,2026-08-17,6,5,49.0,10.85,10.85,84.25,observed_estimated_cost
6351,2026-08-20,Pattaya_Central,Watermelon,5,69.15,2026-08-17,6,5,45.0,7.83,7.83,69.15,observed_estimated_cost
6352,2026-08-21,BKK_Ladprao,Guava,2,30.74,2026-08-17,6,5.5,49.0,9.37,9.37,30.74,observed_estimated_cost
6353,2026-08-21,BKK_Ladprao,MixedBerryPremium,7,423.99,2026-08-17,8,7,89.0,52.57,52.57,423.99,observed_estimated_cost
6354,2026-08-21,BKK_Ladprao,PassionFruit,5,169.5,2026-08-17,6,6,65.0,27.9,27.9,169.5,observed_estimated_cost
6355,2026-08-21,BKK_Ladprao,Pineapple,4,67.4,2026-08-17,6,5,49.0,10.85,10.85,67.4,observed_estimated_cost
6356,2026-08-21,BKK_Ladprao,Watermelon,3,41.49,2026-08-17,6,5,45.0,7.83,7.83,41.49,observed_estimated_cost
6357,2026-08-21,BKK_Sukhumvit,Guava,2,30.74,2026-08-17,6,5.5,49.0,9.37,9.37,30.74,observed_estimated_cost
6358,2026-08-21,BKK_Sukhumvit,MixedBerryPremium,5,302.85,2026-08-17,8,7,89.0,52.57,52.57,302.85,observed_estimated_cost
6359,2026-08-21,BKK_Sukhumvit,PassionFruit,5,169.5,2026-08-17,6,6,65.0,27.9,27.9,169.5,observed_estimated_cost
6360,2026-08-21,BKK_Sukhumvit,Pineapple,3,50.55,2026-08-17,6,5,49.0,10.85,10.85,50.55,observed_estimated_cost
6361,2026-08-21,BKK_Sukhumvit,Watermelon,1,13.83,2026-08-17,6,5,45.0,7.83,7.83,13.83,observed_estimated_cost
6362,2026-08-21,Pattaya_Beach,Guava,3,46.11,2026-08-17,6,5.5,49.0,9.37,9.37,46.11,observed_estimated_cost
6363,2026-08-21,Pattaya_Beach,MixedBerryPremium,6,363.42,2026-08-17,8,7,89.0,52.57,52.57,363.42,observed_estimated_cost
6364,2026-08-21,Pattaya_Beach,PassionFruit,7,237.3,2026-08-17,6,6,65.0,27.9,27.9,237.3,observed_estimated_cost
6365,2026-08-21,Pattaya_Beach,Pineapple,4,67.4,2026-08-17,6,5,49.0,10.85,10.85,67.4,observed_estimated_cost
6366,2026-08-21,Pattaya_Beach,Watermelon,5,69.15,2026-08-17,6,5,45.0,7.83,7.83,69.15,observed_estimated_cost
6367,2026-08-21,Pattaya_Central,Guava,3,46.11,2026-08-17,6,5.5,49.0,9.37,9.37,46.11,observed_estimated_cost
6368,2026-08-21,Pattaya_Central,MixedBerryPremium,5,302.85,2026-08-17,8,7,89.0,52.57,52.57,302.85,observed_estimated_cost
6369,2026-08-21,Pattaya_Central,PassionFruit,7,237.3,2026-08-17,6,6,65.0,27.9,27.9,237.3,observed_estimated_cost
6370,2026-08-21,Pattaya_Central,Pineapple,5,84.25,2026-08-17,6,5,49.0,10.85,10.85,84.25,observed_estimated_cost
6371,2026-08-21,Pattaya_Central,Watermelon,5,69.15,2026-08-17,6,5,45.0,7.83,7.83,69.15,observed_estimated_cost
6372,2026-08-22,BKK_Ladprao,Guava,2,30.74,2026-08-17,6,5.5,49.0,9.37,9.37,30.74,observed_estimated_cost
6373,2026-08-22,BKK_Ladprao,MixedBerryPremium,7,423.99,2026-08-17,8,7,89.0,52.57,52.57,423.99,observed_estimated_cost
6374,2026-08-22,BKK_Ladprao,PassionFruit,5,169.5,2026-08-17,6,6,65.0,27.9,27.9,169.5,observed_estimated_cost
6375,2026-08-22,BKK_Ladprao,Pineapple,3,50.55,2026-08-17,6,5,49.0,10.85,10.85,50.55,observed_estimated_cost
6376,2026-08-22,BKK_Ladprao,Watermelon,3,41.49,2026-08-17,6,5,45.0,7.83,7.83,41.49,observed_estimated_cost
6377,2026-08-22,BKK_Sukhumvit,Guava,3,46.11,2026-08-17,6,5.5,49.0,9.37,9.37,46.11,observed_estimated_cost
6378,2026-08-22,BKK_Sukhumvit,MixedBerryPremium,4,242.28,2026-08-17,8,7,89.0,52.57,52.57,242.28,observed_estimated_cost
6379,2026-08-22,BKK_Sukhumvit,PassionFruit,4,135.6,2026-08-17,6,6,65.0,27.9,27.9,135.6,observed_estimated_cost
6380,2026-08-22,BKK_Sukhumvit,Pineapple,3,50.55,2026-08-17,6,5,49.0,10.85,10.85,50.55,observed_estimated_cost
6381,2026-08-22,BKK_Sukhumvit,Watermelon,5,69.15,2026-08-17,6,5,45.0,7.83,7.83,69.15,observed_estimated_cost
6382,2026-08-22,Pattaya_Beach,Guava,4,61.48,2026-08-17,6,5.5,49.0,9.37,9.37,61.48,observed_estimated_cost
6383,2026-08-22,Pattaya_Beach,MixedBerryPremium,5,302.85,2026-08-17,8,7,89.0,52.57,52.57,302.85,observed_estimated_cost
6384,2026-08-22,Pattaya_Beach,PassionFruit,5,169.5,2026-08-17,6,6,65.0,27.9,27.9,169.5,observed_estimated_cost
6385,2026-08-22,Pattaya_Beach,Pineapple,3,50.55,2026-08-17,6,5,49.0,10.85,10.85,50.55,observed_estimated_cost
6386,2026-08-22,Pattaya_Beach,Watermelon,2,27.66,2026-08-17,6,5,45.0,7.83,7.83,27.66,observed_estimated_cost
6387,2026-08-22,Pattaya_Central,Guava,6,92.22,2026-08-17,6,5.5,49.0,9.37,9.37,92.22,observed_estimated_cost
6388,2026-08-22,Pattaya_Central,MixedBerryPremium,6,363.42,2026-08-17,8,7,89.0,52.57,52.57,363.42,observed_estimated_cost
6389,2026-08-22,Pattaya_Central,PassionFruit,7,237.3,2026-08-17,6,6,65.0,27.9,27.9,237.3,observed_estimated_cost
6390,2026-08-22,Pattaya_Central,Pineapple,6,101.1,2026-08-17,6,5,49.0,10.85,10.85,101.1,observed_estimated_cost
6391,2026-08-22,Pattaya_Central,Watermelon,8,110.64,2026-08-17,6,5,45.0,7.83,7.83,110.64,observed_estimated_cost
6392,2026-08-23,BKK_Ladprao,Guava,2,30.74,2026-08-17,6,5.5,49.0,9.37,9.37,30.74,observed_estimated_cost
6393,2026-08-23,BKK_Ladprao,MixedBerryPremium,9,545.13,2026-08-17,8,7,89.0,52.57,52.57,545.13,observed_estimated_cost
6394,2026-08-23,BKK_Ladprao,PassionFruit,4,135.6,2026-08-17,6,6,65.0,27.9,27.9,135.6,observed_estimated_cost
6395,2026-08-23,BKK_Ladprao,Pineapple,4,67.4,2026-08-17,6,5,49.0,10.85,10.85,67.4,observed_estimated_cost
6396,2026-08-23,BKK_Ladprao,Watermelon,5,69.15,2026-08-17,6,5,45.0,7.83,7.83,69.15,observed_estimated_cost
6397,2026-08-23,BKK_Sukhumvit,Guava,3,46.11,2026-08-17,6,5.5,49.0,9.37,9.37,46.11,observed_estimated_cost
6398,2026-08-23,BKK_Sukhumvit,MixedBerryPremium,3,181.71,2026-08-17,8,7,89.0,52.57,52.57,181.71,observed_estimated_cost
6399,2026-08-23,BKK_Sukhumvit,PassionFruit,2,67.8,2026-08-17,6,6,65.0,27.9,27.9,67.8,observed_estimated_cost
6400,2026-08-23,BKK_Sukhumvit,Pineapple,5,84.25,2026-08-17,6,5,49.0,10.85,10.85,84.25,observed_estimated_cost
6401,2026-08-23,BKK_Sukhumvit,Watermelon,3,41.49,2026-08-17,6,5,45.0,7.83,7.83,41.49,observed_estimated_cost
6402,2026-08-23,Pattaya_Beach,Guava,5,76.85,2026-08-17,6,5.5,49.0,9.37,9.37,76.85,observed_estimated_cost
6403,2026-08-23,Pattaya_Beach,MixedBerryPremium,4,242.28,2026-08-17,8,7,89.0,52.57,52.57,242.28,observed_estimated_cost
6404,2026-08-23,Pattaya_Beach,PassionFruit,4,135.6,2026-08-17,6,6,65.0,27.9,27.9,135.6,observed_estimated_cost
6405,2026-08-23,Pattaya_Beach,Pineapple,6,101.1,2026-08-17,6,5,49.0,10.85,10.85,101.1,observed_estimated_cost
6406,2026-08-23,Pattaya_Beach,Watermelon,10,138.3,2026-08-17,6,5,45.0,7.83,7.83,138.3,observed_estimated_cost
6407,2026-08-23,Pattaya_Central,Guava,4,61.48,2026-08-17,6,5.5,49.0,9.37,9.37,61.48,observed_estimated_cost
6408,2026-08-23,Pattaya_Central,MixedBerryPremium,5,302.85,2026-08-17,8,7,89.0,52.57,52.57,302.85,observed_estimated_cost
6409,2026-08-23,Pattaya_Central,PassionFruit,4,135.6,2026-08-17,6,6,65.0,27.9,27.9,135.6,observed_estimated_cost
6410,2026-08-23,Pattaya_Central,Pineapple,7,117.95,2026-08-17,6,5,49.0,10.85,10.85,117.95,observed_estimated_cost
6411,2026-08-23,Pattaya_Central,Watermelon,10,138.3,2026-08-17,6,5,45.0,7.83,7.83,138.3,observed_estimated_cost
6412,2026-08-24,BKK_Ladprao,Guava,3,48.54,2026-08-24,6,5.5,49.0,10.18,10.18,48.54,observed_estimated_cost
6413,2026-08-24,BKK_Ladprao,MixedBerryPremium,5,310.05,2026-08-24,8,7,89.0,54.01,54.01,310.05,observed_estimated_cost
6414,2026-08-24,BKK_Ladprao,PassionFruit,3,106.68,2026-08-24,6,6,65.0,29.56,29.56,106.68,observed_estimated_cost
6415,2026-08-24,BKK_Ladprao,Pineapple,5,76.4,2026-08-24,6,5,49.0,9.28,9.28,76.4,observed_estimated_cost
6416,2026-08-24,BKK_Ladprao,Watermelon,3,41.04,2026-08-24,6,5,45.0,7.68,7.68,41.04,observed_estimated_cost
6417,2026-08-24,BKK_Sukhumvit,Guava,2,32.36,2026-08-24,6,5.5,49.0,10.18,10.18,32.36,observed_estimated_cost
6418,2026-08-24,BKK_Sukhumvit,MixedBerryPremium,2,124.02,2026-08-24,8,7,89.0,54.01,54.01,124.02,observed_estimated_cost
6419,2026-08-24,BKK_Sukhumvit,PassionFruit,4,142.24,2026-08-24,6,6,65.0,29.56,29.56,142.24,observed_estimated_cost
6420,2026-08-24,BKK_Sukhumvit,Pineapple,7,106.96,2026-08-24,6,5,49.0,9.28,9.28,106.96,observed_estimated_cost
6421,2026-08-24,BKK_Sukhumvit,Watermelon,4,54.72,2026-08-24,6,5,45.0,7.68,7.68,54.72,observed_estimated_cost
6422,2026-08-24,Pattaya_Beach,Guava,2,32.36,2026-08-24,6,5.5,49.0,10.18,10.18,32.36,observed_estimated_cost
6423,2026-08-24,Pattaya_Beach,MixedBerryPremium,1,62.01,2026-08-24,8,7,89.0,54.01,54.01,62.01,observed_estimated_cost
6424,2026-08-24,Pattaya_Beach,PassionFruit,3,106.68,2026-08-24,6,6,65.0,29.56,29.56,106.68,observed_estimated_cost
6425,2026-08-24,Pattaya_Beach,Pineapple,3,45.84,2026-08-24,6,5,49.0,9.28,9.28,45.84,observed_estimated_cost
6426,2026-08-24,Pattaya_Beach,Watermelon,5,68.4,2026-08-24,6,5,45.0,7.68,7.68,68.4,observed_estimated_cost
6427,2026-08-24,Pattaya_Central,Guava,2,32.36,2026-08-24,6,5.5,49.0,10.18,10.18,32.36,observed_estimated_cost
6428,2026-08-24,Pattaya_Central,MixedBerryPremium,9,558.09,2026-08-24,8,7,89.0,54.01,54.01,558.09,observed_estimated_cost
6429,2026-08-24,Pattaya_Central,PassionFruit,6,213.36,2026-08-24,6,6,65.0,29.56,29.56,213.36,observed_estimated_cost
6430,2026-08-24,Pattaya_Central,Pineapple,4,61.12,2026-08-24,6,5,49.0,9.28,9.28,61.12,observed_estimated_cost
6431,2026-08-24,Pattaya_Central,Watermelon,6,82.08,2026-08-24,6,5,45.0,7.68,7.68,82.08,observed_estimated_cost
6432,2026-08-25,BKK_Ladprao,Guava,3,48.54,2026-08-24,6,5.5,49.0,10.18,10.18,48.54,observed_estimated_cost
6433,2026-08-25,BKK_Ladprao,MixedBerryPremium,3,186.03,2026-08-24,8,7,89.0,54.01,54.01,186.03,observed_estimated_cost
6434,2026-08-25,BKK_Ladprao,PassionFruit,7,248.92,2026-08-24,6,6,65.0,29.56,29.56,248.92,observed_estimated_cost
6435,2026-08-25,BKK_Ladprao,Pineapple,4,61.12,2026-08-24,6,5,49.0,9.28,9.28,61.12,observed_estimated_cost
6436,2026-08-25,BKK_Ladprao,Watermelon,3,41.04,2026-08-24,6,5,45.0,7.68,7.68,41.04,observed_estimated_cost
6437,2026-08-25,BKK_Sukhumvit,Guava,2,32.36,2026-08-24,6,5.5,49.0,10.18,10.18,32.36,observed_estimated_cost
6438,2026-08-25,BKK_Sukhumvit,MixedBerryPremium,3,186.03,2026-08-24,8,7,89.0,54.01,54.01,186.03,observed_estimated_cost
6439,2026-08-25,BKK_Sukhumvit,PassionFruit,6,213.36,2026-08-24,6,6,65.0,29.56,29.56,213.36,observed_estimated_cost
6440,2026-08-25,BKK_Sukhumvit,Pineapple,5,76.4,2026-08-24,6,5,49.0,9.28,9.28,76.4,observed_estimated_cost
6441,2026-08-25,BKK_Sukhumvit,Watermelon,6,82.08,2026-08-24,6,5,45.0,7.68,7.68,82.08,observed_estimated_cost
6442,2026-08-25,Pattaya_Beach,Guava,3,48.54,2026-08-24,6,5.5,49.0,10.18,10.18,48.54,observed_estimated_cost
6443,2026-08-25,Pattaya_Beach,MixedBerryPremium,4,248.04,2026-08-24,8,7,89.0,54.01,54.01,248.04,observed_estimated_cost
6444,2026-08-25,Pattaya_Beach,PassionFruit,3,106.68,2026-08-24,6,6,65.0,29.56,29.56,106.68,observed_estimated_cost
6445,2026-08-25,Pattaya_Beach,Pineapple,4,61.12,2026-08-24,6,5,49.0,9.28,9.28,61.12,observed_estimated_cost
6446,2026-08-25,Pattaya_Beach,Watermelon,2,27.36,2026-08-24,6,5,45.0,7.68,7.68,27.36,observed_estimated_cost
6447,2026-08-25,Pattaya_Central,Guava,4,64.72,2026-08-24,6,5.5,49.0,10.18,10.18,64.72,observed_estimated_cost
6448,2026-08-25,Pattaya_Central,MixedBerryPremium,3,186.03,2026-08-24,8,7,89.0,54.01,54.01,186.03,observed_estimated_cost
6449,2026-08-25,Pattaya_Central,PassionFruit,4,142.24,2026-08-24,6,6,65.0,29.56,29.56,142.24,observed_estimated_cost
6450,2026-08-25,Pattaya_Central,Pineapple,7,106.96,2026-08-24,6,5,49.0,9.28,9.28,106.96,observed_estimated_cost
6451,2026-08-25,Pattaya_Central,Watermelon,5,68.4,2026-08-24,6,5,45.0,7.68,7.68,68.4,observed_estimated_cost
6452,2026-08-26,BKK_Ladprao,Guava,4,64.72,2026-08-24,6,5.5,49.0,10.18,10.18,64.72,observed_estimated_cost
6453,2026-08-26,BKK_Ladprao,MixedBerryPremium,6,372.06,2026-08-24,8,7,89.0,54.01,54.01,372.06,observed_estimated_cost
6454,2026-08-26,BKK_Ladprao,PassionFruit,4,142.24,2026-08-24,6,6,65.0,29.56,29.56,142.24,observed_estimated_cost
6455,2026-08-26,BKK_Ladprao,Pineapple,5,76.4,2026-08-24,6,5,49.0,9.28,9.28,76.4,observed_estimated_cost
6456,2026-08-26,BKK_Ladprao,Watermelon,4,54.72,2026-08-24,6,5,45.0,7.68,7.68,54.72,observed_estimated_cost
6457,2026-08-26,BKK_Sukhumvit,Guava,3,48.54,2026-08-24,6,5.5,49.0,10.18,10.18,48.54,observed_estimated_cost
6458,2026-08-26,BKK_Sukhumvit,MixedBerryPremium,4,248.04,2026-08-24,8,7,89.0,54.01,54.01,248.04,observed_estimated_cost
6459,2026-08-26,BKK_Sukhumvit,PassionFruit,4,142.24,2026-08-24,6,6,65.0,29.56,29.56,142.24,observed_estimated_cost
6460,2026-08-26,BKK_Sukhumvit,Pineapple,4,61.12,2026-08-24,6,5,49.0,9.28,9.28,61.12,observed_estimated_cost
6461,2026-08-26,BKK_Sukhumvit,Watermelon,4,54.72,2026-08-24,6,5,45.0,7.68,7.68,54.72,observed_estimated_cost
6462,2026-08-26,Pattaya_Beach,Guava,3,48.54,2026-08-24,6,5.5,49.0,10.18,10.18,48.54,observed_estimated_cost
6463,2026-08-26,Pattaya_Beach,MixedBerryPremium,6,372.06,2026-08-24,8,7,89.0,54.01,54.01,372.06,observed_estimated_cost
6464,2026-08-26,Pattaya_Beach,PassionFruit,5,177.8,2026-08-24,6,6,65.0,29.56,29.56,177.8,observed_estimated_cost
6465,2026-08-26,Pattaya_Beach,Pineapple,4,61.12,2026-08-24,6,5,49.0,9.28,9.28,61.12,observed_estimated_cost
6466,2026-08-26,Pattaya_Beach,Watermelon,5,68.4,2026-08-24,6,5,45.0,7.68,7.68,68.4,observed_estimated_cost
6467,2026-08-26,Pattaya_Central,Guava,3,48.54,2026-08-24,6,5.5,49.0,10.18,10.18,48.54,observed_estimated_cost
6468,2026-08-26,Pattaya_Central,MixedBerryPremium,3,186.03,2026-08-24,8,7,89.0,54.01,54.01,186.03,observed_estimated_cost
6469,2026-08-26,Pattaya_Central,PassionFruit,4,142.24,2026-08-24,6,6,65.0,29.56,29.56,142.24,observed_estimated_cost
6470,2026-08-26,Pattaya_Central,Pineapple,5,76.4,2026-08-24,6,5,49.0,9.28,9.28,76.4,observed_estimated_cost
6471,2026-08-26,Pattaya_Central,Watermelon,6,82.08,2026-08-24,6,5,45.0,7.68,7.68,82.08,observed_estimated_cost
6472,2026-08-27,BKK_Ladprao,Guava,4,64.72,2026-08-24,6,5.5,49.0,10.18,10.18,64.72,observed_estimated_cost
6473,2026-08-27,BKK_Ladprao,MixedBerryPremium,7,434.07,2026-08-24,8,7,89.0,54.01,54.01,434.07,observed_estimated_cost
6474,2026-08-27,BKK_Ladprao,PassionFruit,4,142.24,2026-08-24,6,6,65.0,29.56,29.56,142.24,observed_estimated_cost
6475,2026-08-27,BKK_Ladprao,Pineapple,3,45.84,2026-08-24,6,5,49.0,9.28,9.28,45.84,observed_estimated_cost
6476,2026-08-27,BKK_Ladprao,Watermelon,5,68.4,2026-08-24,6,5,45.0,7.68,7.68,68.4,observed_estimated_cost
6477,2026-08-27,BKK_Sukhumvit,Guava,3,48.54,2026-08-24,6,5.5,49.0,10.18,10.18,48.54,observed_estimated_cost
6478,2026-08-27,BKK_Sukhumvit,MixedBerryPremium,5,310.05,2026-08-24,8,7,89.0,54.01,54.01,310.05,observed_estimated_cost
6479,2026-08-27,BKK_Sukhumvit,PassionFruit,4,142.24,2026-08-24,6,6,65.0,29.56,29.56,142.24,observed_estimated_cost
6480,2026-08-27,BKK_Sukhumvit,Pineapple,2,30.56,2026-08-24,6,5,49.0,9.28,9.28,30.56,observed_estimated_cost
6481,2026-08-27,BKK_Sukhumvit,Watermelon,3,41.04,2026-08-24,6,5,45.0,7.68,7.68,41.04,observed_estimated_cost
6482,2026-08-27,Pattaya_Beach,Guava,4,64.72,2026-08-24,6,5.5,49.0,10.18,10.18,64.72,observed_estimated_cost
6483,2026-08-27,Pattaya_Beach,MixedBerryPremium,6,372.06,2026-08-24,8,7,89.0,54.01,54.01,372.06,observed_estimated_cost
6484,2026-08-27,Pattaya_Beach,PassionFruit,7,248.92,2026-08-24,6,6,65.0,29.56,29.56,248.92,observed_estimated_cost
6485,2026-08-27,Pattaya_Beach,Pineapple,5,76.4,2026-08-24,6,5,49.0,9.28,9.28,76.4,observed_estimated_cost
6486,2026-08-27,Pattaya_Beach,Watermelon,5,68.4,2026-08-24,6,5,45.0,7.68,7.68,68.4,observed_estimated_cost
6487,2026-08-27,Pattaya_Central,Guava,3,48.54,2026-08-24,6,5.5,49.0,10.18,10.18,48.54,observed_estimated_cost
6488,2026-08-27,Pattaya_Central,MixedBerryPremium,7,434.07,2026-08-24,8,7,89.0,54.01,54.01,434.07,observed_estimated_cost
6489,2026-08-27,Pattaya_Central,PassionFruit,6,213.36,2026-08-24,6,6,65.0,29.56,29.56,213.36,observed_estimated_cost
6490,2026-08-27,Pattaya_Central,Pineapple,6,91.68,2026-08-24,6,5,49.0,9.28,9.28,91.68,observed_estimated_cost
6491,2026-08-27,Pattaya_Central,Watermelon,4,54.72,2026-08-24,6,5,45.0,7.68,7.68,54.72,observed_estimated_cost
6492,2026-08-28,BKK_Ladprao,Guava,5,80.9,2026-08-24,6,5.5,49.0,10.18,10.18,80.9,observed_estimated_cost
6493,2026-08-28,BKK_Ladprao,MixedBerryPremium,2,124.02,2026-08-24,8,7,89.0,54.01,54.01,124.02,observed_estimated_cost
6494,2026-08-28,BKK_Ladprao,PassionFruit,4,142.24,2026-08-24,6,6,65.0,29.56,29.56,142.24,observed_estimated_cost
6495,2026-08-28,BKK_Ladprao,Pineapple,1,15.28,2026-08-24,6,5,49.0,9.28,9.28,15.28,observed_estimated_cost
6496,2026-08-28,BKK_Ladprao,Watermelon,3,41.04,2026-08-24,6,5,45.0,7.68,7.68,41.04,observed_estimated_cost
6497,2026-08-28,BKK_Sukhumvit,Guava,4,64.72,2026-08-24,6,5.5,49.0,10.18,10.18,64.72,observed_estimated_cost
6498,2026-08-28,BKK_Sukhumvit,MixedBerryPremium,3,186.03,2026-08-24,8,7,89.0,54.01,54.01,186.03,observed_estimated_cost
6499,2026-08-28,BKK_Sukhumvit,PassionFruit,3,106.68,2026-08-24,6,6,65.0,29.56,29.56,106.68,observed_estimated_cost
6500,2026-08-28,BKK_Sukhumvit,Pineapple,5,76.4,2026-08-24,6,5,49.0,9.28,9.28,76.4,observed_estimated_cost
6501,2026-08-28,BKK_Sukhumvit,Watermelon,4,54.72,2026-08-24,6,5,45.0,7.68,7.68,54.72,observed_estimated_cost
6502,2026-08-28,Pattaya_Beach,Guava,2,32.36,2026-08-24,6,5.5,49.0,10.18,10.18,32.36,observed_estimated_cost
6503,2026-08-28,Pattaya_Beach,MixedBerryPremium,6,372.06,2026-08-24,8,7,89.0,54.01,54.01,372.06,observed_estimated_cost
6504,2026-08-28,Pattaya_Beach,PassionFruit,6,213.36,2026-08-24,6,6,65.0,29.56,29.56,213.36,observed_estimated_cost
6505,2026-08-28,Pattaya_Beach,Pineapple,4,61.12,2026-08-24,6,5,49.0,9.28,9.28,61.12,observed_estimated_cost
6506,2026-08-28,Pattaya_Beach,Watermelon,4,54.72,2026-08-24,6,5,45.0,7.68,7.68,54.72,observed_estimated_cost
6507,2026-08-28,Pattaya_Central,Guava,3,48.54,2026-08-24,6,5.5,49.0,10.18,10.18,48.54,observed_estimated_cost
6508,2026-08-28,Pattaya_Central,MixedBerryPremium,3,186.03,2026-08-24,8,7,89.0,54.01,54.01,186.03,observed_estimated_cost
6509,2026-08-28,Pattaya_Central,PassionFruit,4,142.24,2026-08-24,6,6,65.0,29.56,29.56,142.24,observed_estimated_cost
6510,2026-08-28,Pattaya_Central,Pineapple,3,45.84,2026-08-24,6,5,49.0,9.28,9.28,45.84,observed_estimated_cost
6511,2026-08-28,Pattaya_Central,Watermelon,4,54.72,2026-08-24,6,5,45.0,7.68,7.68,54.72,observed_estimated_cost
6512,2026-08-29,BKK_Ladprao,Guava,3,48.54,2026-08-24,6,5.5,49.0,10.18,10.18,48.54,observed_estimated_cost
6513,2026-08-29,BKK_Ladprao,MixedBerryPremium,5,310.05,2026-08-24,8,7,89.0,54.01,54.01,310.05,observed_estimated_cost
6514,2026-08-29,BKK_Ladprao,PassionFruit,2,71.12,2026-08-24,6,6,65.0,29.56,29.56,71.12,observed_estimated_cost
6515,2026-08-29,BKK_Ladprao,Pineapple,4,61.12,2026-08-24,6,5,49.0,9.28,9.28,61.12,observed_estimated_cost
6516,2026-08-29,BKK_Ladprao,Watermelon,1,13.68,2026-08-24,6,5,45.0,7.68,7.68,13.68,observed_estimated_cost
6517,2026-08-29,BKK_Sukhumvit,Guava,1,16.18,2026-08-24,6,5.5,49.0,10.18,10.18,16.18,observed_estimated_cost
6518,2026-08-29,BKK_Sukhumvit,MixedBerryPremium,3,186.03,2026-08-24,8,7,89.0,54.01,54.01,186.03,observed_estimated_cost
6519,2026-08-29,BKK_Sukhumvit,PassionFruit,4,142.24,2026-08-24,6,6,65.0,29.56,29.56,142.24,observed_estimated_cost
6520,2026-08-29,BKK_Sukhumvit,Pineapple,5,76.4,2026-08-24,6,5,49.0,9.28,9.28,76.4,observed_estimated_cost
6521,2026-08-29,BKK_Sukhumvit,Watermelon,4,54.72,2026-08-24,6,5,45.0,7.68,7.68,54.72,observed_estimated_cost
6522,2026-08-29,Pattaya_Beach,Guava,3,48.54,2026-08-24,6,5.5,49.0,10.18,10.18,48.54,observed_estimated_cost
6523,2026-08-29,Pattaya_Beach,MixedBerryPremium,4,248.04,2026-08-24,8,7,89.0,54.01,54.01,248.04,observed_estimated_cost
6524,2026-08-29,Pattaya_Beach,PassionFruit,4,142.24,2026-08-24,6,6,65.0,29.56,29.56,142.24,observed_estimated_cost
6525,2026-08-29,Pattaya_Beach,Pineapple,3,45.84,2026-08-24,6,5,49.0,9.28,9.28,45.84,observed_estimated_cost
6526,2026-08-29,Pattaya_Beach,Watermelon,7,95.76,2026-08-24,6,5,45.0,7.68,7.68,95.76,observed_estimated_cost
6527,2026-08-29,Pattaya_Central,Guava,5,80.9,2026-08-24,6,5.5,49.0,10.18,10.18,80.9,observed_estimated_cost
6528,2026-08-29,Pattaya_Central,MixedBerryPremium,4,248.04,2026-08-24,8,7,89.0,54.01,54.01,248.04,observed_estimated_cost
6529,2026-08-29,Pattaya_Central,PassionFruit,3,106.68,2026-08-24,6,6,65.0,29.56,29.56,106.68,observed_estimated_cost
6530,2026-08-29,Pattaya_Central,Pineapple,7,106.96,2026-08-24,6,5,49.0,9.28,9.28,106.96,observed_estimated_cost
6531,2026-08-29,Pattaya_Central,Watermelon,4,54.72,2026-08-24,6,5,45.0,7.68,7.68,54.72,observed_estimated_cost
6532,2026-08-30,BKK_Ladprao,Guava,4,64.72,2026-08-24,6,5.5,49.0,10.18,10.18,64.72,observed_estimated_cost
6533,2026-08-30,BKK_Ladprao,MixedBerryPremium,4,248.04,2026-08-24,8,7,89.0,54.01,54.01,248.04,observed_estimated_cost
6534,2026-08-30,BKK_Ladprao,PassionFruit,5,177.8,2026-08-24,6,6,65.0,29.56,29.56,177.8,observed_estimated_cost
6535,2026-08-30,BKK_Ladprao,Pineapple,4,61.12,2026-08-24,6,5,49.0,9.28,9.28,61.12,observed_estimated_cost
6536,2026-08-30,BKK_Ladprao,Watermelon,4,54.72,2026-08-24,6,5,45.0,7.68,7.68,54.72,observed_estimated_cost
6537,2026-08-30,BKK_Sukhumvit,Guava,2,32.36,2026-08-24,6,5.5,49.0,10.18,10.18,32.36,observed_estimated_cost
6538,2026-08-30,BKK_Sukhumvit,MixedBerryPremium,5,310.05,2026-08-24,8,7,89.0,54.01,54.01,310.05,observed_estimated_cost
6539,2026-08-30,BKK_Sukhumvit,PassionFruit,3,106.68,2026-08-24,6,6,65.0,29.56,29.56,106.68,observed_estimated_cost
6540,2026-08-30,BKK_Sukhumvit,Pineapple,6,91.68,2026-08-24,6,5,49.0,9.28,9.28,91.68,observed_estimated_cost
6541,2026-08-30,BKK_Sukhumvit,Watermelon,5,68.4,2026-08-24,6,5,45.0,7.68,7.68,68.4,observed_estimated_cost
6542,2026-08-30,Pattaya_Beach,Guava,5,80.9,2026-08-24,6,5.5,49.0,10.18,10.18,80.9,observed_estimated_cost
6543,2026-08-30,Pattaya_Beach,MixedBerryPremium,5,310.05,2026-08-24,8,7,89.0,54.01,54.01,310.05,observed_estimated_cost
6544,2026-08-30,Pattaya_Beach,PassionFruit,9,320.04,2026-08-24,6,6,65.0,29.56,29.56,320.04,observed_estimated_cost
6545,2026-08-30,Pattaya_Beach,Pineapple,6,91.68,2026-08-24,6,5,49.0,9.28,9.28,91.68,observed_estimated_cost
6546,2026-08-30,Pattaya_Beach,Watermelon,9,123.12,2026-08-24,6,5,45.0,7.68,7.68,123.12,observed_estimated_cost
6547,2026-08-30,Pattaya_Central,Guava,7,113.26,2026-08-24,6,5.5,49.0,10.18,10.18,113.26,observed_estimated_cost
6548,2026-08-30,Pattaya_Central,MixedBerryPremium,5,310.05,2026-08-24,8,7,89.0,54.01,54.01,310.05,observed_estimated_cost
6549,2026-08-30,Pattaya_Central,PassionFruit,7,248.92,2026-08-24,6,6,65.0,29.56,29.56,248.92,observed_estimated_cost
6550,2026-08-30,Pattaya_Central,Pineapple,5,76.4,2026-08-24,6,5,49.0,9.28,9.28,76.4,observed_estimated_cost
6551,2026-08-30,Pattaya_Central,Watermelon,5,68.4,2026-08-24,6,5,45.0,7.68,7.68,68.4,observed_estimated_cost
6552,2026-08-31,BKK_Ladprao,Guava,1,16.28,2026-08-31,6,5.5,49.0,10.28,10.28,16.28,observed_estimated_cost
6553,2026-08-31,BKK_Ladprao,MixedBerryPremium,3,178.32,2026-08-31,8,7,89.0,51.44,51.44,178.32,observed_estimated_cost
6554,2026-08-31,BKK_Ladprao,PassionFruit,4,139.32,2026-08-31,6,6,65.0,28.83,28.83,139.32,observed_estimated_cost
6555,2026-08-31,BKK_Ladprao,Pineapple,3,49.83,2026-08-31,6,5,49.0,10.61,10.61,49.83,observed_estimated_cost
6556,2026-08-31,BKK_Ladprao,Watermelon,5,71.75,2026-08-31,6,5,45.0,8.35,8.35,71.75,observed_estimated_cost
6557,2026-08-31,BKK_Sukhumvit,Guava,2,32.56,2026-08-31,6,5.5,49.0,10.28,10.28,32.56,observed_estimated_cost
6558,2026-08-31,BKK_Sukhumvit,MixedBerryPremium,3,178.32,2026-08-31,8,7,89.0,51.44,51.44,178.32,observed_estimated_cost
6559,2026-08-31,BKK_Sukhumvit,PassionFruit,3,104.49,2026-08-31,6,6,65.0,28.83,28.83,104.49,observed_estimated_cost
6560,2026-08-31,BKK_Sukhumvit,Pineapple,3,49.83,2026-08-31,6,5,49.0,10.61,10.61,49.83,observed_estimated_cost
6561,2026-08-31,BKK_Sukhumvit,Watermelon,4,57.4,2026-08-31,6,5,45.0,8.35,8.35,57.4,observed_estimated_cost
6562,2026-08-31,Pattaya_Beach,Guava,2,32.56,2026-08-31,6,5.5,49.0,10.28,10.28,32.56,observed_estimated_cost
6563,2026-08-31,Pattaya_Beach,MixedBerryPremium,4,237.76,2026-08-31,8,7,89.0,51.44,51.44,237.76,observed_estimated_cost
6564,2026-08-31,Pattaya_Beach,PassionFruit,3,104.49,2026-08-31,6,6,65.0,28.83,28.83,104.49,observed_estimated_cost
6565,2026-08-31,Pattaya_Beach,Pineapple,4,66.44,2026-08-31,6,5,49.0,10.61,10.61,66.44,observed_estimated_cost
6566,2026-08-31,Pattaya_Beach,Watermelon,8,114.8,2026-08-31,6,5,45.0,8.35,8.35,114.8,observed_estimated_cost
6567,2026-08-31,Pattaya_Central,Guava,5,81.4,2026-08-31,6,5.5,49.0,10.28,10.28,81.4,observed_estimated_cost
6568,2026-08-31,Pattaya_Central,MixedBerryPremium,4,237.76,2026-08-31,8,7,89.0,51.44,51.44,237.76,observed_estimated_cost
6569,2026-08-31,Pattaya_Central,PassionFruit,4,139.32,2026-08-31,6,6,65.0,28.83,28.83,139.32,observed_estimated_cost
6570,2026-08-31,Pattaya_Central,Pineapple,3,49.83,2026-08-31,6,5,49.0,10.61,10.61,49.83,observed_estimated_cost
6571,2026-08-31,Pattaya_Central,Watermelon,5,71.75,2026-08-31,6,5,45.0,8.35,8.35,71.75,observed_estimated_cost
