base_code,sku,kitchen,platform_name,daypart,matched_strata,promo_rows,promo_units,promo_active_hours,baseline_units,incremental_units,promo_contribution_thb,baseline_contribution_thb,incremental_contribution_thb,promo_discount_cost_thb,promo_cups_per_active_hour,baseline_cups_per_active_hour,actual_demand_lift_pct,promo_contribution_per_cup_thb,baseline_contribution_per_cup_thb,break_even_lift_pct,contribution_lift_pct,actual_vs_breakeven_gap_pct,promo_roi_on_discount,decision
RC101,Guava,BKK_Ladprao,Grab,Afternoon,2,2,5,2,8.0,-3.0,56.07000000000001,127.51,-71.44,36.75000000000001,2.5,4.0,-0.375,11.214000000000002,15.93875,0.42132602104512196,-0.5602697827621362,-0.796326021045122,-1.943945578231292,REDUCE / PAUSE BLANKET USE
RC101,Guava,BKK_Ladprao,Grab,Dinner,4,4,7,4,7.5,-0.5,78.49800000000002,119.825,-41.326999999999984,51.45000000000001,1.75,1.875,-0.06666666666666665,11.214000000000002,15.976666666666667,0.42470721122406485,-0.34489463801376996,-0.4913738778907315,-0.8032458697764816,REDUCE / PAUSE BLANKET USE
RC101,Guava,BKK_Ladprao,Grab,Late Evening,2,2,11,2,3.5,7.5,123.35400000000004,55.745000000000005,67.60900000000004,80.85000000000002,5.5,1.75,2.142857142857143,11.214000000000004,15.927142857142858,0.4202909628270779,1.2128262624450628,1.722566180030065,0.8362275819418679,KEEP / SCALE SELECTIVELY
RC101,Guava,BKK_Ladprao,Grab,Lunch,3,3,16,3,8.5,7.5,179.42400000000006,136.105,43.31900000000006,117.60000000000002,5.333333333333333,2.8333333333333335,0.8823529411764706,11.214000000000004,16.01235294117647,0.4278895078630698,0.3182763307740353,0.4544634333134008,0.3683588435374154,KEEP / SCALE SELECTIVELY
RC101,Guava,BKK_Ladprao,Grab,Morning,3,3,3,3,5.5,-2.5,33.64200000000001,88.565,-54.923,22.050000000000004,1.0,1.8333333333333333,-0.4545454545454546,11.214000000000004,16.10272727272727,0.4359485707800308,-0.6201433975046575,-0.8904940253254854,-2.4908390022675735,REDUCE / PAUSE BLANKET USE
RC101,Guava,BKK_Ladprao,LINE MAN,Afternoon,11,11,57,11,35.0,22.0,463.8450000000001,474.66499999999996,-10.819999999999887,418.95000000000005,5.181818181818182,3.1818181818181817,0.6285714285714286,8.13763157894737,13.561857142857141,0.6665607199449317,-0.02279502385893184,-0.03798929137350315,-0.02582647093925262,OPTIMIZE / TARGET ONLY
RC101,Guava,BKK_Ladprao,LINE MAN,Dinner,17,17,89,17,39.5,49.5,721.3650000000001,540.04,181.3250000000001,654.1500000000001,5.235294117647059,2.323529411764706,1.2531645569620253,8.105224719101125,13.671898734177214,0.6868007005354735,0.3357621657654992,0.5663638564265518,0.27719177558663927,KEEP / SCALE SELECTIVELY
RC101,Guava,BKK_Ladprao,LINE MAN,Late Evening,9,9,49,9,26.5,22.5,403.95500000000004,361.185,42.770000000000024,360.15000000000003,5.444444444444445,2.9444444444444446,0.8490566037735849,8.243979591836736,13.629622641509433,0.6532819483208827,0.11841577031161332,0.19577465545270223,0.11875607385811474,KEEP / SCALE SELECTIVELY
RC101,Guava,BKK_Ladprao,LINE MAN,Late Night,6,6,8,6,8.0,0.0,64.93,110.45,-45.519999999999996,58.80000000000001,1.3333333333333333,1.3333333333333333,0.0,8.11625,13.80625,0.7010626828892652,-0.4121321865097328,-0.7010626828892652,-0.7741496598639453,REDUCE / PAUSE BLANKET USE
RC101,Guava,BKK_Ladprao,LINE MAN,Lunch,16,16,95,16,57.0,38.0,785.5550000000002,781.755,3.8000000000000718,698.2500000000001,5.9375,3.5625,0.6666666666666667,8.269000000000002,13.715,0.6586044261700323,0.004860857941426877,0.008062240496634399,0.005442176870748401,KEEP / SCALE SELECTIVELY
RC101,Guava,BKK_Ladprao,LINE MAN,Morning,9,9,26,9,13.5,12.5,213.84,185.67000000000002,28.17000000000001,191.10000000000002,2.888888888888889,1.5,0.9259259259259258,8.224615384615385,13.753333333333334,0.6722159870308018,0.15172079495879776,0.25370993889512405,0.14740973312401887,KEEP / SCALE SELECTIVELY
RC101,Guava,BKK_Sukhumvit,Grab,Afternoon,9,9,58,9,40.0,18.0,636.5520000000001,656.095,-19.542999999999907,426.30000000000007,6.444444444444445,4.444444444444445,0.44999999999999996,10.975034482758623,16.402375,0.49451694441302485,-0.029786844892888853,-0.044516944413024895,-0.0458433028383765,OPTIMIZE / TARGET ONLY
RC101,Guava,BKK_Sukhumvit,Grab,Dinner,12,12,59,12,39.5,19.5,648.1360000000001,643.8950000000001,4.2409999999999854,433.6500000000001,4.916666666666667,3.2916666666666665,0.49367088607594933,10.985355932203392,16.30113924050633,0.48389723019531905,0.006586477608926833,0.009773655880630283,0.009779776317306548,KEEP / SCALE SELECTIVELY
RC101,Guava,BKK_Sukhumvit,Grab,Late Evening,6,6,49,6,30.5,18.5,533.4260000000002,504.00500000000005,29.421000000000056,360.15000000000003,8.166666666666666,5.083333333333333,0.6065573770491803,10.886244897959187,16.524754098360656,0.5179480393150537,0.05837442088868183,0.0886093377341266,0.08169096209912552,KEEP / SCALE SELECTIVELY
RC101,Guava,BKK_Sukhumvit,Grab,Late Night,4,4,11,4,7.0,4.0,119.56400000000002,115.66500000000002,3.8990000000000045,80.85000000000002,2.75,1.75,0.5714285714285714,10.869454545454547,16.523571428571433,0.5201840496661683,0.03370941944408412,0.05124452176240313,0.04822510822510827,KEEP / SCALE SELECTIVELY
RC101,Guava,BKK_Sukhumvit,Grab,Lunch,12,12,70,12,64.0,6.0,764.6800000000001,1047.875,-283.195,514.5000000000001,5.833333333333333,5.333333333333333,0.09375,10.924000000000001,16.373046875,0.4988142507323323,-0.27025647143027554,-0.4050642507323323,-0.550427599611273,OPTIMIZE / TARGET ONLY
RC101,Guava,BKK_Sukhumvit,Grab,Morning,12,12,45,12,23.0,22.0,489.0800000000001,377.495,111.5850000000001,330.75000000000006,3.75,1.9166666666666667,0.9565217391304348,10.868444444444446,16.41282608695652,0.5101357117711691,0.29559331911680964,0.4463860273592657,0.3373696145124719,KEEP / SCALE SELECTIVELY
RC101,Guava,BKK_Sukhumvit,LINE MAN,Afternoon,6,6,47,6,25.0,22.0,380.23499999999996,350.225,30.009999999999927,345.45000000000005,7.833333333333333,4.166666666666667,0.8799999999999999,8.090106382978723,14.009,0.7316212342367221,0.08568777214647705,0.1483787657632778,0.08687219568678513,KEEP / SCALE SELECTIVELY
RC101,Guava,BKK_Sukhumvit,LINE MAN,Dinner,8,8,49,8,31.5,17.5,397.6650000000001,438.70000000000005,-41.03499999999994,360.1500000000001,6.125,3.9375,0.5555555555555556,8.11561224489796,13.926984126984129,0.7160731324663279,-0.09353772509687708,-0.16051757691077229,-0.11393863667916126,OPTIMIZE / TARGET ONLY
RC101,Guava,BKK_Sukhumvit,LINE MAN,Late Evening,4,4,44,4,21.5,22.5,352.31000000000006,299.98,52.33000000000003,323.40000000000003,11.0,5.375,1.0465116279069768,8.007045454545455,13.952558139534885,0.742535148419105,0.17444496299753331,0.3039764794878719,0.1618119975262833,KEEP / SCALE SELECTIVELY
RC101,Guava,BKK_Sukhumvit,LINE MAN,Late Night,4,4,10,4,5.5,4.5,80.03000000000002,76.45500000000001,3.5749999999999993,73.50000000000001,2.5,1.375,0.8181818181818181,8.003000000000002,13.900909090909094,0.73696227551032,0.04675953175070302,0.08121954267149811,0.04863945578231291,KEEP / SCALE SELECTIVELY
RC101,Guava,BKK_Sukhumvit,LINE MAN,Lunch,6,6,76,6,40.0,36.0,608.0500000000001,559.9000000000001,48.15000000000002,558.6000000000001,12.666666666666666,6.666666666666667,0.8999999999999999,8.000657894736843,13.997500000000002,0.7495436230573145,0.08599749955349156,0.15045637694268543,0.08619763694951667,KEEP / SCALE SELECTIVELY
RC101,Guava,BKK_Sukhumvit,LINE MAN,Morning,7,7,25,7,15.0,10.0,200.96500000000006,209.22500000000002,-8.259999999999978,183.75000000000003,3.5714285714285716,2.142857142857143,0.6666666666666667,8.038600000000002,13.948333333333334,0.7351694739548342,-0.03947902975265849,-0.06850280728816749,-0.04495238095238083,OPTIMIZE / TARGET ONLY
RC101,Guava,Pattaya_Beach,Grab,Afternoon,3,3,10,3,12.0,-2.0,110.44,203.39000000000001,-92.95000000000003,73.50000000000001,3.3333333333333335,4.0,-0.16666666666666663,11.044,16.949166666666667,0.5346945551128817,-0.45700378583017853,-0.7013612217795483,-1.2646258503401362,REDUCE / PAUSE BLANKET USE
RC101,Guava,Pattaya_Beach,Grab,Dinner,4,4,42,4,17.25,24.75,463.84800000000007,291.93250000000006,171.91550000000007,308.70000000000005,10.5,4.3125,1.4347826086956523,11.044000000000002,16.923623188405802,0.5323816722569539,0.5888878422238017,0.9024009364386985,0.5569015225137676,KEEP / SCALE SELECTIVELY
RC101,Guava,Pattaya_Beach,Grab,Late Evening,2,2,10,2,10.5,-0.5,110.44000000000001,176.71500000000003,-66.27500000000003,73.50000000000001,5.0,5.25,-0.04761904761904767,11.044,16.830000000000002,0.5239043824701197,-0.37503890445066923,-0.5715234300891674,-0.9017006802721091,REDUCE / PAUSE BLANKET USE
RC101,Guava,Pattaya_Beach,Grab,Late Night,3,3,12,3,3.666666666666667,8.333333333333334,132.52800000000002,62.39250000000001,70.13550000000001,88.20000000000002,4.0,1.2222222222222223,2.2727272727272725,11.044000000000002,17.016136363636367,0.5407584537881531,1.124101454501743,1.7319688189391194,0.7951870748299319,KEEP / SCALE SELECTIVELY
RC101,Guava,Pattaya_Beach,Grab,Lunch,4,4,24,4,17.5,6.5,265.05600000000004,296.33750000000003,-31.281500000000015,176.40000000000003,6.0,4.375,0.37142857142857144,11.044000000000002,16.93357142857143,0.5332824545971955,-0.10556038300923776,-0.16185388316862404,-0.17733276643990936,OPTIMIZE / TARGET ONLY
RC101,Guava,Pattaya_Beach,Grab,Morning,5,5,7,5,8.25,-1.25,77.308,138.77333333333334,-61.46533333333335,51.45000000000001,1.4,1.65,-0.1515151515151515,11.044,16.821010101010103,0.5230903749556413,-0.4429189085318985,-0.6746055264707927,-1.1946614836410756,REDUCE / PAUSE BLANKET USE
RC101,Guava,Pattaya_Beach,LINE MAN,Afternoon,9,9,56,9,43.5,12.5,455.2200000000001,589.885,-134.66499999999994,411.6000000000001,6.222222222222222,4.833333333333333,0.28735632183908044,8.128928571428572,13.560574712643678,0.6681872147709809,-0.22829025996592545,-0.3808308929319004,-0.32717444120505323,OPTIMIZE / TARGET ONLY
RC101,Guava,Pattaya_Beach,LINE MAN,Dinner,12,12,81,12,56.16666666666667,24.833333333333332,652.455,758.7850000000001,-106.32999999999996,595.3500000000001,6.75,4.680555555555556,0.4421364985163203,8.055,13.509525222551929,0.677160176604833,-0.14013192142701825,-0.23502367808851266,-0.17860082304526737,OPTIMIZE / TARGET ONLY
RC101,Guava,Pattaya_Beach,LINE MAN,Late Evening,5,5,61,5,30.916666666666668,30.083333333333332,489.6550000000001,420.3475,69.30750000000003,448.3500000000001,12.2,6.183333333333334,0.9730458221024259,8.027131147540985,13.596145552560648,0.6937739402358791,0.1648814373821661,0.2792718818665467,0.15458347273335568,KEEP / SCALE SELECTIVELY
RC101,Guava,Pattaya_Beach,LINE MAN,Late Night,9,9,16,9,14.0,2.0,130.20000000000005,190.32333333333335,-60.12333333333331,117.60000000000002,1.7777777777777777,1.5555555555555556,0.1428571428571428,8.137500000000003,13.59452380952381,0.6706020042425567,-0.31590101056097497,-0.5277448613854139,-0.5112528344671199,OPTIMIZE / TARGET ONLY
RC101,Guava,Pattaya_Beach,LINE MAN,Lunch,12,12,104,12,72.33333333333333,31.666666666666668,836.44,977.2708333333334,-140.83083333333335,764.4000000000001,8.666666666666666,6.027777777777778,0.4377880184331797,8.042692307692308,13.510656682027651,0.6798674082192095,-0.14410624826792295,-0.24207938978602983,-0.18423709227280655,OPTIMIZE / TARGET ONLY
RC101,Guava,Pattaya_Beach,LINE MAN,Morning,12,12,52,12,28.75,23.25,418.27000000000004,389.8658333333333,28.40416666666674,382.20000000000005,4.333333333333333,2.3958333333333335,0.808695652173913,8.043653846153846,13.560550724637679,0.685869504581154,0.07285626038017368,0.122826147592759,0.07431754753183342,KEEP / SCALE SELECTIVELY
RC101,Guava,Pattaya_Central,Grab,Afternoon,6,6,43,6,30.5,12.5,465.03200000000015,511.055,-46.02299999999987,316.05000000000007,7.166666666666667,5.083333333333333,0.4098360655737705,10.814697674418609,16.755901639344263,0.5493638512872296,-0.09005488646036108,-0.13952778571345914,-0.1456193640246792,OPTIMIZE / TARGET ONLY
RC101,Guava,Pattaya_Central,Grab,Dinner,8,8,48,8,43.0,5.0,520.792,720.29,-199.49799999999996,352.80000000000007,6.0,5.375,0.11627906976744184,10.849833333333335,16.75093023255814,0.5438882532043323,-0.2769689985977869,-0.42760918343689047,-0.5654705215419499,OPTIMIZE / TARGET ONLY
RC101,Guava,Pattaya_Central,Grab,Late Evening,4,4,37,4,33.0,4.0,403.11800000000005,552.365,-149.24699999999996,271.95000000000005,9.25,8.25,0.1212121212121211,10.895081081081083,16.738333333333333,0.5363202172399477,-0.2701963375666452,-0.4151080960278266,-0.5488030888030886,OPTIMIZE / TARGET ONLY
RC101,Guava,Pattaya_Central,Grab,Late Night,5,5,13,5,14.0,-1.0,141.25200000000004,234.87,-93.61799999999995,95.55000000000001,2.6,2.8,-0.0714285714285714,10.865538461538465,16.77642857142857,0.5440034224547006,-0.3985949674287902,-0.615431993883272,-0.9797802197802191,REDUCE / PAUSE BLANKET USE
RC101,Guava,Pattaya_Central,Grab,Lunch,8,8,69,8,61.0,8.0,743.6160000000002,1017.7300000000001,-274.114,507.1500000000001,8.625,7.625,0.13114754098360648,10.777043478260873,16.68409836065574,0.5481146006611552,-0.2693386261582147,-0.41696705967754877,-0.5404988662131518,OPTIMIZE / TARGET ONLY
RC101,Guava,Pattaya_Central,Grab,Morning,9,9,31,9,23.0,8.0,334.83400000000006,385.595,-50.760999999999925,227.85000000000005,3.4444444444444446,2.5555555555555554,0.34782608695652173,10.80109677419355,16.765,0.5521571883381018,-0.13164330450342965,-0.20433110138158006,-0.22278253236778545,OPTIMIZE / TARGET ONLY
RC101,Guava,Pattaya_Central,LINE MAN,Afternoon,12,12,107,12,60.333333333333336,46.666666666666664,881.9350000000001,825.9050000000001,56.02999999999995,786.4500000000002,8.916666666666666,5.027777777777778,0.7734806629834254,8.242383177570094,13.689033149171271,0.6608100902689267,0.06784073228761178,0.11267057271449876,0.07124419861402498,KEEP / SCALE SELECTIVELY
RC101,Guava,Pattaya_Central,LINE MAN,Dinner,15,15,89,15,75.0,14.0,733.285,1024.035,-290.7500000000001,654.1500000000001,5.933333333333334,5.0,0.18666666666666676,8.239157303370787,13.6538,0.657184041675474,-0.28392584237843443,-0.4705173750088072,-0.444469922800581,OPTIMIZE / TARGET ONLY
RC101,Guava,Pattaya_Central,LINE MAN,Late Evening,7,7,81,7,40.5,40.5,668.615,549.2466666666668,119.36833333333323,595.3500000000001,11.571428571428571,5.785714285714286,1.0,8.254506172839505,13.561646090534982,0.6429385121981015,0.21733101096046692,0.3570614878018985,0.20050110579211086,KEEP / SCALE SELECTIVELY
RC101,Guava,Pattaya_Central,LINE MAN,Late Night,13,13,28,13,22.333333333333336,5.666666666666666,234.14000000000001,303.2316666666667,-69.09166666666665,205.80000000000004,2.1538461538461537,1.717948717948718,0.25373134328358193,8.362142857142858,13.577537313432835,0.6236911453665299,-0.2278510929487355,-0.369959802082948,-0.3357223841917718,OPTIMIZE / TARGET ONLY
RC101,Guava,Pattaya_Central,LINE MAN,Lunch,15,15,152,15,83.83333333333333,68.16666666666667,1261.39,1144.2150000000001,117.17499999999995,1117.2000000000003,10.133333333333333,5.588888888888889,0.8131212723658052,8.298618421052632,13.648687872763421,0.6446939936578218,0.1024064533326341,0.16842727870798346,0.10488274257071242,KEEP / SCALE SELECTIVELY
RC101,Guava,Pattaya_Central,LINE MAN,Morning,16,16,63,16,37.666666666666664,25.333333333333332,521.195,517.4333333333334,3.7616666666666774,463.05000000000007,3.9375,2.3541666666666665,0.6725663716814161,8.272936507936508,13.737168141592923,0.6604948108104531,0.007269857630612719,0.01207156087096295,0.008123672749523112,KEEP / SCALE SELECTIVELY
RC101,MixedBerryPremium,BKK_Ladprao,Grab,Afternoon,6,6,22,6,14.0,8.0,149.36799999999997,229.66000000000003,-80.29200000000006,293.6999999999999,3.6666666666666665,2.3333333333333335,0.5714285714285714,6.789454545454544,16.404285714285717,1.4161419160347988,-0.34961247060872613,-0.8447133446062274,-0.2733810010214508,OPTIMIZE / TARGET ONLY
RC101,MixedBerryPremium,BKK_Ladprao,Grab,Dinner,8,8,22,8,19.0,3.0,142.46800000000005,297.96000000000004,-155.49199999999996,293.6999999999999,2.75,2.375,0.1578947368421053,6.475818181818184,15.682105263157897,1.421640759956437,-0.5218552825882667,-1.2637460231143316,-0.5294245829077291,OPTIMIZE / TARGET ONLY
RC101,MixedBerryPremium,BKK_Ladprao,Grab,Late Evening,2,2,5,2,5.0,0.0,38.72000000000001,94.75000000000001,-56.03,66.74999999999997,2.5,2.5,0.0,7.744000000000002,18.950000000000003,1.4470557851239665,-0.5913456464379947,-1.4470557851239665,-0.8394007490636708,REDUCE / PAUSE BLANKET USE
RC101,MixedBerryPremium,BKK_Ladprao,Grab,Late Night,1,1,1,1,1.0,0.0,7.744000000000003,18.950000000000003,-11.206,13.349999999999994,1.0,1.0,0.0,7.744000000000003,18.950000000000003,1.447055785123966,-0.5913456464379946,-1.447055785123966,-0.8394007490636707,REDUCE / PAUSE BLANKET USE
RC101,MixedBerryPremium,BKK_Ladprao,Grab,Lunch,7,7,25,7,18.0,7.0,179.5,325.02000000000004,-145.52000000000004,333.7499999999999,3.5714285714285716,2.5714285714285716,0.38888888888888884,7.18,18.05666666666667,1.5148560817084498,-0.4477262937665375,-1.125967192819561,-0.4360149812734085,OPTIMIZE / TARGET ONLY
RC101,MixedBerryPremium,BKK_Ladprao,Grab,Morning,4,4,6,4,5.0,1.0,37.364000000000004,57.82000000000001,-20.455999999999996,80.09999999999997,1.5,1.25,0.19999999999999996,6.227333333333334,11.564000000000002,0.8569746279841559,-0.35378761674161185,-0.656974627984156,-0.25538077403245946,OPTIMIZE / TARGET ONLY
RC101,MixedBerryPremium,BKK_Ladprao,LINE MAN,Afternoon,7,7,13,7,9.0,4.0,-13.694999999999943,53.59000000000001,-67.28499999999995,173.54999999999993,1.8571428571428572,1.2857142857142858,0.4444444444444444,-1.053461538461534,5.954444444444445,,-1.2555514088449327,,-0.38769806972054155,OPTIMIZE / TARGET ONLY
RC101,MixedBerryPremium,BKK_Ladprao,LINE MAN,Dinner,10,10,16,10,18.0,-2.0,5.81000000000005,127.79000000000003,-121.97999999999998,213.5999999999999,1.6,1.8,-0.11111111111111116,0.36312500000000314,7.099444444444447,18.550965767833073,-0.9545347836293916,-18.662076878944184,-0.5710674157303373,REDUCE / PAUSE BLANKET USE
RC101,MixedBerryPremium,BKK_Ladprao,LINE MAN,Late Evening,8,8,25,8,12.5,12.5,-41.53499999999997,78.12500000000001,-119.65999999999997,333.7499999999999,3.125,1.5625,1.0,-1.6613999999999987,6.250000000000001,,-1.5316479999999995,,-0.3585318352059925,OPTIMIZE / TARGET ONLY
RC101,MixedBerryPremium,BKK_Ladprao,LINE MAN,Late Night,1,1,1,1,1.0,0.0,4.505000000000003,12.110000000000005,-7.605000000000002,13.349999999999994,1.0,1.0,0.0,4.505000000000003,12.110000000000005,1.6881243063263036,-0.6279933938893476,-1.6881243063263036,-0.569662921348315,REDUCE / PAUSE BLANKET USE
RC101,MixedBerryPremium,BKK_Ladprao,LINE MAN,Lunch,11,11,31,11,20.5,10.5,-27.44500000000005,168.83,-196.27500000000006,413.8499999999998,2.8181818181818183,1.8636363636363635,0.5121951219512195,-0.8853225806451629,8.235609756097562,,-1.1625599715690342,,-0.47426603841971765,OPTIMIZE / TARGET ONLY
RC101,MixedBerryPremium,BKK_Ladprao,LINE MAN,Morning,8,8,14,8,16.0,-2.0,5.240000000000002,147.99500000000003,-142.75500000000002,186.89999999999992,1.75,2.0,-0.125,0.37428571428571444,9.249687500000002,23.71290553435114,-0.9645933984256225,-23.83790553435114,-0.7638041733547356,REDUCE / PAUSE BLANKET USE
RC101,MixedBerryPremium,BKK_Sukhumvit,Grab,Afternoon,8,8,26,8,18.5,7.5,144.984,261.34000000000003,-116.35600000000001,347.09999999999985,3.25,2.3125,0.4054054054054055,5.576307692307693,14.126486486486488,1.5333047001644915,-0.44522843805004975,-1.127899294759086,-0.33522327859406525,OPTIMIZE / TARGET ONLY
RC101,MixedBerryPremium,BKK_Sukhumvit,Grab,Dinner,7,7,34,7,15.833333333333334,18.166666666666664,223.56599999999997,231.85416666666669,-8.288166666666712,453.8999999999998,4.857142857142857,2.261904761904762,1.1473684210526316,6.5754705882352935,14.64342105263158,1.2269768917879897,-0.03574732680384596,-0.07960847073535815,-0.018259895718587167,OPTIMIZE / TARGET ONLY
RC101,MixedBerryPremium,BKK_Sukhumvit,Grab,Late Evening,5,5,9,5,13.0,-4.0,33.43599999999999,178.35333333333335,-144.91733333333335,120.14999999999995,1.8,2.6,-0.3076923076923077,3.7151111111111104,13.719487179487182,2.6928874451305376,-0.8125294359511084,-3.000579752822845,-1.206136773477598,REDUCE / PAUSE BLANKET USE
RC101,MixedBerryPremium,BKK_Sukhumvit,Grab,Late Night,5,5,9,5,6.0,3.0,55.20599999999999,87.70666666666668,-32.50066666666669,120.14999999999995,1.8,1.2,0.5,6.133999999999999,14.61777777777778,1.3830743035177346,-0.3705609607783523,-0.8830743035177346,-0.2705007629352202,OPTIMIZE / TARGET ONLY
RC101,MixedBerryPremium,BKK_Sukhumvit,Grab,Lunch,9,9,28,9,22.833333333333336,5.166666666666666,165.75199999999998,324.4166666666667,-158.66466666666673,373.79999999999984,3.111111111111111,2.537037037037037,0.22627737226277356,5.919714285714285,14.208029197080291,1.4001207678836347,-0.48907680452093505,-1.1738433956208612,-0.4244640627786699,OPTIMIZE / TARGET ONLY
RC101,MixedBerryPremium,BKK_Sukhumvit,Grab,Morning,5,5,15,5,8.0,7.0,92.58999999999999,121.82000000000002,-29.230000000000025,200.24999999999991,3.0,1.6,0.875,6.172666666666666,15.227500000000003,1.4669240738740692,-0.23994417993761308,-0.5919240738740692,-0.14596754057428232,OPTIMIZE / TARGET ONLY
RC101,MixedBerryPremium,BKK_Sukhumvit,LINE MAN,Afternoon,10,10,39,10,17.5,21.5,0.2650000000000965,156.42000000000002,-156.15499999999992,520.6499999999997,3.9,1.75,1.2285714285714286,0.006794871794874269,8.938285714285715,1314.445822101947,-0.9983058432425514,-1313.2172506733755,-0.2999231729568808,OPTIMIZE / TARGET ONLY
RC101,MixedBerryPremium,BKK_Sukhumvit,LINE MAN,Dinner,14,14,48,14,31.5,16.5,12.120000000000118,236.02,-223.8999999999999,640.7999999999997,3.4285714285714284,2.25,0.5238095238095237,0.25250000000000244,7.492698412698413,28.67405311959739,-0.948648419625455,-28.150243595787863,-0.34940699126092384,OPTIMIZE / TARGET ONLY
RC101,MixedBerryPremium,BKK_Sukhumvit,LINE MAN,Late Evening,6,6,31,6,19.0,12.0,46.35499999999998,200.88500000000005,-154.53000000000006,413.8499999999998,5.166666666666667,3.1666666666666665,0.631578947368421,1.4953225806451607,10.572894736842107,6.070644738261363,-0.7692460860691441,-5.439065790892942,-0.3733961580282714,OPTIMIZE / TARGET ONLY
RC101,MixedBerryPremium,BKK_Sukhumvit,LINE MAN,Late Night,3,3,3,3,3.0,0.0,4.915000000000013,34.870000000000005,-29.95499999999999,40.04999999999998,1.0,1.0,0.0,1.6383333333333379,11.623333333333335,6.094608341810765,-0.8590478921709201,-6.094608341810765,-0.7479400749063672,REDUCE / PAUSE BLANKET USE
RC101,MixedBerryPremium,BKK_Sukhumvit,LINE MAN,Lunch,14,14,65,14,42.5,22.5,22.485000000000042,422.8450000000001,-400.36,867.7499999999997,4.642857142857143,3.0357142857142856,0.5294117647058822,0.34592307692307755,9.94929411764706,27.761579615168234,-0.9468244865139708,-27.232167850462353,-0.4613771247479115,OPTIMIZE / TARGET ONLY
RC101,MixedBerryPremium,BKK_Sukhumvit,LINE MAN,Morning,7,7,9,7,12.5,-3.5,15.425000000000027,148.165,-132.73999999999995,120.14999999999995,1.2857142857142858,1.7857142857142858,-0.28,1.713888888888892,11.8532,5.9159675850891285,-0.8958930921607665,-6.195967585089129,-1.1047856845609656,REDUCE / PAUSE BLANKET USE
RC101,MixedBerryPremium,Pattaya_Beach,Grab,Afternoon,14,14,54,14,41.0,13.0,308.076,626.565,-318.48900000000003,720.8999999999996,3.857142857142857,2.9285714285714284,0.3170731707317074,5.705111111111112,15.282073170731708,1.6786635480190348,-0.5083095927796797,-1.3615903772873275,-0.4417935913441534,OPTIMIZE / TARGET ONLY
RC101,MixedBerryPremium,Pattaya_Beach,Grab,Dinner,21,21,67,21,58.0,9.0,395.95799999999997,868.46,-472.5020000000002,894.4499999999996,3.1904761904761907,2.761904761904762,0.15517241379310343,5.909820895522388,14.97344827586207,1.5336551717170983,-0.5440688114593649,-1.3784827579239949,-0.5282598244731403,OPTIMIZE / TARGET ONLY
RC101,MixedBerryPremium,Pattaya_Beach,Grab,Late Evening,11,11,40,11,33.0,7.0,236.5999999999999,476.0200000000001,-239.42000000000016,533.9999999999998,3.6363636363636362,3.0,0.21212121212121215,5.914999999999997,14.424848484848487,1.438689515612594,-0.5029620604176298,-1.226568303491382,-0.44835205992509414,OPTIMIZE / TARGET ONLY
RC101,MixedBerryPremium,Pattaya_Beach,Grab,Late Night,2,2,5,2,4.0,1.0,35.2,61.73500000000001,-26.535,66.74999999999997,2.5,2.0,0.25,7.040000000000001,15.433750000000002,1.1922940340909092,-0.4298210091520207,-0.9422940340909092,-0.3975280898876406,OPTIMIZE / TARGET ONLY
RC101,MixedBerryPremium,Pattaya_Beach,Grab,Lunch,19,19,74,19,55.0,19.0,404.496,870.205,-465.70900000000006,987.8999999999996,3.8947368421052633,2.8947368421052633,0.34545454545454546,5.466162162162162,15.821909090909092,1.8945187906117065,-0.5351715974971416,-1.549064245157161,-0.4714130984917504,OPTIMIZE / TARGET ONLY
RC101,MixedBerryPremium,Pattaya_Beach,Grab,Morning,15,15,28,15,19.5,8.5,147.24200000000005,273.125,-125.88299999999997,373.79999999999984,1.8666666666666667,1.3,0.4358974358974359,5.258642857142859,14.006410256410257,1.6635028536659857,-0.46089885583524015,-1.2276054177685498,-0.3367656500802569,OPTIMIZE / TARGET ONLY
RC101,MixedBerryPremium,Pattaya_Beach,LINE MAN,Afternoon,2,2,2,2,4.0,-2.0,-11.029999999999987,23.11999999999999,-34.14999999999998,26.69999999999999,1.0,2.0,-0.5,-5.5149999999999935,5.779999999999998,,-1.4770761245674737,,-1.279026217228464,REDUCE / PAUSE BLANKET USE
RC101,MixedBerryPremium,Pattaya_Beach,LINE MAN,Dinner,2,2,4,2,3.0,1.0,-22.059999999999995,17.339999999999993,-39.39999999999999,53.39999999999998,2.0,1.5,0.33333333333333326,-5.514999999999999,5.779999999999998,,-2.2722029988465975,,-0.7378277153558054,OPTIMIZE / TARGET ONLY
RC101,MixedBerryPremium,Pattaya_Beach,LINE MAN,Late Evening,2,2,4,2,4.0,0.0,-22.059999999999995,23.12,-45.17999999999999,53.39999999999998,2.0,2.0,0.0,-5.514999999999999,5.78,,-1.954152249134948,,-0.8460674157303373,REDUCE / PAUSE BLANKET USE
RC101,MixedBerryPremium,Pattaya_Beach,LINE MAN,Lunch,2,2,5,2,4.0,1.0,-27.574999999999964,23.12,-50.694999999999965,66.74999999999997,2.5,2.0,0.25,-5.514999999999993,5.78,,-2.1926903114186835,,-0.7594756554307114,OPTIMIZE / TARGET ONLY
RC101,MixedBerryPremium,Pattaya_Beach,LINE MAN,Morning,1,1,3,1,1.0,2.0,-16.545,5.779999999999998,-22.325,40.04999999999998,3.0,1.0,2.0,-5.515000000000001,5.779999999999998,,-3.862456747404846,,-0.5574282147315858,OPTIMIZE / TARGET ONLY
RC101,MixedBerryPremium,Pattaya_Central,Grab,Afternoon,5,5,28,5,14.5,13.5,200.58199999999988,193.51,7.071999999999896,373.79999999999984,5.6,2.9,0.9310344827586208,7.163642857142853,13.34551724137931,0.8629512257262413,0.036545914939795754,0.0680832570323795,0.018919208132691007,KEEP / SCALE SELECTIVELY
RC101,MixedBerryPremium,Pattaya_Central,Grab,Dinner,7,7,28,7,18.5,9.5,223.982,241.255,-17.273000000000003,373.79999999999984,4.0,2.642857142857143,0.5135135135135136,7.999357142857143,13.040810810810811,0.6302323521653646,-0.07159644359702388,-0.11671883865185095,-0.046209202782236516,OPTIMIZE / TARGET ONLY
RC101,MixedBerryPremium,Pattaya_Central,Grab,Late Evening,4,4,26,4,15.0,11.0,188.34400000000002,198.09500000000003,-9.750999999999998,347.09999999999985,6.5,3.75,0.7333333333333334,7.244000000000001,13.206333333333335,0.8230719676053746,-0.049223857240213054,-0.0897386342720412,-0.028092768654566412,OPTIMIZE / TARGET ONLY
RC101,MixedBerryPremium,Pattaya_Central,Grab,Lunch,8,8,38,8,32.5,5.5,285.1719999999999,423.855,-138.6830000000001,507.2999999999998,4.75,4.0625,0.1692307692307693,7.504526315789471,13.041692307692308,0.7378435038934674,-0.32719444149532295,-0.5686127346626981,-0.27337472895722487,OPTIMIZE / TARGET ONLY
RC101,MixedBerryPremium,Pattaya_Central,Grab,Morning,4,4,15,4,13.0,2.0,118.10999999999997,175.96,-57.85000000000003,200.24999999999991,3.75,3.25,0.15384615384615374,7.873999999999998,13.535384615384617,0.7189972841484151,-0.3287679017958629,-0.5651511303022614,-0.28888888888888914,OPTIMIZE / TARGET ONLY
RC101,MixedBerryPremium,Pattaya_Central,LINE MAN,Afternoon,14,14,59,14,41.833333333333336,17.166666666666664,-68.32500000000002,349.53000000000003,-417.855,787.6499999999996,4.214285714285714,2.988095238095238,0.41035856573705165,-1.1580508474576274,8.355298804780876,,-1.195476783108746,,-0.5305084745762715,OPTIMIZE / TARGET ONLY
RC101,MixedBerryPremium,Pattaya_Central,LINE MAN,Dinner,16,16,52,16,50.166666666666664,1.833333333333333,-56.769999999999776,405.42666666666673,-462.1966666666665,694.1999999999997,3.25,3.1354166666666665,0.036544850498339,-1.091730769230765,8.081594684385383,,-1.140025323116387,,-0.665797560741381,OPTIMIZE / TARGET ONLY
RC101,MixedBerryPremium,Pattaya_Central,LINE MAN,Late Evening,10,10,49,10,32.333333333333336,16.666666666666664,-48.63499999999996,236.6116666666667,-285.24666666666667,654.1499999999997,4.9,3.2333333333333334,0.5154639175257731,-0.9925510204081625,7.317886597938145,,-1.2055477681433007,,-0.4360569696043213,OPTIMIZE / TARGET ONLY
RC101,MixedBerryPremium,Pattaya_Central,LINE MAN,Late Night,2,2,2,2,2.0,0.0,-0.7299999999999898,20.585000000000004,-21.314999999999994,26.69999999999999,1.0,1.0,0.0,-0.3649999999999949,10.292500000000002,,-1.035462715569589,,-0.7983146067415732,REDUCE / PAUSE BLANKET USE
RC101,MixedBerryPremium,Pattaya_Central,LINE MAN,Lunch,16,16,82,16,50.0,32.0,16.94000000000004,425.23166666666674,-408.2916666666667,1094.6999999999996,5.125,3.125,0.6399999999999999,0.20658536585365903,8.504633333333334,40.16764659582832,-0.9601628916002649,-39.52764659582832,-0.37297128589263434,OPTIMIZE / TARGET ONLY
RC101,MixedBerryPremium,Pattaya_Central,LINE MAN,Morning,13,13,36,13,22.0,14.0,6.8900000000000645,201.99500000000003,-195.10499999999996,480.5999999999998,2.769230769230769,1.6923076923076923,0.6363636363636365,0.1913888888888907,9.181590909090911,46.9734793508374,-0.9658902448080395,-46.33711571447377,-0.4059612983770288,OPTIMIZE / TARGET ONLY
RC101,PassionFruit,BKK_Ladprao,Grab,Afternoon,5,5,14,5,10.166666666666668,3.833333333333333,83.72000000000001,140.7266666666667,-57.00666666666667,136.5,2.8,2.0333333333333337,0.3770491803278686,5.980000000000001,13.841967213114755,1.3147102363068148,-0.4050878772087735,-0.9376610559789462,-0.41763125763125764,OPTIMIZE / TARGET ONLY
RC101,PassionFruit,BKK_Ladprao,Grab,Dinner,7,7,21,7,17.333333333333332,3.6666666666666665,147.48000000000005,276.7016666666667,-129.22166666666664,204.75,3.0,2.476190476190476,0.21153846153846168,7.022857142857145,15.963557692307695,1.273085920385554,-0.4670071858379361,-1.0615474588470923,-0.6311192511192509,OPTIMIZE / TARGET ONLY
RC101,PassionFruit,BKK_Ladprao,Grab,Late Evening,4,4,16,4,10.0,6.0,86.92000000000002,165.555,-78.635,156.0,4.0,2.5,0.6000000000000001,5.432500000000001,16.555500000000002,2.0474919466175794,-0.4749781039533689,-1.4474919466175793,-0.5040705128205129,OPTIMIZE / TARGET ONLY
RC101,PassionFruit,BKK_Ladprao,Grab,Late Night,1,1,1,1,1.0,0.0,10.360000000000005,19.910000000000004,-9.549999999999999,9.75,1.0,1.0,0.0,10.360000000000005,19.910000000000004,0.9218146718146714,-0.4796584630838773,-0.9218146718146714,-0.9794871794871793,REDUCE / PAUSE BLANKET USE
RC101,PassionFruit,BKK_Ladprao,Grab,Lunch,7,7,21,7,19.333333333333332,1.6666666666666665,173.76000000000005,322.5733333333334,-148.8133333333333,204.75,3.0,2.761904761904762,0.0862068965517242,8.274285714285716,16.6848275862069,1.0164674223661652,-0.46133179018724413,-0.930260525814441,-0.7268050468050467,OPTIMIZE / TARGET ONLY
RC101,PassionFruit,BKK_Ladprao,Grab,Morning,3,3,5,3,5.5,-0.5,43.040000000000006,89.79500000000002,-46.75500000000001,48.75,1.6666666666666667,1.8333333333333333,-0.09090909090909094,8.608,16.326363636363638,0.8966500506928017,-0.5206860070159809,-0.9875591416018926,-0.9590769230769233,REDUCE / PAUSE BLANKET USE
RC101,PassionFruit,BKK_Ladprao,LINE MAN,Afternoon,8,8,18,8,18.833333333333332,-0.8333333333333335,91.65,220.78500000000003,-129.13500000000002,175.5,2.25,2.3541666666666665,-0.04424778761061943,5.091666666666667,11.723097345132745,1.3024086438885916,-0.5848902778721381,-1.3466564314992109,-0.735811965811966,REDUCE / PAUSE BLANKET USE
RC101,PassionFruit,BKK_Ladprao,LINE MAN,Dinner,9,9,35,9,14.166666666666668,20.833333333333332,119.78500000000001,158.21166666666667,-38.42666666666666,341.25,3.888888888888889,1.5740740740740742,1.4705882352941173,3.4224285714285716,11.167882352941175,2.263145488608266,-0.24288137200164328,-0.7925572533141487,-0.11260561660561659,OPTIMIZE / TARGET ONLY
RC101,PassionFruit,BKK_Ladprao,LINE MAN,Late Evening,7,7,21,7,19.0,2.0,132.145,237.88333333333335,-105.73833333333334,204.75,3.0,2.7142857142857144,0.10526315789473695,6.2926190476190484,12.520175438596493,0.9896604806124054,-0.44449660197575847,-0.8843973227176685,-0.5164265364265365,OPTIMIZE / TARGET ONLY
RC101,PassionFruit,BKK_Ladprao,LINE MAN,Late Night,4,4,8,4,6.0,2.0,46.510000000000005,73.83000000000001,-27.320000000000007,78.0,2.0,1.5,0.33333333333333326,5.813750000000001,12.305000000000001,1.1165340786927542,-0.3700392794257077,-0.783200745359421,-0.35025641025641036,OPTIMIZE / TARGET ONLY
RC101,PassionFruit,BKK_Ladprao,LINE MAN,Lunch,10,10,32,10,34.166666666666664,-2.166666666666667,73.17,369.195,-296.025,312.0,3.2,3.4166666666666665,-0.06341463414634141,2.2865625,10.805707317073171,3.7257432574325744,-0.8018120505423962,-3.789157891578916,-0.9487980769230768,REDUCE / PAUSE BLANKET USE
RC101,PassionFruit,BKK_Ladprao,LINE MAN,Morning,10,10,13,10,17.666666666666668,-4.666666666666667,36.27499999999999,212.71666666666667,-176.44166666666666,126.75,1.3,1.7666666666666668,-0.26415094339622647,2.790384615384615,12.040566037735848,3.3150202202774928,-0.8294679934184753,-3.579171163673719,-1.3920447074293227,REDUCE / PAUSE BLANKET USE
RC101,PassionFruit,BKK_Sukhumvit,Grab,Afternoon,2,2,7,2,3.0,4.0,11.199999999999996,29.160000000000004,-17.960000000000008,68.25,3.5,1.5,1.3333333333333335,1.5999999999999994,9.72,5.075000000000003,-0.6159122085048012,-3.7416666666666694,-0.2631501831501833,OPTIMIZE / TARGET ONLY
RC101,PassionFruit,BKK_Sukhumvit,Grab,Dinner,4,4,15,4,16.0,-1.0,23.999999999999982,155.52,-131.52000000000004,146.25,3.75,4.0,-0.0625,1.5999999999999988,9.72,5.0750000000000055,-0.8456790123456791,-5.1375000000000055,-0.8992820512820515,REDUCE / PAUSE BLANKET USE
RC101,PassionFruit,BKK_Sukhumvit,Grab,Late Evening,1,1,4,1,1.0,3.0,6.399999999999999,9.72,-3.320000000000002,39.0,4.0,1.0,3.0,1.5999999999999996,9.72,5.075000000000002,-0.3415637860082307,-2.075000000000002,-0.08512820512820518,OPTIMIZE / TARGET ONLY
RC101,PassionFruit,BKK_Sukhumvit,Grab,Late Night,1,1,1,1,1.0,0.0,1.5999999999999996,9.72,-8.120000000000001,9.75,1.0,1.0,0.0,1.5999999999999996,9.72,5.075000000000002,-0.8353909465020577,-5.075000000000002,-0.832820512820513,REDUCE / PAUSE BLANKET USE
RC101,PassionFruit,BKK_Sukhumvit,Grab,Lunch,4,4,15,4,19.0,-4.0,23.999999999999993,184.68,-160.68000000000004,146.25,3.75,4.75,-0.21052631578947367,1.5999999999999994,9.72,5.075000000000003,-0.8700454840805718,-5.285526315789476,-1.098666666666667,REDUCE / PAUSE BLANKET USE
RC101,PassionFruit,BKK_Sukhumvit,Grab,Morning,2,2,2,2,5.0,-3.0,3.1999999999999993,48.60000000000001,-45.40000000000001,19.5,1.0,2.5,-0.6,1.5999999999999996,9.720000000000002,5.075000000000003,-0.9341563786008231,-5.6750000000000025,-2.328205128205129,REDUCE / PAUSE BLANKET USE
RC101,PassionFruit,BKK_Sukhumvit,LINE MAN,Afternoon,14,14,58,14,35.5,22.5,314.73,397.965,-83.23499999999994,565.5,4.142857142857143,2.5357142857142856,0.6338028169014085,5.426379310344828,11.210281690140844,1.065886118349598,-0.20915155855414413,-0.4320833014481895,-0.14718832891246675,OPTIMIZE / TARGET ONLY
RC101,PassionFruit,BKK_Sukhumvit,LINE MAN,Dinner,17,17,69,17,53.5,15.5,305.825,551.045,-245.22,672.75,4.0588235294117645,3.1470588235294117,0.2897196261682242,4.432246376811594,10.299906542056075,1.3238569489148015,-0.44500902830077393,-1.0341373227465773,-0.36450390189520626,OPTIMIZE / TARGET ONLY
RC101,PassionFruit,BKK_Sukhumvit,LINE MAN,Late Evening,9,9,32,9,31.5,0.5,110.76,383.45,-272.69,312.0,3.5555555555555554,3.5,0.015873015873015817,3.46125,12.173015873015872,2.516942108491404,-0.7111487808058417,-2.5010690926183883,-0.8740064102564102,OPTIMIZE / TARGET ONLY
RC101,PassionFruit,BKK_Sukhumvit,LINE MAN,Late Night,6,6,8,6,7.5,0.5,47.330000000000005,84.44999999999999,-37.119999999999976,78.0,1.3333333333333333,1.25,0.06666666666666665,5.916250000000001,11.259999999999998,0.9032326220156344,-0.43955002960331546,-0.8365659553489677,-0.4758974358974356,OPTIMIZE / TARGET ONLY
RC101,PassionFruit,BKK_Sukhumvit,LINE MAN,Lunch,19,19,91,19,58.0,33.0,472.99500000000006,665.98,-192.98499999999993,887.25,4.7894736842105265,3.0526315789473686,0.5689655172413792,5.197747252747253,11.482413793103449,1.2091135322200315,-0.2897759692483257,-0.6401480149786523,-0.21750915750915742,OPTIMIZE / TARGET ONLY
RC101,PassionFruit,BKK_Sukhumvit,LINE MAN,Morning,14,14,34,14,25.5,8.5,159.16000000000003,275.02,-115.85999999999997,331.5,2.4285714285714284,1.8214285714285714,0.33333333333333326,4.681176470588236,10.785098039215686,1.3039289603753037,-0.42127845247618345,-0.9705956270419704,-0.34950226244343885,OPTIMIZE / TARGET ONLY
RC101,PassionFruit,Pattaya_Beach,Grab,Afternoon,3,3,14,3,8.5,5.5,31.36,79.11499999999998,-47.75499999999999,136.5,4.666666666666667,2.8333333333333335,0.6470588235294117,2.2399999999999998,9.307647058823527,3.1551995798319323,-0.6036149908361246,-2.5081407563025206,-0.34985347985347975,OPTIMIZE / TARGET ONLY
RC101,PassionFruit,Pattaya_Beach,Grab,Dinner,4,4,15,4,14.0,1.0,33.6,123.11999999999999,-89.51999999999998,146.25,3.75,3.5,0.0714285714285714,2.24,8.794285714285714,2.926020408163265,-0.7270955165692008,-2.854591836734693,-0.612102564102564,OPTIMIZE / TARGET ONLY
RC101,PassionFruit,Pattaya_Beach,Grab,Late Evening,2,2,11,2,5.5,5.5,24.64,49.964999999999996,-25.324999999999996,107.25,5.5,2.75,1.0,2.24,9.084545454545454,3.055600649350649,-0.5068547983588512,-2.055600649350649,-0.23613053613053608,OPTIMIZE / TARGET ONLY
RC101,PassionFruit,Pattaya_Beach,Grab,Late Night,1,1,3,1,1.0,2.0,6.719999999999999,9.220000000000002,-2.5000000000000036,29.25,3.0,1.0,2.0,2.2399999999999998,9.220000000000002,3.1160714285714297,-0.27114967462039075,-1.1160714285714297,-0.0854700854700856,OPTIMIZE / TARGET ONLY
RC101,PassionFruit,Pattaya_Beach,Grab,Lunch,4,4,15,4,10.5,4.5,33.6,102.025,-68.425,146.25,3.75,2.625,0.4285714285714286,2.24,9.716666666666667,3.3377976190476186,-0.6706689536878216,-2.90922619047619,-0.46786324786324784,OPTIMIZE / TARGET ONLY
RC101,PassionFruit,Pattaya_Beach,Grab,Morning,4,4,10,4,6.5,3.5,22.4,59.184999999999995,-36.785,97.5,2.5,1.625,0.5384615384615385,2.2399999999999998,9.105384615384615,3.0649038461538467,-0.621525724423418,-2.5264423076923084,-0.3772820512820512,OPTIMIZE / TARGET ONLY
RC101,PassionFruit,Pattaya_Beach,LINE MAN,Afternoon,15,15,64,15,45.666666666666664,18.333333333333332,413.4700000000001,579.1166666666667,-165.64666666666662,624.0,4.266666666666667,3.0444444444444443,0.4014598540145986,6.460468750000001,12.68138686131387,0.9629205483447105,-0.2860333266181252,-0.5614606943301119,-0.26545940170940163,OPTIMIZE / TARGET ONLY
RC101,PassionFruit,Pattaya_Beach,LINE MAN,Dinner,20,20,65,20,65.66666666666667,-0.6666666666666665,400.515,774.1266666666668,-373.61166666666674,633.75,3.25,3.2833333333333337,-0.010152284263959421,6.161769230769231,11.788730964467005,0.9132055296065198,-0.4826234294129299,-0.9233578138704792,-0.5895253122945432,REDUCE / PAUSE BLANKET USE
RC101,PassionFruit,Pattaya_Beach,LINE MAN,Late Evening,10,10,58,10,37.0,21.0,276.07,424.1433333333333,-148.07333333333332,565.5,5.8,3.7,0.5675675675675675,4.759827586206897,11.463333333333333,1.4083505391144757,-0.34911154248170817,-0.8407829715469082,-0.2618449749484232,OPTIMIZE / TARGET ONLY
RC101,PassionFruit,Pattaya_Beach,LINE MAN,Late Night,6,6,15,6,7.5,7.5,47.44499999999999,82.31500000000001,-34.87000000000002,146.25,2.5,1.25,1.0,3.1629999999999994,10.975333333333335,2.469912530298241,-0.42361659478831337,-1.4699125302982412,-0.23842735042735055,OPTIMIZE / TARGET ONLY
RC101,PassionFruit,Pattaya_Beach,LINE MAN,Lunch,19,19,85,19,63.5,21.5,410.3450000000001,744.97,-334.62499999999994,828.75,4.473684210526316,3.3421052631578947,0.3385826771653544,4.827588235294119,11.731811023622047,1.4301598338175774,-0.4491791615769761,-1.091577156652223,-0.40377073906485667,OPTIMIZE / TARGET ONLY
RC101,PassionFruit,Pattaya_Beach,LINE MAN,Morning,14,14,33,14,24.833333333333332,8.166666666666666,135.675,276.27500000000003,-140.60000000000002,321.75,2.357142857142857,1.7738095238095237,0.32885906040268464,4.111363636363636,11.1251677852349,1.705955680211916,-0.5089132205230296,-1.3770966198092314,-0.43698523698523706,OPTIMIZE / TARGET ONLY
RC101,PassionFruit,Pattaya_Central,Grab,Afternoon,6,6,33,6,25.0,8.0,236.76000000000008,436.61000000000007,-199.85,321.75,5.5,4.166666666666667,0.32000000000000006,7.174545454545457,17.4644,1.4342169285352249,-0.4577311559515356,-1.1142169285352248,-0.6211344211344211,OPTIMIZE / TARGET ONLY
RC101,PassionFruit,Pattaya_Central,Grab,Dinner,8,8,37,8,32.0,5.0,269.44000000000005,484.27,-214.82999999999993,360.75,4.625,4.0,0.15625,7.282162162162163,15.1334375,1.0781516756977432,-0.44361616453631225,-0.9219016756977432,-0.5955093555093554,OPTIMIZE / TARGET ONLY
RC101,PassionFruit,Pattaya_Central,Grab,Late Evening,4,4,42,4,21.0,21.0,303.72,346.7800000000001,-43.060000000000045,409.5,10.5,5.25,1.0,7.231428571428572,16.51333333333334,1.2835506387462141,-0.12417094411442431,-0.2835506387462141,-0.10515262515262526,OPTIMIZE / TARGET ONLY
RC101,PassionFruit,Pattaya_Central,Grab,Late Night,2,2,2,2,4.0,-2.0,11.960000000000004,59.260000000000005,-47.300000000000004,19.5,1.0,2.0,-0.5,5.980000000000002,14.815000000000001,1.477424749163879,-0.7981775227809652,-1.977424749163879,-2.425641025641026,REDUCE / PAUSE BLANKET USE
RC101,PassionFruit,Pattaya_Central,Grab,Lunch,8,8,57,8,44.0,13.0,371.5200000000001,713.0000000000001,-341.48,555.75,7.125,5.5,0.2954545454545454,6.5178947368421065,16.204545454545457,1.4861624970636598,-0.47893408134642346,-1.1907079516091144,-0.6144489428699955,OPTIMIZE / TARGET ONLY
RC101,PassionFruit,Pattaya_Central,Grab,Morning,5,5,23,5,11.0,12.0,159.44000000000005,178.25000000000003,-18.809999999999974,224.25,4.6,2.2,1.0909090909090908,6.9321739130434805,16.204545454545457,1.3375849564384432,-0.10552594670406712,-0.2466758655293524,-0.08387959866220725,OPTIMIZE / TARGET ONLY
RC101,PassionFruit,Pattaya_Central,LINE MAN,Afternoon,9,9,51,9,35.5,15.5,294.18500000000006,460.84000000000003,-166.65500000000003,497.25,5.666666666666667,3.9444444444444446,0.43661971830985924,5.768333333333334,12.981408450704226,1.2504608698129251,-0.36163310476521127,-0.8138411515030659,-0.33515334338863756,OPTIMIZE / TARGET ONLY
RC101,PassionFruit,Pattaya_Central,LINE MAN,Dinner,12,12,66,12,55.5,10.5,391.45000000000005,695.015,-303.56499999999994,643.5,5.5,4.625,0.18918918918918926,5.931060606060607,12.522792792792792,1.1113918107659324,-0.43677474586879417,-0.9222026215767432,-0.47174048174048167,OPTIMIZE / TARGET ONLY
RC101,PassionFruit,Pattaya_Central,LINE MAN,Late Evening,6,6,38,6,26.0,12.0,248.29000000000002,327.15,-78.85999999999997,370.5,6.333333333333333,4.333333333333333,0.46153846153846145,6.533947368421053,12.582692307692307,0.9257413012699167,-0.24105150542564557,-0.46420283973145526,-0.21284750337381908,OPTIMIZE / TARGET ONLY
RC101,PassionFruit,Pattaya_Central,LINE MAN,Late Night,4,4,6,4,7.5,-1.5,42.510000000000005,89.3,-46.79,58.5,1.5,1.875,-0.19999999999999996,7.085000000000001,11.906666666666666,0.6805457539402491,-0.5239641657334826,-0.880545753940249,-0.7998290598290598,REDUCE / PAUSE BLANKET USE
RC101,PassionFruit,Pattaya_Central,LINE MAN,Lunch,12,12,71,12,57.0,14.0,396.6050000000001,705.2850000000001,-308.67999999999995,692.25,5.916666666666667,4.75,0.2456140350877194,5.585985915492959,12.37342105263158,1.2150827516971345,-0.4376670424012987,-0.9694687166094151,-0.44590827013362216,OPTIMIZE / TARGET ONLY
RC101,PassionFruit,Pattaya_Central,LINE MAN,Morning,9,9,28,9,26.0,2.0,161.50000000000003,317.20500000000004,-155.70499999999998,273.0,3.111111111111111,2.888888888888889,0.07692307692307687,5.767857142857144,12.200192307692308,1.1152036199095021,-0.49086552860137767,-1.0382805429864252,-0.5703479853479853,OPTIMIZE / TARGET ONLY
RC101,Pineapple,BKK_Ladprao,Grab,Afternoon,3,3,11,3,5.5,5.5,118.51399999999998,84.995,33.518999999999984,80.85000000000002,3.6666666666666665,1.8333333333333333,1.0,10.774,15.453636363636365,0.43434530941492167,0.39436437437496297,0.5656546905850783,0.4145825602968457,KEEP / SCALE SELECTIVELY
RC101,Pineapple,BKK_Ladprao,Grab,Dinner,4,4,20,4,14.0,6.0,215.48,216.15999999999997,-0.6799999999999926,147.00000000000003,5.0,3.5,0.4285714285714286,10.774,15.439999999999998,0.43307963616112866,-0.0031458179126572228,-0.004508207589700053,-0.0046258503401360035,OPTIMIZE / TARGET ONLY
RC101,Pineapple,BKK_Ladprao,Grab,Late Evening,2,2,7,2,5.5,1.5,75.418,84.995,-9.577000000000005,51.45000000000001,3.5,2.75,0.2727272727272727,10.774000000000001,15.453636363636365,0.43434530941492144,-0.11267721630684158,-0.16161803668764874,-0.18614188532555886,OPTIMIZE / TARGET ONLY
RC101,Pineapple,BKK_Ladprao,Grab,Late Night,3,3,7,3,3.0,4.0,75.418,46.01999999999999,29.39800000000001,51.45000000000001,2.3333333333333335,1.0,1.3333333333333335,10.774000000000001,15.339999999999996,0.42379803229998103,0.638809213385485,0.9095353010333525,0.5713896987366376,KEEP / SCALE SELECTIVELY
RC101,Pineapple,BKK_Ladprao,Grab,Lunch,4,4,33,4,19.5,13.5,355.542,301.45500000000004,54.08699999999993,242.55000000000007,8.25,4.875,0.6923076923076923,10.774,15.459230769230771,0.43486455998058027,0.17941981390257222,0.257443132327112,0.22299319727891123,KEEP / SCALE SELECTIVELY
RC101,Pineapple,BKK_Ladprao,Grab,Morning,3,3,3,3,6.0,-3.0,32.32199999999999,92.94,-60.618000000000016,22.050000000000004,1.0,2.0,-0.5,10.773999999999996,15.49,0.4377204380917028,-0.6522272433828278,-0.9377204380917028,-2.749115646258504,REDUCE / PAUSE BLANKET USE
RC101,Pineapple,BKK_Ladprao,LINE MAN,Afternoon,6,6,35,6,28.5,6.5,343.27500000000003,431.105,-87.82999999999996,257.25000000000006,5.833333333333333,4.75,0.22807017543859653,9.807857142857143,15.126491228070176,0.5422829888062228,-0.20373226940072597,-0.3142128133676263,-0.3414188532555877,OPTIMIZE / TARGET ONLY
RC101,Pineapple,BKK_Ladprao,LINE MAN,Dinner,7,7,34,7,26.0,8.0,309.97,399.95,-89.98,249.90000000000003,4.857142857142857,3.7142857142857144,0.3076923076923077,9.116764705882353,15.382692307692308,0.6872972818709502,-0.22497812226528302,-0.3796049741786425,-0.3600640256102441,OPTIMIZE / TARGET ONLY
RC101,Pineapple,BKK_Ladprao,LINE MAN,Late Evening,3,3,20,3,8.5,11.5,175.23,133.255,41.97499999999998,147.00000000000003,6.666666666666667,2.8333333333333335,1.3529411764705883,8.7615,15.67705882352941,0.789312198085877,0.31499756106712695,0.5636289783847113,0.28554421768707466,KEEP / SCALE SELECTIVELY
RC101,Pineapple,BKK_Ladprao,LINE MAN,Late Night,3,3,9,3,3.5,5.5,91.57500000000003,55.98,35.59500000000003,66.15,3.0,1.1666666666666667,1.5714285714285716,10.175000000000004,15.994285714285713,0.571919971919971,0.6358520900321549,0.9995085995086006,0.5380952380952385,KEEP / SCALE SELECTIVELY
RC101,Pineapple,BKK_Ladprao,LINE MAN,Lunch,8,8,55,8,35.5,19.5,487.665,544.94,-57.274999999999984,404.2500000000001,6.875,4.4375,0.5492957746478873,8.866636363636363,15.350422535211269,0.731256578669004,-0.1051033141263259,-0.1819608040211167,-0.14168212739641303,OPTIMIZE / TARGET ONLY
RC101,Pineapple,BKK_Ladprao,LINE MAN,Morning,5,5,16,5,10.5,5.5,149.95000000000005,165.145,-15.194999999999975,117.60000000000002,3.2,2.1,0.5238095238095237,9.371875000000003,15.72809523809524,0.6782228996967239,-0.0920100517726844,-0.15441337588720017,-0.12920918367346915,OPTIMIZE / TARGET ONLY
RC101,Pineapple,BKK_Sukhumvit,Grab,Afternoon,6,6,48,6,38.0,10.0,568.452,681.08,-112.62799999999996,352.80000000000007,8.0,6.333333333333333,0.26315789473684204,11.84275,17.923157894736843,0.5134287133256079,-0.16536677042344516,-0.2502708185887659,-0.3192403628117912,OPTIMIZE / TARGET ONLY
RC101,Pineapple,BKK_Sukhumvit,Grab,Dinner,8,8,78,8,52.0,26.0,937.272,923.21,14.062000000000026,573.3000000000002,9.75,6.5,0.5,12.016307692307693,17.754038461538464,0.4774953268634934,0.015231637438935852,0.022504673136506614,0.024528170242455995,KEEP / SCALE SELECTIVELY
RC101,Pineapple,BKK_Sukhumvit,Grab,Late Evening,4,4,34,4,38.0,-4.0,400.516,667.44,-266.92400000000004,249.90000000000006,8.5,9.5,-0.10526315789473684,11.779882352941177,17.56421052631579,0.49103446028307696,-0.3999220903751648,-0.5962976181778138,-1.0681232492997197,REDUCE / PAUSE BLANKET USE
RC101,Pineapple,BKK_Sukhumvit,Grab,Late Night,5,5,9,5,13.0,-4.0,106.46600000000001,226.54000000000002,-120.074,66.15,1.8,2.6,-0.3076923076923077,11.829555555555556,17.42615384615385,0.4731030057988901,-0.5300344310055619,-0.7807953134911978,-1.8151776266061979,REDUCE / PAUSE BLANKET USE
RC101,Pineapple,BKK_Sukhumvit,Grab,Lunch,8,8,77,8,63.0,14.0,920.798,1094.7,-173.9020000000001,565.95,9.625,7.875,0.22222222222222232,11.958415584415585,17.376190476190477,0.4530512302010503,-0.1588581346487623,-0.230829007978828,-0.30727449421326986,OPTIMIZE / TARGET ONLY
RC101,Pineapple,BKK_Sukhumvit,Grab,Morning,8,8,50,8,24.0,26.0,601.4000000000001,428.72,172.68,367.50000000000006,6.25,3.0,1.0833333333333335,12.028000000000002,17.863333333333333,0.48514577097882694,0.40278036947191653,0.5981875623545065,0.4698775510204081,KEEP / SCALE SELECTIVELY
RC101,Pineapple,BKK_Sukhumvit,LINE MAN,Afternoon,3,3,22,3,19.0,3.0,167.31000000000006,252.73000000000005,-85.41999999999999,161.70000000000002,7.333333333333333,6.333333333333333,0.1578947368421053,7.605000000000003,13.301578947368423,0.749057060797951,-0.337989158390377,-0.5911623239558457,-0.5282622139764995,OPTIMIZE / TARGET ONLY
RC101,Pineapple,BKK_Sukhumvit,LINE MAN,Dinner,4,4,34,4,21.5,12.5,258.57,285.935,-27.36500000000003,249.90000000000006,8.5,5.375,0.5813953488372092,7.6049999999999995,13.299302325581396,0.7487577022460745,-0.09570356899295296,-0.1673623534088653,-0.10950380152060833,OPTIMIZE / TARGET ONLY
RC101,Pineapple,BKK_Sukhumvit,LINE MAN,Late Evening,2,2,12,2,9.0,3.0,91.26,119.91,-28.64999999999999,88.20000000000002,6.0,4.5,0.33333333333333326,7.605,13.323333333333332,0.7519175980714441,-0.23892919689767322,-0.41858426473811083,-0.324829931972789,OPTIMIZE / TARGET ONLY
RC101,Pineapple,BKK_Sukhumvit,LINE MAN,Late Night,1,1,1,1,2.0,-1.0,7.604999999999999,27.68,-20.075000000000003,7.350000000000001,1.0,2.0,-0.5,7.604999999999999,13.84,0.819855358316897,-0.7252528901734104,-1.319855358316897,-2.7312925170068025,REDUCE / PAUSE BLANKET USE
RC101,Pineapple,BKK_Sukhumvit,LINE MAN,Lunch,4,4,30,4,33.5,-3.5,228.15,444.57500000000005,-216.42500000000007,220.50000000000006,7.5,8.375,-0.10447761194029848,7.605,13.270895522388061,0.7450224224047417,-0.4868132486082214,-0.8495000343450402,-0.9815192743764173,REDUCE / PAUSE BLANKET USE
RC101,Pineapple,BKK_Sukhumvit,LINE MAN,Morning,4,4,17,4,7.5,9.5,129.285,102.405,26.879999999999985,124.95000000000002,4.25,1.875,1.2666666666666666,7.6049999999999995,13.654,0.795397764628534,0.2624871832430056,0.47126890203813265,0.2151260504201679,KEEP / SCALE SELECTIVELY
RC101,Pineapple,Pattaya_Beach,Grab,Afternoon,3,3,17,3,17.5,-0.5,183.15800000000002,278.07500000000005,-94.917,124.95000000000002,5.666666666666667,5.833333333333333,-0.02857142857142858,10.774000000000001,15.890000000000002,0.4748468535362911,-0.34133597051155273,-0.5034182821077197,-0.7596398559423768,REDUCE / PAUSE BLANKET USE
RC101,Pineapple,Pattaya_Beach,Grab,Dinner,4,4,31,4,22.0,9.0,333.9939999999999,348.23,-14.23600000000009,227.85000000000005,7.75,5.5,0.40909090909090917,10.773999999999997,15.828636363636365,0.469151323894224,-0.04088102690750395,-0.06006041480331481,-0.06247970155804295,OPTIMIZE / TARGET ONLY
RC101,Pineapple,Pattaya_Beach,Grab,Late Evening,2,2,13,2,13.0,0.0,140.06199999999998,208.67,-68.608,95.55000000000001,6.5,6.5,0.0,10.774,16.05153846153846,0.48984021361968266,-0.32878708007859303,-0.48984021361968266,-0.7180324437467294,REDUCE / PAUSE BLANKET USE
RC101,Pineapple,Pattaya_Beach,Grab,Late Night,4,4,7,4,6.0,1.0,75.41799999999999,94.29000000000002,-18.87200000000003,51.45000000000001,1.75,1.5,0.16666666666666674,10.774,15.715000000000003,0.4586040467792838,-0.20014847809948055,-0.29193738011261705,-0.36680272108843587,OPTIMIZE / TARGET ONLY
RC101,Pineapple,Pattaya_Beach,Grab,Lunch,4,4,36,4,16.0,20.0,387.8639999999999,253.94000000000003,133.92399999999992,264.6000000000001,9.0,4.0,1.25,10.773999999999997,15.871250000000002,0.4731065528123264,0.5273844215168932,0.7768934471876736,0.5061375661375657,KEEP / SCALE SELECTIVELY
RC101,Pineapple,Pattaya_Beach,Grab,Morning,4,4,18,4,11.0,7.0,193.932,175.99000000000004,17.941999999999965,132.3,4.5,2.75,0.6363636363636365,10.774,15.999090909090912,0.4849722395666338,0.10194897437354355,0.15139139679700264,0.13561602418745247,KEEP / SCALE SELECTIVELY
RC101,Pineapple,Pattaya_Beach,LINE MAN,Afternoon,3,3,30,3,22.0,8.0,305.25,348.26,-43.00999999999999,220.50000000000006,10.0,7.333333333333333,0.36363636363636354,10.175,15.83,0.5557739557739556,-0.12349968414403034,-0.19213759213759207,-0.19505668934240353,OPTIMIZE / TARGET ONLY
RC101,Pineapple,Pattaya_Beach,LINE MAN,Dinner,4,4,60,4,56.0,4.0,610.5,886.48,-275.98,441.0000000000001,15.0,14.0,0.0714285714285714,10.175,15.83,0.5557739557739556,-0.311321180398881,-0.4843453843453842,-0.6258049886621314,OPTIMIZE / TARGET ONLY
RC101,Pineapple,Pattaya_Beach,LINE MAN,Late Evening,2,2,59,2,30.0,29.0,600.3249999999999,474.9,125.42499999999993,433.6500000000001,29.5,15.0,0.9666666666666666,10.174999999999999,15.83,0.555773955773956,0.2641082333122762,0.4108927108927105,0.2892309466159343,KEEP / SCALE SELECTIVELY
RC101,Pineapple,Pattaya_Beach,LINE MAN,Late Night,2,2,6,2,7.0,-1.0,61.050000000000004,110.81,-49.760000000000005,44.10000000000001,3.0,3.5,-0.1428571428571429,10.175,15.83,0.5557739557739556,-0.4490569443191047,-0.6986310986310985,-1.128344671201814,REDUCE / PAUSE BLANKET USE
RC101,Pineapple,Pattaya_Beach,LINE MAN,Lunch,4,4,53,4,52.0,1.0,539.2750000000001,823.16,-283.8849999999999,389.55000000000007,13.25,13.0,0.019230769230769162,10.175000000000002,15.83,0.5557739557739554,-0.34487219981534556,-0.5365431865431862,-0.7287511230907453,OPTIMIZE / TARGET ONLY
RC101,Pineapple,Pattaya_Beach,LINE MAN,Morning,4,4,16,4,15.0,1.0,162.8,237.45000000000002,-74.64999999999999,117.60000000000002,4.0,3.75,0.06666666666666665,10.175,15.830000000000002,0.5557739557739558,-0.31438197515266375,-0.4891072891072892,-0.6347789115646256,OPTIMIZE / TARGET ONLY
RC101,Pineapple,Pattaya_Central,LINE MAN,Afternoon,9,9,88,9,63.5,24.5,783.0900000000001,917.21,-134.1199999999999,646.8000000000001,9.777777777777779,7.055555555555555,0.3858267716535433,8.898750000000001,14.444251968503938,0.6231776337692301,-0.1462260551018849,-0.2373508621156868,-0.20735930735930716,OPTIMIZE / TARGET ONLY
RC101,Pineapple,Pattaya_Central,LINE MAN,Dinner,12,12,130,12,99.5,30.5,1191.3300000000002,1432.8400000000001,-241.50999999999993,955.5000000000002,10.833333333333334,8.291666666666666,0.306532663316583,9.164076923076925,14.400402010050252,0.5713968936453648,-0.1685533625526925,-0.2648642303287818,-0.25275771847200407,OPTIMIZE / TARGET ONLY
RC101,Pineapple,Pattaya_Central,LINE MAN,Late Evening,6,6,80,6,85.5,-5.5,743.04,1256.3700000000001,-513.33,588.0000000000001,13.333333333333334,14.25,-0.06432748538011701,9.288,14.694385964912282,0.5820828988923645,-0.4085818668067529,-0.6464103842724815,-0.8730102040816325,REDUCE / PAUSE BLANKET USE
RC101,Pineapple,Pattaya_Central,LINE MAN,Late Night,7,7,12,7,22.5,-10.5,97.07,327.735,-230.66500000000002,88.20000000000002,1.7142857142857142,3.2142857142857144,-0.4666666666666667,8.089166666666666,14.566,0.8006799217059857,-0.7038155827116421,-1.2673465883726522,-2.615249433106576,REDUCE / PAUSE BLANKET USE
RC101,Pineapple,Pattaya_Central,LINE MAN,Lunch,12,12,154,12,106.0,48.0,1393.7299999999998,1546.165,-152.43500000000023,1131.9000000000003,12.833333333333334,8.833333333333334,0.4528301886792452,9.050194805194804,14.586462264150944,0.6117290929227652,-0.0985890897801982,-0.15889890424352004,-0.13467179079423994,OPTIMIZE / TARGET ONLY
RC101,Pineapple,Pattaya_Central,LINE MAN,Morning,14,14,76,14,55.0,21.0,662.7800000000001,797.065,-134.28499999999994,558.6000000000001,5.428571428571429,3.9285714285714284,0.38181818181818183,8.720789473684212,14.49209090909091,0.6617865793942319,-0.16847434023573982,-0.2799683975760501,-0.24039563193698515,OPTIMIZE / TARGET ONLY
RC101,Watermelon,BKK_Ladprao,Grab,Afternoon,2,2,8,2,6.0,2.0,83.12,93.0,-9.879999999999988,54.0,4.0,3.0,0.33333333333333326,10.39,15.5,0.4918190567853704,-0.10623655913978491,-0.15848572345203715,-0.18296296296296274,OPTIMIZE / TARGET ONLY
RC101,Watermelon,BKK_Ladprao,Grab,Dinner,3,3,23,3,10.0,13.0,238.97000000000003,155.0,83.97000000000003,155.25,7.666666666666667,3.3333333333333335,1.2999999999999998,10.39,15.5,0.4918190567853704,0.5417419354838711,0.8081809432146294,0.5408695652173915,KEEP / SCALE SELECTIVELY
RC101,Watermelon,BKK_Ladprao,Grab,Late Evening,2,2,14,2,7.0,7.0,145.46,108.5,36.96000000000001,94.5,7.0,3.5,1.0,10.39,15.5,0.4918190567853704,0.34064516129032274,0.5081809432146296,0.3911111111111112,KEEP / SCALE SELECTIVELY
RC101,Watermelon,BKK_Ladprao,Grab,Late Night,1,1,1,1,1.0,0.0,10.39,15.499999999999998,-5.109999999999998,6.75,1.0,1.0,0.0,10.39,15.499999999999998,0.4918190567853702,-0.32967741935483863,-0.4918190567853702,-0.7570370370370367,REDUCE / PAUSE BLANKET USE
RC101,Watermelon,BKK_Ladprao,Grab,Lunch,3,3,26,3,29.0,-3.0,270.14000000000004,449.5,-179.35999999999996,175.5,8.666666666666666,9.666666666666666,-0.10344827586206895,10.390000000000002,15.5,0.4918190567853702,-0.39902113459399324,-0.5952673326474391,-1.0219943019943019,REDUCE / PAUSE BLANKET USE
RC101,Watermelon,BKK_Ladprao,Grab,Morning,4,4,12,4,12.0,0.0,124.68,186.0,-61.31999999999999,81.0,3.0,3.0,0.0,10.39,15.5,0.4918190567853704,-0.32967741935483863,-0.4918190567853704,-0.757037037037037,REDUCE / PAUSE BLANKET USE
RC101,Watermelon,BKK_Ladprao,LINE MAN,Afternoon,15,15,126,15,81.5,44.5,1005.84,1037.9,-32.05999999999998,850.5,8.4,5.433333333333334,0.5460122699386503,7.982857142857143,12.734969325153376,0.5952896434515682,-0.030889295693226737,-0.049277373512917944,-0.03769547325102878,OPTIMIZE / TARGET ONLY
RC101,Watermelon,BKK_Ladprao,LINE MAN,Dinner,20,20,172,20,110.5,61.5,1387.0900000000001,1415.6799999999998,-28.58999999999986,1161.0,8.6,5.525,0.5565610859728507,8.064476744186047,12.811583710407238,0.5886441385851278,-0.020195241862567603,-0.03208305261227706,-0.0246253229974159,OPTIMIZE / TARGET ONLY
RC101,Watermelon,BKK_Ladprao,LINE MAN,Late Evening,10,10,95,10,74.0,21.0,752.425,951.8,-199.375,641.25,9.5,7.4,0.28378378378378377,7.920263157894737,12.86216216216216,0.6239564147993557,-0.2094715276318554,-0.34017263101557194,-0.310916179337232,OPTIMIZE / TARGET ONLY
RC101,Watermelon,BKK_Ladprao,LINE MAN,Late Night,10,10,24,10,19.0,5.0,190.03,244.335,-54.305,162.0,2.4,1.9,0.26315789473684204,7.917916666666667,12.859736842105264,0.6241313698391113,-0.22225632840157983,-0.3609734751022693,-0.33521604938271604,OPTIMIZE / TARGET ONLY
RC101,Watermelon,BKK_Ladprao,LINE MAN,Lunch,20,20,173,20,132.5,40.5,1394.1050000000002,1688.6799999999998,-294.5749999999998,1167.75,8.65,6.625,0.3056603773584905,8.05841040462428,12.74475471698113,0.5815469896727543,-0.17444098349006298,-0.2758866123142638,-0.2522586169985012,OPTIMIZE / TARGET ONLY
RC101,Watermelon,BKK_Ladprao,LINE MAN,Morning,21,21,94,21,65.5,28.5,756.33,834.15,-77.81999999999991,634.5,4.476190476190476,3.119047619047619,0.43511450381679384,8.046063829787235,12.735114503816794,0.5827757240341895,-0.0932925732781873,-0.1476612202173957,-0.12264775413711569,OPTIMIZE / TARGET ONLY
RC101,Watermelon,BKK_Sukhumvit,Grab,Afternoon,3,3,38,3,40.0,-2.0,394.06000000000006,602.0000000000001,-207.94,256.5,12.666666666666666,13.333333333333334,-0.050000000000000044,10.370000000000001,15.050000000000002,0.45130183220829334,-0.34541528239202657,-0.5013018322082934,-0.810682261208577,REDUCE / PAUSE BLANKET USE
RC101,Watermelon,BKK_Sukhumvit,Grab,Dinner,4,4,53,4,41.0,12.0,549.6100000000001,617.05,-67.4399999999999,357.75,13.25,10.25,0.29268292682926833,10.370000000000003,15.049999999999999,0.4513018322082927,-0.10929422251033116,-0.15861890537902434,-0.18851153039832258,OPTIMIZE / TARGET ONLY
RC101,Watermelon,BKK_Sukhumvit,Grab,Late Evening,2,2,26,2,28.0,-2.0,269.62,421.4,-151.77999999999997,175.5,13.0,14.0,-0.0714285714285714,10.370000000000001,15.049999999999999,0.4513018322082929,-0.3601803512102515,-0.5227304036368643,-0.8648433048433047,REDUCE / PAUSE BLANKET USE
RC101,Watermelon,BKK_Sukhumvit,Grab,Late Night,5,5,20,5,7.0,13.0,207.4,105.35000000000001,102.05,135.0,4.0,1.4,1.8571428571428572,10.370000000000001,15.05,0.4513018322082931,0.968675842429995,1.405841024934564,0.7559259259259259,KEEP / SCALE SELECTIVELY
RC101,Watermelon,BKK_Sukhumvit,Grab,Lunch,4,4,58,4,42.0,16.0,601.4600000000002,632.1,-30.63999999999983,391.5,14.5,10.5,0.38095238095238093,10.370000000000003,15.05,0.4513018322082929,-0.048473342825502086,-0.07034945125591197,-0.07826309067688335,OPTIMIZE / TARGET ONLY
RC101,Watermelon,BKK_Sukhumvit,Grab,Morning,5,5,22,5,14.0,8.0,228.14000000000004,210.7,17.440000000000037,148.5,4.4,2.8,0.5714285714285714,10.370000000000003,15.049999999999999,0.4513018322082927,0.08277171333649758,0.12012673922027872,0.1174410774410777,KEEP / SCALE SELECTIVELY
RC101,Watermelon,BKK_Sukhumvit,LINE MAN,Afternoon,15,15,236,15,162.5,73.5,1941.23,2075.9700000000003,-134.74000000000007,1593.0,15.733333333333333,10.833333333333334,0.4523076923076923,8.225550847457628,12.775200000000002,0.5531117899476106,-0.06490459881404853,-0.10080409763991827,-0.0845825486503453,OPTIMIZE / TARGET ONLY
RC101,Watermelon,BKK_Sukhumvit,LINE MAN,Dinner,20,20,256,20,217.0,39.0,2108.26,2774.315,-666.055,1728.0,12.8,10.85,0.17972350230414746,8.235390625,12.784861751152073,0.5524293058232526,-0.24007908258434962,-0.3727058035191051,-0.38544849537037035,OPTIMIZE / TARGET ONLY
RC101,Watermelon,BKK_Sukhumvit,LINE MAN,Late Evening,10,10,155,10,115.0,40.0,1277.415,1470.5,-193.0850000000001,1046.25,15.5,11.5,0.34782608695652173,8.241387096774194,12.78695652173913,0.5515539279478987,-0.1313056783407005,-0.20372784099137697,-0.1845495818399045,OPTIMIZE / TARGET ONLY
RC101,Watermelon,BKK_Sukhumvit,LINE MAN,Late Night,12,12,43,12,37.5,5.5,361.81500000000005,483.505,-121.68999999999993,290.25,3.5833333333333335,3.125,0.14666666666666672,8.414302325581396,12.893466666666667,0.5323274785917296,-0.2516830229263398,-0.38566081192506285,-0.419259259259259,OPTIMIZE / TARGET ONLY
RC101,Watermelon,BKK_Sukhumvit,LINE MAN,Lunch,20,20,343,20,252.5,90.5,2844.6850000000004,3219.475,-374.78999999999974,2315.25,17.15,12.625,0.3584158415841585,8.293542274052479,12.75039603960396,0.5373884425109134,-0.11641339038197207,-0.17897260092675493,-0.16187884677680583,OPTIMIZE / TARGET ONLY
RC101,Watermelon,BKK_Sukhumvit,LINE MAN,Morning,22,22,130,22,91.5,38.5,1088.89,1171.09,-82.19999999999992,877.5,5.909090909090909,4.159090909090909,0.4207650273224044,8.376076923076925,12.79879781420765,0.5280181798409336,-0.07019101862367527,-0.10725315251852918,-0.09367521367521359,OPTIMIZE / TARGET ONLY
RC101,Watermelon,Pattaya_Beach,Grab,Afternoon,9,9,121,9,98.16666666666667,22.833333333333336,1273.6800000000003,1537.4850000000001,-263.80499999999984,816.75,13.444444444444445,10.907407407407408,0.23259762308998289,10.52628099173554,15.661986417657046,0.4878936283340416,-0.171582161777188,-0.2552960052440587,-0.322993572084481,OPTIMIZE / TARGET ONLY
RC101,Watermelon,Pattaya_Beach,Grab,Dinner,12,12,207,12,147.33333333333331,59.66666666666667,2178.6400000000003,2313.3083333333334,-134.6683333333333,1397.25,17.25,12.277777777777777,0.404977375565611,10.524830917874398,15.701187782805432,0.49182328013839993,-0.05821460606562734,-0.08684590457278896,-0.09638098646150173,OPTIMIZE / TARGET ONLY
RC101,Watermelon,Pattaya_Beach,Grab,Late Evening,6,6,188,6,111.16666666666666,76.83333333333334,1985.51,1753.3550000000005,232.1549999999996,1269.0,31.333333333333332,18.527777777777775,0.691154422788606,10.561223404255319,15.772308845577218,0.49341683646444334,0.13240615847902992,0.1977375863241626,0.1829432624113472,KEEP / SCALE SELECTIVELY
RC101,Watermelon,Pattaya_Beach,Grab,Late Night,14,14,44,14,47.83333333333333,-3.833333333333333,462.88000000000005,751.6950000000002,-288.81500000000005,297.0,3.142857142857143,3.4166666666666665,-0.08013937282229955,10.520000000000001,15.714878048780493,0.4938097004544193,-0.3842183332335589,-0.5739490732767188,-0.9724410774410777,REDUCE / PAUSE BLANKET USE
RC101,Watermelon,Pattaya_Beach,Grab,Lunch,12,12,193,12,157.16666666666666,35.83333333333333,2032.6200000000003,2461.3533333333335,-428.7333333333333,1302.75,16.083333333333332,13.097222222222221,0.22799575821845175,10.531709844559588,15.660784729586428,0.4870125516870738,-0.1741860169066881,-0.25901679346862205,-0.32909870146485,OPTIMIZE / TARGET ONLY
RC101,Watermelon,Pattaya_Beach,Grab,Morning,14,14,95,14,65.16666666666667,29.833333333333336,999.6700000000001,1022.7083333333335,-23.038333333333284,641.25,6.785714285714286,4.654761904761905,0.4578005115089514,10.522842105263159,15.69373401534527,0.4913968924323031,-0.022526787533102555,-0.03359638092335171,-0.035927225471085046,OPTIMIZE / TARGET ONLY
RC101,Watermelon,Pattaya_Beach,LINE MAN,Afternoon,15,15,190,15,139.0,51.0,1554.51,1775.7800000000002,-221.27000000000004,1282.5,12.666666666666666,9.266666666666667,0.3669064748201438,8.181631578947368,12.775395683453239,0.5614728627388152,-0.1246043991935939,-0.19456638791867142,-0.17253021442495128,OPTIMIZE / TARGET ONLY
RC101,Watermelon,Pattaya_Beach,LINE MAN,Dinner,20,20,249,20,197.5,51.5,2033.265,2525.95,-492.6849999999999,1680.75,12.45,9.875,0.26075949367088613,8.165722891566265,12.789620253164555,0.566256952752334,-0.1950493873592113,-0.3054974590814479,-0.29313401755168816,OPTIMIZE / TARGET ONLY
RC101,Watermelon,Pattaya_Beach,LINE MAN,Late Evening,10,10,166,10,132.0,34.0,1353.4,1687.55,-334.14999999999986,1120.5,16.6,13.2,0.25757575757575757,8.153012048192771,12.784469696969696,0.5680670679008197,-0.1980089478830256,-0.31049131032506216,-0.29821508255243184,OPTIMIZE / TARGET ONLY
RC101,Watermelon,Pattaya_Beach,LINE MAN,Late Night,18,18,54,18,52.5,1.5,432.80000000000007,673.52,-240.71999999999994,364.5,3.0,2.9166666666666665,0.02857142857142847,8.014814814814816,12.82895238095238,0.6006548719302875,-0.35740586768024696,-0.5720834433588591,-0.6604115226337447,OPTIMIZE / TARGET ONLY
RC101,Watermelon,Pattaya_Beach,LINE MAN,Lunch,20,20,287,20,222.0,65.0,2338.465,2836.3100000000004,-497.8450000000001,1937.25,14.35,11.1,0.2927927927927927,8.147961672473867,12.776171171171173,0.5680205289051266,-0.1755255948750314,-0.27522773611233387,-0.2569854174732224,OPTIMIZE / TARGET ONLY
RC101,Watermelon,Pattaya_Beach,LINE MAN,Morning,21,21,147,21,114.0,33.0,1189.7549999999999,1460.75,-270.9950000000001,992.25,7.0,5.428571428571429,0.2894736842105263,8.093571428571428,12.81359649122807,0.5831819863841938,-0.18551771350333746,-0.2937083021736675,-0.27311161501637704,OPTIMIZE / TARGET ONLY
RC101,Watermelon,Pattaya_Central,Grab,Afternoon,3,3,54,3,49.0,5.0,605.34,789.4000000000001,-184.05999999999997,364.5,18.0,16.333333333333332,0.1020408163265305,11.21,16.110204081632656,0.4371279287807899,-0.2331644286800102,-0.3350871124542594,-0.5049657064471879,OPTIMIZE / TARGET ONLY
RC101,Watermelon,Pattaya_Central,Grab,Dinner,4,4,84,4,53.5,30.5,941.64,860.9,80.73999999999998,567.0,21.0,13.375,0.5700934579439252,11.209999999999999,16.091588785046728,0.43546733140470373,0.09378557323730985,0.13462612653922146,0.1423985890652557,KEEP / SCALE SELECTIVELY
RC101,Watermelon,Pattaya_Central,Grab,Late Evening,2,2,57,2,36.5,20.5,638.97,588.46,50.50999999999999,384.75,28.5,18.25,0.5616438356164384,11.21,16.122191780821918,0.438197304266005,0.08583421133127134,0.12344653135043337,0.13128005198180634,KEEP / SCALE SELECTIVELY
RC101,Watermelon,Pattaya_Central,Grab,Late Night,5,5,28,5,11.0,17.0,313.88,177.16000000000003,136.71999999999997,189.0,5.6,2.2,1.5454545454545454,11.209999999999999,16.10545454545455,0.43670424134295716,0.7717317678934295,1.1087503041115883,0.7233862433862432,KEEP / SCALE SELECTIVELY
RC101,Watermelon,Pattaya_Central,Grab,Lunch,4,4,83,4,65.5,17.5,930.4300000000001,1055.6200000000001,-125.19000000000003,560.25,20.75,16.375,0.26717557251908386,11.21,16.116335877862596,0.4376749222000531,-0.11859381216725717,-0.17049934968096925,-0.22345381526104421,OPTIMIZE / TARGET ONLY
RC101,Watermelon,Pattaya_Central,Grab,Morning,5,5,41,5,36.5,4.5,459.61000000000007,589.58,-129.96999999999997,276.75,8.2,7.3,0.12328767123287676,11.21,16.15287671232877,0.4409345862915939,-0.2204450625869262,-0.3176469150587171,-0.4696296296296295,OPTIMIZE / TARGET ONLY
RC101,Watermelon,Pattaya_Central,LINE MAN,Afternoon,18,18,299,18,225.83333333333334,73.16666666666667,2396.8650000000002,2863.2833333333333,-466.4183333333333,2018.25,16.61111111111111,12.546296296296298,0.3239852398523986,8.016270903010033,12.678745387453874,0.5816263622893689,-0.16289632531417886,-0.25764112243697035,-0.2311003757380569,OPTIMIZE / TARGET ONLY
RC101,Watermelon,Pattaya_Central,LINE MAN,Dinner,24,24,412,24,327.6666666666667,84.33333333333334,3326.09,4155.6866666666665,-829.5966666666664,2781.0,17.166666666666668,13.652777777777779,0.2573753814852491,8.073033980582524,12.682665310274668,0.5709911962193337,-0.199629263033947,-0.3136158147340846,-0.2983087618362698,OPTIMIZE / TARGET ONLY
RC101,Watermelon,Pattaya_Central,LINE MAN,Late Evening,12,12,259,12,226.0,33.0,2074.345,2877.835,-803.4899999999998,1748.25,21.583333333333332,18.833333333333332,0.14601769911504414,8.009054054054053,12.733783185840709,0.5899234915757716,-0.27919946765537296,-0.4439057924607275,-0.45959673959673947,OPTIMIZE / TARGET ONLY
RC101,Watermelon,Pattaya_Central,LINE MAN,Late Night,23,23,84,23,69.16666666666667,14.833333333333332,676.6700000000001,882.5466666666666,-205.8766666666666,567.0,3.652173913043478,3.0072463768115942,0.21445783132530116,8.05559523809524,12.759710843373492,0.5839563019542364,-0.233275671919143,-0.36949847062893526,-0.36309817754262186,OPTIMIZE / TARGET ONLY
RC101,Watermelon,Pattaya_Central,LINE MAN,Lunch,24,24,432,24,290.3333333333333,141.66666666666666,3453.8700000000003,3674.5183333333334,-220.64833333333289,2916.0,18.0,12.097222222222221,0.48794489092996574,7.995069444444446,12.656205510907004,0.583001323359543,-0.0600482330790747,-0.09505643242957729,-0.0756681527206217,OPTIMIZE / TARGET ONLY
RC101,Watermelon,Pattaya_Central,LINE MAN,Morning,28,28,222,28,132.33333333333334,89.66666666666667,1784.4,1679.5066666666667,104.89333333333337,1498.5,7.928571428571429,4.726190476190476,0.6775818639798488,8.037837837837838,12.691486146095716,0.5789676778935491,0.062454847852147166,0.09861418608629968,0.06999888777666557,KEEP / SCALE SELECTIVELY
RC102,Guava,BKK_Ladprao,Grab,Afternoon,20,20,90,20,45.666666666666664,44.333333333333336,792.7900000000001,752.9083333333334,39.8816666666667,881.9999999999998,4.5,2.283333333333333,0.9708029197080292,8.80877777777778,16.48704379562044,0.8716607696941681,0.05297014908853437,0.09914215001386117,0.045217309145880624,KEEP / SCALE SELECTIVELY
RC102,Guava,BKK_Ladprao,Grab,Dinner,25,25,114,25,52.666666666666664,61.33333333333333,1013.058,867.0416666666667,146.01633333333328,1117.1999999999996,4.56,2.1066666666666665,1.1645569620253164,8.886473684210527,16.462816455696206,0.8525702140937315,0.16840751597866288,0.311986747931585,0.1306984723714047,KEEP / SCALE SELECTIVELY
RC102,Guava,BKK_Ladprao,Grab,Late Evening,12,12,57,12,34.166666666666664,22.833333333333332,503.334,562.4383333333334,-59.10433333333337,558.5999999999998,4.75,2.847222222222222,0.6682926829268294,8.830421052631579,16.461609756097562,0.8641930727857865,-0.10508589089766884,-0.19590038985895708,-0.10580797231173182,OPTIMIZE / TARGET ONLY
RC102,Guava,BKK_Ladprao,Grab,Late Night,6,6,16,6,7.5,8.5,145.07200000000003,123.87500000000001,21.197000000000003,156.79999999999995,2.6666666666666665,1.25,1.1333333333333333,9.067000000000002,16.51666666666667,0.8216242049924634,0.1711160443995965,0.31170912834086995,0.1351849489795919,KEEP / SCALE SELECTIVELY
RC102,Guava,BKK_Ladprao,Grab,Lunch,22,22,119,22,69.83333333333333,49.166666666666664,1057.498,1149.085,-91.58700000000005,1166.1999999999996,5.409090909090909,3.174242424242424,0.7040572792362769,8.88653781512605,16.454677804295944,0.8516410042489133,-0.07970428645400474,-0.1475837250126364,-0.07853455667981485,OPTIMIZE / TARGET ONLY
RC102,Guava,BKK_Ladprao,Grab,Morning,19,19,43,19,31.0,12.0,380.03600000000006,512.5066666666667,-132.47066666666663,421.39999999999986,2.263157894736842,1.631578947368421,0.3870967741935485,8.838046511627908,16.53247311827957,0.8706026378712053,-0.25847598730423005,-0.4835058636776568,-0.314358487581079,OPTIMIZE / TARGET ONLY
RC102,Guava,BKK_Ladprao,LINE MAN,Afternoon,15,15,95,15,37.833333333333336,57.166666666666664,658.82,517.2083333333333,141.6116666666668,930.9999999999998,6.333333333333333,2.5222222222222226,1.5110132158590308,6.934947368421053,13.670704845814974,0.9712773752351516,0.2738000483364218,0.5397358406238792,0.15210705334765504,KEEP / SCALE SELECTIVELY
RC102,Guava,BKK_Ladprao,LINE MAN,Dinner,18,18,80,18,48.0,32.0,553.7500000000002,653.5533333333333,-99.80333333333314,783.9999999999998,4.444444444444445,2.6666666666666665,0.6666666666666667,6.921875000000003,13.615694444444443,0.9670529219964876,-0.15270878173676172,-0.3003862553298209,-0.127300170068027,OPTIMIZE / TARGET ONLY
RC102,Guava,BKK_Ladprao,LINE MAN,Late Evening,10,10,55,10,24.666666666666668,30.333333333333336,380.4800000000001,337.43833333333333,43.04166666666674,538.9999999999999,5.5,2.466666666666667,1.2297297297297298,6.917818181818183,13.679932432432432,0.9774923354283631,0.12755417039162742,0.2522373943013667,0.07985466914038358,KEEP / SCALE SELECTIVELY
RC102,Guava,BKK_Ladprao,LINE MAN,Late Night,5,5,13,5,6.0,7.0,83.72000000000003,81.155,2.565000000000028,127.39999999999996,2.6,1.2,1.1666666666666665,6.440000000000002,13.525833333333333,1.1002846790890262,0.03160618569404261,0.06638198757764036,0.020133437990581073,KEEP / SCALE SELECTIVELY
RC102,Guava,BKK_Ladprao,LINE MAN,Lunch,19,19,90,19,53.166666666666664,36.833333333333336,628.1700000000002,723.8533333333334,-95.68333333333317,881.9999999999998,4.7368421052631575,2.7982456140350878,0.6927899686520378,6.9796666666666685,13.614796238244516,0.9506370273047202,-0.13218607821105544,-0.2578470586526824,-0.10848450491307618,OPTIMIZE / TARGET ONLY
RC102,Guava,BKK_Ladprao,LINE MAN,Morning,8,8,31,8,12.333333333333334,18.666666666666668,214.8100000000001,169.63166666666666,45.17833333333343,303.7999999999999,3.875,1.5416666666666667,1.5135135135135136,6.92935483870968,13.753918918918918,0.9848772705483277,0.2663319545289309,0.5286362429651859,0.14871077463243398,KEEP / SCALE SELECTIVELY
RC102,Guava,BKK_Sukhumvit,Grab,Afternoon,9,9,60,9,40.5,19.5,545.6999999999999,674.7400000000001,-129.0400000000001,587.9999999999998,6.666666666666667,4.5,0.4814814814814814,9.094999999999999,16.66024691358025,0.8318028492116822,-0.1912440347393073,-0.35032136773020084,-0.21945578231292542,OPTIMIZE / TARGET ONLY
RC102,Guava,BKK_Sukhumvit,Grab,Dinner,12,12,94,12,44.0,50.0,851.868,733.85,118.01800000000006,921.1999999999997,7.833333333333333,3.6666666666666665,1.1363636363636362,9.062425531914894,16.678409090909092,0.8403912983530955,0.16082033113034,0.2959723380105408,0.1281133304385585,KEEP / SCALE SELECTIVELY
RC102,Guava,BKK_Sukhumvit,Grab,Late Evening,6,6,43,6,27.0,16.0,382.08599999999996,449.95000000000005,-67.86400000000006,421.39999999999986,7.166666666666667,4.5,0.5925925925925926,8.885720930232557,16.664814814814818,0.8754600719132271,-0.15082564729414394,-0.2828674793206345,-0.16104413858566702,OPTIMIZE / TARGET ONLY
RC102,Guava,BKK_Sukhumvit,Grab,Late Night,4,4,9,4,5.5,3.5,87.45800000000001,92.06500000000003,-4.607000000000003,88.19999999999997,2.25,1.375,0.6363636363636365,9.717555555555556,16.739090909090915,0.7225618946444949,-0.05004073209145721,-0.08619825828085848,-0.052233560090703,OPTIMIZE / TARGET ONLY
RC102,Guava,BKK_Sukhumvit,Grab,Lunch,12,12,101,12,68.5,32.5,913.2620000000001,1132.605,-219.34300000000002,989.7999999999997,8.416666666666666,5.708333333333333,0.4744525547445255,9.042198019801981,16.534379562043796,0.8285796800550369,-0.19366239774678728,-0.3541271253105114,-0.2216033542129724,OPTIMIZE / TARGET ONLY
RC102,Guava,BKK_Sukhumvit,Grab,Morning,8,8,41,8,23.0,18.0,377.12199999999996,382.65500000000003,-5.533000000000058,401.7999999999999,5.125,2.875,0.7826086956521738,9.198097560975608,16.63717391304348,0.8087624971091127,-0.014459500071866471,-0.026153801456938908,-0.013770532603285365,OPTIMIZE / TARGET ONLY
RC102,Guava,BKK_Sukhumvit,LINE MAN,Afternoon,23,23,140,23,86.33333333333333,53.666666666666664,942.5300000000001,1162.1825000000001,-219.65249999999997,1371.9999999999995,6.086956521739131,3.753623188405797,0.6216216216216217,6.732357142857143,13.46157335907336,0.9995334581077211,-0.18900000645337545,-0.3779118364860994,-0.16009657434402336,OPTIMIZE / TARGET ONLY
RC102,Guava,BKK_Sukhumvit,LINE MAN,Dinner,31,31,202,31,116.83333333333333,85.16666666666667,1361.9900000000002,1585.5433333333333,-223.55333333333317,1979.5999999999995,6.516129032258065,3.768817204301075,0.7289586305278175,6.742524752475249,13.57098430813124,1.0127451965451364,-0.1409947799177147,-0.2837865660173189,-0.11292853775173431,OPTIMIZE / TARGET ONLY
RC102,Guava,BKK_Sukhumvit,LINE MAN,Late Evening,16,16,140,16,81.66666666666667,58.333333333333336,939.0100000000001,1103.4233333333334,-164.4133333333333,1371.9999999999995,8.75,5.104166666666667,0.7142857142857142,6.7072142857142865,13.51130612244898,1.0144437834984261,-0.14900295142088105,-0.30015806921271193,-0.11983479105928087,OPTIMIZE / TARGET ONLY
RC102,Guava,BKK_Sukhumvit,LINE MAN,Late Night,12,12,31,12,18.5,12.5,220.3900000000001,250.46166666666667,-30.071666666666577,303.7999999999999,2.5833333333333335,1.5416666666666667,0.6756756756756757,7.109354838709681,13.53846846846847,0.9043174487160142,-0.12006494673170176,-0.2286417730403385,-0.09898507790212834,OPTIMIZE / TARGET ONLY
RC102,Guava,BKK_Sukhumvit,LINE MAN,Lunch,29,29,237,29,147.41666666666666,89.58333333333333,1597.16,1975.6775000000002,-378.5175000000001,2322.5999999999995,8.172413793103448,5.083333333333333,0.6076879592990392,6.739071729957806,13.401995477671003,0.9887005235593349,-0.19158870817732154,-0.3810125642602957,-0.16297145440454672,OPTIMIZE / TARGET ONLY
RC102,Guava,BKK_Sukhumvit,LINE MAN,Morning,28,28,118,28,69.33333333333333,48.666666666666664,809.1200000000002,935.9091666666667,-126.78916666666649,1156.3999999999996,4.214285714285714,2.476190476190476,0.7019230769230771,6.8569491525423745,13.498689903846156,0.9686145548915439,-0.13547165812921635,-0.2666914779684668,-0.10964127176294235,OPTIMIZE / TARGET ONLY
RC102,Guava,Pattaya_Beach,Grab,Afternoon,15,15,111,15,63.0,48.0,972.0419999999999,1047.47,-75.42800000000015,1087.7999999999997,7.4,4.2,0.7619047619047619,8.757135135135135,16.626507936507938,0.8986241139296256,-0.07200969956180137,-0.13671935202486374,-0.06933995219709521,OPTIMIZE / TARGET ONLY
RC102,Guava,Pattaya_Beach,Grab,Dinner,20,20,160,20,86.5,73.5,1407.6200000000001,1444.865,-37.24500000000009,1567.9999999999995,8.0,4.325,0.8497109826589595,8.797625,16.70364161849711,0.898653513703654,-0.025777494783249533,-0.04894253104469448,-0.02375318877551027,OPTIMIZE / TARGET ONLY
RC102,Guava,Pattaya_Beach,Grab,Late Evening,10,10,95,10,59.5,35.5,820.3899999999999,996.3400000000001,-175.95000000000027,930.9999999999997,9.5,5.95,0.596638655462185,8.635684210526314,16.745210084033616,0.9390716098236129,-0.1765963426139674,-0.34243295436142795,-0.18899033297529574,OPTIMIZE / TARGET ONLY
RC102,Guava,Pattaya_Beach,Grab,Late Night,9,9,19,9,15.0,4.0,164.15800000000004,247.52500000000003,-83.36699999999999,186.19999999999993,2.111111111111111,1.6666666666666667,0.2666666666666666,8.639894736842107,16.50166666666667,0.9099383926867204,-0.3368023431976567,-0.6432717260200538,-0.44772824919441473,OPTIMIZE / TARGET ONLY
RC102,Guava,Pattaya_Beach,Grab,Lunch,20,20,124,20,99.0,25.0,1090.558,1656.15,-565.5919999999999,1215.1999999999996,6.2,4.95,0.2525252525252526,8.794822580645162,16.72878787878788,0.9021177204419177,-0.3415101289134439,-0.6495924679166651,-0.4654312047399605,OPTIMIZE / TARGET ONLY
RC102,Guava,Pattaya_Beach,Grab,Morning,15,15,66,15,36.0,30.0,590.1120000000001,584.0150000000001,6.0970000000000155,646.7999999999998,4.4,2.4,0.8333333333333333,8.94109090909091,16.22263888888889,0.8143914488549067,0.010439800347593842,0.018941884478426596,0.009426406926406953,KEEP / SCALE SELECTIVELY
RC102,Guava,Pattaya_Beach,LINE MAN,Afternoon,16,16,119,16,66.83333333333333,52.166666666666664,808.24,912.7883333333334,-104.54833333333336,1166.1999999999996,7.4375,4.177083333333333,0.7805486284289278,6.791932773109243,13.65768079800499,1.0108680775049415,-0.11453732427926888,-0.23031944907601365,-0.089648716629509,OPTIMIZE / TARGET ONLY
RC102,Guava,Pattaya_Beach,LINE MAN,Dinner,24,24,191,24,95.83333333333333,95.16666666666666,1301.7800000000002,1308.89,-7.109999999999879,1871.7999999999995,7.958333333333333,3.9930555555555554,0.9930434782608697,6.815602094240838,13.657982608695654,1.0039289882014395,-0.005432083673952648,-0.010885509940569804,-0.0037984827438828296,OPTIMIZE / TARGET ONLY
RC102,Guava,Pattaya_Beach,LINE MAN,Late Evening,12,12,106,12,67.66666666666667,38.333333333333336,701.8900000000001,921.6316666666667,-219.74166666666667,1038.7999999999997,8.833333333333334,5.638888888888889,0.566502463054187,6.621603773584907,13.620172413793103,1.0569295414695588,-0.23842677570034299,-0.4904270784153717,-0.21153414195867032,OPTIMIZE / TARGET ONLY
RC102,Guava,Pattaya_Beach,LINE MAN,Late Night,14,14,37,14,24.0,13.0,240.23000000000005,321.8366666666667,-81.60666666666667,362.5999999999999,2.642857142857143,1.7142857142857142,0.5416666666666667,6.4927027027027036,13.409861111111113,1.0653742709532992,-0.2535654731696201,-0.5237076042866324,-0.22505975363118227,OPTIMIZE / TARGET ONLY
RC102,Guava,Pattaya_Beach,LINE MAN,Lunch,22,22,158,22,98.33333333333333,59.66666666666667,1064.3600000000001,1339.6266666666668,-275.2666666666666,1548.3999999999996,7.181818181818182,4.46969696969697,0.6067796610169491,6.736455696202532,13.623322033898306,1.022327860269018,-0.20548013376861207,-0.4155481992520689,-0.17777490743132696,OPTIMIZE / TARGET ONLY
RC102,Guava,Pattaya_Beach,LINE MAN,Morning,21,21,81,21,41.0,40.0,555.88,558.2800000000001,-2.400000000000041,793.7999999999997,3.857142857142857,1.9523809523809523,0.975609756097561,6.862716049382716,13.61658536585366,0.9841394089266504,-0.004298918105610228,-0.008529652829089462,-0.0030234315948602193,OPTIMIZE / TARGET ONLY
RC102,Guava,Pattaya_Central,Grab,Afternoon,11,11,87,11,67.5,19.5,786.314,1116.38,-330.06600000000014,852.5999999999998,7.909090909090909,6.136363636363637,0.288888888888889,9.038091954022988,16.538962962962966,0.8299175364775115,-0.29565739264408186,-0.5410286475886226,-0.38712878254750205,OPTIMIZE / TARGET ONLY
RC102,Guava,Pattaya_Central,Grab,Dinner,16,16,116,16,83.0,33.0,1053.872,1360.7450000000001,-306.8730000000001,1136.7999999999997,7.25,5.1875,0.3975903614457832,9.085103448275863,16.39451807228916,0.8045494105408839,-0.22551837412593834,-0.4069590490951007,-0.26994458128078835,OPTIMIZE / TARGET ONLY
RC102,Guava,Pattaya_Central,Grab,Late Evening,8,8,90,8,60.0,30.0,810.2200000000001,974.98,-164.75999999999993,881.9999999999998,11.25,7.5,0.5,9.002444444444446,16.249666666666666,0.8050282639283153,-0.16898808180680613,-0.3050282639283153,-0.18680272108843535,OPTIMIZE / TARGET ONLY
RC102,Guava,Pattaya_Central,Grab,Late Night,4,4,17,4,10.5,6.5,158.33400000000003,168.06000000000003,-9.725999999999996,166.59999999999997,4.25,2.625,0.6190476190476191,9.313764705882354,16.005714285714287,0.7185010348828607,-0.05787218850410569,-0.09945341583524159,-0.058379351740696264,OPTIMIZE / TARGET ONLY
RC102,Guava,Pattaya_Central,Grab,Lunch,15,15,138,15,74.5,63.5,1238.276,1221.88,16.395999999999802,1352.3999999999996,9.2,4.966666666666667,0.8523489932885906,8.973014492753624,16.401073825503357,0.8278220589912613,0.013418666317478012,0.024526934297329328,0.012123632061520118,KEEP / SCALE SELECTIVELY
RC102,Guava,Pattaya_Central,Grab,Morning,11,11,59,11,31.5,27.5,544.8180000000001,519.355,25.463000000000065,578.1999999999998,5.363636363636363,2.8636363636363638,0.873015873015873,9.23420338983051,16.487460317460318,0.7854772763200897,0.049028121419838255,0.08753859669578334,0.044038395019024686,KEEP / SCALE SELECTIVELY
RC102,Guava,Pattaya_Central,LINE MAN,Afternoon,21,21,161,21,114.5,46.5,1054.3200000000002,1543.325,-489.005,1577.7999999999995,7.666666666666667,5.4523809523809526,0.4061135371179039,6.54857142857143,13.478820960698691,1.0582841781171646,-0.3168516028704258,-0.6521706409992607,-0.30992838129040445,OPTIMIZE / TARGET ONLY
RC102,Guava,Pattaya_Central,LINE MAN,Dinner,27,27,272,27,139.5,132.5,1771.8,1853.685,-81.88499999999996,2665.5999999999995,10.074074074074074,5.166666666666667,0.9498207885304659,6.513970588235294,13.288064516129031,1.0399331461717445,-0.0441741719871499,-0.09011235764127856,-0.030719162665066017,OPTIMIZE / TARGET ONLY
RC102,Guava,Pattaya_Central,LINE MAN,Late Evening,14,14,173,14,104.0,69.0,1137.4800000000002,1375.56,-238.07999999999984,1695.3999999999996,12.357142857142858,7.428571428571429,0.6634615384615385,6.575028901734106,13.22653846153846,1.0116319881194862,-0.17307860071534487,-0.34817044965794763,-0.14042703786716992,OPTIMIZE / TARGET ONLY
RC102,Guava,Pattaya_Central,LINE MAN,Late Night,15,15,52,15,34.0,18.0,344.69000000000005,452.365,-107.67499999999993,509.59999999999985,3.466666666666667,2.2666666666666666,0.5294117647058822,6.628653846153847,13.30485294117647,1.0071726854308984,-0.23802681462977893,-0.4777609207250162,-0.2112931711145996,OPTIMIZE / TARGET ONLY
RC102,Guava,Pattaya_Central,LINE MAN,Lunch,27,27,252,27,170.5,81.5,1672.3100000000002,2298.435,-626.1249999999998,2469.5999999999995,9.333333333333334,6.314814814814815,0.4780058651026393,6.636150793650795,13.480557184750733,1.031381986926577,-0.2724136205722588,-0.5533761218239377,-0.25353296080336896,OPTIMIZE / TARGET ONLY
RC102,Guava,Pattaya_Central,LINE MAN,Morning,25,25,108,25,59.0,49.0,717.5600000000001,785.99,-68.42999999999996,1058.3999999999996,4.32,2.36,0.8305084745762712,6.644074074074075,13.32186440677966,1.0050746361728682,-0.08706217636356695,-0.174566161596597,-0.06465419501133786,OPTIMIZE / TARGET ONLY
RC102,MixedBerryPremium,BKK_Ladprao,Grab,Afternoon,3,3,11,3,5.166666666666666,5.833333333333334,59.64200000000004,92.525,-32.88299999999996,195.79999999999995,3.6666666666666665,1.722222222222222,1.1290322580645165,5.422000000000003,17.908064516129034,2.3028521792934384,-0.3553958389624422,-1.173819921228922,-0.16794177732379964,OPTIMIZE / TARGET ONLY
RC102,MixedBerryPremium,BKK_Ladprao,Grab,Dinner,4,4,29,4,9.5,19.5,157.23800000000008,169.97833333333332,-12.74033333333324,516.1999999999999,7.25,2.375,2.0526315789473686,5.422000000000003,17.892456140350877,2.2999734674199313,-0.07495269004873117,-0.24734188847256267,-0.02468100219553127,OPTIMIZE / TARGET ONLY
RC102,MixedBerryPremium,BKK_Ladprao,Grab,Late Evening,2,2,11,2,6.333333333333334,4.666666666666666,59.642000000000024,113.84,-54.197999999999986,195.79999999999995,5.5,3.166666666666667,0.7368421052631577,5.422000000000002,17.974736842105262,2.3151488089460077,-0.4760892480674629,-1.57830670368285,-0.276802860061287,OPTIMIZE / TARGET ONLY
RC102,MixedBerryPremium,BKK_Ladprao,Grab,Lunch,4,4,33,4,11.833333333333334,21.166666666666668,178.9260000000001,212.49166666666667,-33.56566666666655,587.3999999999999,8.25,2.9583333333333335,1.788732394366197,5.422000000000003,17.957042253521127,2.311885328941556,-0.15796227303031452,-0.5231529345753589,-0.05714277607536016,OPTIMIZE / TARGET ONLY
RC102,MixedBerryPremium,BKK_Ladprao,Grab,Morning,1,1,3,1,1.0,2.0,16.266000000000005,17.995,-1.7289999999999957,53.39999999999999,3.0,1.0,2.0,5.4220000000000015,17.995,2.3188860199188484,-0.09608224506807417,-0.31888601991884835,-0.032378277153557976,OPTIMIZE / TARGET ONLY
RC102,MixedBerryPremium,BKK_Ladprao,LINE MAN,Afternoon,5,5,12,5,6.5,5.5,-109.87999999999994,12.524999999999999,-122.40499999999993,213.59999999999997,2.4,1.3,0.8461538461538463,-9.156666666666661,1.9269230769230767,,-9.772854291417161,,-0.5730571161048686,OPTIMIZE / TARGET ONLY
RC102,MixedBerryPremium,BKK_Ladprao,LINE MAN,Dinner,8,8,25,8,10.0,15.0,-184.19999999999993,29.440000000000005,-213.63999999999996,444.99999999999994,3.125,1.25,1.5,-7.367999999999998,2.9440000000000004,,-7.2567934782608665,,-0.4800898876404494,OPTIMIZE / TARGET ONLY
RC102,MixedBerryPremium,BKK_Ladprao,LINE MAN,Late Evening,5,5,10,5,10.5,-0.5,-51.99999999999996,52.62500000000001,-104.62499999999997,177.99999999999997,2.0,2.1,-0.04761904761904767,-5.199999999999996,5.011904761904763,,-1.988123515439429,,-0.5877808988764044,REDUCE / PAUSE BLANKET USE
RC102,MixedBerryPremium,BKK_Ladprao,LINE MAN,Late Night,1,1,2,1,1.0,1.0,-25.11999999999999,-5.27,-19.84999999999999,35.599999999999994,2.0,1.0,1.0,-12.559999999999995,-5.27,,3.7666034155597705,,-0.5575842696629212,OPTIMIZE / TARGET ONLY
RC102,MixedBerryPremium,BKK_Ladprao,LINE MAN,Lunch,10,10,29,10,15.5,13.5,-158.27999999999994,60.365000000000016,-218.64499999999995,516.1999999999999,2.9,1.55,0.8709677419354838,-5.4579310344827565,3.894516129032259,,-3.622049200695766,,-0.42356644711352187,OPTIMIZE / TARGET ONLY
RC102,MixedBerryPremium,BKK_Ladprao,LINE MAN,Morning,6,6,15,6,10.0,5.0,-58.23999999999995,74.41000000000001,-132.64999999999998,266.99999999999994,2.5,1.6666666666666667,0.5,-3.8826666666666636,7.441000000000001,,-1.7826904985888987,,-0.4968164794007491,OPTIMIZE / TARGET ONLY
RC102,MixedBerryPremium,BKK_Sukhumvit,Grab,Afternoon,8,8,35,8,17.166666666666668,17.833333333333332,-120.99999999999986,119.60916666666667,-240.6091666666665,622.9999999999999,4.375,2.1458333333333335,1.0388349514563107,-3.4571428571428533,6.96752427184466,,-2.0116281500163717,,-0.3862105403959335,OPTIMIZE / TARGET ONLY
RC102,MixedBerryPremium,BKK_Sukhumvit,Grab,Dinner,8,8,34,8,17.166666666666668,16.833333333333332,-173.47199999999987,132.37416666666667,-305.84616666666653,605.1999999999999,4.25,2.1458333333333335,0.9805825242718444,-5.10211764705882,7.711116504854369,,-2.3104671732274036,,-0.5053637915840492,OPTIMIZE / TARGET ONLY
RC102,MixedBerryPremium,BKK_Sukhumvit,Grab,Late Evening,3,3,8,3,9.916666666666666,-1.9166666666666665,-45.04399999999997,86.92083333333332,-131.96483333333327,142.39999999999998,2.6666666666666665,3.3055555555555554,-0.19327731092436973,-5.630499999999996,8.765126050420168,,-1.5182186855855422,,-0.9267193352059923,REDUCE / PAUSE BLANKET USE
RC102,MixedBerryPremium,BKK_Sukhumvit,Grab,Late Night,4,4,10,4,4.5,5.5,-61.61999999999996,29.614999999999988,-91.23499999999996,177.99999999999997,2.5,1.125,1.2222222222222223,-6.161999999999996,6.581111111111109,,-3.080702346783724,,-0.5125561797752808,OPTIMIZE / TARGET ONLY
RC102,MixedBerryPremium,BKK_Sukhumvit,Grab,Lunch,7,7,20,7,11.833333333333334,8.166666666666666,-95.89999999999992,68.02166666666666,-163.92166666666657,355.99999999999994,2.857142857142857,1.6904761904761905,0.6901408450704225,-4.794999999999996,5.748309859154928,,-2.4098449023595414,,-0.4604541198501871,OPTIMIZE / TARGET ONLY
RC102,MixedBerryPremium,BKK_Sukhumvit,Grab,Morning,4,4,13,4,8.5,4.5,-37.88399999999996,68.12500000000001,-106.00899999999997,231.39999999999998,3.25,2.125,0.5294117647058822,-2.9141538461538428,8.014705882352942,,-1.5560954128440359,,-0.45812013828867754,OPTIMIZE / TARGET ONLY
RC102,MixedBerryPremium,BKK_Sukhumvit,LINE MAN,Afternoon,5,5,36,5,15.0,21.0,42.38000000000015,184.61,-142.22999999999985,640.7999999999998,7.2,3.0,1.4,1.1772222222222264,12.307333333333334,9.454554034922097,-0.7704349710199873,-8.054554034922097,-0.22195692883895113,OPTIMIZE / TARGET ONLY
RC102,MixedBerryPremium,BKK_Sukhumvit,LINE MAN,Dinner,8,8,41,8,18.5,22.5,48.55000000000014,228.00500000000005,-179.4549999999999,729.8,5.125,2.3125,1.2162162162162162,1.1841463414634181,12.324594594594597,9.407999554652461,-0.7870660731124312,-8.191783338436245,-0.24589613592765128,OPTIMIZE / TARGET ONLY
RC102,MixedBerryPremium,BKK_Sukhumvit,LINE MAN,Late Evening,4,4,31,4,18.0,13.0,36.56000000000006,221.75,-185.18999999999994,551.8,7.75,4.5,0.7222222222222223,1.1793548387096793,12.319444444444445,9.445918429370273,-0.8351296505073278,-8.723696207148052,-0.33561072852482776,OPTIMIZE / TARGET ONLY
RC102,MixedBerryPremium,BKK_Sukhumvit,LINE MAN,Late Night,2,2,8,2,4.0,4.0,9.200000000000017,49.78,-40.579999999999984,142.39999999999998,4.0,2.0,1.0,1.1500000000000021,12.445,9.821739130434763,-0.8151868220168739,-8.821739130434763,-0.2849719101123595,OPTIMIZE / TARGET ONLY
RC102,MixedBerryPremium,BKK_Sukhumvit,LINE MAN,Lunch,8,8,57,8,30.0,27.0,67.23000000000013,368.39000000000004,-301.1599999999999,1014.5999999999999,7.125,3.75,0.8999999999999999,1.1794736842105287,12.279666666666667,9.411140859735218,-0.8175031895545478,-8.511140859735217,-0.2968263355016755,OPTIMIZE / TARGET ONLY
RC102,MixedBerryPremium,BKK_Sukhumvit,LINE MAN,Morning,3,3,20,3,4.5,15.5,23.00000000000003,56.19500000000001,-33.19499999999998,355.99999999999994,6.666666666666667,1.5,3.4444444444444446,1.1500000000000015,12.48777777777778,9.85893719806762,-0.5907109173414,-6.4144927536231755,-0.09324438202247187,OPTIMIZE / TARGET ONLY
RC102,MixedBerryPremium,Pattaya_Beach,Grab,Afternoon,3,3,9,3,4.0,5.0,-1.6919999999999786,43.739999999999995,-45.431999999999974,160.2,3.0,1.3333333333333333,1.25,-0.1879999999999976,10.934999999999999,,-1.0386831275720159,,-0.28359550561797736,OPTIMIZE / TARGET ONLY
RC102,MixedBerryPremium,Pattaya_Beach,Grab,Dinner,4,4,18,4,8.0,10.0,-3.3839999999999435,87.84999999999998,-91.23399999999992,320.4,4.5,2.0,1.25,-0.18799999999999686,10.981249999999998,,-1.0385202048947062,,-0.28475031210986246,OPTIMIZE / TARGET ONLY
RC102,MixedBerryPremium,Pattaya_Beach,Grab,Late Evening,2,2,13,2,7.5,5.5,-2.4439999999999173,81.91999999999999,-84.36399999999989,231.39999999999995,6.5,3.75,0.7333333333333334,-0.18799999999999364,10.922666666666665,,-1.029833984374999,,-0.3645808124459806,OPTIMIZE / TARGET ONLY
RC102,MixedBerryPremium,Pattaya_Beach,Grab,Late Night,1,1,8,1,1.0,7.0,-1.5039999999999625,10.75,-12.253999999999962,142.39999999999998,8.0,1.0,7.0,-0.1879999999999953,10.75,,-1.1399069767441825,,-0.0860533707865166,OPTIMIZE / TARGET ONLY
RC102,MixedBerryPremium,Pattaya_Beach,Grab,Lunch,4,4,9,4,11.0,-2.0,-1.6919999999999644,121.20999999999997,-122.90199999999993,160.2,2.25,2.75,-0.18181818181818177,-0.18799999999999606,11.019090909090906,,-1.0139592442867746,,-0.7671785268414478,REDUCE / PAUSE BLANKET USE
RC102,MixedBerryPremium,Pattaya_Beach,Grab,Morning,2,2,4,2,3.0,1.0,-0.751999999999981,33.35999999999999,-34.11199999999997,71.19999999999999,2.0,1.5,0.33333333333333326,-0.18799999999999525,11.119999999999997,,-1.022541966426858,,-0.47910112359550533,OPTIMIZE / TARGET ONLY
RC102,MixedBerryPremium,Pattaya_Beach,LINE MAN,Afternoon,8,8,33,8,21.0,12.0,-128.4399999999999,173.24500000000003,-301.68499999999995,587.3999999999999,4.125,2.625,0.5714285714285714,-3.8921212121212094,8.249761904761906,,-1.7413778175416312,,-0.5135938032005448,OPTIMIZE / TARGET ONLY
RC102,MixedBerryPremium,Pattaya_Beach,LINE MAN,Dinner,8,8,45,8,20.5,24.5,-136.81999999999985,193.01000000000005,-329.8299999999999,800.9999999999999,5.625,2.5625,1.1951219512195124,-3.040444444444441,9.415121951219515,,-1.708875187814102,,-0.411772784019975,OPTIMIZE / TARGET ONLY
RC102,MixedBerryPremium,Pattaya_Beach,LINE MAN,Late Evening,8,8,47,8,24.5,22.5,-321.6899999999998,163.60500000000002,-485.29499999999985,836.5999999999998,5.875,3.0625,0.9183673469387754,-6.84446808510638,6.677755102040817,,-2.9662601998716407,,-0.5800800860626344,OPTIMIZE / TARGET ONLY
RC102,MixedBerryPremium,Pattaya_Beach,LINE MAN,Late Night,1,1,2,1,1.0,1.0,2.300000000000012,12.760000000000002,-10.45999999999999,35.599999999999994,2.0,1.0,1.0,1.150000000000006,12.760000000000002,10.095652173912988,-0.8197492163009396,-9.095652173912988,-0.2938202247191009,OPTIMIZE / TARGET ONLY
RC102,MixedBerryPremium,Pattaya_Beach,LINE MAN,Lunch,11,11,63,11,39.0,24.0,-154.6499999999997,383.1700000000001,-537.8199999999998,1121.3999999999999,5.7272727272727275,3.5454545454545454,0.6153846153846154,-2.4547619047619,9.824871794871797,,-1.403606754182216,,-0.47959693240592105,OPTIMIZE / TARGET ONLY
RC102,MixedBerryPremium,Pattaya_Beach,LINE MAN,Morning,10,10,42,10,17.5,24.5,-189.86999999999995,127.69500000000002,-317.56499999999994,747.5999999999999,4.2,1.75,1.4,-4.520714285714284,7.296857142857144,,-2.486902384588276,,-0.42477929373996787,OPTIMIZE / TARGET ONLY
RC102,MixedBerryPremium,Pattaya_Central,Grab,Afternoon,8,8,54,8,25.666666666666664,28.333333333333336,74.47800000000014,375.03999999999996,-300.56199999999984,961.1999999999998,6.75,3.208333333333333,1.103896103896104,1.3792222222222248,14.611948051948051,9.594339198222205,-0.8014131825938563,-8.4904430943261,-0.3126945484810652,OPTIMIZE / TARGET ONLY
RC102,MixedBerryPremium,Pattaya_Central,Grab,Dinner,11,11,64,11,31.0,33.0,117.47800000000016,463.71000000000004,-346.23199999999986,1139.1999999999998,5.818181818181818,2.8181818181818183,1.064516129032258,1.8355937500000026,14.958387096774194,7.149072798256244,-0.7466563153695194,-6.084556669223986,-0.3039255617977527,OPTIMIZE / TARGET ONLY
RC102,MixedBerryPremium,Pattaya_Central,Grab,Late Evening,5,5,42,5,16.333333333333332,25.666666666666664,31.89400000000009,220.39333333333337,-188.49933333333328,747.5999999999999,8.4,3.2666666666666666,1.5714285714285716,0.7593809523809545,13.493469387755106,16.769038511497865,-0.8552860038113672,-15.197609940069293,-0.252139290172998,OPTIMIZE / TARGET ONLY
RC102,MixedBerryPremium,Pattaya_Central,Grab,Late Night,4,4,17,4,5.5,11.5,30.46400000000004,84.185,-53.72099999999996,302.59999999999997,4.25,1.375,2.090909090909091,1.7920000000000025,15.306363636363637,7.541497564935053,-0.6381303082496876,-5.450588474025962,-0.17753139458030393,OPTIMIZE / TARGET ONLY
RC102,MixedBerryPremium,Pattaya_Central,Grab,Lunch,8,8,63,8,36.333333333333336,26.666666666666668,201.4160000000001,553.7033333333334,-352.28733333333327,1121.3999999999999,7.875,4.541666666666667,0.7339449541284402,3.1970793650793667,15.23954128440367,3.766707217487343,-0.6362384188885744,-3.0327622633589026,-0.31414957493609175,OPTIMIZE / TARGET ONLY
RC102,MixedBerryPremium,Pattaya_Central,Grab,Morning,7,7,19,7,13.0,6.0,80.57800000000007,211.45333333333332,-130.87533333333326,338.19999999999993,2.7142857142857144,1.8571428571428572,0.46153846153846145,4.240947368421057,16.265641025641024,2.8353791293799695,-0.6189324673686862,-2.373840667841508,-0.38697614823575777,OPTIMIZE / TARGET ONLY
RC102,MixedBerryPremium,Pattaya_Central,LINE MAN,Afternoon,5,5,29,5,19.0,10.0,-185.09999999999985,187.90000000000003,-372.9999999999999,516.1999999999999,5.8,3.8,0.5263157894736843,-6.38275862068965,9.889473684210529,,-1.9850984566258638,,-0.722588144130182,OPTIMIZE / TARGET ONLY
RC102,MixedBerryPremium,Pattaya_Central,LINE MAN,Dinner,7,7,28,7,25.666666666666668,2.333333333333333,-48.51999999999988,212.09000000000006,-260.60999999999996,498.3999999999999,4.0,3.666666666666667,0.09090909090909083,-1.7328571428571387,8.263246753246754,,-1.2287708048469983,,-0.5228932584269663,OPTIMIZE / TARGET ONLY
RC102,MixedBerryPremium,Pattaya_Central,LINE MAN,Late Evening,4,4,26,4,20.166666666666668,5.833333333333333,-78.51999999999992,175.43833333333336,-253.9583333333333,462.79999999999995,6.5,5.041666666666667,0.28925619834710736,-3.019999999999997,8.699421487603306,,-1.4475646713470065,,-0.5487431575914722,OPTIMIZE / TARGET ONLY
RC102,MixedBerryPremium,Pattaya_Central,LINE MAN,Late Night,3,3,9,3,6.0,3.0,-30.359999999999957,37.90000000000002,-68.25999999999998,160.2,3.0,2.0,0.5,-3.3733333333333286,6.31666666666667,,-1.8010554089709747,,-0.4260923845193507,OPTIMIZE / TARGET ONLY
RC102,MixedBerryPremium,Pattaya_Central,LINE MAN,Lunch,5,5,26,5,11.666666666666666,14.333333333333334,-23.399999999999892,89.71500000000003,-113.11499999999992,462.79999999999995,5.2,2.333333333333333,1.2285714285714286,-0.8999999999999958,7.689857142857146,,-1.2608259488379856,,-0.24441443388072587,OPTIMIZE / TARGET ONLY
RC102,MixedBerryPremium,Pattaya_Central,LINE MAN,Morning,5,5,15,5,13.0,2.0,-119.49999999999994,48.19500000000002,-167.69499999999996,266.99999999999994,3.0,2.6,0.15384615384615374,-7.966666666666663,3.707307692307694,,-3.479510322647575,,-0.6280711610486891,OPTIMIZE / TARGET ONLY
RC102,PassionFruit,BKK_Ladprao,Grab,Afternoon,11,11,35,11,26.0,9.0,249.74,450.62,-200.87999999999997,455.0,3.1818181818181817,2.3636363636363638,0.34615384615384626,7.135428571428572,17.33153846153846,1.4289414837584933,-0.44578580622253783,-1.082787637604647,-0.4414945054945054,OPTIMIZE / TARGET ONLY
RC102,PassionFruit,BKK_Ladprao,Grab,Dinner,18,18,67,18,49.5,17.5,481.3000000000001,837.455,-356.15499999999986,871.0,3.7222222222222223,2.75,0.3535353535353536,7.183582089552241,16.91828282828283,1.3551318294098262,-0.42528255249535785,-1.0015964758744726,-0.4089035591274396,OPTIMIZE / TARGET ONLY
RC102,PassionFruit,BKK_Ladprao,Grab,Late Evening,9,9,33,9,26.5,6.5,234.86000000000004,387.01500000000004,-152.15499999999997,429.0,3.6666666666666665,2.9444444444444446,0.24528301886792447,7.116969696969698,14.604339622641511,1.0520446544629558,-0.3931501362996266,-0.8067616355950313,-0.3546736596736596,OPTIMIZE / TARGET ONLY
RC102,PassionFruit,BKK_Ladprao,Grab,Late Night,3,3,10,3,5.0,5.0,97.46000000000001,93.81000000000002,3.6499999999999986,130.0,3.3333333333333335,1.6666666666666667,1.0,9.746,18.762000000000004,0.9250974758875439,0.03890843193689353,0.07490252411245613,0.028076923076923065,KEEP / SCALE SELECTIVELY
RC102,PassionFruit,BKK_Ladprao,Grab,Lunch,15,15,73,15,44.0,29.0,508.2500000000001,727.255,-219.00499999999997,949.0,4.866666666666666,2.933333333333333,0.6590909090909092,6.96232876712329,16.528522727272726,1.3739934266422207,-0.30113921526837195,-0.7149025175513115,-0.23077449947312959,OPTIMIZE / TARGET ONLY
RC102,PassionFruit,BKK_Ladprao,Grab,Morning,8,8,24,8,11.0,13.0,173.00000000000003,173.70999999999998,-0.7099999999999653,312.0,3.0,1.375,1.1818181818181817,7.208333333333335,15.79181818181818,1.1907724645296893,-0.004087271889931188,-0.008954282711507666,-0.0022756410256409144,OPTIMIZE / TARGET ONLY
RC102,PassionFruit,BKK_Ladprao,LINE MAN,Afternoon,15,15,69,15,32.5,36.5,382.45999999999987,445.35499999999996,-62.89500000000009,897.0,4.6,2.1666666666666665,1.123076923076923,5.542898550724636,13.703230769230768,1.4722138866206227,-0.14122441647674355,-0.3491369635436996,-0.0701170568561874,OPTIMIZE / TARGET ONLY
RC102,PassionFruit,BKK_Ladprao,LINE MAN,Dinner,16,16,61,16,34.0,27.0,286.1199999999999,442.34999999999997,-156.2300000000001,793.0,3.8125,2.125,0.7941176470588236,4.690491803278687,13.010294117647058,1.773759056257762,-0.3531818695603032,-0.9796414091989385,-0.1970113493064314,OPTIMIZE / TARGET ONLY
RC102,PassionFruit,BKK_Ladprao,LINE MAN,Late Evening,9,9,37,9,22.5,14.5,194.56999999999994,327.295,-132.72500000000008,481.0,4.111111111111111,2.5,0.6444444444444444,5.258648648648647,14.546444444444445,1.7661944001873087,-0.4055210131532717,-1.1217499557428643,-0.2759355509355511,OPTIMIZE / TARGET ONLY
RC102,PassionFruit,BKK_Ladprao,LINE MAN,Late Night,2,2,5,2,2.0,3.0,33.68000000000001,32.16,1.5200000000000138,65.0,2.5,1.0,1.5,6.7360000000000015,16.08,1.3871733966745836,0.047263681592040196,0.11282660332541639,0.023384615384615597,KEEP / SCALE SELECTIVELY
RC102,PassionFruit,BKK_Ladprao,LINE MAN,Lunch,15,15,71,15,34.0,37.0,366.29,503.94,-137.64999999999995,923.0,4.733333333333333,2.2666666666666666,1.0882352941176472,5.159014084507042,14.821764705882353,1.872983958387199,-0.2731475969361431,-0.7847486642695518,-0.14913326110509204,OPTIMIZE / TARGET ONLY
RC102,PassionFruit,BKK_Ladprao,LINE MAN,Morning,11,11,27,11,18.0,9.0,149.85999999999993,266.715,-116.85500000000005,351.0,2.4545454545454546,1.6363636363636365,0.5,5.550370370370367,14.817499999999999,1.669641665554519,-0.43812683951033893,-1.169641665554519,-0.3329202279202281,OPTIMIZE / TARGET ONLY
RC102,PassionFruit,BKK_Sukhumvit,Grab,Afternoon,16,16,99,16,56.5,42.5,778.54,905.8199999999999,-127.27999999999996,1287.0,6.1875,3.53125,0.752212389380531,7.864040404040404,16.03221238938053,1.038673705331354,-0.14051356781700552,-0.2864613159508229,-0.09889665889665887,OPTIMIZE / TARGET ONLY
RC102,PassionFruit,BKK_Sukhumvit,Grab,Dinner,25,25,158,25,86.0,72.0,1075.2500000000002,1413.165,-337.9149999999998,2054.0,6.32,3.44,0.8372093023255813,6.805379746835444,16.432151162790696,1.414582547055038,-0.23911928189560294,-0.5773732447294566,-0.16451557935735142,OPTIMIZE / TARGET ONLY
RC102,PassionFruit,BKK_Sukhumvit,Grab,Late Evening,14,14,69,14,64.5,4.5,547.46,1092.42,-544.9599999999999,897.0,4.928571428571429,4.607142857142857,0.06976744186046502,7.934202898550725,16.936744186046514,1.134649743976198,-0.4988557514509072,-1.064882302115733,-0.6075362318840579,OPTIMIZE / TARGET ONLY
RC102,PassionFruit,BKK_Sukhumvit,Grab,Late Night,7,7,15,7,14.0,1.0,121.01999999999998,235.81,-114.79000000000002,195.0,2.142857142857143,2.0,0.0714285714285714,8.068,16.84357142857143,1.0877009703236777,-0.4867902124591833,-1.0162723988951063,-0.5886666666666668,OPTIMIZE / TARGET ONLY
RC102,PassionFruit,BKK_Sukhumvit,Grab,Lunch,24,24,173,24,104.5,68.5,1339.3300000000004,1831.385,-492.05499999999967,2249.0,7.208333333333333,4.354166666666667,0.6555023923444976,7.741791907514453,17.525215311004786,1.2637156255768387,-0.2686791690441931,-0.6082132332323411,-0.2187883503779456,OPTIMIZE / TARGET ONLY
RC102,PassionFruit,BKK_Sukhumvit,Grab,Morning,18,18,63,18,39.0,24.0,538.6,677.335,-138.73499999999996,819.0,3.5,2.1666666666666665,0.6153846153846154,8.549206349206349,17.367564102564103,1.0314826187551773,-0.20482479127758058,-0.4160980033705619,-0.16939560439560433,OPTIMIZE / TARGET ONLY
RC102,PassionFruit,BKK_Sukhumvit,LINE MAN,Afternoon,15,15,102,15,50.5,51.5,553.4499999999999,677.9850000000001,-124.53500000000011,1326.0,6.8,3.3666666666666667,1.0198019801980198,5.425980392156862,13.425445544554458,1.4742893586494805,-0.18368400480836622,-0.4544873784514607,-0.09391779788838621,OPTIMIZE / TARGET ONLY
RC102,PassionFruit,BKK_Sukhumvit,LINE MAN,Dinner,19,19,84,19,78.0,6.0,405.69,1062.75,-657.0600000000001,1092.0,4.421052631578948,4.105263157894737,0.07692307692307687,4.829642857142857,13.625,1.821119574059011,-0.6182639378969654,-1.744196497135934,-0.6017032967032968,OPTIMIZE / TARGET ONLY
RC102,PassionFruit,BKK_Sukhumvit,LINE MAN,Late Evening,9,9,65,9,35.5,29.5,210.0299999999998,470.665,-260.6350000000002,845.0,7.222222222222222,3.9444444444444446,0.8309859154929577,3.2312307692307662,13.258169014084508,3.1031328187187253,-0.5537590430561019,-2.2721469032257673,-0.3084437869822488,OPTIMIZE / TARGET ONLY
RC102,PassionFruit,BKK_Sukhumvit,LINE MAN,Late Night,9,9,25,9,9.0,16.0,134.99,126.33000000000001,8.659999999999991,325.0,2.7777777777777777,1.0,1.7777777777777777,5.3996,14.036666666666669,1.5995752771810259,0.06855062138842705,0.1782025005967518,0.02664615384615382,KEEP / SCALE SELECTIVELY
RC102,PassionFruit,BKK_Sukhumvit,LINE MAN,Lunch,18,18,133,18,77.5,55.5,426.7599999999998,1040.5800000000002,-613.8200000000003,1729.0,7.388888888888889,4.305555555555555,0.7161290322580645,3.208721804511277,13.42683870967742,3.1844820235895996,-0.5898825654923219,-2.4683529913315354,-0.3550144592249857,OPTIMIZE / TARGET ONLY
RC102,PassionFruit,BKK_Sukhumvit,LINE MAN,Morning,13,13,53,13,25.5,27.5,262.4799999999999,358.79499999999996,-96.31500000000005,689.0,4.076923076923077,1.9615384615384615,1.0784313725490198,4.952452830188678,14.070392156862743,1.8410956427679275,-0.2684401956549006,-0.7626642702189077,-0.13978955007256902,OPTIMIZE / TARGET ONLY
RC102,PassionFruit,Pattaya_Beach,Grab,Afternoon,14,14,83,14,57.5,25.5,634.9799999999999,981.905,-346.92500000000007,1079.0,5.928571428571429,4.107142857142857,0.4434782608695653,7.6503614457831315,17.076608695652173,1.2321309674936698,-0.3533182945396959,-0.7886527066241045,-0.3215245597775719,OPTIMIZE / TARGET ONLY
RC102,PassionFruit,Pattaya_Beach,Grab,Dinner,20,20,144,20,56.0,88.0,1047.71,953.0766666666668,94.6333333333333,1872.0,7.2,2.8,1.5714285714285716,7.275763888888889,17.019226190476193,1.3391669177812293,0.09929246685296378,0.2322616536473423,0.05055199430199428,KEEP / SCALE SELECTIVELY
RC102,PassionFruit,Pattaya_Beach,Grab,Late Evening,10,10,73,10,41.833333333333336,31.166666666666664,569.9100000000001,665.9616666666667,-96.05166666666656,949.0,7.3,4.183333333333334,0.7450199203187251,7.806986301369864,15.919402390438247,1.0391226237511044,-0.14423002324958634,-0.2941027034323793,-0.10121355813136625,OPTIMIZE / TARGET ONLY
RC102,PassionFruit,Pattaya_Beach,Grab,Late Night,8,8,23,8,10.5,12.5,181.42,171.8216666666667,9.598333333333315,299.0,2.875,1.3125,1.1904761904761907,7.8878260869565215,16.363968253968256,1.0745853259909044,0.05586218268941612,0.1158908644852863,0.03210144927536226,KEEP / SCALE SELECTIVELY
RC102,PassionFruit,Pattaya_Beach,Grab,Lunch,19,19,122,19,67.5,54.5,923.7799999999999,1146.4750000000001,-222.69500000000025,1586.0,6.421052631578948,3.5526315789473686,0.8074074074074074,7.571967213114753,16.98481481481482,1.2431178499289963,-0.19424322379467518,-0.43571044252158897,-0.14041298865069374,OPTIMIZE / TARGET ONLY
RC102,PassionFruit,Pattaya_Beach,Grab,Morning,14,14,62,14,26.166666666666668,35.833333333333336,474.41999999999996,449.415,25.0049999999999,806.0,4.428571428571429,1.869047619047619,1.3694267515923566,7.651935483870967,17.175095541401273,1.2445426490596496,0.05563899736323874,0.12488410253270699,0.03102357320099243,KEEP / SCALE SELECTIVELY
RC102,PassionFruit,Pattaya_Beach,LINE MAN,Afternoon,14,14,89,14,48.166666666666664,40.833333333333336,381.52,615.5425,-234.02249999999998,1157.0,6.357142857142857,3.4404761904761902,0.8477508650519032,4.286741573033708,12.779429065743946,1.981152198708354,-0.380189020254491,-1.1334013336564508,-0.2022666378565255,OPTIMIZE / TARGET ONLY
RC102,PassionFruit,Pattaya_Beach,LINE MAN,Dinner,18,18,120,18,71.25,48.75,560.1899999999999,915.6816666666666,-355.4916666666666,1560.0,6.666666666666667,3.9583333333333335,0.6842105263157894,4.66825,12.851672514619882,1.752995772424331,-0.38822625766960506,-1.0687852461085416,-0.22787927350427348,OPTIMIZE / TARGET ONLY
RC102,PassionFruit,Pattaya_Beach,LINE MAN,Late Evening,10,10,99,10,52.91666666666667,46.08333333333333,474.5500000000001,670.9633333333333,-196.4133333333331,1287.0,9.9,5.291666666666667,0.8708661417322834,4.7934343434343445,12.679622047244091,1.645206158839247,-0.2927333336645318,-0.7743400171069637,-0.15261331261331243,OPTIMIZE / TARGET ONLY
RC102,PassionFruit,Pattaya_Beach,LINE MAN,Late Night,7,7,16,7,12.583333333333332,3.416666666666667,77.61000000000003,164.82083333333333,-87.21083333333331,208.0,2.2857142857142856,1.7976190476190474,0.2715231788079471,4.850625000000002,13.098344370860929,1.700341578840031,-0.5291250600399422,-1.4288184000320838,-0.41928285256410247,OPTIMIZE / TARGET ONLY
RC102,PassionFruit,Pattaya_Beach,LINE MAN,Lunch,20,20,132,20,80.33333333333333,51.66666666666667,662.9200000000001,1080.8766666666668,-417.95666666666665,1716.0,6.6,4.016666666666667,0.6431535269709545,5.022121212121212,13.454896265560167,1.6791261495413354,-0.38668303198329745,-1.035972622570381,-0.24356449106449105,OPTIMIZE / TARGET ONLY
RC102,PassionFruit,Pattaya_Beach,LINE MAN,Morning,15,15,61,15,33.333333333333336,27.666666666666664,281.46,433.78583333333336,-152.32583333333338,793.0,4.066666666666666,2.2222222222222223,0.8299999999999998,4.6140983606557375,13.013575,1.8203939280892487,-0.3511544675463891,-0.9903939280892489,-0.1920880622110131,OPTIMIZE / TARGET ONLY
RC102,PassionFruit,Pattaya_Central,Grab,Afternoon,3,3,27,3,15.0,12.0,270.81000000000006,278.85,-8.04000000000002,351.0,9.0,5.0,0.8,10.030000000000003,18.59,0.8534396809571281,-0.02883270575578256,-0.05343968095712803,-0.022905982905982964,OPTIMIZE / TARGET ONLY
RC102,PassionFruit,Pattaya_Central,Grab,Dinner,3,3,29,3,22.0,7.0,290.8700000000001,405.08500000000004,-114.21499999999999,377.0,9.666666666666666,7.333333333333333,0.3181818181818181,10.030000000000005,18.412954545454546,0.83578809027463,-0.28195317032227785,-0.5176062720928118,-0.3029575596816976,OPTIMIZE / TARGET ONLY
RC102,PassionFruit,Pattaya_Central,Grab,Late Evening,2,2,31,2,28.5,2.5,310.93000000000006,527.97,-217.03999999999996,403.0,15.5,14.25,0.08771929824561409,10.030000000000003,18.525263157894738,0.8469853597103423,-0.4110839631039641,-0.7592660614647282,-0.538560794044665,OPTIMIZE / TARGET ONLY
RC102,PassionFruit,Pattaya_Central,Grab,Late Night,3,3,15,3,3.5,11.5,150.45000000000002,63.425000000000004,87.025,195.0,5.0,1.1666666666666667,3.2857142857142856,10.030000000000001,18.121428571428574,0.8067226890756303,1.3720930232558142,2.4789915966386555,0.4462820512820513,KEEP / SCALE SELECTIVELY
RC102,PassionFruit,Pattaya_Central,Grab,Lunch,4,4,44,4,21.0,23.0,441.32000000000016,386.0850000000001,55.235000000000085,572.0,11.0,5.25,1.0952380952380953,10.030000000000003,18.385000000000005,0.8330009970089731,0.14306435111439209,0.2622370982291222,0.09656468531468547,KEEP / SCALE SELECTIVELY
RC102,PassionFruit,Pattaya_Central,Grab,Morning,4,4,29,4,12.5,16.5,290.8700000000001,229.50500000000002,61.365000000000094,377.0,7.25,3.125,1.3199999999999998,10.030000000000005,18.360400000000002,0.8305483549351937,0.267379795647154,0.4894516450648061,0.16277188328912492,KEEP / SCALE SELECTIVELY
RC102,PassionFruit,Pattaya_Central,LINE MAN,Afternoon,28,28,223,28,117.83333333333333,105.16666666666667,975.3699999999998,1427.1283333333333,-451.7583333333336,2899.0,7.964285714285714,4.208333333333333,0.8925035360678926,4.373856502242152,12.111414427157001,1.769047045998966,-0.3165506021999892,-0.8765435099310734,-0.1558324709670002,OPTIMIZE / TARGET ONLY
RC102,PassionFruit,Pattaya_Central,LINE MAN,Dinner,38,38,297,38,159.66666666666666,137.33333333333334,934.0399999999997,1901.6433333333332,-967.6033333333336,3861.0,7.815789473684211,4.201754385964912,0.860125260960334,3.144915824915824,11.91008350730689,2.7870913469124954,-0.5088248234421808,-1.9269660859521613,-0.25060951394284736,OPTIMIZE / TARGET ONLY
RC102,PassionFruit,Pattaya_Central,LINE MAN,Late Evening,20,20,193,20,96.0,97.0,546.5599999999998,1127.2183333333335,-580.6583333333335,2509.0,9.65,4.8,1.0104166666666665,2.831917098445595,11.74185763888889,3.1462575459337607,-0.5151249905741422,-2.135840879267094,-0.23143018466852672,OPTIMIZE / TARGET ONLY
RC102,PassionFruit,Pattaya_Central,LINE MAN,Late Night,17,17,48,17,27.5,20.5,150.31,334.9666666666667,-184.6566666666667,624.0,2.823529411764706,1.6176470588235294,0.7454545454545454,3.1314583333333332,12.180606060606062,2.889755112162138,-0.551268782963479,-2.1443005667075923,-0.29592414529914535,OPTIMIZE / TARGET ONLY
RC102,PassionFruit,Pattaya_Central,LINE MAN,Lunch,39,39,277,39,173.66666666666666,103.33333333333333,1127.2199999999998,2110.5916666666667,-983.3716666666669,3601.0,7.102564102564102,4.452991452991453,0.5950095969289828,4.0693862815884465,12.153119001919386,1.9864746575927246,-0.4659222729803255,-1.3914650606637418,-0.2730829399240952,OPTIMIZE / TARGET ONLY
RC102,PassionFruit,Pattaya_Central,LINE MAN,Morning,35,35,147,35,82.0,65.0,459.68999999999994,947.2000000000002,-487.5100000000001,1911.0,4.2,2.342857142857143,0.7926829268292683,3.127142857142857,11.551219512195123,2.6938573131734067,-0.5146853885135136,-1.9011743863441384,-0.2551072736787023,OPTIMIZE / TARGET ONLY
RC102,Pineapple,BKK_Ladprao,Grab,Afternoon,7,7,56,7,29.666666666666668,26.333333333333336,492.51200000000006,496.8833333333334,-4.371333333333332,548.7999999999998,8.0,4.238095238095238,0.8876404494382022,8.794857142857143,16.748876404494382,0.9043943673487862,-0.008797504444369886,-0.016753917910584004,-0.007965257531584063,OPTIMIZE / TARGET ONLY
RC102,Pineapple,BKK_Ladprao,Grab,Dinner,11,11,81,11,46.5,34.5,731.222,785.135,-53.91300000000002,793.7999999999997,7.363636363636363,4.2272727272727275,0.7419354838709677,9.027432098765432,16.884623655913977,0.870368391718291,-0.06866717188763716,-0.1284329078473232,-0.0679176114890401,OPTIMIZE / TARGET ONLY
RC102,Pineapple,BKK_Ladprao,Grab,Late Evening,5,5,52,5,22.666666666666668,29.333333333333332,473.0140000000001,378.46,94.55400000000012,509.59999999999985,10.4,4.533333333333333,1.2941176470588234,9.09642307692308,16.69676470588235,0.8355307976209627,0.24983882048301043,0.45858684943786066,0.18554552590266904,KEEP / SCALE SELECTIVELY
RC102,Pineapple,BKK_Ladprao,Grab,Late Night,3,3,9,3,4.0,5.0,88.95800000000001,67.02000000000002,21.938000000000002,88.19999999999997,3.0,1.3333333333333333,1.25,9.884222222222224,16.755000000000006,0.6951257896985097,0.3273351238436284,0.5548742103014903,0.24873015873015883,KEEP / SCALE SELECTIVELY
RC102,Pineapple,BKK_Ladprao,Grab,Lunch,12,12,83,12,55.5,27.5,756.276,949.9033333333334,-193.62733333333347,813.3999999999997,6.916666666666667,4.625,0.49549549549549554,9.111759036144578,17.115375375375375,0.8783832306673174,-0.2038389871250058,-0.38288773517182184,-0.2380468814031639,OPTIMIZE / TARGET ONLY
RC102,Pineapple,BKK_Ladprao,Grab,Morning,10,10,34,10,23.666666666666668,10.333333333333334,311.4580000000001,392.33000000000004,-80.87199999999996,333.19999999999993,3.4,2.3666666666666667,0.436619718309859,9.160529411764708,16.577323943661973,0.8096469317998156,-0.2061325924604286,-0.3730272134899566,-0.24271308523409355,OPTIMIZE / TARGET ONLY
RC102,Pineapple,BKK_Ladprao,LINE MAN,Afternoon,19,19,100,19,72.16666666666667,27.833333333333332,656.0900000000001,1004.26,-348.1699999999999,979.9999999999998,5.2631578947368425,3.7982456140350878,0.3856812933025404,6.560900000000001,13.915842956120091,1.121026529305444,-0.3466930874474736,-0.7353452360029036,-0.3552755102040816,OPTIMIZE / TARGET ONLY
RC102,Pineapple,BKK_Ladprao,LINE MAN,Dinner,26,26,137,26,104.66666666666667,32.333333333333336,887.7500000000002,1472.0166666666667,-584.2666666666665,1342.5999999999997,5.269230769230769,4.0256410256410255,0.30891719745222934,6.479927007299271,14.063853503184713,1.1703722105731402,-0.3969157957903555,-0.8614550131209109,-0.43517553006604104,OPTIMIZE / TARGET ONLY
RC102,Pineapple,BKK_Ladprao,LINE MAN,Late Evening,12,12,92,12,46.166666666666664,45.83333333333333,597.7500000000001,641.5883333333334,-43.838333333333324,901.5999999999997,7.666666666666667,3.847222222222222,0.9927797833935019,6.497282608695653,13.897220216606499,1.1389280801803392,-0.06832782183799047,-0.14614829678683727,-0.048622818692694476,OPTIMIZE / TARGET ONLY
RC102,Pineapple,BKK_Ladprao,LINE MAN,Late Night,10,10,28,10,17.5,10.5,180.54000000000008,239.46500000000003,-58.92499999999994,274.3999999999999,2.8,1.75,0.6000000000000001,6.447857142857146,13.683714285714288,1.122211144344743,-0.2460693629549201,-0.5222111443447428,-0.2147412536443147,OPTIMIZE / TARGET ONLY
RC102,Pineapple,BKK_Ladprao,LINE MAN,Lunch,25,25,199,25,115.33333333333333,83.66666666666667,1296.3600000000001,1620.9266666666667,-324.56666666666655,1950.1999999999994,7.96,4.613333333333333,0.7254335260115607,6.514371859296483,14.0542774566474,1.1574263428930482,-0.20023525637598238,-0.4319928168814875,-0.16642737497008853,OPTIMIZE / TARGET ONLY
RC102,Pineapple,BKK_Ladprao,LINE MAN,Morning,16,16,65,16,33.333333333333336,31.666666666666664,444.0800000000001,478.1266666666667,-34.046666666666624,636.9999999999998,4.0625,2.0833333333333335,0.95,6.832000000000002,14.3438,1.099502341920374,-0.0712084663757162,-0.14950234192037404,-0.053448456305599114,OPTIMIZE / TARGET ONLY
RC102,Pineapple,BKK_Sukhumvit,Grab,Afternoon,15,15,228,15,105.66666666666667,122.33333333333333,1976.3860000000002,1804.7900000000002,171.59599999999995,2234.399999999999,15.2,7.044444444444445,1.1577287066246056,8.668359649122808,17.080031545741328,0.9703879669401738,0.0950780977288217,0.18734073968443177,0.07679735051915504,KEEP / SCALE SELECTIVELY
RC102,Pineapple,BKK_Sukhumvit,Grab,Dinner,20,20,219,20,126.0,93.0,1900.908,2158.94,-258.03200000000015,2146.1999999999994,10.95,6.3,0.7380952380952381,8.679945205479452,17.134444444444444,0.9740267984212456,-0.11951791156771385,-0.23593156032600748,-0.12022737862268205,OPTIMIZE / TARGET ONLY
RC102,Pineapple,BKK_Sukhumvit,Grab,Late Evening,10,10,152,10,79.83333333333333,72.16666666666667,1316.734,1377.665,-60.931000000000026,1489.5999999999995,15.2,7.9833333333333325,0.9039665970772444,8.662723684210526,17.256764091858038,0.9920713993581254,-0.044227733157189864,-0.08810480228088102,-0.040904269602577904,OPTIMIZE / TARGET ONLY
RC102,Pineapple,BKK_Sukhumvit,Grab,Late Night,15,15,50,15,34.5,15.5,429.5900000000001,590.4716666666667,-160.8816666666666,489.9999999999999,3.3333333333333335,2.3,0.4492753623188406,8.591800000000001,17.11512077294686,0.9920296995911051,-0.272462974514724,-0.5427543372722645,-0.3283299319727891,OPTIMIZE / TARGET ONLY
RC102,Pineapple,BKK_Sukhumvit,Grab,Lunch,20,20,259,20,154.5,104.5,2225.288,2631.655,-406.36699999999996,2538.1999999999994,12.95,7.725,0.6763754045307444,8.59184555984556,17.03336569579288,0.9825037097267213,-0.15441499740657505,-0.3061283051959769,-0.1601004648963833,OPTIMIZE / TARGET ONLY
RC102,Pineapple,BKK_Sukhumvit,Grab,Morning,20,20,107,20,70.5,36.5,922.3640000000001,1206.7150000000001,-284.3509999999999,1048.5999999999997,5.35,3.525,0.5177304964539007,8.620224299065422,17.116524822695037,0.9856240660177205,-0.23564056135873013,-0.4678935695638198,-0.27117203890902153,OPTIMIZE / TARGET ONLY
RC102,Pineapple,BKK_Sukhumvit,LINE MAN,Afternoon,15,15,140,15,109.75,30.25,1011.27,1571.5116666666668,-560.2416666666669,1371.9999999999995,9.333333333333334,7.316666666666666,0.27562642369020507,7.223357142857143,14.319012908124526,0.9823210489161485,-0.356498573030002,-0.7066946252259434,-0.4083394071914483,OPTIMIZE / TARGET ONLY
RC102,Pineapple,BKK_Sukhumvit,LINE MAN,Dinner,20,20,200,20,127.66666666666667,72.33333333333333,1427.96,1809.23,-381.27000000000004,1959.9999999999993,10.0,6.383333333333334,0.5665796344647518,7.1398,14.171514360313315,0.9848615311792088,-0.21073605898641967,-0.41828189671445704,-0.1945255102040817,OPTIMIZE / TARGET ONLY
RC102,Pineapple,BKK_Sukhumvit,LINE MAN,Late Evening,10,10,130,10,68.83333333333333,61.16666666666667,938.51,972.2008333333334,-33.690833333333416,1273.9999999999995,13.0,6.883333333333333,0.8886198547215498,7.219307692307693,14.12398305084746,0.9564179354617104,-0.03465419096362987,-0.06779808074016058,-0.026444924123495625,OPTIMIZE / TARGET ONLY
RC102,Pineapple,BKK_Sukhumvit,LINE MAN,Late Night,13,13,36,13,26.166666666666668,9.833333333333334,254.76000000000008,374.53000000000003,-119.76999999999998,352.7999999999999,2.769230769230769,2.0128205128205128,0.37579617834394896,7.076666666666669,14.313248407643313,1.0225975140334396,-0.31978746695858795,-0.6468013356894906,-0.33948412698412705,OPTIMIZE / TARGET ONLY
RC102,Pineapple,BKK_Sukhumvit,LINE MAN,Lunch,20,20,234,20,157.66666666666666,76.33333333333333,1686.9200000000003,2244.9233333333336,-558.0033333333332,2293.1999999999994,11.7,7.883333333333333,0.4841437632135308,7.2090598290598304,14.238414376321355,0.9750722998477679,-0.24856231170477983,-0.4909285366342371,-0.24332955404383977,OPTIMIZE / TARGET ONLY
RC102,Pineapple,BKK_Sukhumvit,LINE MAN,Morning,17,17,100,17,54.75,45.25,713.0300000000001,777.5050000000001,-64.47499999999994,979.9999999999998,5.882352941176471,3.2205882352941178,0.8264840182648401,7.130300000000001,14.201004566210047,0.9916419458101406,-0.08292551173304352,-0.16515792754530056,-0.06579081632653057,OPTIMIZE / TARGET ONLY
RC102,Pineapple,Pattaya_Beach,Grab,Afternoon,6,6,49,6,35.0,14.0,418.808,572.05,-153.24200000000002,480.1999999999999,8.166666666666666,5.833333333333333,0.3999999999999999,8.547102040816327,16.344285714285714,0.912260510782984,-0.26788217813128223,-0.5122605107829841,-0.31912119950020834,OPTIMIZE / TARGET ONLY
RC102,Pineapple,Pattaya_Beach,Grab,Dinner,8,8,76,8,49.0,27.0,652.8320000000001,792.5200000000001,-139.68800000000005,744.7999999999997,9.5,6.125,0.5510204081632653,8.589894736842107,16.17387755102041,0.8828958964596574,-0.1762580124160904,-0.33187548829639213,-0.1875510204081634,OPTIMIZE / TARGET ONLY
RC102,Pineapple,Pattaya_Beach,Grab,Late Evening,4,4,101,4,41.0,60.0,860.152,669.4000000000001,190.752,989.7999999999997,25.25,10.25,1.4634146341463414,8.516356435643564,16.326829268292684,0.9171143659464387,0.2849596653719748,0.5463002681999027,0.19271772075166707,KEEP / SCALE SELECTIVELY
RC102,Pineapple,Pattaya_Beach,Grab,Late Night,3,3,12,3,6.0,6.0,104.54400000000004,95.68,8.864000000000033,117.59999999999997,4.0,2.0,1.0,8.712000000000003,15.946666666666667,0.8304254667891025,0.09264214046822783,0.16957453321089755,0.07537414965986425,KEEP / SCALE SELECTIVELY
RC102,Pineapple,Pattaya_Beach,Grab,Lunch,8,8,83,8,50.0,33.0,713.416,817.9300000000001,-104.51399999999995,813.3999999999997,10.375,6.25,0.6599999999999999,8.595373493975904,16.358600000000003,0.9031866400529287,-0.1277786607655912,-0.24318664005292878,-0.12849028768133758,OPTIMIZE / TARGET ONLY
RC102,Pineapple,Pattaya_Beach,Grab,Morning,8,8,48,8,31.0,17.0,413.37600000000003,515.5,-102.12400000000002,470.39999999999986,6.0,3.875,0.5483870967741935,8.612,16.629032258064516,0.9309141033516624,-0.1981066925315227,-0.38252700657746885,-0.21710034013605453,OPTIMIZE / TARGET ONLY
RC102,Pineapple,Pattaya_Beach,LINE MAN,Afternoon,24,24,297,24,173.16666666666666,123.83333333333333,2041.4100000000005,2465.9783333333335,-424.56833333333304,2910.599999999999,12.375,7.215277777777778,0.7151106833493746,6.8734343434343455,14.24049085659288,1.0718159431021128,-0.1721703421292562,-0.35670525975273826,-0.14586969467921843,OPTIMIZE / TARGET ONLY
RC102,Pineapple,Pattaya_Beach,LINE MAN,Dinner,32,32,425,32,237.16666666666666,187.83333333333334,2963.1,3477.5233333333335,-514.4233333333333,4164.999999999999,13.28125,7.411458333333333,0.7919887561489811,6.9719999999999995,14.662782853127197,1.103095647321744,-0.14792807524895601,-0.3111068911727628,-0.12351100440176072,OPTIMIZE / TARGET ONLY
RC102,Pineapple,Pattaya_Beach,LINE MAN,Late Evening,16,16,275,16,146.16666666666666,128.83333333333334,1948.4,2109.465,-161.06499999999988,2694.999999999999,17.1875,9.135416666666666,0.8814139110604333,7.085090909090909,14.431915621436717,1.0369414883468986,-0.07635348299213307,-0.15552757728646527,-0.05976437847866417,OPTIMIZE / TARGET ONLY
RC102,Pineapple,Pattaya_Beach,LINE MAN,Late Night,20,20,71,20,46.666666666666664,24.333333333333332,498.16000000000014,674.4100000000001,-176.2499999999999,695.7999999999998,3.55,2.333333333333333,0.5214285714285716,7.016338028169016,14.45164285714286,1.0597130296634472,-0.26133954122862935,-0.5382844582348756,-0.25330554757114104,OPTIMIZE / TARGET ONLY
RC102,Pineapple,Pattaya_Beach,LINE MAN,Lunch,31,31,451,31,258.0,193.0,3175.4800000000005,3705.221666666667,-529.7416666666663,4419.799999999998,14.548387096774194,8.32258064516129,0.748062015503876,7.0409756097560985,14.361324289405685,1.03967817606219,-0.14297165306798998,-0.2916161605583141,-0.11985647917703664,OPTIMIZE / TARGET ONLY
RC102,Pineapple,Pattaya_Beach,LINE MAN,Morning,33,33,200,33,127.83333333333333,72.16666666666667,1386.5900000000004,1818.9366666666667,-432.34666666666647,1959.9999999999995,6.0606060606060606,3.8737373737373737,0.5645371577574967,6.932950000000002,14.228970013037811,1.052368762653388,-0.23769198487761145,-0.4878316048958913,-0.22058503401360538,OPTIMIZE / TARGET ONLY
RC102,Pineapple,Pattaya_Central,Grab,Afternoon,12,12,158,12,94.33333333333333,63.666666666666664,1369.846,1529.6666666666667,-159.82066666666665,1548.3999999999996,13.166666666666666,7.861111111111111,0.6749116607773853,8.669911392405064,16.215547703180214,0.8703245015151144,-0.10448071475266951,-0.19541284073772913,-0.10321665375010765,OPTIMIZE / TARGET ONLY
RC102,Pineapple,Pattaya_Central,Grab,Dinner,16,16,185,16,125.16666666666667,59.833333333333336,1597.3400000000001,2027.805,-430.46500000000003,1812.9999999999995,11.5625,7.822916666666667,0.47802929427430096,8.634270270270271,16.200838881491343,0.8763414132720011,-0.21228125978582746,-0.39831211899770014,-0.2374324324324325,OPTIMIZE / TARGET ONLY
RC102,Pineapple,Pattaya_Central,Grab,Late Evening,8,8,163,8,77.83333333333333,85.16666666666667,1413.6460000000004,1259.2783333333334,154.36766666666682,1597.3999999999996,20.375,9.729166666666666,1.0942184154175592,8.67267484662577,16.17916488222698,0.8655334332661764,0.12258423144472985,0.22868498215138278,0.09663682650974512,KEEP / SCALE SELECTIVELY
RC102,Pineapple,Pattaya_Central,Grab,Late Night,10,10,30,10,19.166666666666668,10.833333333333334,255.84000000000003,306.49833333333333,-50.65833333333331,293.9999999999999,3.0,1.9166666666666667,0.5652173913043477,8.528,15.991217391304346,0.8751427522636428,-0.16528094225634715,-0.3099253609592951,-0.17230725623582765,OPTIMIZE / TARGET ONLY
RC102,Pineapple,Pattaya_Central,Grab,Lunch,16,16,269,16,150.16666666666666,118.83333333333333,2319.178,2443.1916666666666,-124.0136666666667,2636.1999999999994,16.8125,9.385416666666666,0.7913429522752498,8.621479553903345,16.26986681465039,0.8871316359248642,-0.05075887756111375,-0.09578868364961446,-0.047042586551349186,OPTIMIZE / TARGET ONLY
RC102,Pineapple,Pattaya_Central,Grab,Morning,17,17,94,17,64.83333333333333,29.166666666666664,816.588,1056.6450000000002,-240.0570000000001,921.1999999999997,5.529411764705882,3.813725490196078,0.44987146529562994,8.687106382978723,16.29786632390746,0.876098392882704,-0.227187939184873,-0.42622692758707403,-0.26059161962657423,OPTIMIZE / TARGET ONLY
RC102,Pineapple,Pattaya_Central,LINE MAN,Afternoon,21,21,346,21,165.0,181.0,2299.59,2348.21,-48.62000000000016,3390.799999999999,16.476190476190474,7.857142857142857,1.0969696969696972,6.64621387283237,14.231575757575758,1.1413057162890827,-0.020705132845869834,-0.04433601931938558,-0.014338799103456463,OPTIMIZE / TARGET ONLY
RC102,Pineapple,Pattaya_Central,LINE MAN,Dinner,28,28,412,28,221.5,190.5,2679.03,3153.96,-474.93000000000006,4037.599999999999,14.714285714285714,7.910714285714286,0.8600451467268624,6.5025,14.239097065462754,1.1897880915744334,-0.15058212532815884,-0.32974294484757105,-0.11762680800475535,OPTIMIZE / TARGET ONLY
RC102,Pineapple,Pattaya_Central,LINE MAN,Late Evening,14,14,267,14,172.0,95.0,1727.5700000000002,2478.9300000000003,-751.3599999999999,2616.5999999999995,19.071428571428573,12.285714285714286,0.5523255813953489,6.470299625468165,14.412383720930235,1.2274677457286085,-0.3030985142783379,-0.6751421643332596,-0.2871512650003822,OPTIMIZE / TARGET ONLY
RC102,Pineapple,Pattaya_Central,LINE MAN,Late Night,22,22,84,22,59.0,25.0,549.6000000000001,844.3650000000001,-294.76499999999993,823.1999999999998,3.8181818181818183,2.6818181818181817,0.423728813559322,6.5428571428571445,14.31127118644068,1.187312190067352,-0.3490966584356291,-0.76358337650803,-0.35807215743440235,OPTIMIZE / TARGET ONLY
RC102,Pineapple,Pattaya_Central,LINE MAN,Lunch,28,28,410,28,274.5,135.5,2695.63,3918.0400000000004,-1222.41,4017.9999999999986,14.642857142857142,9.803571428571429,0.49362477231329693,6.574707317073171,14.27336976320583,1.1709513556810056,-0.3119952833559637,-0.6773265833677087,-0.30423344947735204,OPTIMIZE / TARGET ONLY
RC102,Pineapple,Pattaya_Central,LINE MAN,Morning,31,31,188,31,125.5,62.5,1239.13,1797.105,-557.9749999999999,1842.3999999999994,6.064516129032258,4.048387096774194,0.49800796812749004,6.591117021276596,14.319561752988047,1.1725546226479486,-0.3104854752504722,-0.6745466545204586,-0.3028522579244464,OPTIMIZE / TARGET ONLY
RC102,Watermelon,BKK_Ladprao,Grab,Afternoon,12,12,137,12,67.5,69.5,1216.67,1041.2849999999999,175.3850000000002,1233.0,11.416666666666666,5.625,1.0296296296296297,8.88080291970803,15.426444444444442,0.7370551496205944,0.16843131323316896,0.2925744800090353,0.14224249797242514,KEEP / SCALE SELECTIVELY
RC102,Watermelon,BKK_Ladprao,Grab,Dinner,16,16,150,16,78.5,71.5,1318.3600000000001,1214.595,103.76500000000011,1350.0,9.375,4.90625,0.910828025477707,8.789066666666667,15.472547770700638,0.7604312673360052,0.08543176943754927,0.15039675814170184,0.07686296296296305,KEEP / SCALE SELECTIVELY
RC102,Watermelon,BKK_Ladprao,Grab,Late Evening,8,8,85,8,60.0,25.0,759.1400000000001,928.45,-169.30999999999995,765.0,10.625,7.5,0.41666666666666674,8.931058823529414,15.474166666666667,0.7326239780102042,-0.18235769292907522,-0.31595731134353744,-0.22132026143790842,OPTIMIZE / TARGET ONLY
RC102,Watermelon,BKK_Ladprao,Grab,Late Night,7,7,27,7,14.0,13.0,244.5,216.11,28.389999999999993,243.0,3.857142857142857,2.0,0.9285714285714286,9.055555555555555,15.436428571428573,0.7046362839614375,0.13136828466984407,0.2239351446099911,0.11683127572016458,KEEP / SCALE SELECTIVELY
RC102,Watermelon,BKK_Ladprao,Grab,Lunch,16,16,186,16,121.0,65.0,1666.92,1869.68,-202.75999999999996,1674.0,11.625,7.5625,0.5371900826446281,8.961935483870969,15.451900826446282,0.7241700583825308,-0.10844636515339523,-0.1869799757379027,-0.12112305854241336,OPTIMIZE / TARGET ONLY
RC102,Watermelon,BKK_Ladprao,Grab,Morning,13,13,68,13,31.5,36.5,611.05,490.38500000000005,120.66499999999994,612.0,5.230769230769231,2.423076923076923,1.1587301587301586,8.986029411764704,15.56777777777778,0.7324423351426057,0.2460617677946917,0.4262878235875529,0.19716503267973845,KEEP / SCALE SELECTIVELY
RC102,Watermelon,BKK_Ladprao,LINE MAN,Afternoon,9,9,102,9,43.166666666666664,58.833333333333336,664.18,559.5216666666668,104.65833333333329,918.0,11.333333333333334,4.796296296296296,1.362934362934363,6.51156862745098,12.961891891891895,0.9905943764837446,0.1870496525305838,0.3723399864506185,0.11400689905591861,KEEP / SCALE SELECTIVELY
RC102,Watermelon,BKK_Ladprao,LINE MAN,Dinner,12,12,116,12,55.5,60.5,757.32,720.345,36.975000000000065,1044.0,9.666666666666666,4.625,1.09009009009009,6.528620689655173,12.97918918918919,0.9880446125098319,0.051329571247110684,0.10204547758025817,0.03541666666666673,KEEP / SCALE SELECTIVELY
RC102,Watermelon,BKK_Ladprao,LINE MAN,Late Evening,6,6,66,6,34.333333333333336,31.666666666666668,418.27000000000015,444.7033333333334,-26.43333333333321,594.0,11.0,5.722222222222222,0.9223300970873785,6.337424242424245,12.952524271844661,1.0438152436028099,-0.059440375980990834,-0.12148514651543141,-0.04450056116722762,OPTIMIZE / TARGET ONLY
RC102,Watermelon,BKK_Ladprao,LINE MAN,Late Night,7,7,22,7,11.333333333333334,10.666666666666666,139.85000000000002,145.69333333333333,-5.843333333333318,198.0,3.142857142857143,1.619047619047619,0.9411764705882353,6.356818181818183,12.855294117647057,1.022284380323455,-0.04010707421982229,-0.08110790973521964,-0.029511784511784434,OPTIMIZE / TARGET ONLY
RC102,Watermelon,BKK_Ladprao,LINE MAN,Lunch,12,12,121,12,77.66666666666667,43.333333333333336,795.5500000000001,1010.4366666666667,-214.88666666666663,1089.0,10.083333333333334,6.472222222222222,0.5579399141630901,6.574793388429753,13.009914163090128,0.9787563493607006,-0.21266713071246424,-0.42081643519761047,-0.1973247627793082,OPTIMIZE / TARGET ONLY
RC102,Watermelon,BKK_Ladprao,LINE MAN,Morning,13,13,59,13,37.333333333333336,21.666666666666664,377.9900000000001,485.42333333333335,-107.43333333333324,531.0,4.538461538461538,2.871794871794872,0.5803571428571428,6.406610169491527,13.002410714285714,1.0295304958936926,-0.22131884883984398,-0.4491733530365498,-0.20232266164469537,OPTIMIZE / TARGET ONLY
RC102,Watermelon,BKK_Sukhumvit,Grab,Afternoon,21,21,317,21,177.33333333333334,139.66666666666666,2696.0200000000004,2719.3333333333335,-23.313333333333134,2853.0,15.095238095238095,8.444444444444445,0.7875939849624058,8.50479495268139,15.334586466165414,0.8030518726769218,-0.008573179700906985,-0.01545788771451595,-0.008171515363944316,OPTIMIZE / TARGET ONLY
RC102,Watermelon,BKK_Sukhumvit,Grab,Dinner,28,28,433,28,239.5,193.5,3728.2400000000002,3672.4500000000003,55.79000000000026,3897.0,15.464285714285714,8.553571428571429,0.8079331941544885,8.610254041570439,15.33382045929019,0.7808789828102944,0.015191493417201052,0.027054211344194057,0.014316140620990573,KEEP / SCALE SELECTIVELY
RC102,Watermelon,BKK_Sukhumvit,Grab,Late Evening,14,14,233,14,142.33333333333334,90.66666666666667,2002.92,2190.866666666667,-187.94666666666674,2097.0,16.642857142857142,10.166666666666668,0.6370023419203745,8.596223175965665,15.392505854800937,0.7906126376333644,-0.08578644676383773,-0.1536102957129899,-0.08962645048481963,OPTIMIZE / TARGET ONLY
RC102,Watermelon,BKK_Sukhumvit,Grab,Late Night,18,18,68,18,47.0,21.0,578.87,725.3883333333334,-146.51833333333335,612.0,3.7777777777777777,2.611111111111111,0.44680851063829796,8.51279411764706,15.433794326241136,0.8130115815025778,-0.20198606263771368,-0.36620307086427983,-0.23940904139433553,OPTIMIZE / TARGET ONLY
RC102,Watermelon,BKK_Sukhumvit,Grab,Lunch,28,28,471,28,290.6666666666667,180.33333333333334,4068.4500000000003,4464.281666666667,-395.83166666666665,4239.0,16.821428571428573,10.380952380952381,0.6204128440366972,8.637898089171975,15.358767201834862,0.7780676552653272,-0.08866637372417885,-0.15765481122863,-0.09337854839977981,OPTIMIZE / TARGET ONLY
RC102,Watermelon,BKK_Sukhumvit,Grab,Morning,29,29,148,29,111.0,37.0,1258.8100000000002,1706.1750000000002,-447.3649999999999,1332.0,5.103448275862069,3.8275862068965516,0.33333333333333326,8.505472972972974,15.370945945945948,0.8071829743964538,-0.26220346681905427,-0.47384964106312055,-0.33585960960960953,OPTIMIZE / TARGET ONLY
RC102,Watermelon,BKK_Sukhumvit,LINE MAN,Afternoon,12,12,246,12,115.0,131.0,1680.27,1479.8799999999999,200.39000000000013,2214.0,20.5,9.583333333333334,1.1391304347826088,6.830365853658536,12.868521739130435,0.8840164662977301,0.1354096278076602,0.25511396848487866,0.09051038843721776,KEEP / SCALE SELECTIVELY
RC102,Watermelon,BKK_Sukhumvit,LINE MAN,Dinner,16,16,271,16,170.83333333333334,100.16666666666666,1851.2500000000002,2194.8533333333335,-343.6033333333331,2439.0,16.9375,10.677083333333334,0.586341463414634,6.831180811808119,12.847921951219512,0.8807761505904048,-0.15654956443558865,-0.2944346871757708,-0.14087877545442112,OPTIMIZE / TARGET ONLY
RC102,Watermelon,BKK_Sukhumvit,LINE MAN,Late Evening,8,8,167,8,98.83333333333333,68.16666666666666,1156.26,1270.8983333333335,-114.63833333333339,1503.0,20.875,12.354166666666666,0.6897133220910625,6.923712574850299,12.859005059021925,0.8572413167078872,-0.09020259947360088,-0.16752799461682466,-0.07627300953648262,OPTIMIZE / TARGET ONLY
RC102,Watermelon,BKK_Sukhumvit,LINE MAN,Late Night,13,13,51,13,31.833333333333332,19.166666666666668,345.77,407.89833333333337,-62.128333333333345,459.0,3.923076923076923,2.4487179487179485,0.6020942408376964,6.779803921568627,12.813560209424086,0.8899602934917097,-0.15231328067860062,-0.2878660526540133,-0.1353558460421206,OPTIMIZE / TARGET ONLY
RC102,Watermelon,BKK_Sukhumvit,LINE MAN,Lunch,16,16,361,16,245.0,116.0,2455.59,3125.201666666667,-669.6116666666666,3249.0,22.5625,15.3125,0.47346938775510194,6.80218836565097,12.755925170068029,0.8752678526930628,-0.21426190629831354,-0.4017984649379609,-0.20609777367395093,OPTIMIZE / TARGET ONLY
RC102,Watermelon,BKK_Sukhumvit,LINE MAN,Morning,17,17,117,17,91.33333333333333,25.666666666666668,802.98,1177.7466666666667,-374.7666666666666,1053.0,6.882352941176471,5.372549019607843,0.281021897810219,6.863076923076923,12.895036496350366,0.8789001844043349,-0.31820651866275707,-0.5978782865941159,-0.3559037670148781,OPTIMIZE / TARGET ONLY
RC102,Watermelon,Pattaya_Beach,Grab,Afternoon,15,15,306,15,174.0,132.0,2737.8700000000003,2698.13,39.74000000000005,2754.0,20.4,11.6,0.7586206896551724,8.947287581699348,15.506494252873564,0.7330944279236451,0.014728719520556988,0.025526261731527278,0.014429920116194645,KEEP / SCALE SELECTIVELY
RC102,Watermelon,Pattaya_Beach,Grab,Dinner,20,20,382,20,265.5,116.5,3424.1200000000003,4124.74,-700.6199999999997,3438.0,19.1,13.275,0.43879472693032007,8.96366492146597,15.535743879472692,0.7331910569602023,-0.16985797892715648,-0.2943963300298822,-0.2037870855148341,OPTIMIZE / TARGET ONLY
RC102,Watermelon,Pattaya_Beach,Grab,Late Evening,10,10,282,10,166.33333333333334,115.66666666666666,2527.85,2585.3633333333337,-57.51333333333362,2538.0,28.2,16.633333333333333,0.6953907815631262,8.964007092198582,15.543266533066134,0.7339641048023615,-0.022245744956543967,-0.038573323239235346,-0.022660887838192915,OPTIMIZE / TARGET ONLY
RC102,Watermelon,Pattaya_Beach,Grab,Late Night,19,19,100,19,50.666666666666664,49.333333333333336,911.38,791.4566666666667,119.92333333333329,900.0,5.2631578947368425,2.6666666666666665,0.9736842105263159,9.1138,15.620855263157896,0.7139782816342137,0.15152229854656185,0.2597059288921022,0.1332481481481481,KEEP / SCALE SELECTIVELY
RC102,Watermelon,Pattaya_Beach,Grab,Lunch,20,20,398,20,244.5,153.5,3588.01,3798.5800000000004,-210.57000000000002,3582.0,19.9,12.225,0.6278118609406953,9.015100502512563,15.536114519427404,0.723343463014904,-0.05543387265767741,-0.09553160207420874,-0.058785594639866004,OPTIMIZE / TARGET ONLY
RC102,Watermelon,Pattaya_Beach,Grab,Morning,23,23,197,23,111.16666666666667,85.83333333333333,1772.76,1726.7516666666668,46.008333333333155,1773.0,8.565217391304348,4.833333333333334,0.7721139430284856,8.998781725888325,15.532998500749626,0.7261223767727591,0.02664444124854848,0.045991566255726424,0.025949426583944248,KEEP / SCALE SELECTIVELY
RC102,Watermelon,Pattaya_Beach,LINE MAN,Afternoon,12,12,180,12,121.0,59.0,1124.28,1511.875,-387.59499999999997,1620.0,15.0,10.083333333333334,0.4876033057851239,6.2459999999999996,12.494834710743802,1.0004538441792832,-0.25636709384043,-0.5128505383941593,-0.23925617283950615,OPTIMIZE / TARGET ONLY
RC102,Watermelon,Pattaya_Beach,LINE MAN,Dinner,16,16,288,16,153.5,134.5,1785.8400000000001,1917.885,-132.04499999999993,2592.0,18.0,9.59375,0.8762214983713354,6.200833333333334,12.494364820846906,1.0149493058750552,-0.06884927928421147,-0.1387278075037197,-0.05094328703703701,OPTIMIZE / TARGET ONLY
RC102,Watermelon,Pattaya_Beach,LINE MAN,Late Evening,8,8,188,8,89.5,98.5,1171.3700000000001,1118.915,52.455,1692.0,23.5,11.1875,1.100558659217877,6.2306914893617025,12.501843575418993,1.006493757035583,0.04688023665783381,0.09406490218229413,0.03100177304964539,KEEP / SCALE SELECTIVELY
RC102,Watermelon,Pattaya_Beach,LINE MAN,Late Night,14,14,63,14,36.5,26.5,390.80000000000007,457.57,-66.76999999999994,567.0,4.5,2.607142857142857,0.726027397260274,6.203174603174604,12.536164383561644,1.02092721638788,-0.14592302817055303,-0.294899819127606,-0.11776014109347432,OPTIMIZE / TARGET ONLY
RC102,Watermelon,Pattaya_Beach,LINE MAN,Lunch,16,16,304,16,178.5,125.5,1892.0300000000002,2229.4049999999997,-337.3749999999997,2736.0,19.0,11.15625,0.7030812324929971,6.223782894736843,12.489663865546216,1.0067640656469767,-0.15132961485239316,-0.3036828331539796,-0.12330957602339171,OPTIMIZE / TARGET ONLY
RC102,Watermelon,Pattaya_Beach,LINE MAN,Morning,18,18,137,18,91.5,45.5,854.1800000000002,1144.84,-290.6599999999998,1233.0,7.611111111111111,5.083333333333333,0.49726775956284164,6.234890510948906,12.51191256830601,1.006757383523289,-0.25388700604451253,-0.5094896239604474,-0.23573398215733965,OPTIMIZE / TARGET ONLY
RC102,Watermelon,Pattaya_Central,Grab,Afternoon,12,12,282,12,132.5,149.5,2430.0,2031.1800000000003,398.81999999999994,2538.0,23.5,11.041666666666666,1.1283018867924528,8.617021276595745,15.329660377358493,0.7789976240391339,0.19634892033202367,0.34930426275331894,0.15713947990543733,KEEP / SCALE SELECTIVELY
RC102,Watermelon,Pattaya_Central,Grab,Dinner,16,16,301,16,192.0,109.0,2597.32,2940.5400000000004,-343.2200000000001,2709.0,18.8125,12.0,0.5677083333333333,8.628970099667775,15.315312500000003,0.7748714299739732,-0.11672005822059905,-0.20716309664063992,-0.12669619785898859,OPTIMIZE / TARGET ONLY
RC102,Watermelon,Pattaya_Central,Grab,Late Evening,8,8,207,8,110.5,96.5,1787.66,1694.615,93.04500000000007,1863.0,25.875,13.8125,0.8733031674208145,8.636038647342996,15.335882352941177,0.7758005700518125,0.05490627664690795,0.09750259736900202,0.04994363929146542,KEEP / SCALE SELECTIVELY
RC102,Watermelon,Pattaya_Central,Grab,Late Night,13,13,71,13,38.5,32.5,611.62,589.965,21.655000000000058,639.0,5.461538461538462,2.9615384615384617,0.8441558441558441,8.614366197183099,15.323766233766234,0.7788617157669837,0.036705567279414764,0.0652941283888604,0.03388888888888898,KEEP / SCALE SELECTIVELY
RC102,Watermelon,Pattaya_Central,Grab,Lunch,16,16,358,16,217.0,141.0,3079.22,3326.08,-246.86000000000013,3222.0,22.375,13.5625,0.6497695852534562,8.601173184357542,15.327557603686635,0.782031041016821,-0.07421950163555902,-0.1322614557633648,-0.07661700806952207,OPTIMIZE / TARGET ONLY
RC102,Watermelon,Pattaya_Central,Grab,Morning,18,18,156,18,89.5,66.5,1346.7800000000002,1370.545,-23.764999999999887,1404.0,8.666666666666666,4.972222222222222,0.7430167597765363,8.63320512820513,15.313351955307263,0.77377367129593,-0.01733981737192125,-0.030756911519393748,-0.016926638176638097,OPTIMIZE / TARGET ONLY
RC102,Watermelon,Pattaya_Central,LINE MAN,Afternoon,24,24,486,24,269.0,217.0,3213.25,3489.695,-276.44499999999994,4374.0,20.25,11.208333333333334,0.8066914498141264,6.6116255144032925,12.972843866171004,0.962126233240211,-0.07921752474070087,-0.15543478342608452,-0.06320187471422038,OPTIMIZE / TARGET ONLY
RC102,Watermelon,Pattaya_Central,LINE MAN,Dinner,32,32,697,32,392.1666666666667,304.8333333333333,4599.700000000001,5084.490000000001,-484.7899999999995,6273.0,21.78125,12.255208333333334,0.7773055673608158,6.599282639885224,12.965125371865705,0.9646264722026208,-0.09534682927884608,-0.18732090484180497,-0.07728200223178694,OPTIMIZE / TARGET ONLY
RC102,Watermelon,Pattaya_Central,LINE MAN,Late Evening,16,16,515,16,291.3333333333333,223.66666666666666,3388.8500000000004,3781.086666666667,-392.2366666666667,4635.0,32.1875,18.208333333333332,0.7677345537757438,6.580291262135923,12.978558352402748,0.9723379764484752,-0.10373649197849644,-0.20460342267273135,-0.08462495505213952,OPTIMIZE / TARGET ONLY
RC102,Watermelon,Pattaya_Central,LINE MAN,Late Night,35,35,159,35,114.83333333333333,44.166666666666664,1062.91,1500.7166666666667,-437.80666666666656,1431.0,4.542857142857143,3.280952380952381,0.3846153846153846,6.68496855345912,13.068650217706823,0.9549306946170275,-0.2917317281743167,-0.5703153100016429,-0.3059445609131143,OPTIMIZE / TARGET ONLY
RC102,Watermelon,Pattaya_Central,LINE MAN,Lunch,32,32,761,32,418.8333333333333,342.1666666666667,5051.02,5443.54,-392.51999999999947,6849.0,23.78125,13.088541666666666,0.8169518503780342,6.637345597897504,12.99691205730203,0.9581490620917843,-0.07210748887672347,-0.1411972117137501,-0.05731055628558906,OPTIMIZE / TARGET ONLY
RC102,Watermelon,Pattaya_Central,LINE MAN,Morning,38,38,352,38,199.83333333333334,152.16666666666666,2354.46,2593.3366666666666,-238.87666666666664,3168.0,9.263157894736842,5.258771929824562,0.7614678899082568,6.688806818181818,12.977497914929106,0.9401813010435707,-0.09211170679729197,-0.17871341113531392,-0.0754029882154882,OPTIMIZE / TARGET ONLY
RC103,Guava,BKK_Ladprao,Grab,Afternoon,10,10,27,10,21.0,6.0,306.2424,326.91499999999996,-20.67260000000004,158.76000000000008,2.7,2.1,0.2857142857142858,11.34231111111111,15.567380952380951,0.37250519756338685,-0.06323539758041075,-0.08679091184910104,-0.13021289997480492,OPTIMIZE / TARGET ONLY
RC103,Guava,BKK_Ladprao,Grab,Dinner,11,11,28,11,25.5,2.5,319.32359999999994,399.255,-79.93140000000007,164.64000000000007,2.5454545454545454,2.3181818181818183,0.0980392156862746,11.404414285714283,15.657058823529411,0.3728946030259699,-0.2002013750610513,-0.2748553873396953,-0.4854919825072888,OPTIMIZE / TARGET ONLY
RC103,Guava,BKK_Ladprao,Grab,Late Evening,5,5,16,5,10.5,5.5,183.75919999999996,164.29000000000002,19.469199999999944,94.08000000000004,3.2,2.1,0.5238095238095237,11.484949999999998,15.646666666666668,0.3623626281931285,0.11850508247610891,0.16144689561639525,0.20694302721088367,KEEP / SCALE SELECTIVELY
RC103,Guava,BKK_Ladprao,Grab,Late Night,4,4,5,4,6.5,-1.5,58.37599999999999,102.02000000000001,-43.644000000000005,29.400000000000013,1.25,1.625,-0.23076923076923073,11.675199999999998,15.695384615384617,0.34433539600046403,-0.42779847088806133,-0.5751046267696948,-1.484489795918367,REDUCE / PAUSE BLANKET USE
RC103,Guava,BKK_Ladprao,Grab,Lunch,13,13,32,13,35.0,-3.0,373.5584,550.5350000000001,-176.97660000000008,188.16000000000008,2.4615384615384617,2.6923076923076925,-0.08571428571428574,11.6737,15.72957142857143,0.3474366677721228,-0.32146294059414937,-0.43315095348640853,-0.9405644132653062,REDUCE / PAUSE BLANKET USE
RC103,Guava,BKK_Ladprao,Grab,Morning,4,4,6,4,5.5,0.5,69.2472,84.92999999999999,-15.682799999999988,35.280000000000015,1.5,1.375,0.09090909090909083,11.541200000000002,15.44181818181818,0.3379733634126587,-0.18465559872836435,-0.24706427250356788,-0.444523809523809,OPTIMIZE / TARGET ONLY
RC103,Guava,BKK_Ladprao,LINE MAN,Afternoon,20,20,51,20,48.0,3.0,446.45400000000006,621.725,-175.27099999999993,299.8800000000001,2.55,2.4,0.0625,8.754000000000001,12.952604166666667,0.47962122077526437,-0.2819108126583296,-0.41712122077526437,-0.5844704548486057,OPTIMIZE / TARGET ONLY
RC103,Guava,BKK_Ladprao,LINE MAN,Dinner,22,22,51,22,51.333333333333336,-0.3333333333333335,456.95400000000006,655.8983333333333,-198.9443333333333,299.8800000000001,2.3181818181818183,2.3333333333333335,-0.006493506493506551,8.959882352941177,12.777240259740259,0.42605000338492083,-0.30331580859838525,-0.4325435098784274,-0.6634131430349914,REDUCE / PAUSE BLANKET USE
RC103,Guava,BKK_Ladprao,LINE MAN,Late Evening,14,14,55,14,39.333333333333336,15.666666666666668,486.34000000000003,509.3666666666667,-23.02666666666663,323.40000000000015,3.9285714285714284,2.8095238095238098,0.39830508474576254,8.842545454545455,12.95,0.46451042480569127,-0.04520646554544849,-0.06620534005992873,-0.07120181405895677,OPTIMIZE / TARGET ONLY
RC103,Guava,BKK_Ladprao,LINE MAN,Late Night,6,6,7,6,8.0,-1.0,61.62799999999999,102.89500000000001,-41.26700000000003,41.16000000000002,1.1666666666666667,1.3333333333333333,-0.125,8.803999999999998,12.861875000000001,0.4609126533393917,-0.4010593323290734,-0.5859126533393917,-1.002599611273081,REDUCE / PAUSE BLANKET USE
RC103,Guava,BKK_Ladprao,LINE MAN,Lunch,28,28,72,28,86.33333333333333,-14.333333333333334,631.8480000000001,1109.5233333333333,-477.6753333333333,423.3600000000002,2.5714285714285716,3.083333333333333,-0.16602316602316602,8.775666666666668,12.851621621621621,0.4644610044769575,-0.43052301739185284,-0.6304841705001235,-1.1282958553791882,REDUCE / PAUSE BLANKET USE
RC103,Guava,BKK_Ladprao,LINE MAN,Morning,17,17,27,17,27.0,0.0,243.08800000000005,350.775,-107.68699999999995,158.76000000000008,1.588235294117647,1.588235294117647,0.0,9.003259259259261,12.991666666666665,0.44299595208319587,-0.30699736298196834,-0.44299595208319587,-0.678300579491055,REDUCE / PAUSE BLANKET USE
RC103,Guava,BKK_Sukhumvit,Grab,Afternoon,13,13,60,13,47.0,13.0,694.312,731.28,-36.96800000000004,352.8000000000002,4.615384615384615,3.6153846153846154,0.27659574468085113,11.571866666666667,15.559148936170212,0.3445669038850152,-0.05055245596761837,-0.06797115920416408,-0.10478458049886627,OPTIMIZE / TARGET ONLY
RC103,Guava,BKK_Sukhumvit,Grab,Dinner,19,19,65,19,57.0,8.0,755.9279999999999,894.6200000000001,-138.69200000000018,382.20000000000016,3.4210526315789473,3.0,0.14035087719298245,11.629661538461537,15.695087719298249,0.34957390353894313,-0.15502895083946278,-0.20922302634596068,-0.36287807430664604,OPTIMIZE / TARGET ONLY
RC103,Guava,BKK_Sukhumvit,Grab,Late Evening,10,10,35,10,29.5,5.5,408.342,466.405,-58.06300000000002,205.8000000000001,3.5,2.95,0.18644067796610164,11.666914285714284,15.810338983050846,0.3551431506109577,-0.1244905178975354,-0.16870247264485605,-0.28213313896987363,OPTIMIZE / TARGET ONLY
RC103,Guava,BKK_Sukhumvit,Grab,Late Night,7,7,8,7,8.5,-0.5,91.55959999999999,136.485,-44.92540000000004,47.04000000000002,1.1428571428571428,1.2142857142857142,-0.05882352941176472,11.444949999999999,16.057058823529413,0.4029819984822489,-0.32915998095028776,-0.46180552789401363,-0.9550467687074834,REDUCE / PAUSE BLANKET USE
RC103,Guava,BKK_Sukhumvit,Grab,Lunch,19,19,83,19,95.0,-12.0,951.4996,1509.2,-557.7004000000001,488.0400000000002,4.368421052631579,5.0,-0.12631578947368416,11.463850602409638,15.886315789473684,0.3857748448095153,-0.36953379273787434,-0.5120906342831995,-1.142735021719531,REDUCE / PAUSE BLANKET USE
RC103,Guava,BKK_Sukhumvit,Grab,Morning,16,16,35,16,36.0,-1.0,409.072,574.95,-165.87800000000007,205.8000000000001,2.1875,2.25,-0.02777777777777779,11.687771428571429,15.970833333333335,0.3664566791828008,-0.2885085659622576,-0.39423445696057857,-0.8060155490767735,REDUCE / PAUSE BLANKET USE
RC103,Guava,BKK_Sukhumvit,LINE MAN,Afternoon,20,20,65,20,66.33333333333333,-1.333333333333333,582.0900000000001,846.225,-264.1349999999999,382.20000000000016,3.25,3.3166666666666664,-0.02010050251256279,8.955230769230772,12.757160804020101,0.42454852730901815,-0.3121332978817689,-0.44464902982158094,-0.6910910518053369,REDUCE / PAUSE BLANKET USE
RC103,Guava,BKK_Sukhumvit,LINE MAN,Dinner,26,26,98,26,78.66666666666667,19.333333333333332,863.052,1015.3716666666668,-152.31966666666676,576.2400000000002,3.769230769230769,3.025641025641026,0.2457627118644068,8.80665306122449,12.907266949152543,0.4656268232006291,-0.15001370598286679,-0.2198641113362223,-0.26433372668795413,OPTIMIZE / TARGET ONLY
RC103,Guava,BKK_Sukhumvit,LINE MAN,Late Evening,14,14,52,14,56.666666666666664,-4.666666666666666,465.6080000000001,721.1033333333335,-255.49533333333335,305.7600000000001,3.7142857142857144,4.0476190476190474,-0.08235294117647052,8.954000000000002,12.725352941176473,0.42119197466791025,-0.3543116797869931,-0.5035449158443808,-0.8356074481074479,REDUCE / PAUSE BLANKET USE
RC103,Guava,BKK_Sukhumvit,LINE MAN,Late Night,7,7,7,7,12.5,-5.5,65.198,162.14000000000001,-96.94200000000002,41.16000000000002,1.0,1.7857142857142858,-0.43999999999999995,9.313999999999998,12.971200000000001,0.3926562164483578,-0.5978907117306033,-0.8326562164483577,-2.3552478134110784,REDUCE / PAUSE BLANKET USE
RC103,Guava,BKK_Sukhumvit,LINE MAN,Lunch,27,27,105,27,100.16666666666667,4.833333333333334,950.1700000000003,1277.1416666666669,-326.9716666666665,617.4000000000003,3.888888888888889,3.7098765432098766,0.048252911813643884,9.049238095238097,12.750166389351083,0.4089767840300824,-0.25601832216472975,-0.36072387221643853,-0.5295945362271888,OPTIMIZE / TARGET ONLY
RC103,Guava,BKK_Sukhumvit,LINE MAN,Morning,19,19,38,19,40.666666666666664,-2.666666666666667,352.9820000000001,522.08,-169.09799999999996,223.4400000000001,2.0,2.1403508771929824,-0.06557377049180324,9.289000000000001,12.838032786885247,0.38206833748360913,-0.32389288997854726,-0.4476421079754124,-0.7567937701396342,REDUCE / PAUSE BLANKET USE
RC103,Guava,Pattaya_Beach,Grab,Afternoon,20,20,98,20,66.5,31.5,1142.2376000000002,1042.655,99.58260000000014,576.2400000000002,4.9,3.325,0.4736842105263157,11.655485714285716,15.679022556390978,0.34520542006874555,0.09550867736691449,0.12847879045757016,0.17281445231153703,KEEP / SCALE SELECTIVELY
RC103,Guava,Pattaya_Beach,Grab,Dinner,28,28,118,28,116.5,1.5,1378.2816,1815.13,-436.8484000000001,693.8400000000003,4.214285714285714,4.160714285714286,0.012875536480686733,11.680352542372882,15.58051502145923,0.3339079419852873,-0.24067058557789256,-0.32103240550460055,-0.6296097082900955,OPTIMIZE / TARGET ONLY
RC103,Guava,Pattaya_Beach,Grab,Late Evening,14,14,86,14,80.0,6.0,1016.9032000000001,1257.845,-240.9418,505.68000000000023,6.142857142857143,5.714285714285714,0.07499999999999996,11.82445581395349,15.723062500000001,0.32970707044682324,-0.19155126426546987,-0.2547070704468233,-0.47647089068185394,OPTIMIZE / TARGET ONLY
RC103,Guava,Pattaya_Beach,Grab,Late Night,9,9,16,9,15.5,0.5,191.57920000000001,246.775,-55.19580000000001,94.08000000000004,1.7777777777777777,1.7222222222222223,0.032258064516129004,11.973700000000001,15.920967741935485,0.3296614865860581,-0.223668523959072,-0.2974034220699291,-0.586690051020408,OPTIMIZE / TARGET ONLY
RC103,Guava,Pattaya_Beach,Grab,Lunch,24,24,124,24,93.5,30.5,1445.0788,1462.4950000000001,-17.416200000000003,729.1200000000003,5.166666666666667,3.8958333333333335,0.3262032085561497,11.653861290322581,15.641657754010696,0.34218671085433283,-0.011908553533516386,-0.015983502298183128,-0.02388660302830809,OPTIMIZE / TARGET ONLY
RC103,Guava,Pattaya_Beach,Grab,Morning,22,22,52,22,36.5,15.5,606.1324,570.215,35.91739999999992,305.7600000000001,2.3636363636363638,1.6590909090909092,0.42465753424657526,11.656392307692307,15.622328767123289,0.3402370437389768,0.0629892233631173,0.08442049050759848,0.11746925693354235,KEEP / SCALE SELECTIVELY
RC103,Guava,Pattaya_Beach,LINE MAN,Afternoon,12,15,74,15,61.5,12.5,663.096,778.08,-114.98400000000002,435.1200000000002,4.933333333333334,4.1,0.2032520325203253,8.960756756756757,12.651707317073171,0.4119016574725449,-0.14777914867365827,-0.20864962495221961,-0.2642581356867071,OPTIMIZE / TARGET ONLY
RC103,Guava,Pattaya_Beach,LINE MAN,Dinner,16,19,71,19,68.0,3.0,637.864,863.78,-225.916,417.4800000000002,3.736842105263158,3.5789473684210527,0.044117647058823595,8.984,12.70264705882353,0.41391886229113206,-0.2615434485632915,-0.36980121523230847,-0.5411420906390723,OPTIMIZE / TARGET ONLY
RC103,Guava,Pattaya_Beach,LINE MAN,Late Evening,8,10,45,10,46.0,-1.0,399.2600000000001,587.39,-188.12999999999994,264.60000000000014,4.5,4.6,-0.021739130434782594,8.872444444444447,12.769347826086957,0.4392141766616062,-0.3202812441478402,-0.4609533070963888,-0.7109977324263033,REDUCE / PAUSE BLANKET USE
RC103,Guava,Pattaya_Beach,LINE MAN,Late Night,6,6,12,6,7.0,5.0,110.29800000000003,87.93,22.368000000000023,70.56000000000003,2.0,1.1666666666666667,0.7142857142857142,9.191500000000003,12.561428571428573,0.36663532300805834,0.25438416922552065,0.34765039127765585,0.3170068027210886,KEEP / SCALE SELECTIVELY
RC103,Guava,Pattaya_Beach,LINE MAN,Lunch,15,19,102,19,74.5,27.5,922.6780000000001,940.955,-18.276999999999898,599.7600000000002,5.368421052631579,3.9210526315789473,0.3691275167785235,9.04586274509804,12.63026845637584,0.39624807630650727,-0.019423883182511315,-0.027120559527983756,-0.030473856209150146,OPTIMIZE / TARGET ONLY
RC103,Guava,Pattaya_Beach,LINE MAN,Morning,14,16,28,16,31.5,-3.5,249.00200000000004,400.515,-151.51299999999995,164.64000000000007,1.75,1.96875,-0.11111111111111116,8.892928571428573,12.714761904761904,0.4297609390018282,-0.37829544461505804,-0.5408720501129394,-0.920268464528668,REDUCE / PAUSE BLANKET USE
RC103,Guava,Pattaya_Central,Grab,Afternoon,12,15,72,15,59.5,12.5,823.8364,936.49,-112.65360000000007,423.3600000000002,4.8,3.966666666666667,0.2100840336134453,11.442172222222222,15.739327731092438,0.3755541714819295,-0.12029343612852239,-0.1654701378684842,-0.2660941043083901,OPTIMIZE / TARGET ONLY
RC103,Guava,Pattaya_Central,Grab,Dinner,16,20,88,20,84.0,4.0,1012.1855999999999,1323.5900000000001,-311.4044000000001,517.4400000000003,4.4,4.2,0.04761904761904767,11.502109090909089,15.757023809523812,0.36992474032242284,-0.2352725541897417,-0.32230569270337517,-0.6018174087816944,OPTIMIZE / TARGET ONLY
RC103,Guava,Pattaya_Central,Grab,Late Evening,8,10,49,10,54.5,-5.5,578.9188,859.21,-280.2912,288.1200000000001,4.9,5.45,-0.1009174311926605,11.814669387755103,15.765321100917431,0.334385295390224,-0.32621966690331816,-0.4353027265828845,-0.9728279883381921,REDUCE / PAUSE BLANKET USE
RC103,Guava,Pattaya_Central,Grab,Late Night,4,5,7,5,13.0,-6.0,78.63839999999998,200.01000000000002,-121.37160000000003,41.16000000000002,1.4,2.6,-0.46153846153846156,11.23405714285714,15.385384615384616,0.369530564046221,-0.6068276586170693,-0.8310690255846825,-2.948775510204081,REDUCE / PAUSE BLANKET USE
RC103,Guava,Pattaya_Central,Grab,Lunch,16,20,111,20,78.0,33.0,1278.4332,1232.3600000000001,46.07319999999992,652.6800000000003,5.55,3.9,0.42307692307692313,11.517416216216215,15.799487179487182,0.37179093668959573,0.03738615339673457,0.0512859863873274,0.07059079487650902,KEEP / SCALE SELECTIVELY
RC103,Guava,Pattaya_Central,Grab,Morning,11,14,41,14,36.5,4.5,462.01919999999996,569.1700000000001,-107.15080000000007,241.0800000000001,2.9285714285714284,2.607142857142857,0.12328767123287676,11.268760975609755,15.593698630136988,0.3837988634143701,-0.1882579897043064,-0.2605111921814933,-0.44446158951385445,OPTIMIZE / TARGET ONLY
RC103,Guava,Pattaya_Central,LINE MAN,Afternoon,21,21,114,21,96.0,18.0,1024.106,1235.7133333333334,-211.60733333333334,670.3200000000003,5.428571428571429,4.571428571428571,0.1875,8.98338596491228,12.872013888888889,0.4328688469097275,-0.17124306068829342,-0.2453688469097275,-0.31568106774873683,OPTIMIZE / TARGET ONLY
RC103,Guava,Pattaya_Central,LINE MAN,Dinner,28,28,151,28,140.0,11.0,1362.9740000000002,1811.3833333333334,-448.40933333333334,887.8800000000005,5.392857142857143,5.0,0.07857142857142851,9.026317880794704,12.938452380952382,0.4334142173833173,-0.24755076690926825,-0.3548427888118888,-0.505033713264555,OPTIMIZE / TARGET ONLY
RC103,Guava,Pattaya_Central,LINE MAN,Late Evening,14,14,106,14,92.5,13.5,959.7540000000001,1196.2133333333334,-236.4593333333333,623.2800000000003,7.571428571428571,6.607142857142857,0.145945945945946,9.054283018867926,12.932036036036036,0.4282783086288984,-0.19767321325070208,-0.28233236268295236,-0.3793789842981215,OPTIMIZE / TARGET ONLY
RC103,Guava,Pattaya_Central,LINE MAN,Late Night,20,20,41,20,33.5,7.5,365.014,429.9166666666667,-64.90266666666666,241.0800000000001,2.05,1.675,0.22388059701492535,8.902780487804879,12.833333333333334,0.44149722111115364,-0.15096569102539248,-0.21761662409622828,-0.2692163044079419,OPTIMIZE / TARGET ONLY
RC103,Guava,Pattaya_Central,LINE MAN,Lunch,27,27,129,27,120.0,9.0,1162.006,1553.0916666666667,-391.08566666666655,758.5200000000003,4.777777777777778,4.444444444444445,0.07499999999999996,9.007798449612404,12.942430555555555,0.4368028578739409,-0.2518110650262111,-0.36180285787394095,-0.5155904480655308,OPTIMIZE / TARGET ONLY
RC103,Guava,Pattaya_Central,LINE MAN,Morning,23,23,59,23,47.166666666666664,11.833333333333332,526.636,610.2733333333333,-83.6373333333334,346.92000000000013,2.5652173913043477,2.050724637681159,0.2508833922261484,8.926033898305084,12.938657243816255,0.4495415759370023,-0.13704897259151638,-0.19865818371085386,-0.2410853606979516,OPTIMIZE / TARGET ONLY
RC103,MixedBerryPremium,BKK_Ladprao,Grab,Afternoon,4,5,7,5,6.0,1.0,-22.397600000000033,50.56000000000001,-72.95760000000004,74.76000000000005,1.4,1.2,0.16666666666666674,-3.1996571428571476,8.426666666666668,,-1.4429905063291144,,-0.9758908507223113,OPTIMIZE / TARGET ONLY
RC103,MixedBerryPremium,BKK_Ladprao,Grab,Dinner,3,3,3,3,4.0,-1.0,0.17959999999998644,34.57000000000001,-34.39040000000002,32.04000000000002,1.0,1.3333333333333333,-0.25,0.05986666666666215,8.642500000000002,143.36247216036728,-0.9948047439976863,-143.61247216036728,-1.073358302122347,REDUCE / PAUSE BLANKET USE
RC103,MixedBerryPremium,BKK_Ladprao,Grab,Late Evening,1,2,2,2,2.0,0.0,-17.533600000000007,10.480000000000004,-28.01360000000001,21.360000000000014,1.0,1.0,0.0,-8.766800000000003,5.240000000000002,,-2.673053435114504,,-1.3114981273408237,REDUCE / PAUSE BLANKET USE
RC103,MixedBerryPremium,BKK_Ladprao,Grab,Late Night,1,1,1,1,1.0,0.0,-8.046800000000005,5.240000000000002,-13.286800000000007,10.680000000000007,1.0,1.0,0.0,-8.046800000000005,5.240000000000002,,-2.535648854961832,,-1.2440823970037451,REDUCE / PAUSE BLANKET USE
RC103,MixedBerryPremium,BKK_Ladprao,Grab,Lunch,6,6,16,6,7.0,9.0,-6.248800000000028,66.82000000000001,-73.06880000000004,170.8800000000001,2.6666666666666665,1.1666666666666667,1.2857142857142856,-0.39055000000000173,9.545714285714286,,-1.09351691110446,,-0.4276029962546816,OPTIMIZE / TARGET ONLY
RC103,MixedBerryPremium,BKK_Ladprao,Grab,Morning,3,3,4,3,6.0,-2.0,-7.087200000000012,42.460000000000015,-49.547200000000025,42.72000000000003,1.3333333333333333,2.0,-0.33333333333333337,-1.771800000000003,7.076666666666669,,-1.1669147432878004,,-1.159812734082397,REDUCE / PAUSE BLANKET USE
RC103,MixedBerryPremium,BKK_Ladprao,LINE MAN,Afternoon,7,7,11,7,10.333333333333332,0.6666666666666667,-55.14600000000005,39.95000000000002,-95.09600000000006,117.48000000000008,1.5714285714285714,1.476190476190476,0.06451612903225823,-5.0132727272727315,3.866129032258067,,-2.3803754693366717,,-0.809465440926115,OPTIMIZE / TARGET ONLY
RC103,MixedBerryPremium,BKK_Ladprao,LINE MAN,Dinner,4,4,5,4,8.0,-3.0,-35.660000000000025,20.240000000000013,-55.90000000000004,53.400000000000034,1.25,2.0,-0.375,-7.132000000000005,2.5300000000000016,,-2.761857707509882,,-1.046816479400749,REDUCE / PAUSE BLANKET USE
RC103,MixedBerryPremium,BKK_Ladprao,LINE MAN,Late Evening,5,5,7,5,7.0,0.0,-32.522000000000034,5.730000000000015,-38.252000000000045,74.76000000000005,1.4,1.4,0.0,-4.646000000000005,0.8185714285714306,,-6.675741710296675,,-0.5116639914392727,REDUCE / PAUSE BLANKET USE
RC103,MixedBerryPremium,BKK_Ladprao,LINE MAN,Lunch,5,5,9,5,6.5,2.5,-71.10400000000006,19.07500000000001,-90.17900000000006,96.12000000000006,1.8,1.3,0.3846153846153846,-7.90044444444445,2.934615384615386,,-4.7276015727391885,,-0.9381918435289222,OPTIMIZE / TARGET ONLY
RC103,MixedBerryPremium,BKK_Ladprao,LINE MAN,Morning,3,3,6,3,4.0,2.0,-42.876000000000005,7.3500000000000085,-50.22600000000001,64.08000000000004,2.0,1.3333333333333333,0.5,-7.146000000000001,1.8375000000000021,,-6.833469387755096,,-0.7838014981273406,OPTIMIZE / TARGET ONLY
RC103,MixedBerryPremium,BKK_Sukhumvit,Grab,Afternoon,4,4,8,4,8.5,-0.5,-4.084400000000009,91.64500000000002,-95.72940000000004,85.44000000000005,2.0,2.125,-0.05882352941176472,-0.5105500000000012,10.781764705882356,,-1.0445676250750178,,-1.1204283707865166,REDUCE / PAUSE BLANKET USE
RC103,MixedBerryPremium,BKK_Sukhumvit,Grab,Dinner,7,7,13,7,9.0,4.0,-46.188400000000065,51.820000000000014,-98.00840000000008,138.8400000000001,1.8571428571428572,1.2857142857142858,0.4444444444444444,-3.552953846153851,5.757777777777779,,-1.8913238131995378,,-0.7059089599539039,OPTIMIZE / TARGET ONLY
RC103,MixedBerryPremium,BKK_Sukhumvit,Grab,Late Evening,6,6,16,6,9.0,7.0,-40.63879999999999,79.97500000000002,-120.6138,170.8800000000001,2.6666666666666665,1.5,0.7777777777777777,-2.5399249999999993,8.886111111111113,,-1.508143794935917,,-0.705839185393258,OPTIMIZE / TARGET ONLY
RC103,MixedBerryPremium,BKK_Sukhumvit,Grab,Lunch,7,7,9,7,11.0,-2.0,-22.85120000000004,85.43500000000003,-108.28620000000006,96.12000000000006,1.2857142857142858,1.5714285714285714,-0.18181818181818177,-2.539022222222227,7.766818181818184,,-1.2674688359571609,,-1.1265730337078652,REDUCE / PAUSE BLANKET USE
RC103,MixedBerryPremium,BKK_Sukhumvit,Grab,Morning,4,4,7,4,5.0,2.0,-20.037599999999998,45.42000000000001,-65.45760000000001,74.76000000000005,1.75,1.25,0.3999999999999999,-2.8625142857142856,9.084000000000001,,-1.4411624834874504,,-0.8755698234349916,OPTIMIZE / TARGET ONLY
RC103,MixedBerryPremium,BKK_Sukhumvit,LINE MAN,Afternoon,6,7,11,7,11.0,0.0,-50.246000000000066,48.88000000000003,-99.12600000000009,117.48000000000008,1.5714285714285714,1.5714285714285714,0.0,-4.567818181818188,4.443636363636366,,-2.0279459901800334,,-0.8437691521961187,REDUCE / PAUSE BLANKET USE
RC103,MixedBerryPremium,BKK_Sukhumvit,LINE MAN,Dinner,6,7,12,7,12.0,0.0,-65.94200000000006,56.10500000000001,-122.04700000000008,128.16000000000008,1.7142857142857142,1.7142857142857142,0.0,-5.495166666666672,4.675416666666668,,-2.1753319668478754,,-0.9523018102372035,REDUCE / PAUSE BLANKET USE
RC103,MixedBerryPremium,BKK_Sukhumvit,LINE MAN,Late Evening,3,3,9,3,4.5,4.5,-27.754,23.73000000000002,-51.48400000000002,96.12000000000006,3.0,1.5,1.0,-3.0837777777777777,5.273333333333338,,-2.1695743784239347,,-0.5356221389929254,OPTIMIZE / TARGET ONLY
RC103,MixedBerryPremium,BKK_Sukhumvit,LINE MAN,Lunch,9,10,23,10,22.0,1.0,-130.77800000000002,95.17000000000004,-225.94800000000006,245.64000000000016,2.3,2.2,0.045454545454545414,-5.686000000000001,4.325909090909093,,-2.3741515183356094,,-0.9198339032730822,OPTIMIZE / TARGET ONLY
RC103,MixedBerryPremium,BKK_Sukhumvit,LINE MAN,Morning,4,5,7,5,6.0,1.0,-54.51200000000003,8.84000000000001,-63.35200000000004,74.76000000000005,1.4,1.2,0.16666666666666674,-7.787428571428576,1.4733333333333352,,-7.166515837104068,,-0.8474050294275013,OPTIMIZE / TARGET ONLY
RC103,MixedBerryPremium,Pattaya_Beach,Grab,Afternoon,7,7,19,7,12.0,7.0,-80.45919999999998,93.36,-173.81919999999997,202.92000000000013,2.7142857142857144,1.7142857142857142,0.5833333333333333,-4.234694736842104,7.78,,-1.861816623821765,,-0.8565897890794395,OPTIMIZE / TARGET ONLY
RC103,MixedBerryPremium,Pattaya_Beach,Grab,Dinner,9,9,16,9,19.5,-3.5,-8.568800000000024,160.05,-168.61880000000002,170.8800000000001,1.7777777777777777,2.1666666666666665,-0.17948717948717952,-0.5355500000000015,8.207692307692309,,-1.0535382692908468,,-0.9867673220973777,REDUCE / PAUSE BLANKET USE
RC103,MixedBerryPremium,Pattaya_Beach,Grab,Late Evening,6,6,20,6,22.0,-2.0,-60.27600000000001,179.65,-239.92600000000002,213.60000000000014,3.3333333333333335,3.6666666666666665,-0.09090909090909094,-3.0138000000000007,8.165909090909091,,-1.3355190648483162,,-1.1232490636704113,REDUCE / PAUSE BLANKET USE
RC103,MixedBerryPremium,Pattaya_Beach,Grab,Late Night,5,5,5,5,7.0,-2.0,-11.914000000000023,46.010000000000005,-57.92400000000003,53.400000000000034,1.0,1.4,-0.2857142857142857,-2.3828000000000045,6.572857142857144,,-1.2589437078895898,,-1.0847191011235953,REDUCE / PAUSE BLANKET USE
RC103,MixedBerryPremium,Pattaya_Beach,Grab,Lunch,11,11,29,11,19.0,10.0,-16.397199999999994,180.79500000000002,-197.1922,309.7200000000002,2.6363636363636362,1.7272727272727273,0.5263157894736843,-0.5654206896551722,9.515526315789474,,-1.0906949860339057,,-0.6366789358129921,OPTIMIZE / TARGET ONLY
RC103,MixedBerryPremium,Pattaya_Beach,Grab,Morning,3,3,5,3,4.5,0.5,9.165999999999976,49.199999999999996,-40.03400000000002,53.400000000000034,1.6666666666666667,1.5,0.11111111111111116,1.833199999999995,10.933333333333332,4.964070114190138,-0.8136991869918704,-4.852959003079027,-0.7497003745318351,OPTIMIZE / TARGET ONLY
RC103,MixedBerryPremium,Pattaya_Beach,LINE MAN,Afternoon,9,9,19,9,14.166666666666668,4.833333333333333,-96.43400000000005,32.923333333333346,-129.3573333333334,202.92000000000013,2.111111111111111,1.5740740740740742,0.3411764705882352,-5.075473684210529,2.3240000000000007,,-3.929047281563228,,-0.6374794664564031,OPTIMIZE / TARGET ONLY
RC103,MixedBerryPremium,Pattaya_Beach,LINE MAN,Dinner,9,9,22,9,16.333333333333332,5.666666666666667,-149.85200000000003,40.77500000000003,-190.62700000000004,234.96000000000015,2.4444444444444446,1.8148148148148147,0.34693877551020424,-6.811454545454547,2.496428571428573,,-4.675095033721641,,-0.8113168198842352,OPTIMIZE / TARGET ONLY
RC103,MixedBerryPremium,Pattaya_Beach,LINE MAN,Late Evening,6,6,13,6,16.0,-3.0,-106.17800000000003,34.685000000000045,-140.86300000000008,138.8400000000001,2.1666666666666665,2.6666666666666665,-0.1875,-8.167538461538463,2.167812500000003,,-4.061208014992069,,-1.0145707288965715,REDUCE / PAUSE BLANKET USE
RC103,MixedBerryPremium,Pattaya_Beach,LINE MAN,Lunch,10,10,23,10,21.333333333333332,1.6666666666666665,-119.48799999999999,52.23666666666671,-171.7246666666667,245.64000000000016,2.3,2.1333333333333333,0.078125,-5.195130434782608,2.448593750000002,,-3.287435390211216,,-0.6990908104000432,OPTIMIZE / TARGET ONLY
RC103,MixedBerryPremium,Pattaya_Beach,LINE MAN,Morning,7,7,13,7,9.166666666666666,3.833333333333333,-122.84800000000004,18.131666666666682,-140.97966666666673,138.8400000000001,1.8571428571428572,1.3095238095238095,0.4181818181818182,-9.449846153846156,1.9780000000000018,,-7.775328614762383,,-1.0154110246806873,OPTIMIZE / TARGET ONLY
RC103,MixedBerryPremium,Pattaya_Central,Grab,Afternoon,8,8,22,8,15.5,6.5,9.320399999999953,143.965,-134.64460000000005,234.96000000000015,2.75,1.9375,0.4193548387096775,0.42365454545454334,9.288064516129033,20.92367488035275,-0.9352592644045431,-20.504320041643073,-0.5730532856656451,OPTIMIZE / TARGET ONLY
RC103,MixedBerryPremium,Pattaya_Central,Grab,Dinner,10,10,26,10,26.833333333333332,-0.833333333333333,0.2331999999999983,245.24500000000003,-245.01180000000005,277.6800000000002,2.6,2.683333333333333,-0.03105590062111796,0.008969230769230703,9.139565217391306,1017.9909762100159,-0.9990491141511549,-1018.022032110637,-0.8823530682800342,REDUCE / PAUSE BLANKET USE
RC103,MixedBerryPremium,Pattaya_Central,Grab,Late Evening,6,6,12,6,13.5,-1.5,5.538400000000004,127.535,-121.9966,128.16000000000008,2.0,2.25,-0.11111111111111116,0.46153333333333363,9.447037037037036,19.46880767810999,-0.9565734896302975,-19.5799187892211,-0.9519085518102366,REDUCE / PAUSE BLANKET USE
RC103,MixedBerryPremium,Pattaya_Central,Grab,Late Night,1,1,1,1,1.0,0.0,-6.396800000000006,1.9350000000000023,-8.331800000000008,10.680000000000007,1.0,1.0,0.0,-6.396800000000006,1.9350000000000023,,-4.305839793281653,,-0.7801310861423224,REDUCE / PAUSE BLANKET USE
RC103,MixedBerryPremium,Pattaya_Central,Grab,Lunch,12,12,27,12,33.0,-6.0,-8.113600000000105,287.68166666666673,-295.7952666666668,288.3600000000002,2.25,2.75,-0.18181818181818177,-0.3005037037037076,8.717626262626265,,-1.028203396114919,,-1.0257846673140054,REDUCE / PAUSE BLANKET USE
RC103,MixedBerryPremium,Pattaya_Central,Grab,Morning,6,6,7,6,10.833333333333332,-3.833333333333333,-22.427600000000034,59.045000000000016,-81.47260000000006,74.76000000000005,1.1666666666666667,1.8055555555555554,-0.3538461538461538,-3.203942857142862,5.450307692307694,,-1.3798391057667885,,-1.0897886570358482,REDUCE / PAUSE BLANKET USE
RC103,MixedBerryPremium,Pattaya_Central,LINE MAN,Afternoon,11,12,24,12,24.0,0.0,-126.43400000000004,64.98000000000002,-191.41400000000004,256.32000000000016,2.0,2.0,0.0,-5.268083333333335,2.707500000000001,,-2.945737149892275,,-0.7467774656679148,REDUCE / PAUSE BLANKET USE
RC103,MixedBerryPremium,Pattaya_Central,LINE MAN,Dinner,10,12,26,12,22.5,3.5,-223.60600000000005,-0.5449999999999768,-223.06100000000006,277.6800000000002,2.1666666666666665,1.875,0.15555555555555545,-8.600230769230771,-0.024222222222221194,,409.28623853212764,,-0.8033023624315756,OPTIMIZE / TARGET ONLY
RC103,MixedBerryPremium,Pattaya_Central,LINE MAN,Late Evening,8,10,26,10,26.0,0.0,-219.75600000000009,11.755000000000024,-231.5110000000001,277.6800000000002,2.6,2.6,0.0,-8.45215384615385,0.45211538461538553,,-19.694683113568665,,-0.8337330740420626,REDUCE / PAUSE BLANKET USE
RC103,MixedBerryPremium,Pattaya_Central,LINE MAN,Late Night,2,2,2,2,2.0,0.0,-4.312000000000005,4.860000000000007,-9.172000000000011,21.360000000000014,1.0,1.0,0.0,-2.1560000000000024,2.4300000000000037,,-1.887242798353909,,-0.42940074906367065,REDUCE / PAUSE BLANKET USE
RC103,MixedBerryPremium,Pattaya_Central,LINE MAN,Lunch,13,16,36,16,32.5,3.5,-233.76600000000002,47.52500000000002,-281.29100000000005,384.48000000000025,2.25,2.03125,0.10769230769230775,-6.493500000000001,1.462307692307693,,-5.918800631246711,,-0.7316141281731167,OPTIMIZE / TARGET ONLY
RC103,MixedBerryPremium,Pattaya_Central,LINE MAN,Morning,10,11,13,11,13.5,-0.5,-82.41800000000005,24.385000000000012,-106.80300000000005,138.8400000000001,1.1818181818181819,1.2272727272727273,-0.03703703703703709,-6.339846153846158,1.8062962962962972,,-4.379864670904245,,-0.7692523768366464,REDUCE / PAUSE BLANKET USE
RC103,PassionFruit,BKK_Ladprao,Grab,Afternoon,7,8,19,8,10.833333333333334,8.166666666666668,166.99800000000005,163.73666666666665,3.261333333333404,148.19999999999993,2.375,1.3541666666666667,0.7538461538461538,8.789368421052634,15.114153846153844,0.7195949836340731,0.019918161275218838,0.034251170212080684,0.022006297795771967,KEEP / SCALE SELECTIVELY
RC103,PassionFruit,BKK_Ladprao,Grab,Dinner,10,12,17,12,18.75,-1.75,194.06400000000005,293.6766666666666,-99.61266666666658,132.59999999999997,1.4166666666666667,1.5625,-0.09333333333333338,11.415529411764709,15.662755555555552,0.372056870127609,-0.33919162798088576,-0.4653902034609424,-0.7512267471090996,REDUCE / PAUSE BLANKET USE
RC103,PassionFruit,BKK_Ladprao,Grab,Late Evening,4,5,19,5,12.75,6.25,211.038,206.57249999999996,4.465500000000077,148.19999999999993,3.8,2.55,0.4901960784313726,11.107263157894737,16.20176470588235,0.45866398189787927,0.02161710779508419,0.031532096533493315,0.030131578947368953,KEEP / SCALE SELECTIVELY
RC103,PassionFruit,BKK_Ladprao,Grab,Late Night,3,3,3,3,3.0,0.0,31.446000000000012,46.084999999999994,-14.638999999999982,23.39999999999999,1.0,1.0,0.0,10.482000000000005,15.361666666666665,0.46552820708516096,-0.3176521644786804,-0.46552820708516096,-0.6255982905982901,REDUCE / PAUSE BLANKET USE
RC103,PassionFruit,BKK_Ladprao,Grab,Lunch,11,14,27,14,28.583333333333332,-1.5833333333333335,310.77400000000006,466.27416666666664,-155.50016666666662,210.5999999999999,1.9285714285714286,2.0416666666666665,-0.055393586005830886,11.51014814814815,16.31279883381924,0.41725359429398656,-0.33349513608767356,-0.47264718029981745,-0.7383673630895854,REDUCE / PAUSE BLANKET USE
RC103,PassionFruit,BKK_Ladprao,Grab,Morning,4,4,6,4,6.0,0.0,49.79200000000002,82.38416666666666,-32.59216666666664,46.79999999999998,1.5,1.5,0.0,8.298666666666671,13.730694444444444,0.6545663292630668,-0.39561202091825864,-0.6545663292630668,-0.6964138176638174,REDUCE / PAUSE BLANKET USE
RC103,PassionFruit,BKK_Ladprao,LINE MAN,Afternoon,14,14,22,14,29.0,-7.0,81.79000000000002,234.74833333333333,-152.95833333333331,171.59999999999994,1.5714285714285714,2.0714285714285716,-0.24137931034482762,3.7177272727272737,8.094770114942529,1.1773437159644895,-0.6515843207974497,-1.4187230263093171,-0.8913655788655791,REDUCE / PAUSE BLANKET USE
RC103,PassionFruit,BKK_Ladprao,LINE MAN,Dinner,16,16,31,16,32.333333333333336,-1.3333333333333337,122.52000000000001,297.38666666666666,-174.86666666666665,241.7999999999999,1.9375,2.0208333333333335,-0.04123711340206193,3.9522580645161294,9.197525773195876,1.3271571904103179,-0.5880111190817789,-1.3683943038123798,-0.7231872070581751,REDUCE / PAUSE BLANKET USE
RC103,PassionFruit,BKK_Ladprao,LINE MAN,Late Evening,10,10,24,10,15.0,9.0,63.23000000000002,137.70333333333335,-74.47333333333333,187.19999999999993,2.4,1.5,0.6000000000000001,2.634583333333334,9.180222222222223,2.484506299752227,-0.5408244777420057,-1.884506299752227,-0.39782763532763543,OPTIMIZE / TARGET ONLY
RC103,PassionFruit,BKK_Ladprao,LINE MAN,Late Night,1,1,2,1,1.0,1.0,4.020000000000003,5.75,-1.7299999999999969,15.599999999999994,2.0,1.0,1.0,2.0100000000000016,5.75,1.8606965174129333,-0.3008695652173907,-0.8606965174129333,-0.11089743589743574,OPTIMIZE / TARGET ONLY
RC103,PassionFruit,BKK_Ladprao,LINE MAN,Lunch,18,18,58,18,42.5,15.5,105.96000000000001,288.5833333333333,-182.62333333333333,452.39999999999986,3.2222222222222223,2.361111111111111,0.3647058823529412,1.826896551724138,6.790196078431372,2.7167928704135482,-0.6328270285879295,-2.352086988060607,-0.4036766872973771,OPTIMIZE / TARGET ONLY
RC103,PassionFruit,BKK_Ladprao,LINE MAN,Morning,8,8,12,8,9.166666666666666,2.833333333333333,55.050000000000004,85.48833333333333,-30.438333333333322,93.59999999999997,1.5,1.1458333333333333,0.3090909090909091,4.5875,9.326,1.0329155313351497,-0.3560524827949232,-0.7238246222442406,-0.32519586894586894,OPTIMIZE / TARGET ONLY
RC103,PassionFruit,BKK_Sukhumvit,Grab,Afternoon,5,5,14,5,16.0,-2.0,153.108,257.08,-103.97199999999998,109.19999999999996,2.8,3.2,-0.125,10.936285714285715,16.0675,0.4691916816887425,-0.40443441730200713,-0.5941916816887425,-0.9521245421245423,REDUCE / PAUSE BLANKET USE
RC103,PassionFruit,BKK_Sukhumvit,Grab,Dinner,8,8,23,8,20.0,3.0,174.80600000000004,246.07,-71.26399999999995,179.39999999999992,2.875,2.5,0.1499999999999999,7.600260869565219,12.3035,0.6188260128370875,-0.2896086479457063,-0.4688260128370876,-0.39723522853957627,OPTIMIZE / TARGET ONLY
RC103,PassionFruit,BKK_Sukhumvit,Grab,Late Evening,4,4,10,4,18.0,-8.0,99.07,246.86999999999995,-147.79999999999995,77.99999999999997,2.5,4.5,-0.4444444444444444,9.907,13.714999999999996,0.38437468456646773,-0.5986956697857171,-0.8288191290109121,-1.894871794871795,REDUCE / PAUSE BLANKET USE
RC103,PassionFruit,BKK_Sukhumvit,Grab,Late Night,2,2,2,2,3.0,-1.0,23.744000000000003,55.259999999999984,-31.515999999999984,15.599999999999994,1.0,1.5,-0.33333333333333337,11.872000000000002,18.419999999999995,0.5515498652291098,-0.5703221136445891,-0.8848831985624431,-2.02025641025641,REDUCE / PAUSE BLANKET USE
RC103,PassionFruit,BKK_Sukhumvit,Grab,Lunch,8,8,33,8,16.0,17.0,293.526,228.85,64.67600000000002,257.3999999999999,4.125,2.0,1.0625,8.894727272727273,14.303125,0.6080453690644099,0.2826130653266332,0.45445463093559013,0.2512665112665114,KEEP / SCALE SELECTIVELY
RC103,PassionFruit,BKK_Sukhumvit,Grab,Morning,3,3,3,3,5.0,-2.0,29.06600000000001,73.27999999999999,-44.21399999999998,23.39999999999999,1.0,1.6666666666666667,-0.4,9.68866666666667,14.655999999999997,0.5126952453037905,-0.6033569868995632,-0.9126952453037905,-1.8894871794871793,REDUCE / PAUSE BLANKET USE
RC103,PassionFruit,BKK_Sukhumvit,LINE MAN,Afternoon,17,20,66,20,63.66666666666667,2.333333333333333,218.43000000000012,578.035,-359.6049999999999,514.7999999999998,3.3,3.1833333333333336,0.036649214659685736,3.3095454545454563,9.079083769633506,1.743302333909312,-0.6221163078360304,-1.7066531192496264,-0.698533411033411,OPTIMIZE / TARGET ONLY
RC103,PassionFruit,BKK_Sukhumvit,LINE MAN,Dinner,23,25,65,25,67.5,-2.5,290.34000000000015,678.87,-388.52999999999986,506.99999999999983,2.6,2.7,-0.03703703703703709,4.466769230769233,10.057333333333334,1.2515900897797971,-0.5723187060851118,-1.2886271268168343,-0.7663313609467456,REDUCE / PAUSE BLANKET USE
RC103,PassionFruit,BKK_Sukhumvit,LINE MAN,Late Evening,12,13,32,13,40.5,-8.5,162.22000000000003,396.7583333333333,-234.5383333333333,249.5999999999999,2.4615384615384617,3.1153846153846154,-0.2098765432098766,5.069375000000001,9.796502057613168,0.9324871522846832,-0.5911365020688495,-1.1423636954945597,-0.9396567841880344,REDUCE / PAUSE BLANKET USE
RC103,PassionFruit,BKK_Sukhumvit,LINE MAN,Late Night,10,11,15,11,14.5,0.5,66.73000000000005,149.965,-83.23499999999996,116.99999999999996,1.3636363636363635,1.3181818181818181,0.034482758620689724,4.44866666666667,10.342413793103448,1.3248345106631443,-0.5550295068849396,-1.2903517520424546,-0.7114102564102563,OPTIMIZE / TARGET ONLY
RC103,PassionFruit,BKK_Sukhumvit,LINE MAN,Lunch,23,26,110,26,88.66666666666667,21.333333333333336,525.3500000000003,858.2866666666666,-332.9366666666665,857.9999999999997,4.230769230769231,3.4102564102564106,0.24060150375939848,4.775909090909093,9.679924812030075,1.0268235068493534,-0.38790846880995444,-0.7862220030899549,-0.388038073038073,OPTIMIZE / TARGET ONLY
RC103,PassionFruit,BKK_Sukhumvit,LINE MAN,Morning,16,17,26,17,30.5,-4.5,115.63000000000008,333.765,-218.13499999999988,202.79999999999993,1.5294117647058822,1.7941176470588236,-0.14754098360655743,4.447307692307695,10.94311475409836,1.460615615381451,-0.6535586415591805,-1.6081565989880082,-1.0756163708086783,REDUCE / PAUSE BLANKET USE
RC103,PassionFruit,Pattaya_Beach,Grab,Afternoon,9,12,50,12,32.0,18.0,279.96000000000004,364.34999999999997,-84.38999999999993,389.9999999999999,4.166666666666667,2.6666666666666665,0.5625,5.599200000000001,11.385937499999999,1.033493624089155,-0.2316179497735692,-0.470993624089155,-0.21638461538461526,OPTIMIZE / TARGET ONLY
RC103,PassionFruit,Pattaya_Beach,Grab,Dinner,12,16,56,16,42.0,14.0,305.4720000000001,489.81,-184.3379999999999,436.79999999999984,3.5,2.625,0.33333333333333326,5.454857142857144,11.662142857142857,1.1379373559606112,-0.3763459300545108,-0.8046040226272779,-0.4220192307692307,OPTIMIZE / TARGET ONLY
RC103,PassionFruit,Pattaya_Beach,Grab,Late Evening,6,8,49,8,40.5,8.5,336.7780000000001,455.235,-118.45699999999992,382.1999999999999,6.125,5.0625,0.2098765432098766,6.873020408163267,11.240370370370371,0.6354338708233556,-0.26021066042813035,-0.425557327613479,-0.3099345892203034,OPTIMIZE / TARGET ONLY
RC103,PassionFruit,Pattaya_Beach,Grab,Late Night,7,8,14,8,13.0,1.0,88.95800000000006,161.84,-72.88199999999995,109.19999999999996,1.75,1.625,0.07692307692307687,6.354142857142861,12.44923076923077,0.9592305444055698,-0.4503336628769151,-0.8823074674824929,-0.6674175824175822,OPTIMIZE / TARGET ONLY
RC103,PassionFruit,Pattaya_Beach,Grab,Lunch,12,15,44,15,33.0,11.0,219.88800000000012,384.37,-164.4819999999999,343.1999999999999,2.933333333333333,2.2,0.33333333333333326,4.9974545454545485,11.647575757575758,1.330701690557616,-0.42792621692639876,-0.9973683572242826,-0.4792599067599067,OPTIMIZE / TARGET ONLY
RC103,PassionFruit,Pattaya_Beach,Grab,Morning,8,10,23,10,19.5,3.5,138.24600000000007,247.82500000000002,-109.57899999999997,179.39999999999992,2.3,1.95,0.17948717948717952,6.010695652173916,12.70897435897436,1.1143932573558013,-0.4421628165035809,-0.9349060778686218,-0.6108082497212933,OPTIMIZE / TARGET ONLY
RC103,PassionFruit,Pattaya_Beach,LINE MAN,Afternoon,21,21,77,21,66.16666666666667,10.833333333333332,396.5200000000001,635.3466666666667,-238.82666666666654,600.5999999999998,3.6666666666666665,3.150793650793651,0.16372795969773302,5.149610389610391,9.602216624685138,0.8646491478380798,-0.37589977125348883,-0.7009211881403468,-0.39764679764679756,OPTIMIZE / TARGET ONLY
RC103,PassionFruit,Pattaya_Beach,LINE MAN,Dinner,27,31,97,31,87.16666666666667,9.833333333333334,520.58,857.565,-336.98499999999996,756.5999999999997,3.129032258064516,2.8118279569892475,0.11281070745697885,5.366804123711341,9.838221797323136,0.8331620775679898,-0.39295563601592887,-0.7203513701110109,-0.44539386730108393,OPTIMIZE / TARGET ONLY
RC103,PassionFruit,Pattaya_Beach,LINE MAN,Late Evening,13,14,64,14,48.666666666666664,15.333333333333334,276.27000000000004,432.88666666666666,-156.6166666666666,499.1999999999998,4.571428571428571,3.476190476190476,0.3150684931506851,4.316718750000001,8.894931506849316,1.0605770313040002,-0.3617960051129625,-0.7455085381533151,-0.3137353098290598,OPTIMIZE / TARGET ONLY
RC103,PassionFruit,Pattaya_Beach,LINE MAN,Late Night,8,9,15,9,11.5,3.5,68.60000000000004,135.615,-67.01499999999996,116.99999999999996,1.6666666666666667,1.2777777777777777,0.30434782608695654,4.573333333333336,11.792608695652175,1.5785587526936231,-0.49415625115215844,-1.2742109266066666,-0.5727777777777776,OPTIMIZE / TARGET ONLY
RC103,PassionFruit,Pattaya_Beach,LINE MAN,Lunch,25,29,112,29,113.25,-1.25,507.52,1207.7116666666666,-700.1916666666666,873.5999999999997,3.8620689655172415,3.9051724137931036,-0.01103752759381893,4.531428571428571,10.66412067696836,1.353368371336019,-0.5797672457692027,-1.3644058989298378,-0.8015014499389501,REDUCE / PAUSE BLANKET USE
RC103,PassionFruit,Pattaya_Beach,LINE MAN,Morning,20,22,43,22,37.25,5.750000000000001,177.85000000000008,353.675,-175.8249999999999,335.39999999999986,1.9545454545454546,1.6931818181818181,0.15436241610738266,4.136046511627909,9.494630872483222,1.2955812623940304,-0.49713720223368896,-1.1412188462866477,-0.5242248062015503,OPTIMIZE / TARGET ONLY
RC103,PassionFruit,Pattaya_Central,Grab,Afternoon,9,9,39,9,34.5,4.5,236.11800000000008,385.55,-149.43199999999996,304.1999999999999,4.333333333333333,3.8333333333333335,0.13043478260869557,6.054307692307694,11.17536231884058,0.845853049893623,-0.38758137725327435,-0.7154182672849274,-0.49122945430637743,OPTIMIZE / TARGET ONLY
RC103,PassionFruit,Pattaya_Central,Grab,Dinner,12,12,38,12,45.5,-7.5,232.55600000000004,541.425,-308.8689999999999,296.39999999999986,3.1666666666666665,3.7916666666666665,-0.1648351648351648,6.119894736842106,11.899450549450549,0.9443881081508145,-0.5704742115713164,-1.1092232729859792,-1.0420681511470986,REDUCE / PAUSE BLANKET USE
RC103,PassionFruit,Pattaya_Central,Grab,Late Evening,6,6,37,6,24.5,12.5,239.05400000000003,291.155,-52.10099999999996,288.5999999999999,6.166666666666667,4.083333333333333,0.510204081632653,6.46091891891892,11.883877551020406,0.8393478853637879,-0.17894592227507666,-0.32914380373113494,-0.18053014553014543,OPTIMIZE / TARGET ONLY
RC103,PassionFruit,Pattaya_Central,Grab,Late Night,2,2,2,2,3.5,-1.5,15.744000000000003,41.98499999999999,-26.240999999999993,15.599999999999994,1.0,1.75,-0.4285714285714286,7.872000000000002,11.995714285714284,0.5238458188153305,-0.6250089317613432,-0.9524172473867591,-1.6821153846153847,REDUCE / PAUSE BLANKET USE
RC103,PassionFruit,Pattaya_Central,Grab,Lunch,11,11,42,11,45.0,-3.0,302.90400000000005,603.655,-300.7509999999999,327.5999999999999,3.8181818181818183,4.090909090909091,-0.06666666666666665,7.2120000000000015,13.414555555555555,0.86003266161336,-0.498216696623071,-0.9266993282800267,-0.9180433455433455,REDUCE / PAUSE BLANKET USE
RC103,PassionFruit,Pattaya_Central,Grab,Morning,7,7,13,7,15.0,-2.0,68.92600000000003,196.155,-127.22899999999996,101.39999999999996,1.8571428571428572,2.142857142857143,-0.1333333333333333,5.302000000000002,13.077,1.46642776310826,-0.6486146159924548,-1.5997610964415934,-1.254723865877712,REDUCE / PAUSE BLANKET USE
RC103,PassionFruit,Pattaya_Central,LINE MAN,Afternoon,16,19,82,19,57.66666666666667,24.333333333333332,303.9000000000001,484.06333333333333,-180.1633333333332,639.5999999999998,4.315789473684211,3.0350877192982457,0.421965317919075,3.706097560975611,8.394161849710981,1.2649597620148083,-0.37218958951652314,-0.8429944440957333,-0.2816812591202834,OPTIMIZE / TARGET ONLY
RC103,PassionFruit,Pattaya_Central,LINE MAN,Dinner,22,25,117,25,99.66666666666667,17.333333333333332,409.33000000000004,1020.76,-611.43,912.5999999999997,4.68,3.986666666666667,0.17391304347826075,3.4985470085470087,10.241739130434782,1.9274264731655864,-0.5989948665700067,-1.7535134296873256,-0.6699868507560817,OPTIMIZE / TARGET ONLY
RC103,PassionFruit,Pattaya_Central,LINE MAN,Late Evening,11,13,83,13,69.5,13.5,340.9400000000001,609.9549999999999,-269.01499999999976,647.3999999999997,6.384615384615385,5.346153846153846,0.19424460431654667,4.1077108433734955,8.776330935251798,1.1365503244732178,-0.441040732513054,-0.9423057201566711,-0.4155313561940066,OPTIMIZE / TARGET ONLY
RC103,PassionFruit,Pattaya_Central,LINE MAN,Late Night,10,11,20,11,16.5,3.5,67.84000000000005,190.91333333333336,-123.0733333333333,155.99999999999994,1.8181818181818181,1.5,0.21212121212121215,3.392000000000002,11.570505050505052,2.4111158757385156,-0.6446555155917169,-2.1989946636173032,-0.788931623931624,OPTIMIZE / TARGET ONLY
RC103,PassionFruit,Pattaya_Central,LINE MAN,Lunch,24,28,143,28,105.33333333333333,37.66666666666667,589.0500000000001,1007.2583333333334,-418.20833333333337,1115.3999999999996,5.107142857142857,3.761904761904762,0.3575949367088609,4.11923076923077,9.562579113924052,1.3214477774232054,-0.4151947117174508,-0.9638528407143445,-0.37494023070946164,OPTIMIZE / TARGET ONLY
RC103,PassionFruit,Pattaya_Central,LINE MAN,Morning,18,21,42,21,47.333333333333336,-5.333333333333334,143.82000000000008,459.625,-315.8049999999999,327.5999999999999,2.0,2.253968253968254,-0.11267605633802824,3.424285714285716,9.710387323943662,1.8357409790407009,-0.6870927386456349,-1.9484170353787291,-0.9639957264957264,REDUCE / PAUSE BLANKET USE
RC103,Pineapple,BKK_Ladprao,Grab,Afternoon,17,17,58,17,54.5,3.5,732.7796000000001,901.2966666666666,-168.51706666666666,341.04000000000013,3.411764705882353,3.2058823529411766,0.06422018348623859,12.63413103448276,16.53755351681957,0.30895852446702254,-0.18697180728505958,-0.24473834098078395,-0.4941269841269839,OPTIMIZE / TARGET ONLY
RC103,Pineapple,BKK_Ladprao,Grab,Dinner,24,24,86,24,70.33333333333333,15.666666666666668,1085.1432,1173.1283333333333,-87.98513333333335,505.68000000000023,3.5833333333333335,2.9305555555555554,0.22274881516587697,12.617944186046511,16.679549763033176,0.3218912302273591,-0.07500043331434325,-0.09914241506148214,-0.17399369825449557,OPTIMIZE / TARGET ONLY
RC103,Pineapple,BKK_Ladprao,Grab,Late Evening,12,12,59,12,49.333333333333336,9.666666666666668,744.5308,814.975,-70.44420000000005,346.92000000000013,4.916666666666667,4.111111111111112,0.19594594594594583,12.619166101694915,16.519763513513514,0.30910104363351687,-0.08643725267646252,-0.11315509768757104,-0.20305603597371158,OPTIMIZE / TARGET ONLY
RC103,Pineapple,BKK_Ladprao,Grab,Late Night,10,10,16,10,14.0,2.0,200.3992,228.84,-28.44080000000001,94.08000000000004,1.6,1.4,0.1428571428571428,12.52495,16.345714285714287,0.3050522585490789,-0.12428246809998245,-0.16219511569193612,-0.3023044217687075,OPTIMIZE / TARGET ONLY
RC103,Pineapple,BKK_Ladprao,Grab,Lunch,22,22,109,22,85.5,23.5,1378.7908,1423.135,-44.34419999999997,640.9200000000003,4.954545454545454,3.8863636363636362,0.2748538011695907,12.649456880733945,16.64485380116959,0.3158552148211935,-0.031159517544013693,-0.041001413651602814,-0.06918835424077881,OPTIMIZE / TARGET ONLY
RC103,Pineapple,BKK_Ladprao,Grab,Morning,18,18,36,18,42.0,-6.0,459.57319999999993,702.02,-242.4468000000001,211.6800000000001,2.0,2.3333333333333335,-0.1428571428571429,12.76592222222222,16.714761904761904,0.30932662864463945,-0.34535597276430874,-0.45218377150178235,-1.1453458049886622,REDUCE / PAUSE BLANKET USE
RC103,Pineapple,BKK_Ladprao,LINE MAN,Afternoon,15,15,52,15,34.166666666666664,17.833333333333332,507.97800000000007,455.43500000000006,52.54300000000001,305.7600000000001,3.466666666666667,2.2777777777777777,0.5219512195121951,9.768807692307693,13.329804878048783,0.36452730956564405,0.11536882321297215,0.1574239099465511,0.17184392987964414,KEEP / SCALE SELECTIVELY
RC103,Pineapple,BKK_Ladprao,LINE MAN,Dinner,18,18,59,18,56.166666666666664,2.833333333333334,584.0760000000001,760.8100000000001,-176.7339999999999,346.92000000000013,3.2777777777777777,3.1203703703703702,0.05044510385756684,9.899593220338986,13.545578635014838,0.36829648789862146,-0.2322971569774318,-0.3178513840410546,-0.5094373342557357,OPTIMIZE / TARGET ONLY
RC103,Pineapple,BKK_Ladprao,LINE MAN,Late Evening,10,10,50,10,29.166666666666664,20.833333333333332,486.2300000000001,394.29333333333335,91.93666666666671,294.0000000000001,5.0,2.9166666666666665,0.7142857142857144,9.724600000000002,13.518628571428573,0.39014751983922946,0.23316819964831614,0.32413819444648495,0.31270975056689343,KEEP / SCALE SELECTIVELY
RC103,Pineapple,BKK_Ladprao,LINE MAN,Late Night,6,6,8,6,8.166666666666666,-0.16666666666666674,76.06200000000001,111.14333333333335,-35.08133333333333,47.04000000000002,1.3333333333333333,1.361111111111111,-0.020408163265306034,9.507750000000001,13.609387755102043,0.4313994115434294,-0.31564046426536296,-0.45180757480873546,-0.7457766439909294,REDUCE / PAUSE BLANKET USE
RC103,Pineapple,BKK_Ladprao,LINE MAN,Lunch,19,19,83,19,75.16666666666667,7.833333333333332,823.512,1018.5033333333333,-194.99133333333342,488.0400000000002,4.368421052631579,3.956140350877193,0.10421286031042132,9.921831325301204,13.549933481152992,0.3656685985580035,-0.19144889069255222,-0.26145573824758217,-0.39953965521951756,OPTIMIZE / TARGET ONLY
RC103,Pineapple,BKK_Ladprao,LINE MAN,Morning,14,14,26,14,28.833333333333332,-2.833333333333333,251.61399999999998,388.0783333333334,-136.46433333333337,152.88000000000005,1.8571428571428572,2.0595238095238093,-0.09826589595375723,9.677461538461538,13.459364161849713,0.39079490095182523,-0.35164120645745933,-0.48906079690558246,-0.8926238444095587,REDUCE / PAUSE BLANKET USE
RC103,Pineapple,BKK_Sukhumvit,Grab,Afternoon,12,12,58,12,66.83333333333333,-8.833333333333334,705.5396,1120.6383333333335,-415.0987333333335,341.04000000000013,4.833333333333333,5.569444444444444,-0.13216957605985036,12.164475862068965,16.76765586034913,0.37841170063345775,-0.3704127558251772,-0.5105812766933081,-1.2171555633747753,REDUCE / PAUSE BLANKET USE
RC103,Pineapple,BKK_Sukhumvit,Grab,Dinner,20,20,127,20,97.83333333333333,29.166666666666664,1555.9424,1642.2183333333332,-86.27593333333348,746.7600000000003,6.35,4.891666666666667,0.2981260647359456,12.25151496062992,16.78587734241908,0.37010626003072056,-0.05253621371904471,-0.07198019529477495,-0.11553368328958895,OPTIMIZE / TARGET ONLY
RC103,Pineapple,BKK_Sukhumvit,Grab,Late Evening,10,10,72,10,65.0,7.0,878.8864,1093.4966666666667,-214.61026666666675,423.3600000000002,7.2,6.5,0.10769230769230775,12.206755555555555,16.82302564102564,0.37817338640562226,-0.1962605586360574,-0.2704810787133145,-0.5069214537666918,OPTIMIZE / TARGET ONLY
RC103,Pineapple,BKK_Sukhumvit,Grab,Late Night,10,10,13,10,19.0,-6.0,156.63559999999995,317.6916666666667,-161.05606666666674,76.44000000000003,1.3,1.9,-0.3157894736842105,12.048892307692304,16.72061403508772,0.3877303911508012,-0.5069571649660312,-0.7035198648350117,-2.1069605791034363,REDUCE / PAUSE BLANKET USE
RC103,Pineapple,BKK_Sukhumvit,Grab,Lunch,20,20,162,20,117.66666666666667,44.33333333333333,1980.3644,1967.5700000000002,12.794399999999747,952.5600000000004,8.1,5.883333333333334,0.37677053824362594,12.224471604938271,16.721558073654393,0.3678757343507142,0.006502640312669783,0.008894803892911751,0.013431594860166018,KEEP / SCALE SELECTIVELY
RC103,Pineapple,BKK_Sukhumvit,Grab,Morning,23,23,73,23,71.16666666666667,1.8333333333333335,889.0176,1193.8566666666668,-304.8390666666667,429.2400000000002,3.1739130434782608,3.094202898550725,0.025761124121779888,12.178323287671233,16.77550351288056,0.377488765622054,-0.2553397532367091,-0.35172764150027414,-0.7101832696548938,OPTIMIZE / TARGET ONLY
RC103,Pineapple,BKK_Sukhumvit,LINE MAN,Afternoon,15,15,106,15,77.0,29.0,1123.5340000000003,1105.805,17.72900000000022,623.2800000000003,7.066666666666666,5.133333333333334,0.37662337662337664,10.59937735849057,14.361103896103897,0.3549007088232421,0.016032663986869533,0.021722667800134543,0.02844467975869627,KEEP / SCALE SELECTIVELY
RC103,Pineapple,BKK_Sukhumvit,LINE MAN,Dinner,19,19,107,19,99.5,7.5,1119.0880000000002,1421.855,-302.7669999999999,629.1600000000003,5.631578947368421,5.2368421052631575,0.07537688442211055,10.458766355140188,14.290000000000001,0.36631793031468485,-0.21293802813929674,-0.2909410458925743,-0.4812241719117549,OPTIMIZE / TARGET ONLY
RC103,Pineapple,BKK_Sukhumvit,LINE MAN,Late Evening,10,10,64,10,61.0,3.0,675.626,869.605,-193.97900000000004,376.32000000000016,6.4,6.1,0.049180327868852514,10.55665625,14.255819672131148,0.3504105215258049,-0.22306564474675283,-0.30123019365695236,-0.5154629039115645,OPTIMIZE / TARGET ONLY
RC103,Pineapple,BKK_Sukhumvit,LINE MAN,Late Night,12,12,20,12,16.5,3.5,209.86000000000004,235.395,-25.53499999999995,117.60000000000005,1.6666666666666667,1.375,0.21212121212121215,10.493000000000002,14.266363636363637,0.3596077038371901,-0.10847724038318562,-0.14748649171597794,-0.2171343537414961,OPTIMIZE / TARGET ONLY
RC103,Pineapple,BKK_Sukhumvit,LINE MAN,Lunch,20,20,189,20,121.5,67.5,1991.1660000000002,1752.22,238.94599999999997,1111.3200000000004,9.45,6.075,0.5555555555555556,10.535269841269843,14.42156378600823,0.3688841390198281,0.13636757941354394,0.1866714165357275,0.2150109779361479,KEEP / SCALE SELECTIVELY
RC103,Pineapple,BKK_Sukhumvit,LINE MAN,Morning,18,18,49,18,40.5,8.5,516.5360000000001,576.345,-59.808999999999926,288.1200000000001,2.7222222222222223,2.25,0.2098765432098766,10.541551020408164,14.23074074074074,0.3499665004884389,-0.10377291379295384,-0.14008995727856233,-0.2075836457031789,OPTIMIZE / TARGET ONLY
RC103,Pineapple,Pattaya_Beach,Grab,Afternoon,15,15,98,15,91.83333333333333,6.166666666666668,1242.0876,1550.1233333333332,-308.0357333333333,576.2400000000002,6.533333333333333,6.122222222222222,0.06715063520871145,12.674363265306123,16.879745916515425,0.3318022817541304,-0.19871691929889435,-0.26465164654541895,-0.534561525290388,OPTIMIZE / TARGET ONLY
RC103,Pineapple,Pattaya_Beach,Grab,Dinner,20,20,145,20,136.83333333333334,8.166666666666668,1822.8139999999996,2306.2083333333335,-483.3943333333338,852.6000000000004,7.25,6.841666666666667,0.05968331303288665,12.571131034482756,16.854141291108405,0.34070206132425973,-0.20960566586568885,-0.2810187482913731,-0.5669649698960046,OPTIMIZE / TARGET ONLY
RC103,Pineapple,Pattaya_Beach,Grab,Late Evening,10,10,99,10,85.5,13.5,1232.5288,1442.0133333333333,-209.48453333333347,582.1200000000002,9.9,8.55,0.1578947368421053,12.449785858585859,16.865653021442494,0.35469422631163416,-0.14527225823154655,-0.19679948946952885,-0.3598648617696238,OPTIMIZE / TARGET ONLY
RC103,Pineapple,Pattaya_Beach,Grab,Late Night,14,14,19,14,28.333333333333332,-9.333333333333334,238.66279999999998,471.3683333333334,-232.7055333333334,111.72000000000006,1.3571428571428572,2.0238095238095237,-0.3294117647058823,12.5612,16.63652941176471,0.3244379049585,-0.49368087942550243,-0.6538496696643823,-2.0829353144766674,REDUCE / PAUSE BLANKET USE
RC103,Pineapple,Pattaya_Beach,Grab,Lunch,20,20,152,20,125.16666666666667,26.833333333333332,1910.0624,2118.0333333333333,-207.97093333333345,893.7600000000004,7.6,6.258333333333334,0.2143808255659121,12.5662,16.921704394141145,0.3466047328660331,-0.09819058560614402,-0.132223907300121,-0.2326921470342523,OPTIMIZE / TARGET ONLY
RC103,Pineapple,Pattaya_Beach,Grab,Morning,17,17,62,17,45.833333333333336,16.166666666666668,795.4343999999999,768.1566666666666,27.277733333333188,364.5600000000002,3.6470588235294117,2.696078431372549,0.35272727272727256,12.829587096774192,16.759781818181818,0.30633836395216596,0.03551063802088961,0.046388908775106596,0.07482371443200893,KEEP / SCALE SELECTIVELY
RC103,Pineapple,Pattaya_Beach,LINE MAN,Afternoon,18,24,159,24,133.66666666666666,25.333333333333332,1582.7060000000001,1851.44,-268.7339999999999,934.9200000000004,6.625,5.569444444444444,0.18952618453865355,9.954125786163523,13.851172069825438,0.3915006066207143,-0.14514864105777125,-0.20197442208206073,-0.2874406366320111,OPTIMIZE / TARGET ONLY
RC103,Pineapple,Pattaya_Beach,LINE MAN,Dinner,24,32,231,32,174.0,57.0,2282.704,2403.9,-121.19599999999991,1358.2800000000007,7.21875,5.4375,0.3275862068965518,9.881835497835498,13.815517241379311,0.3980719719940127,-0.05041640667249048,-0.07048576509746085,-0.0892275524928585,OPTIMIZE / TARGET ONLY
RC103,Pineapple,Pattaya_Beach,LINE MAN,Late Evening,12,16,147,16,132.66666666666666,14.333333333333334,1437.2979999999998,1805.8566666666668,-368.5586666666669,864.3600000000004,9.1875,8.291666666666666,0.1080402010050252,9.777537414965986,13.611984924623117,0.3921690449159454,-0.2040907639402908,-0.2841288439109202,-0.4263948663365574,OPTIMIZE / TARGET ONLY
RC103,Pineapple,Pattaya_Beach,LINE MAN,Late Night,21,24,41,24,47.5,-6.5,409.28400000000005,653.36,-244.07600000000002,241.0800000000001,1.7083333333333333,1.9791666666666667,-0.13684210526315788,9.982536585365855,13.754947368421053,0.37790102253023106,-0.3735704665115709,-0.5147431277933889,-1.0124274099883852,REDUCE / PAUSE BLANKET USE
RC103,Pineapple,Pattaya_Beach,LINE MAN,Lunch,24,32,228,32,188.16666666666666,39.83333333333333,2260.982,2629.485,-368.50300000000027,1340.6400000000006,7.125,5.880208333333333,0.21169176262178935,9.916587719298246,13.974233835252438,0.409177655743193,-0.1401426515078048,-0.19748589312140363,-0.2748709571547918,OPTIMIZE / TARGET ONLY
RC103,Pineapple,Pattaya_Beach,LINE MAN,Morning,27,34,112,34,83.66666666666667,28.333333333333332,1117.468,1164.435,-46.96699999999993,658.5600000000003,3.2941176470588234,2.4607843137254903,0.33864541832669315,9.977392857142858,13.917549800796811,0.3949084695841336,-0.040334582866368596,-0.056263051257440466,-0.07131772351797848,OPTIMIZE / TARGET ONLY
RC103,Pineapple,Pattaya_Central,Grab,Afternoon,12,15,125,15,108.0,17.0,1585.04,1781.225,-196.18500000000017,735.0000000000003,8.333333333333334,7.2,0.15740740740740744,12.68032,16.492824074074072,0.3006630805905586,-0.11014049319990449,-0.14325567318315113,-0.2669183673469389,OPTIMIZE / TARGET ONLY
RC103,Pineapple,Pattaya_Central,Grab,Dinner,16,19,136,19,149.0,-13.0,1729.0531999999998,2467.795,-738.7418000000002,799.6800000000004,7.157894736842105,7.842105263157895,-0.08724832214765099,12.713626470588235,16.56238255033557,0.3027268489168742,-0.2993529851547637,-0.3899751710645252,-0.9237967687074828,REDUCE / PAUSE BLANKET USE
RC103,Pineapple,Pattaya_Central,Grab,Late Evening,8,10,92,10,84.0,8.0,1170.6404,1381.1150000000002,-210.47460000000012,540.9600000000003,9.2,8.4,0.09523809523809534,12.724352173913044,16.44184523809524,0.2921557823433756,-0.1523946955901574,-0.19691768710528024,-0.3890760869565218,OPTIMIZE / TARGET ONLY
RC103,Pineapple,Pattaya_Central,Grab,Late Night,13,14,29,14,28.0,1.0,363.8148,463.29,-99.47520000000003,170.52000000000007,2.0714285714285716,2.0,0.03571428571428581,12.545337931034483,16.54607142857143,0.31890201121167006,-0.21471475749530533,-0.28318772549738425,-0.5833638282899366,OPTIMIZE / TARGET ONLY
RC103,Pineapple,Pattaya_Central,Grab,Lunch,15,18,180,18,148.5,31.5,2286.406,2457.255,-170.84900000000005,1058.4000000000005,10.0,8.25,0.21212121212121215,12.702255555555555,16.547171717171718,0.3026955444881221,-0.06952839652376341,-0.09057433236690993,-0.16142195767195763,OPTIMIZE / TARGET ONLY
RC103,Pineapple,Pattaya_Central,Grab,Morning,17,21,77,21,71.0,6.0,969.4123999999999,1172.795,-203.38260000000002,452.7600000000002,3.6666666666666665,3.380952380952381,0.08450704225352124,12.589771428571428,16.51823943661972,0.31203648377070325,-0.1734170080875176,-0.22752944151718202,-0.44920620196130384,OPTIMIZE / TARGET ONLY
RC103,Pineapple,Pattaya_Central,LINE MAN,Afternoon,18,21,130,21,144.5,-14.5,1265.12,1928.085,-662.9650000000001,764.4000000000003,6.190476190476191,6.880952380952381,-0.10034602076124566,9.731692307692306,13.343148788927335,0.37110261679568257,-0.3438463553214719,-0.47144863755692823,-0.8673011512297225,REDUCE / PAUSE BLANKET USE
RC103,Pineapple,Pattaya_Central,LINE MAN,Dinner,24,28,239,28,216.5,22.5,2318.276,2884.29,-566.0140000000002,1405.3200000000006,8.535714285714286,7.732142857142857,0.10392609699769051,9.699899581589957,13.322355658198614,0.37345294620203506,-0.1962403225750532,-0.26952684920434455,-0.40276520650101044,OPTIMIZE / TARGET ONLY
RC103,Pineapple,Pattaya_Central,LINE MAN,Late Evening,12,14,173,14,135.5,37.5,1664.212,1804.0149999999999,-139.80299999999994,1017.2400000000005,12.357142857142858,9.678571428571429,0.2767527675276753,9.619722543352601,13.313763837638376,0.38400705193295015,-0.07749547537021584,-0.10725428440527485,-0.13743364397782223,OPTIMIZE / TARGET ONLY
RC103,Pineapple,Pattaya_Central,LINE MAN,Late Night,17,18,43,18,31.0,12.0,410.39200000000005,406.12,4.272000000000073,252.84000000000012,2.388888888888889,1.7222222222222223,0.3870967741935485,9.544,13.100645161290323,0.37265770759538164,0.010519058406382564,0.01443906659816685,0.01689606074988163,KEEP / SCALE SELECTIVELY
RC103,Pineapple,Pattaya_Central,LINE MAN,Lunch,24,28,232,28,207.5,24.5,2254.7580000000003,2765.9300000000003,-511.17199999999985,1364.1600000000005,8.285714285714286,7.410714285714286,0.1180722891566266,9.718784482758622,13.329783132530121,0.3715483820201493,-0.18481017234709485,-0.2534760928635227,-0.3747155758855264,OPTIMIZE / TARGET ONLY
RC103,Pineapple,Pattaya_Central,LINE MAN,Morning,25,29,107,29,95.0,12.0,1038.838,1270.6299999999999,-231.79199999999997,629.1600000000003,3.689655172413793,3.2758620689655173,0.12631578947368416,9.708766355140186,13.375052631578946,0.3776263782985867,-0.18242289258084565,-0.25131058882490254,-0.3684150295632269,OPTIMIZE / TARGET ONLY
RC103,Watermelon,BKK_Ladprao,Grab,Afternoon,6,6,35,6,30.0,5.0,396.78,453.6000000000001,-56.820000000000064,188.99999999999994,5.833333333333333,5.0,0.16666666666666674,11.336571428571428,15.120000000000003,0.33373657946469093,-0.12526455026455052,-0.1670699127980242,-0.3006349206349211,OPTIMIZE / TARGET ONLY
RC103,Watermelon,BKK_Ladprao,Grab,Dinner,8,8,54,8,37.5,16.5,612.914,566.1500000000001,46.763999999999896,291.5999999999999,6.75,4.6875,0.43999999999999995,11.350259259259259,15.097333333333335,0.330131144010416,0.08260001766316338,0.10986885598958396,0.16037037037037005,KEEP / SCALE SELECTIVELY
RC103,Watermelon,BKK_Ladprao,Grab,Late Evening,4,4,17,4,26.5,-9.5,192.56199999999998,400.6200000000001,-208.0580000000001,91.79999999999998,4.25,6.625,-0.3584905660377359,11.327176470588235,15.117735849056608,0.3346429172628158,-0.5193400229644054,-0.6931334833005517,-2.2664270152505464,REDUCE / PAUSE BLANKET USE
RC103,Watermelon,BKK_Ladprao,Grab,Late Night,3,3,7,3,4.0,3.0,79.38200000000002,60.42,18.962000000000018,37.79999999999999,2.3333333333333335,1.3333333333333333,0.75,11.340285714285717,15.105,0.331977022498803,0.31383647798742165,0.418022977501197,0.5016402116402122,KEEP / SCALE SELECTIVELY
RC103,Watermelon,BKK_Ladprao,Grab,Lunch,8,8,47,8,36.5,10.5,532.362,552.0450000000001,-19.683000000000025,253.79999999999995,5.875,4.5625,0.28767123287671237,11.326851063829787,15.124520547945208,0.3352802524474414,-0.03565470206233201,-0.04760901957072905,-0.07755319148936181,OPTIMIZE / TARGET ONLY
RC103,Watermelon,BKK_Ladprao,Grab,Morning,7,7,24,7,19.0,5.0,272.07400000000007,286.97,-14.89599999999998,129.59999999999997,3.4285714285714284,2.7142857142857144,0.26315789473684204,11.33641666666667,15.103684210526318,0.3323155503746462,-0.051907864933616654,-0.06915765563780418,-0.11493827160493815,OPTIMIZE / TARGET ONLY
RC103,Watermelon,BKK_Ladprao,LINE MAN,Afternoon,21,23,125,23,122.5,2.5,1095.28,1527.2016666666666,-431.92166666666657,674.9999999999998,5.434782608695652,5.326086956521739,0.020408163265306145,8.76224,12.46695238095238,0.4228042579240445,-0.28281901211475013,-0.4023960946587384,-0.639883950617284,OPTIMIZE / TARGET ONLY
RC103,Watermelon,BKK_Ladprao,LINE MAN,Dinner,28,31,177,31,129.16666666666666,47.833333333333336,1551.48,1609.3066666666666,-57.82666666666668,955.7999999999997,5.709677419354839,4.166666666666666,0.3703225806451613,8.765423728813559,12.459148387096775,0.4213971591745489,-0.03593265837047832,-0.05107457852938757,-0.06050080212038784,OPTIMIZE / TARGET ONLY
RC103,Watermelon,BKK_Ladprao,LINE MAN,Late Evening,14,16,99,16,95.16666666666667,3.833333333333334,866.6299999999999,1187.5433333333333,-320.9133333333334,534.5999999999999,6.1875,5.947916666666667,0.04028021015761807,8.753838383838383,12.478563922942206,0.4254962652703904,-0.2702329458854835,-0.38521605511277235,-0.6002868188053375,OPTIMIZE / TARGET ONLY
RC103,Watermelon,BKK_Ladprao,LINE MAN,Late Night,13,14,27,14,26.5,0.5,235.54000000000002,332.415,-96.875,145.79999999999995,1.9285714285714286,1.8928571428571428,0.018867924528301883,8.723703703703704,12.543962264150943,0.43791704649773067,-0.2914278838199239,-0.4190491219694288,-0.6644375857338822,OPTIMIZE / TARGET ONLY
RC103,Watermelon,BKK_Ladprao,LINE MAN,Lunch,28,32,222,32,185.83333333333334,36.166666666666664,1940.86,2316.56,-375.70000000000016,1198.7999999999997,6.9375,5.807291666666667,0.19461883408071734,8.742612612612612,12.465793721973093,0.4258659595633001,-0.16218012915702595,-0.23124712548258275,-0.3133967300633969,OPTIMIZE / TARGET ONLY
RC103,Watermelon,BKK_Ladprao,LINE MAN,Morning,25,29,84,29,73.0,11.0,738.96,909.0966666666667,-170.13666666666663,453.5999999999999,2.896551724137931,2.5172413793103448,0.15068493150684925,8.797142857142857,12.45337899543379,0.41561631971478596,-0.18714914805539562,-0.2649313882079367,-0.37508083480305704,OPTIMIZE / TARGET ONLY
RC103,Watermelon,BKK_Sukhumvit,Grab,Afternoon,12,12,112,12,88.5,23.5,1248.042,1347.9066666666668,-99.86466666666668,604.7999999999998,9.333333333333334,7.375,0.2655367231638419,11.143232142857142,15.230583804143127,0.36680126635484234,-0.07408871039537868,-0.10126454319100042,-0.16512014991181664,OPTIMIZE / TARGET ONLY
RC103,Watermelon,BKK_Sukhumvit,Grab,Dinner,16,16,161,16,121.5,39.5,1789.4460000000001,1847.8366666666666,-58.39066666666657,869.3999999999997,10.0625,7.59375,0.3251028806584362,11.114571428571429,15.208532235939643,0.36834176051486467,-0.03159947397948215,-0.04323887985642849,-0.06716202745188243,OPTIMIZE / TARGET ONLY
RC103,Watermelon,BKK_Sukhumvit,Grab,Late Evening,8,8,81,8,67.0,14.0,902.1659999999999,1018.3900000000001,-116.22400000000006,437.3999999999999,10.125,8.375,0.20895522388059695,11.13785185185185,15.199850746268659,0.3647021839082403,-0.11412523689352816,-0.15574696002764332,-0.2657155921353454,OPTIMIZE / TARGET ONLY
RC103,Watermelon,BKK_Sukhumvit,Grab,Late Night,8,8,19,8,19.166666666666668,-0.16666666666666674,211.394,290.23333333333335,-78.83933333333334,102.59999999999997,2.375,2.3958333333333335,-0.008695652173913104,11.126,15.142608695652173,0.3610110278314016,-0.27164120822326865,-0.3697066800053147,-0.7684145549057834,REDUCE / PAUSE BLANKET USE
RC103,Watermelon,BKK_Sukhumvit,Grab,Lunch,15,15,173,15,142.16666666666666,30.833333333333336,1915.3780000000002,2166.8,-251.42199999999983,934.1999999999998,11.533333333333333,9.477777777777778,0.21688159437280197,11.071549132947977,15.241266119577963,0.3766154976652063,-0.11603378253645935,-0.15973390329240433,-0.2691308071076856,OPTIMIZE / TARGET ONLY
RC103,Watermelon,BKK_Sukhumvit,Grab,Morning,13,13,67,13,51.833333333333336,15.166666666666666,746.972,787.69,-40.71799999999999,361.7999999999999,5.153846153846154,3.9871794871794872,0.292604501607717,11.148835820895522,15.196591639871382,0.36306533561014676,-0.05169292488161592,-0.07046083400242975,-0.1125428413488115,OPTIMIZE / TARGET ONLY
RC103,Watermelon,BKK_Sukhumvit,LINE MAN,Afternoon,18,21,188,21,157.5,30.5,1643.9499999999998,1973.7683333333334,-329.81833333333356,1015.1999999999997,8.952380952380953,7.5,0.19365079365079363,8.744414893617021,12.531862433862434,0.4331276118897398,-0.16710083334670323,-0.23947681823894618,-0.32488015497767303,OPTIMIZE / TARGET ONLY
RC103,Watermelon,BKK_Sukhumvit,LINE MAN,Dinner,24,28,249,28,201.0,48.0,2185.5899999999997,2518.911666666667,-333.32166666666706,1344.5999999999997,8.892857142857142,7.178571428571429,0.23880597014925375,8.77746987951807,12.531898839137646,0.427734758552736,-0.1323276520878397,-0.18892878840348226,-0.2478965243690816,OPTIMIZE / TARGET ONLY
RC103,Watermelon,BKK_Sukhumvit,LINE MAN,Late Evening,12,14,146,14,122.83333333333333,23.166666666666664,1276.26,1536.075,-259.81500000000005,788.3999999999997,10.428571428571429,8.773809523809524,0.18860244233378576,8.74150684931507,12.505359565807328,0.4305725295847789,-0.1691421317318491,-0.24197008725099312,-0.329547184170472,OPTIMIZE / TARGET ONLY
RC103,Watermelon,BKK_Sukhumvit,LINE MAN,Late Night,17,19,50,19,34.5,15.5,439.27000000000004,434.28333333333336,4.986666666666684,269.99999999999994,2.6315789473684212,1.8157894736842106,0.4492753623188406,8.785400000000001,12.58792270531401,0.43282294549070155,0.011482519092758103,0.016452416828139027,0.018469135802469203,KEEP / SCALE SELECTIVELY
RC103,Watermelon,BKK_Sukhumvit,LINE MAN,Lunch,24,28,326,28,261.8333333333333,64.16666666666667,2849.86,3275.0716666666667,-425.2116666666669,1760.3999999999996,11.642857142857142,9.351190476190476,0.24506683640993,8.741901840490797,12.50823042647995,0.4308362933731704,-0.12983278228517137,-0.18576945696324043,-0.2415426418238281,OPTIMIZE / TARGET ONLY
RC103,Watermelon,BKK_Sukhumvit,LINE MAN,Morning,27,31,110,31,101.33333333333333,8.666666666666666,955.74,1272.6833333333334,-316.9433333333334,593.9999999999999,3.5483870967741935,3.268817204301075,0.08552631578947367,8.688545454545455,12.559375000000001,0.4455095004917655,-0.2490355024161549,-0.35998318470229185,-0.5335746352413021,OPTIMIZE / TARGET ONLY
RC103,Watermelon,Pattaya_Beach,Grab,Afternoon,6,6,71,6,67.0,4.0,768.816,1027.56,-258.74399999999997,383.3999999999999,11.833333333333334,11.166666666666666,0.05970149253731338,10.828394366197184,15.336716417910447,0.416342617312389,-0.25180427420296614,-0.3566411247750756,-0.6748669796557121,OPTIMIZE / TARGET ONLY
RC103,Watermelon,Pattaya_Beach,Grab,Dinner,8,8,91,8,67.5,23.5,985.616,1035.06,-49.44399999999989,491.39999999999986,11.375,8.4375,0.3481481481481481,10.830945054945055,15.334222222222222,0.4157787842549454,-0.04776921144667934,-0.06763063610679731,-0.10061864061864043,OPTIMIZE / TARGET ONLY
RC103,Watermelon,Pattaya_Beach,Grab,Late Evening,4,4,49,4,38.0,11.0,530.3840000000001,583.3950000000001,-53.010999999999896,264.5999999999999,12.25,9.5,0.2894736842105263,10.824163265306126,15.352500000000003,0.4183544375395938,-0.09086639412404962,-0.12888075332906745,-0.20034391534391502,OPTIMIZE / TARGET ONLY
RC103,Watermelon,Pattaya_Beach,Grab,Late Night,7,7,12,7,11.0,1.0,129.95200000000003,169.93499999999997,-39.98299999999994,64.79999999999998,1.7142857142857142,1.5714285714285714,0.09090909090909083,10.829333333333336,15.44863636363636,0.42655469991717165,-0.2352840792067552,-0.3356456090080808,-0.6170216049382709,OPTIMIZE / TARGET ONLY
RC103,Watermelon,Pattaya_Beach,Grab,Lunch,8,8,96,8,78.5,17.5,1039.296,1207.345,-168.049,518.3999999999999,12.0,9.8125,0.22292993630573243,10.826,15.380191082802549,0.4206716315169543,-0.13918888138850116,-0.19774169521122187,-0.32416859567901246,OPTIMIZE / TARGET ONLY
RC103,Watermelon,Pattaya_Beach,Grab,Morning,9,9,28,9,35.0,-7.0,302.528,537.22,-234.69199999999992,151.19999999999996,3.111111111111111,3.888888888888889,-0.19999999999999996,10.80457142857143,15.349142857142859,0.4206156124391791,-0.4368638546591713,-0.6206156124391791,-1.5521957671957671,REDUCE / PAUSE BLANKET USE
RC103,Watermelon,Pattaya_Beach,LINE MAN,Afternoon,18,24,248,24,215.16666666666666,32.833333333333336,2181.3199999999997,2691.3533333333335,-510.03333333333364,1339.1999999999996,10.333333333333334,8.965277777777777,0.152594887683966,8.795645161290322,12.508226181254843,0.4220930871908759,-0.18950812850040766,-0.2694981995069099,-0.38084926324173674,OPTIMIZE / TARGET ONLY
RC103,Watermelon,Pattaya_Beach,LINE MAN,Dinner,24,32,366,32,319.6666666666667,46.33333333333333,3215.6099999999997,3996.118333333334,-780.5083333333338,1976.3999999999994,11.4375,9.989583333333334,0.14494264859228356,8.785819672131147,12.500891553701774,0.42284863794267635,-0.19531662183844256,-0.2779059893503928,-0.3949141536800921,OPTIMIZE / TARGET ONLY
RC103,Watermelon,Pattaya_Beach,LINE MAN,Late Evening,12,16,252,16,198.66666666666666,53.333333333333336,2223.7599999999998,2487.02,-263.2600000000003,1360.7999999999997,15.75,12.416666666666666,0.26845637583892623,8.824444444444444,12.518557046979867,0.41862268223141297,-0.10585359184887944,-0.15016630639248674,-0.19345972957084093,OPTIMIZE / TARGET ONLY
RC103,Watermelon,Pattaya_Beach,LINE MAN,Late Night,20,25,60,25,57.5,2.5000000000000004,528.61,721.3166666666667,-192.7066666666667,323.9999999999999,2.4,2.3,0.04347826086956519,8.810166666666667,12.544637681159422,0.42388199404015303,-0.26715959241202436,-0.38040373317058784,-0.5947736625514407,OPTIMIZE / TARGET ONLY
RC103,Watermelon,Pattaya_Beach,LINE MAN,Lunch,24,32,341,32,316.3333333333333,24.666666666666668,2984.75,3957.3050000000003,-972.5550000000003,1841.3999999999994,10.65625,9.885416666666666,0.07797681770284526,8.752932551319649,12.509920969441518,0.42922625029887174,-0.24576195163122383,-0.3512494325960265,-0.5281606386445099,OPTIMIZE / TARGET ONLY
RC103,Watermelon,Pattaya_Beach,LINE MAN,Morning,27,36,166,36,145.66666666666666,20.333333333333332,1457.8199999999997,1821.3016666666667,-363.481666666667,896.3999999999997,4.611111111111111,4.046296296296296,0.13958810068649896,8.782048192771082,12.50321510297483,0.4237242643768244,-0.1995724669444291,-0.28413616369032546,-0.40549048044028013,OPTIMIZE / TARGET ONLY
RC103,Watermelon,Pattaya_Central,Grab,Afternoon,21,21,262,21,241.16666666666666,20.833333333333336,2951.8720000000003,3666.3283333333334,-714.4563333333333,1414.7999999999997,12.476190476190476,11.484126984126984,0.08638562543192818,11.266687022900765,15.202467173462336,0.34932896800644864,-0.1948697084321871,-0.26294334257452046,-0.504987512958251,OPTIMIZE / TARGET ONLY
RC103,Watermelon,Pattaya_Central,Grab,Dinner,28,28,364,28,305.1666666666667,58.83333333333333,4107.414,4643.585,-536.1710000000003,1965.5999999999995,13.0,10.898809523809524,0.19279082468596398,11.284104395604395,15.216553795740031,0.3484945957844454,-0.11546488327445292,-0.15570377109848144,-0.27277726902726923,OPTIMIZE / TARGET ONLY
RC103,Watermelon,Pattaya_Central,Grab,Late Evening,14,14,260,14,210.33333333333334,49.666666666666664,2934.46,3201.685,-267.2250000000001,1403.9999999999995,18.571428571428573,15.023809523809524,0.2361331220285261,11.286384615384616,15.221957210776544,0.3487009108326238,-0.08346386355934454,-0.11256778880409768,-0.1903311965811967,OPTIMIZE / TARGET ONLY
RC103,Watermelon,Pattaya_Central,Grab,Late Night,23,23,76,23,61.666666666666664,14.333333333333332,857.006,937.5633333333334,-80.55733333333333,410.39999999999986,3.3043478260869565,2.681159420289855,0.2324324324324325,11.276394736842105,15.203729729729732,0.3482793112994069,-0.08592201771258123,-0.11584687886697442,-0.19628979857050038,OPTIMIZE / TARGET ONLY
RC103,Watermelon,Pattaya_Central,Grab,Lunch,27,27,333,27,308.8333333333333,24.166666666666668,3747.798,4698.526666666667,-950.7286666666669,1798.1999999999996,12.333333333333334,11.43827160493827,0.07825148407987048,11.254648648648647,15.213793847814356,0.3517786581139595,-0.20234612552303632,-0.273527174034089,-0.5287113038964893,OPTIMIZE / TARGET ONLY
RC103,Watermelon,Pattaya_Central,Grab,Morning,32,32,139,32,158.5,-19.5,1565.884,2413.635,-847.7510000000001,750.5999999999998,4.34375,4.953125,-0.12302839116719244,11.265352517985612,15.227981072555206,0.35175362228950147,-0.3512341344072323,-0.4747820134566939,-1.1294311217692516,REDUCE / PAUSE BLANKET USE
RC103,Watermelon,Pattaya_Central,LINE MAN,Afternoon,15,15,161,15,148.5,12.5,1391.12,1855.295,-464.17500000000007,869.3999999999997,10.733333333333333,9.9,0.08417508417508412,8.640496894409937,12.493569023569025,0.44593177640650206,-0.25018932299176155,-0.36175669223141793,-0.5339026915113874,OPTIMIZE / TARGET ONLY
RC103,Watermelon,Pattaya_Central,LINE MAN,Dinner,20,20,254,20,192.0,62.0,2200.2200000000003,2398.3650000000002,-198.14500000000004,1371.5999999999997,12.7,9.6,0.32291666666666674,8.66228346456693,12.491484375,0.4420544451236694,-0.08261669929306004,-0.11913777845700269,-0.14446267133275015,OPTIMIZE / TARGET ONLY
RC103,Watermelon,Pattaya_Central,LINE MAN,Late Evening,10,10,153,10,162.5,-9.5,1326.0600000000002,2028.585,-702.525,826.1999999999998,15.3,16.25,-0.058461538461538454,8.667058823529413,12.483600000000001,0.4403502103977195,-0.3463128239635016,-0.49881174885925794,-0.8503086419753088,REDUCE / PAUSE BLANKET USE
RC103,Watermelon,Pattaya_Central,LINE MAN,Late Night,16,16,43,16,49.0,-6.0,374.67999999999995,610.445,-235.76500000000007,232.19999999999993,2.6875,3.0625,-0.12244897959183676,8.713488372093023,12.458061224489796,0.4297444022981245,-0.3862182506204491,-0.5521933818899613,-1.0153531438415166,REDUCE / PAUSE BLANKET USE
RC103,Watermelon,Pattaya_Central,LINE MAN,Lunch,20,20,250,20,195.5,54.5,2166.94,2441.9500000000003,-275.0100000000001,1349.9999999999995,12.5,9.775,0.27877237851662406,8.66776,12.490792838874683,0.44106353185536795,-0.11261901349331482,-0.1622911533387439,-0.20371111111111126,OPTIMIZE / TARGET ONLY
RC103,Watermelon,Pattaya_Central,LINE MAN,Morning,24,24,128,24,109.5,18.5,1107.06,1367.75,-260.69000000000017,691.1999999999998,5.333333333333333,4.5625,0.16894977168949765,8.64890625,12.490867579908675,0.44421354780076117,-0.19059769694754158,-0.2752637761112635,-0.3771556712962966,OPTIMIZE / TARGET ONLY
