date,month,kitchen,sku,forecast_units_base,forecast_lower_units,forecast_upper_units,waste_rate_base,prep_target_cups_lower,prep_target_cups_base,prep_target_cups_upper,expected_waste_units_base,usable_on_hand_cups,usable_inbound_cups,lead_time_days,review_period_days,safety_stock_cups,order_qty_cups,order_qty_status
2026-09-01,2026-09-01,BKK_Ladprao,Guava,35.000186179536364,26.525295655560253,43.47507670351247,0.05384217143702389,28.03474732735325,36.99191099300486,45.949074658656464,1.991724813468494,,,,,,,"not calculable: missing on-hand, inbound, lead time, shelf life, BOM/yield"
2026-09-02,2026-09-01,BKK_Ladprao,Guava,35.000186179536364,26.525295655560253,43.47507670351247,0.05384217143702389,28.03474732735325,36.99191099300486,45.949074658656464,1.991724813468494,,,,,,,"not calculable: missing on-hand, inbound, lead time, shelf life, BOM/yield"
2026-09-03,2026-09-01,BKK_Ladprao,Guava,35.000186179536364,26.525295655560253,43.47507670351247,0.05384217143702389,28.03474732735325,36.99191099300486,45.949074658656464,1.991724813468494,,,,,,,"not calculable: missing on-hand, inbound, lead time, shelf life, BOM/yield"
2026-09-04,2026-09-01,BKK_Ladprao,Guava,35.000186179536364,26.525295655560253,43.47507670351247,0.05384217143702389,28.03474732735325,36.99191099300486,45.949074658656464,1.991724813468494,,,,,,,"not calculable: missing on-hand, inbound, lead time, shelf life, BOM/yield"
2026-09-05,2026-09-01,BKK_Ladprao,Guava,35.000186179536364,26.525295655560253,43.47507670351247,0.05384217143702389,28.03474732735325,36.99191099300486,45.949074658656464,1.991724813468494,,,,,,,"not calculable: missing on-hand, inbound, lead time, shelf life, BOM/yield"
2026-09-06,2026-09-01,BKK_Ladprao,Guava,35.000186179536364,26.525295655560253,43.47507670351247,0.05384217143702389,28.03474732735325,36.99191099300486,45.949074658656464,1.991724813468494,,,,,,,"not calculable: missing on-hand, inbound, lead time, shelf life, BOM/yield"
2026-09-07,2026-09-01,BKK_Ladprao,Guava,35.000186179536364,26.525295655560253,43.47507670351247,0.05384217143702389,28.03474732735325,36.99191099300486,45.949074658656464,1.991724813468494,,,,,,,"not calculable: missing on-hand, inbound, lead time, shelf life, BOM/yield"
2026-09-08,2026-09-01,BKK_Ladprao,Guava,35.000186179536364,26.525295655560253,43.47507670351247,0.05384217143702389,28.03474732735325,36.99191099300486,45.949074658656464,1.991724813468494,,,,,,,"not calculable: missing on-hand, inbound, lead time, shelf life, BOM/yield"
2026-09-09,2026-09-01,BKK_Ladprao,Guava,35.000186179536364,26.525295655560253,43.47507670351247,0.05384217143702389,28.03474732735325,36.99191099300486,45.949074658656464,1.991724813468494,,,,,,,"not calculable: missing on-hand, inbound, lead time, shelf life, BOM/yield"
2026-09-10,2026-09-01,BKK_Ladprao,Guava,35.000186179536364,26.525295655560253,43.47507670351247,0.05384217143702389,28.03474732735325,36.99191099300486,45.949074658656464,1.991724813468494,,,,,,,"not calculable: missing on-hand, inbound, lead time, shelf life, BOM/yield"
2026-09-11,2026-09-01,BKK_Ladprao,Guava,35.000186179536364,26.525295655560253,43.47507670351247,0.05384217143702389,28.03474732735325,36.99191099300486,45.949074658656464,1.991724813468494,,,,,,,"not calculable: missing on-hand, inbound, lead time, shelf life, BOM/yield"
2026-09-12,2026-09-01,BKK_Ladprao,Guava,35.000186179536364,26.525295655560253,43.47507670351247,0.05384217143702389,28.03474732735325,36.99191099300486,45.949074658656464,1.991724813468494,,,,,,,"not calculable: missing on-hand, inbound, lead time, shelf life, BOM/yield"
2026-09-13,2026-09-01,BKK_Ladprao,Guava,35.000186179536364,26.525295655560253,43.47507670351247,0.05384217143702389,28.03474732735325,36.99191099300486,45.949074658656464,1.991724813468494,,,,,,,"not calculable: missing on-hand, inbound, lead time, shelf life, BOM/yield"
2026-09-14,2026-09-01,BKK_Ladprao,Guava,35.000186179536364,26.525295655560253,43.47507670351247,0.05384217143702389,28.03474732735325,36.99191099300486,45.949074658656464,1.991724813468494,,,,,,,"not calculable: missing on-hand, inbound, lead time, shelf life, BOM/yield"
2026-09-15,2026-09-01,BKK_Ladprao,Guava,35.000186179536364,26.525295655560253,43.47507670351247,0.05384217143702389,28.03474732735325,36.99191099300486,45.949074658656464,1.991724813468494,,,,,,,"not calculable: missing on-hand, inbound, lead time, shelf life, BOM/yield"
2026-09-16,2026-09-01,BKK_Ladprao,Guava,35.000186179536364,26.525295655560253,43.47507670351247,0.05384217143702389,28.03474732735325,36.99191099300486,45.949074658656464,1.991724813468494,,,,,,,"not calculable: missing on-hand, inbound, lead time, shelf life, BOM/yield"
2026-09-17,2026-09-01,BKK_Ladprao,Guava,35.000186179536364,26.525295655560253,43.47507670351247,0.05384217143702389,28.03474732735325,36.99191099300486,45.949074658656464,1.991724813468494,,,,,,,"not calculable: missing on-hand, inbound, lead time, shelf life, BOM/yield"
2026-09-18,2026-09-01,BKK_Ladprao,Guava,35.000186179536364,26.525295655560253,43.47507670351247,0.05384217143702389,28.03474732735325,36.99191099300486,45.949074658656464,1.991724813468494,,,,,,,"not calculable: missing on-hand, inbound, lead time, shelf life, BOM/yield"
2026-09-19,2026-09-01,BKK_Ladprao,Guava,35.000186179536364,26.525295655560253,43.47507670351247,0.05384217143702389,28.03474732735325,36.99191099300486,45.949074658656464,1.991724813468494,,,,,,,"not calculable: missing on-hand, inbound, lead time, shelf life, BOM/yield"
2026-09-20,2026-09-01,BKK_Ladprao,Guava,35.000186179536364,26.525295655560253,43.47507670351247,0.05384217143702389,28.03474732735325,36.99191099300486,45.949074658656464,1.991724813468494,,,,,,,"not calculable: missing on-hand, inbound, lead time, shelf life, BOM/yield"
2026-09-21,2026-09-01,BKK_Ladprao,Guava,35.000186179536364,26.525295655560253,43.47507670351247,0.05384217143702389,28.03474732735325,36.99191099300486,45.949074658656464,1.991724813468494,,,,,,,"not calculable: missing on-hand, inbound, lead time, shelf life, BOM/yield"
2026-09-22,2026-09-01,BKK_Ladprao,Guava,35.000186179536364,26.525295655560253,43.47507670351247,0.05384217143702389,28.03474732735325,36.99191099300486,45.949074658656464,1.991724813468494,,,,,,,"not calculable: missing on-hand, inbound, lead time, shelf life, BOM/yield"
2026-09-23,2026-09-01,BKK_Ladprao,Guava,35.000186179536364,26.525295655560253,43.47507670351247,0.05384217143702389,28.03474732735325,36.99191099300486,45.949074658656464,1.991724813468494,,,,,,,"not calculable: missing on-hand, inbound, lead time, shelf life, BOM/yield"
2026-09-24,2026-09-01,BKK_Ladprao,Guava,35.000186179536364,26.525295655560253,43.47507670351247,0.05384217143702389,28.03474732735325,36.99191099300486,45.949074658656464,1.991724813468494,,,,,,,"not calculable: missing on-hand, inbound, lead time, shelf life, BOM/yield"
2026-09-25,2026-09-01,BKK_Ladprao,Guava,35.000186179536364,26.525295655560253,43.47507670351247,0.05384217143702389,28.03474732735325,36.99191099300486,45.949074658656464,1.991724813468494,,,,,,,"not calculable: missing on-hand, inbound, lead time, shelf life, BOM/yield"
2026-09-26,2026-09-01,BKK_Ladprao,Guava,35.000186179536364,26.525295655560253,43.47507670351247,0.05384217143702389,28.03474732735325,36.99191099300486,45.949074658656464,1.991724813468494,,,,,,,"not calculable: missing on-hand, inbound, lead time, shelf life, BOM/yield"
2026-09-27,2026-09-01,BKK_Ladprao,Guava,35.000186179536364,26.525295655560253,43.47507670351247,0.05384217143702389,28.03474732735325,36.99191099300486,45.949074658656464,1.991724813468494,,,,,,,"not calculable: missing on-hand, inbound, lead time, shelf life, BOM/yield"
2026-09-28,2026-09-01,BKK_Ladprao,Guava,35.000186179536364,26.525295655560253,43.47507670351247,0.05384217143702389,28.03474732735325,36.99191099300486,45.949074658656464,1.991724813468494,,,,,,,"not calculable: missing on-hand, inbound, lead time, shelf life, BOM/yield"
2026-09-29,2026-09-01,BKK_Ladprao,Guava,35.000186179536364,26.525295655560253,43.47507670351247,0.05384217143702389,28.03474732735325,36.99191099300486,45.949074658656464,1.991724813468494,,,,,,,"not calculable: missing on-hand, inbound, lead time, shelf life, BOM/yield"
2026-09-30,2026-09-01,BKK_Ladprao,Guava,35.000186179536364,26.525295655560253,43.47507670351247,0.05384217143702389,28.03474732735325,36.99191099300486,45.949074658656464,1.991724813468494,,,,,,,"not calculable: missing on-hand, inbound, lead time, shelf life, BOM/yield"
2026-10-01,2026-10-01,BKK_Ladprao,Guava,35.000186179536364,26.525295655560253,43.47507670351247,0.05384217143702389,28.03474732735325,36.99191099300486,45.949074658656464,1.991724813468494,,,,,,,"not calculable: missing on-hand, inbound, lead time, shelf life, BOM/yield"
2026-10-02,2026-10-01,BKK_Ladprao,Guava,35.000186179536364,26.525295655560253,43.47507670351247,0.05384217143702389,28.03474732735325,36.99191099300486,45.949074658656464,1.991724813468494,,,,,,,"not calculable: missing on-hand, inbound, lead time, shelf life, BOM/yield"
2026-10-03,2026-10-01,BKK_Ladprao,Guava,35.000186179536364,26.525295655560253,43.47507670351247,0.05384217143702389,28.03474732735325,36.99191099300486,45.949074658656464,1.991724813468494,,,,,,,"not calculable: missing on-hand, inbound, lead time, shelf life, BOM/yield"
2026-10-04,2026-10-01,BKK_Ladprao,Guava,35.000186179536364,26.525295655560253,43.47507670351247,0.05384217143702389,28.03474732735325,36.99191099300486,45.949074658656464,1.991724813468494,,,,,,,"not calculable: missing on-hand, inbound, lead time, shelf life, BOM/yield"
2026-10-05,2026-10-01,BKK_Ladprao,Guava,35.000186179536364,26.525295655560253,43.47507670351247,0.05384217143702389,28.03474732735325,36.99191099300486,45.949074658656464,1.991724813468494,,,,,,,"not calculable: missing on-hand, inbound, lead time, shelf life, BOM/yield"
2026-10-06,2026-10-01,BKK_Ladprao,Guava,35.000186179536364,26.525295655560253,43.47507670351247,0.05384217143702389,28.03474732735325,36.99191099300486,45.949074658656464,1.991724813468494,,,,,,,"not calculable: missing on-hand, inbound, lead time, shelf life, BOM/yield"
2026-10-07,2026-10-01,BKK_Ladprao,Guava,35.000186179536364,26.525295655560253,43.47507670351247,0.05384217143702389,28.03474732735325,36.99191099300486,45.949074658656464,1.991724813468494,,,,,,,"not calculable: missing on-hand, inbound, lead time, shelf life, BOM/yield"
2026-10-08,2026-10-01,BKK_Ladprao,Guava,35.000186179536364,26.525295655560253,43.47507670351247,0.05384217143702389,28.03474732735325,36.99191099300486,45.949074658656464,1.991724813468494,,,,,,,"not calculable: missing on-hand, inbound, lead time, shelf life, BOM/yield"
2026-10-09,2026-10-01,BKK_Ladprao,Guava,35.000186179536364,26.525295655560253,43.47507670351247,0.05384217143702389,28.03474732735325,36.99191099300486,45.949074658656464,1.991724813468494,,,,,,,"not calculable: missing on-hand, inbound, lead time, shelf life, BOM/yield"
2026-10-10,2026-10-01,BKK_Ladprao,Guava,35.000186179536364,26.525295655560253,43.47507670351247,0.05384217143702389,28.03474732735325,36.99191099300486,45.949074658656464,1.991724813468494,,,,,,,"not calculable: missing on-hand, inbound, lead time, shelf life, BOM/yield"
2026-10-11,2026-10-01,BKK_Ladprao,Guava,35.000186179536364,26.525295655560253,43.47507670351247,0.05384217143702389,28.03474732735325,36.99191099300486,45.949074658656464,1.991724813468494,,,,,,,"not calculable: missing on-hand, inbound, lead time, shelf life, BOM/yield"
2026-10-12,2026-10-01,BKK_Ladprao,Guava,35.000186179536364,26.525295655560253,43.47507670351247,0.05384217143702389,28.03474732735325,36.99191099300486,45.949074658656464,1.991724813468494,,,,,,,"not calculable: missing on-hand, inbound, lead time, shelf life, BOM/yield"
2026-10-13,2026-10-01,BKK_Ladprao,Guava,35.000186179536364,26.525295655560253,43.47507670351247,0.05384217143702389,28.03474732735325,36.99191099300486,45.949074658656464,1.991724813468494,,,,,,,"not calculable: missing on-hand, inbound, lead time, shelf life, BOM/yield"
2026-10-14,2026-10-01,BKK_Ladprao,Guava,35.000186179536364,26.525295655560253,43.47507670351247,0.05384217143702389,28.03474732735325,36.99191099300486,45.949074658656464,1.991724813468494,,,,,,,"not calculable: missing on-hand, inbound, lead time, shelf life, BOM/yield"
2026-10-15,2026-10-01,BKK_Ladprao,Guava,35.000186179536364,26.525295655560253,43.47507670351247,0.05384217143702389,28.03474732735325,36.99191099300486,45.949074658656464,1.991724813468494,,,,,,,"not calculable: missing on-hand, inbound, lead time, shelf life, BOM/yield"
2026-10-16,2026-10-01,BKK_Ladprao,Guava,35.000186179536364,26.525295655560253,43.47507670351247,0.05384217143702389,28.03474732735325,36.99191099300486,45.949074658656464,1.991724813468494,,,,,,,"not calculable: missing on-hand, inbound, lead time, shelf life, BOM/yield"
2026-10-17,2026-10-01,BKK_Ladprao,Guava,35.000186179536364,26.525295655560253,43.47507670351247,0.05384217143702389,28.03474732735325,36.99191099300486,45.949074658656464,1.991724813468494,,,,,,,"not calculable: missing on-hand, inbound, lead time, shelf life, BOM/yield"
2026-10-18,2026-10-01,BKK_Ladprao,Guava,35.000186179536364,26.525295655560253,43.47507670351247,0.05384217143702389,28.03474732735325,36.99191099300486,45.949074658656464,1.991724813468494,,,,,,,"not calculable: missing on-hand, inbound, lead time, shelf life, BOM/yield"
2026-10-19,2026-10-01,BKK_Ladprao,Guava,35.000186179536364,26.525295655560253,43.47507670351247,0.05384217143702389,28.03474732735325,36.99191099300486,45.949074658656464,1.991724813468494,,,,,,,"not calculable: missing on-hand, inbound, lead time, shelf life, BOM/yield"
2026-10-20,2026-10-01,BKK_Ladprao,Guava,35.000186179536364,26.525295655560253,43.47507670351247,0.05384217143702389,28.03474732735325,36.99191099300486,45.949074658656464,1.991724813468494,,,,,,,"not calculable: missing on-hand, inbound, lead time, shelf life, BOM/yield"
2026-10-21,2026-10-01,BKK_Ladprao,Guava,35.000186179536364,26.525295655560253,43.47507670351247,0.05384217143702389,28.03474732735325,36.99191099300486,45.949074658656464,1.991724813468494,,,,,,,"not calculable: missing on-hand, inbound, lead time, shelf life, BOM/yield"
2026-10-22,2026-10-01,BKK_Ladprao,Guava,35.000186179536364,26.525295655560253,43.47507670351247,0.05384217143702389,28.03474732735325,36.99191099300486,45.949074658656464,1.991724813468494,,,,,,,"not calculable: missing on-hand, inbound, lead time, shelf life, BOM/yield"
2026-10-23,2026-10-01,BKK_Ladprao,Guava,35.000186179536364,26.525295655560253,43.47507670351247,0.05384217143702389,28.03474732735325,36.99191099300486,45.949074658656464,1.991724813468494,,,,,,,"not calculable: missing on-hand, inbound, lead time, shelf life, BOM/yield"
2026-10-24,2026-10-01,BKK_Ladprao,Guava,35.000186179536364,26.525295655560253,43.47507670351247,0.05384217143702389,28.03474732735325,36.99191099300486,45.949074658656464,1.991724813468494,,,,,,,"not calculable: missing on-hand, inbound, lead time, shelf life, BOM/yield"
2026-10-25,2026-10-01,BKK_Ladprao,Guava,35.000186179536364,26.525295655560253,43.47507670351247,0.05384217143702389,28.03474732735325,36.99191099300486,45.949074658656464,1.991724813468494,,,,,,,"not calculable: missing on-hand, inbound, lead time, shelf life, BOM/yield"
2026-10-26,2026-10-01,BKK_Ladprao,Guava,35.000186179536364,26.525295655560253,43.47507670351247,0.05384217143702389,28.03474732735325,36.99191099300486,45.949074658656464,1.991724813468494,,,,,,,"not calculable: missing on-hand, inbound, lead time, shelf life, BOM/yield"
2026-10-27,2026-10-01,BKK_Ladprao,Guava,35.000186179536364,26.525295655560253,43.47507670351247,0.05384217143702389,28.03474732735325,36.99191099300486,45.949074658656464,1.991724813468494,,,,,,,"not calculable: missing on-hand, inbound, lead time, shelf life, BOM/yield"
2026-10-28,2026-10-01,BKK_Ladprao,Guava,35.000186179536364,26.525295655560253,43.47507670351247,0.05384217143702389,28.03474732735325,36.99191099300486,45.949074658656464,1.991724813468494,,,,,,,"not calculable: missing on-hand, inbound, lead time, shelf life, BOM/yield"
2026-10-29,2026-10-01,BKK_Ladprao,Guava,35.000186179536364,26.525295655560253,43.47507670351247,0.05384217143702389,28.03474732735325,36.99191099300486,45.949074658656464,1.991724813468494,,,,,,,"not calculable: missing on-hand, inbound, lead time, shelf life, BOM/yield"
2026-10-30,2026-10-01,BKK_Ladprao,Guava,35.000186179536364,26.525295655560253,43.47507670351247,0.05384217143702389,28.03474732735325,36.99191099300486,45.949074658656464,1.991724813468494,,,,,,,"not calculable: missing on-hand, inbound, lead time, shelf life, BOM/yield"
2026-10-31,2026-10-01,BKK_Ladprao,Guava,35.000186179536364,26.525295655560253,43.47507670351247,0.05384217143702389,28.03474732735325,36.99191099300486,45.949074658656464,1.991724813468494,,,,,,,"not calculable: missing on-hand, inbound, lead time, shelf life, BOM/yield"
2026-11-01,2026-11-01,BKK_Ladprao,Guava,35.000186179536364,26.525295655560253,43.47507670351247,0.05384217143702389,28.03474732735325,36.99191099300486,45.949074658656464,1.991724813468494,,,,,,,"not calculable: missing on-hand, inbound, lead time, shelf life, BOM/yield"
2026-11-02,2026-11-01,BKK_Ladprao,Guava,35.000186179536364,26.525295655560253,43.47507670351247,0.05384217143702389,28.03474732735325,36.99191099300486,45.949074658656464,1.991724813468494,,,,,,,"not calculable: missing on-hand, inbound, lead time, shelf life, BOM/yield"
2026-11-03,2026-11-01,BKK_Ladprao,Guava,35.000186179536364,26.525295655560253,43.47507670351247,0.05384217143702389,28.03474732735325,36.99191099300486,45.949074658656464,1.991724813468494,,,,,,,"not calculable: missing on-hand, inbound, lead time, shelf life, BOM/yield"
2026-11-04,2026-11-01,BKK_Ladprao,Guava,35.000186179536364,26.525295655560253,43.47507670351247,0.05384217143702389,28.03474732735325,36.99191099300486,45.949074658656464,1.991724813468494,,,,,,,"not calculable: missing on-hand, inbound, lead time, shelf life, BOM/yield"
2026-11-05,2026-11-01,BKK_Ladprao,Guava,35.000186179536364,26.525295655560253,43.47507670351247,0.05384217143702389,28.03474732735325,36.99191099300486,45.949074658656464,1.991724813468494,,,,,,,"not calculable: missing on-hand, inbound, lead time, shelf life, BOM/yield"
2026-11-06,2026-11-01,BKK_Ladprao,Guava,35.000186179536364,26.525295655560253,43.47507670351247,0.05384217143702389,28.03474732735325,36.99191099300486,45.949074658656464,1.991724813468494,,,,,,,"not calculable: missing on-hand, inbound, lead time, shelf life, BOM/yield"
2026-11-07,2026-11-01,BKK_Ladprao,Guava,35.000186179536364,26.525295655560253,43.47507670351247,0.05384217143702389,28.03474732735325,36.99191099300486,45.949074658656464,1.991724813468494,,,,,,,"not calculable: missing on-hand, inbound, lead time, shelf life, BOM/yield"
2026-11-08,2026-11-01,BKK_Ladprao,Guava,35.000186179536364,26.525295655560253,43.47507670351247,0.05384217143702389,28.03474732735325,36.99191099300486,45.949074658656464,1.991724813468494,,,,,,,"not calculable: missing on-hand, inbound, lead time, shelf life, BOM/yield"
2026-11-09,2026-11-01,BKK_Ladprao,Guava,35.000186179536364,26.525295655560253,43.47507670351247,0.05384217143702389,28.03474732735325,36.99191099300486,45.949074658656464,1.991724813468494,,,,,,,"not calculable: missing on-hand, inbound, lead time, shelf life, BOM/yield"
2026-11-10,2026-11-01,BKK_Ladprao,Guava,35.000186179536364,26.525295655560253,43.47507670351247,0.05384217143702389,28.03474732735325,36.99191099300486,45.949074658656464,1.991724813468494,,,,,,,"not calculable: missing on-hand, inbound, lead time, shelf life, BOM/yield"
2026-11-11,2026-11-01,BKK_Ladprao,Guava,35.000186179536364,26.525295655560253,43.47507670351247,0.05384217143702389,28.03474732735325,36.99191099300486,45.949074658656464,1.991724813468494,,,,,,,"not calculable: missing on-hand, inbound, lead time, shelf life, BOM/yield"
2026-11-12,2026-11-01,BKK_Ladprao,Guava,35.000186179536364,26.525295655560253,43.47507670351247,0.05384217143702389,28.03474732735325,36.99191099300486,45.949074658656464,1.991724813468494,,,,,,,"not calculable: missing on-hand, inbound, lead time, shelf life, BOM/yield"
2026-11-13,2026-11-01,BKK_Ladprao,Guava,35.000186179536364,26.525295655560253,43.47507670351247,0.05384217143702389,28.03474732735325,36.99191099300486,45.949074658656464,1.991724813468494,,,,,,,"not calculable: missing on-hand, inbound, lead time, shelf life, BOM/yield"
2026-11-14,2026-11-01,BKK_Ladprao,Guava,35.000186179536364,26.525295655560253,43.47507670351247,0.05384217143702389,28.03474732735325,36.99191099300486,45.949074658656464,1.991724813468494,,,,,,,"not calculable: missing on-hand, inbound, lead time, shelf life, BOM/yield"
2026-11-15,2026-11-01,BKK_Ladprao,Guava,35.000186179536364,26.525295655560253,43.47507670351247,0.05384217143702389,28.03474732735325,36.99191099300486,45.949074658656464,1.991724813468494,,,,,,,"not calculable: missing on-hand, inbound, lead time, shelf life, BOM/yield"
2026-11-16,2026-11-01,BKK_Ladprao,Guava,35.000186179536364,26.525295655560253,43.47507670351247,0.05384217143702389,28.03474732735325,36.99191099300486,45.949074658656464,1.991724813468494,,,,,,,"not calculable: missing on-hand, inbound, lead time, shelf life, BOM/yield"
2026-11-17,2026-11-01,BKK_Ladprao,Guava,35.000186179536364,26.525295655560253,43.47507670351247,0.05384217143702389,28.03474732735325,36.99191099300486,45.949074658656464,1.991724813468494,,,,,,,"not calculable: missing on-hand, inbound, lead time, shelf life, BOM/yield"
2026-11-18,2026-11-01,BKK_Ladprao,Guava,35.000186179536364,26.525295655560253,43.47507670351247,0.05384217143702389,28.03474732735325,36.99191099300486,45.949074658656464,1.991724813468494,,,,,,,"not calculable: missing on-hand, inbound, lead time, shelf life, BOM/yield"
2026-11-19,2026-11-01,BKK_Ladprao,Guava,35.000186179536364,26.525295655560253,43.47507670351247,0.05384217143702389,28.03474732735325,36.99191099300486,45.949074658656464,1.991724813468494,,,,,,,"not calculable: missing on-hand, inbound, lead time, shelf life, BOM/yield"
2026-11-20,2026-11-01,BKK_Ladprao,Guava,35.000186179536364,26.525295655560253,43.47507670351247,0.05384217143702389,28.03474732735325,36.99191099300486,45.949074658656464,1.991724813468494,,,,,,,"not calculable: missing on-hand, inbound, lead time, shelf life, BOM/yield"
2026-11-21,2026-11-01,BKK_Ladprao,Guava,35.000186179536364,26.525295655560253,43.47507670351247,0.05384217143702389,28.03474732735325,36.99191099300486,45.949074658656464,1.991724813468494,,,,,,,"not calculable: missing on-hand, inbound, lead time, shelf life, BOM/yield"
2026-11-22,2026-11-01,BKK_Ladprao,Guava,35.000186179536364,26.525295655560253,43.47507670351247,0.05384217143702389,28.03474732735325,36.99191099300486,45.949074658656464,1.991724813468494,,,,,,,"not calculable: missing on-hand, inbound, lead time, shelf life, BOM/yield"
2026-11-23,2026-11-01,BKK_Ladprao,Guava,35.000186179536364,26.525295655560253,43.47507670351247,0.05384217143702389,28.03474732735325,36.99191099300486,45.949074658656464,1.991724813468494,,,,,,,"not calculable: missing on-hand, inbound, lead time, shelf life, BOM/yield"
2026-11-24,2026-11-01,BKK_Ladprao,Guava,35.000186179536364,26.525295655560253,43.47507670351247,0.05384217143702389,28.03474732735325,36.99191099300486,45.949074658656464,1.991724813468494,,,,,,,"not calculable: missing on-hand, inbound, lead time, shelf life, BOM/yield"
2026-11-25,2026-11-01,BKK_Ladprao,Guava,35.000186179536364,26.525295655560253,43.47507670351247,0.05384217143702389,28.03474732735325,36.99191099300486,45.949074658656464,1.991724813468494,,,,,,,"not calculable: missing on-hand, inbound, lead time, shelf life, BOM/yield"
2026-11-26,2026-11-01,BKK_Ladprao,Guava,35.000186179536364,26.525295655560253,43.47507670351247,0.05384217143702389,28.03474732735325,36.99191099300486,45.949074658656464,1.991724813468494,,,,,,,"not calculable: missing on-hand, inbound, lead time, shelf life, BOM/yield"
2026-11-27,2026-11-01,BKK_Ladprao,Guava,35.000186179536364,26.525295655560253,43.47507670351247,0.05384217143702389,28.03474732735325,36.99191099300486,45.949074658656464,1.991724813468494,,,,,,,"not calculable: missing on-hand, inbound, lead time, shelf life, BOM/yield"
2026-11-28,2026-11-01,BKK_Ladprao,Guava,35.000186179536364,26.525295655560253,43.47507670351247,0.05384217143702389,28.03474732735325,36.99191099300486,45.949074658656464,1.991724813468494,,,,,,,"not calculable: missing on-hand, inbound, lead time, shelf life, BOM/yield"
2026-11-29,2026-11-01,BKK_Ladprao,Guava,35.000186179536364,26.525295655560253,43.47507670351247,0.05384217143702389,28.03474732735325,36.99191099300486,45.949074658656464,1.991724813468494,,,,,,,"not calculable: missing on-hand, inbound, lead time, shelf life, BOM/yield"
2026-11-30,2026-11-01,BKK_Ladprao,Guava,35.000186179536364,26.525295655560253,43.47507670351247,0.05384217143702389,28.03474732735325,36.99191099300486,45.949074658656464,1.991724813468494,,,,,,,"not calculable: missing on-hand, inbound, lead time, shelf life, BOM/yield"
2026-09-01,2026-09-01,BKK_Ladprao,MixedBerryPremium,11.45981578347917,8.68495385298169,14.23467771397665,0.20131180625630676,10.874023080612577,14.348297462321993,17.82257184403141,2.8884816788428225,,,,,,,"not calculable: missing on-hand, inbound, lead time, shelf life, BOM/yield"
2026-09-02,2026-09-01,BKK_Ladprao,MixedBerryPremium,11.45981578347917,8.68495385298169,14.23467771397665,0.20131180625630676,10.874023080612577,14.348297462321993,17.82257184403141,2.8884816788428225,,,,,,,"not calculable: missing on-hand, inbound, lead time, shelf life, BOM/yield"
2026-09-03,2026-09-01,BKK_Ladprao,MixedBerryPremium,11.45981578347917,8.68495385298169,14.23467771397665,0.20131180625630676,10.874023080612577,14.348297462321993,17.82257184403141,2.8884816788428225,,,,,,,"not calculable: missing on-hand, inbound, lead time, shelf life, BOM/yield"
2026-09-04,2026-09-01,BKK_Ladprao,MixedBerryPremium,11.45981578347917,8.68495385298169,14.23467771397665,0.20131180625630676,10.874023080612577,14.348297462321993,17.82257184403141,2.8884816788428225,,,,,,,"not calculable: missing on-hand, inbound, lead time, shelf life, BOM/yield"
2026-09-05,2026-09-01,BKK_Ladprao,MixedBerryPremium,11.45981578347917,8.68495385298169,14.23467771397665,0.20131180625630676,10.874023080612577,14.348297462321993,17.82257184403141,2.8884816788428225,,,,,,,"not calculable: missing on-hand, inbound, lead time, shelf life, BOM/yield"
2026-09-06,2026-09-01,BKK_Ladprao,MixedBerryPremium,11.45981578347917,8.68495385298169,14.23467771397665,0.20131180625630676,10.874023080612577,14.348297462321993,17.82257184403141,2.8884816788428225,,,,,,,"not calculable: missing on-hand, inbound, lead time, shelf life, BOM/yield"
2026-09-07,2026-09-01,BKK_Ladprao,MixedBerryPremium,11.45981578347917,8.68495385298169,14.23467771397665,0.20131180625630676,10.874023080612577,14.348297462321993,17.82257184403141,2.8884816788428225,,,,,,,"not calculable: missing on-hand, inbound, lead time, shelf life, BOM/yield"
2026-09-08,2026-09-01,BKK_Ladprao,MixedBerryPremium,11.45981578347917,8.68495385298169,14.23467771397665,0.20131180625630676,10.874023080612577,14.348297462321993,17.82257184403141,2.8884816788428225,,,,,,,"not calculable: missing on-hand, inbound, lead time, shelf life, BOM/yield"
2026-09-09,2026-09-01,BKK_Ladprao,MixedBerryPremium,11.45981578347917,8.68495385298169,14.23467771397665,0.20131180625630676,10.874023080612577,14.348297462321993,17.82257184403141,2.8884816788428225,,,,,,,"not calculable: missing on-hand, inbound, lead time, shelf life, BOM/yield"
2026-09-10,2026-09-01,BKK_Ladprao,MixedBerryPremium,11.45981578347917,8.68495385298169,14.23467771397665,0.20131180625630676,10.874023080612577,14.348297462321993,17.82257184403141,2.8884816788428225,,,,,,,"not calculable: missing on-hand, inbound, lead time, shelf life, BOM/yield"
2026-09-11,2026-09-01,BKK_Ladprao,MixedBerryPremium,11.45981578347917,8.68495385298169,14.23467771397665,0.20131180625630676,10.874023080612577,14.348297462321993,17.82257184403141,2.8884816788428225,,,,,,,"not calculable: missing on-hand, inbound, lead time, shelf life, BOM/yield"
2026-09-12,2026-09-01,BKK_Ladprao,MixedBerryPremium,11.45981578347917,8.68495385298169,14.23467771397665,0.20131180625630676,10.874023080612577,14.348297462321993,17.82257184403141,2.8884816788428225,,,,,,,"not calculable: missing on-hand, inbound, lead time, shelf life, BOM/yield"
2026-09-13,2026-09-01,BKK_Ladprao,MixedBerryPremium,11.45981578347917,8.68495385298169,14.23467771397665,0.20131180625630676,10.874023080612577,14.348297462321993,17.82257184403141,2.8884816788428225,,,,,,,"not calculable: missing on-hand, inbound, lead time, shelf life, BOM/yield"
2026-09-14,2026-09-01,BKK_Ladprao,MixedBerryPremium,11.45981578347917,8.68495385298169,14.23467771397665,0.20131180625630676,10.874023080612577,14.348297462321993,17.82257184403141,2.8884816788428225,,,,,,,"not calculable: missing on-hand, inbound, lead time, shelf life, BOM/yield"
2026-09-15,2026-09-01,BKK_Ladprao,MixedBerryPremium,11.45981578347917,8.68495385298169,14.23467771397665,0.20131180625630676,10.874023080612577,14.348297462321993,17.82257184403141,2.8884816788428225,,,,,,,"not calculable: missing on-hand, inbound, lead time, shelf life, BOM/yield"
2026-09-16,2026-09-01,BKK_Ladprao,MixedBerryPremium,11.45981578347917,8.68495385298169,14.23467771397665,0.20131180625630676,10.874023080612577,14.348297462321993,17.82257184403141,2.8884816788428225,,,,,,,"not calculable: missing on-hand, inbound, lead time, shelf life, BOM/yield"
2026-09-17,2026-09-01,BKK_Ladprao,MixedBerryPremium,11.45981578347917,8.68495385298169,14.23467771397665,0.20131180625630676,10.874023080612577,14.348297462321993,17.82257184403141,2.8884816788428225,,,,,,,"not calculable: missing on-hand, inbound, lead time, shelf life, BOM/yield"
2026-09-18,2026-09-01,BKK_Ladprao,MixedBerryPremium,11.45981578347917,8.68495385298169,14.23467771397665,0.20131180625630676,10.874023080612577,14.348297462321993,17.82257184403141,2.8884816788428225,,,,,,,"not calculable: missing on-hand, inbound, lead time, shelf life, BOM/yield"
2026-09-19,2026-09-01,BKK_Ladprao,MixedBerryPremium,11.45981578347917,8.68495385298169,14.23467771397665,0.20131180625630676,10.874023080612577,14.348297462321993,17.82257184403141,2.8884816788428225,,,,,,,"not calculable: missing on-hand, inbound, lead time, shelf life, BOM/yield"
2026-09-20,2026-09-01,BKK_Ladprao,MixedBerryPremium,11.45981578347917,8.68495385298169,14.23467771397665,0.20131180625630676,10.874023080612577,14.348297462321993,17.82257184403141,2.8884816788428225,,,,,,,"not calculable: missing on-hand, inbound, lead time, shelf life, BOM/yield"
2026-09-21,2026-09-01,BKK_Ladprao,MixedBerryPremium,11.45981578347917,8.68495385298169,14.23467771397665,0.20131180625630676,10.874023080612577,14.348297462321993,17.82257184403141,2.8884816788428225,,,,,,,"not calculable: missing on-hand, inbound, lead time, shelf life, BOM/yield"
2026-09-22,2026-09-01,BKK_Ladprao,MixedBerryPremium,11.45981578347917,8.68495385298169,14.23467771397665,0.20131180625630676,10.874023080612577,14.348297462321993,17.82257184403141,2.8884816788428225,,,,,,,"not calculable: missing on-hand, inbound, lead time, shelf life, BOM/yield"
2026-09-23,2026-09-01,BKK_Ladprao,MixedBerryPremium,11.45981578347917,8.68495385298169,14.23467771397665,0.20131180625630676,10.874023080612577,14.348297462321993,17.82257184403141,2.8884816788428225,,,,,,,"not calculable: missing on-hand, inbound, lead time, shelf life, BOM/yield"
2026-09-24,2026-09-01,BKK_Ladprao,MixedBerryPremium,11.45981578347917,8.68495385298169,14.23467771397665,0.20131180625630676,10.874023080612577,14.348297462321993,17.82257184403141,2.8884816788428225,,,,,,,"not calculable: missing on-hand, inbound, lead time, shelf life, BOM/yield"
2026-09-25,2026-09-01,BKK_Ladprao,MixedBerryPremium,11.45981578347917,8.68495385298169,14.23467771397665,0.20131180625630676,10.874023080612577,14.348297462321993,17.82257184403141,2.8884816788428225,,,,,,,"not calculable: missing on-hand, inbound, lead time, shelf life, BOM/yield"
2026-09-26,2026-09-01,BKK_Ladprao,MixedBerryPremium,11.45981578347917,8.68495385298169,14.23467771397665,0.20131180625630676,10.874023080612577,14.348297462321993,17.82257184403141,2.8884816788428225,,,,,,,"not calculable: missing on-hand, inbound, lead time, shelf life, BOM/yield"
2026-09-27,2026-09-01,BKK_Ladprao,MixedBerryPremium,11.45981578347917,8.68495385298169,14.23467771397665,0.20131180625630676,10.874023080612577,14.348297462321993,17.82257184403141,2.8884816788428225,,,,,,,"not calculable: missing on-hand, inbound, lead time, shelf life, BOM/yield"
2026-09-28,2026-09-01,BKK_Ladprao,MixedBerryPremium,11.45981578347917,8.68495385298169,14.23467771397665,0.20131180625630676,10.874023080612577,14.348297462321993,17.82257184403141,2.8884816788428225,,,,,,,"not calculable: missing on-hand, inbound, lead time, shelf life, BOM/yield"
2026-09-29,2026-09-01,BKK_Ladprao,MixedBerryPremium,11.45981578347917,8.68495385298169,14.23467771397665,0.20131180625630676,10.874023080612577,14.348297462321993,17.82257184403141,2.8884816788428225,,,,,,,"not calculable: missing on-hand, inbound, lead time, shelf life, BOM/yield"
2026-09-30,2026-09-01,BKK_Ladprao,MixedBerryPremium,11.45981578347917,8.68495385298169,14.23467771397665,0.20131180625630676,10.874023080612577,14.348297462321993,17.82257184403141,2.8884816788428225,,,,,,,"not calculable: missing on-hand, inbound, lead time, shelf life, BOM/yield"
2026-10-01,2026-10-01,BKK_Ladprao,MixedBerryPremium,11.45981578347917,8.68495385298169,14.23467771397665,0.20131180625630676,10.874023080612577,14.348297462321993,17.82257184403141,2.8884816788428225,,,,,,,"not calculable: missing on-hand, inbound, lead time, shelf life, BOM/yield"
2026-10-02,2026-10-01,BKK_Ladprao,MixedBerryPremium,11.45981578347917,8.68495385298169,14.23467771397665,0.20131180625630676,10.874023080612577,14.348297462321993,17.82257184403141,2.8884816788428225,,,,,,,"not calculable: missing on-hand, inbound, lead time, shelf life, BOM/yield"
2026-10-03,2026-10-01,BKK_Ladprao,MixedBerryPremium,11.45981578347917,8.68495385298169,14.23467771397665,0.20131180625630676,10.874023080612577,14.348297462321993,17.82257184403141,2.8884816788428225,,,,,,,"not calculable: missing on-hand, inbound, lead time, shelf life, BOM/yield"
2026-10-04,2026-10-01,BKK_Ladprao,MixedBerryPremium,11.45981578347917,8.68495385298169,14.23467771397665,0.20131180625630676,10.874023080612577,14.348297462321993,17.82257184403141,2.8884816788428225,,,,,,,"not calculable: missing on-hand, inbound, lead time, shelf life, BOM/yield"
2026-10-05,2026-10-01,BKK_Ladprao,MixedBerryPremium,11.45981578347917,8.68495385298169,14.23467771397665,0.20131180625630676,10.874023080612577,14.348297462321993,17.82257184403141,2.8884816788428225,,,,,,,"not calculable: missing on-hand, inbound, lead time, shelf life, BOM/yield"
2026-10-06,2026-10-01,BKK_Ladprao,MixedBerryPremium,11.45981578347917,8.68495385298169,14.23467771397665,0.20131180625630676,10.874023080612577,14.348297462321993,17.82257184403141,2.8884816788428225,,,,,,,"not calculable: missing on-hand, inbound, lead time, shelf life, BOM/yield"
2026-10-07,2026-10-01,BKK_Ladprao,MixedBerryPremium,11.45981578347917,8.68495385298169,14.23467771397665,0.20131180625630676,10.874023080612577,14.348297462321993,17.82257184403141,2.8884816788428225,,,,,,,"not calculable: missing on-hand, inbound, lead time, shelf life, BOM/yield"
2026-10-08,2026-10-01,BKK_Ladprao,MixedBerryPremium,11.45981578347917,8.68495385298169,14.23467771397665,0.20131180625630676,10.874023080612577,14.348297462321993,17.82257184403141,2.8884816788428225,,,,,,,"not calculable: missing on-hand, inbound, lead time, shelf life, BOM/yield"
2026-10-09,2026-10-01,BKK_Ladprao,MixedBerryPremium,11.45981578347917,8.68495385298169,14.23467771397665,0.20131180625630676,10.874023080612577,14.348297462321993,17.82257184403141,2.8884816788428225,,,,,,,"not calculable: missing on-hand, inbound, lead time, shelf life, BOM/yield"
2026-10-10,2026-10-01,BKK_Ladprao,MixedBerryPremium,11.45981578347917,8.68495385298169,14.23467771397665,0.20131180625630676,10.874023080612577,14.348297462321993,17.82257184403141,2.8884816788428225,,,,,,,"not calculable: missing on-hand, inbound, lead time, shelf life, BOM/yield"
2026-10-11,2026-10-01,BKK_Ladprao,MixedBerryPremium,11.45981578347917,8.68495385298169,14.23467771397665,0.20131180625630676,10.874023080612577,14.348297462321993,17.82257184403141,2.8884816788428225,,,,,,,"not calculable: missing on-hand, inbound, lead time, shelf life, BOM/yield"
2026-10-12,2026-10-01,BKK_Ladprao,MixedBerryPremium,11.45981578347917,8.68495385298169,14.23467771397665,0.20131180625630676,10.874023080612577,14.348297462321993,17.82257184403141,2.8884816788428225,,,,,,,"not calculable: missing on-hand, inbound, lead time, shelf life, BOM/yield"
2026-10-13,2026-10-01,BKK_Ladprao,MixedBerryPremium,11.45981578347917,8.68495385298169,14.23467771397665,0.20131180625630676,10.874023080612577,14.348297462321993,17.82257184403141,2.8884816788428225,,,,,,,"not calculable: missing on-hand, inbound, lead time, shelf life, BOM/yield"
2026-10-14,2026-10-01,BKK_Ladprao,MixedBerryPremium,11.45981578347917,8.68495385298169,14.23467771397665,0.20131180625630676,10.874023080612577,14.348297462321993,17.82257184403141,2.8884816788428225,,,,,,,"not calculable: missing on-hand, inbound, lead time, shelf life, BOM/yield"
2026-10-15,2026-10-01,BKK_Ladprao,MixedBerryPremium,11.45981578347917,8.68495385298169,14.23467771397665,0.20131180625630676,10.874023080612577,14.348297462321993,17.82257184403141,2.8884816788428225,,,,,,,"not calculable: missing on-hand, inbound, lead time, shelf life, BOM/yield"
2026-10-16,2026-10-01,BKK_Ladprao,MixedBerryPremium,11.45981578347917,8.68495385298169,14.23467771397665,0.20131180625630676,10.874023080612577,14.348297462321993,17.82257184403141,2.8884816788428225,,,,,,,"not calculable: missing on-hand, inbound, lead time, shelf life, BOM/yield"
2026-10-17,2026-10-01,BKK_Ladprao,MixedBerryPremium,11.45981578347917,8.68495385298169,14.23467771397665,0.20131180625630676,10.874023080612577,14.348297462321993,17.82257184403141,2.8884816788428225,,,,,,,"not calculable: missing on-hand, inbound, lead time, shelf life, BOM/yield"
2026-10-18,2026-10-01,BKK_Ladprao,MixedBerryPremium,11.45981578347917,8.68495385298169,14.23467771397665,0.20131180625630676,10.874023080612577,14.348297462321993,17.82257184403141,2.8884816788428225,,,,,,,"not calculable: missing on-hand, inbound, lead time, shelf life, BOM/yield"
2026-10-19,2026-10-01,BKK_Ladprao,MixedBerryPremium,11.45981578347917,8.68495385298169,14.23467771397665,0.20131180625630676,10.874023080612577,14.348297462321993,17.82257184403141,2.8884816788428225,,,,,,,"not calculable: missing on-hand, inbound, lead time, shelf life, BOM/yield"
2026-10-20,2026-10-01,BKK_Ladprao,MixedBerryPremium,11.45981578347917,8.68495385298169,14.23467771397665,0.20131180625630676,10.874023080612577,14.348297462321993,17.82257184403141,2.8884816788428225,,,,,,,"not calculable: missing on-hand, inbound, lead time, shelf life, BOM/yield"
2026-10-21,2026-10-01,BKK_Ladprao,MixedBerryPremium,11.45981578347917,8.68495385298169,14.23467771397665,0.20131180625630676,10.874023080612577,14.348297462321993,17.82257184403141,2.8884816788428225,,,,,,,"not calculable: missing on-hand, inbound, lead time, shelf life, BOM/yield"
2026-10-22,2026-10-01,BKK_Ladprao,MixedBerryPremium,11.45981578347917,8.68495385298169,14.23467771397665,0.20131180625630676,10.874023080612577,14.348297462321993,17.82257184403141,2.8884816788428225,,,,,,,"not calculable: missing on-hand, inbound, lead time, shelf life, BOM/yield"
2026-10-23,2026-10-01,BKK_Ladprao,MixedBerryPremium,11.45981578347917,8.68495385298169,14.23467771397665,0.20131180625630676,10.874023080612577,14.348297462321993,17.82257184403141,2.8884816788428225,,,,,,,"not calculable: missing on-hand, inbound, lead time, shelf life, BOM/yield"
2026-10-24,2026-10-01,BKK_Ladprao,MixedBerryPremium,11.45981578347917,8.68495385298169,14.23467771397665,0.20131180625630676,10.874023080612577,14.348297462321993,17.82257184403141,2.8884816788428225,,,,,,,"not calculable: missing on-hand, inbound, lead time, shelf life, BOM/yield"
2026-10-25,2026-10-01,BKK_Ladprao,MixedBerryPremium,11.45981578347917,8.68495385298169,14.23467771397665,0.20131180625630676,10.874023080612577,14.348297462321993,17.82257184403141,2.8884816788428225,,,,,,,"not calculable: missing on-hand, inbound, lead time, shelf life, BOM/yield"
2026-10-26,2026-10-01,BKK_Ladprao,MixedBerryPremium,11.45981578347917,8.68495385298169,14.23467771397665,0.20131180625630676,10.874023080612577,14.348297462321993,17.82257184403141,2.8884816788428225,,,,,,,"not calculable: missing on-hand, inbound, lead time, shelf life, BOM/yield"
2026-10-27,2026-10-01,BKK_Ladprao,MixedBerryPremium,11.45981578347917,8.68495385298169,14.23467771397665,0.20131180625630676,10.874023080612577,14.348297462321993,17.82257184403141,2.8884816788428225,,,,,,,"not calculable: missing on-hand, inbound, lead time, shelf life, BOM/yield"
2026-10-28,2026-10-01,BKK_Ladprao,MixedBerryPremium,11.45981578347917,8.68495385298169,14.23467771397665,0.20131180625630676,10.874023080612577,14.348297462321993,17.82257184403141,2.8884816788428225,,,,,,,"not calculable: missing on-hand, inbound, lead time, shelf life, BOM/yield"
2026-10-29,2026-10-01,BKK_Ladprao,MixedBerryPremium,11.45981578347917,8.68495385298169,14.23467771397665,0.20131180625630676,10.874023080612577,14.348297462321993,17.82257184403141,2.8884816788428225,,,,,,,"not calculable: missing on-hand, inbound, lead time, shelf life, BOM/yield"
2026-10-30,2026-10-01,BKK_Ladprao,MixedBerryPremium,11.45981578347917,8.68495385298169,14.23467771397665,0.20131180625630676,10.874023080612577,14.348297462321993,17.82257184403141,2.8884816788428225,,,,,,,"not calculable: missing on-hand, inbound, lead time, shelf life, BOM/yield"
2026-10-31,2026-10-01,BKK_Ladprao,MixedBerryPremium,11.45981578347917,8.68495385298169,14.23467771397665,0.20131180625630676,10.874023080612577,14.348297462321993,17.82257184403141,2.8884816788428225,,,,,,,"not calculable: missing on-hand, inbound, lead time, shelf life, BOM/yield"
2026-11-01,2026-11-01,BKK_Ladprao,MixedBerryPremium,11.45981578347917,8.68495385298169,14.23467771397665,0.20131180625630676,10.874023080612577,14.348297462321993,17.82257184403141,2.8884816788428225,,,,,,,"not calculable: missing on-hand, inbound, lead time, shelf life, BOM/yield"
2026-11-02,2026-11-01,BKK_Ladprao,MixedBerryPremium,11.45981578347917,8.68495385298169,14.23467771397665,0.20131180625630676,10.874023080612577,14.348297462321993,17.82257184403141,2.8884816788428225,,,,,,,"not calculable: missing on-hand, inbound, lead time, shelf life, BOM/yield"
2026-11-03,2026-11-01,BKK_Ladprao,MixedBerryPremium,11.45981578347917,8.68495385298169,14.23467771397665,0.20131180625630676,10.874023080612577,14.348297462321993,17.82257184403141,2.8884816788428225,,,,,,,"not calculable: missing on-hand, inbound, lead time, shelf life, BOM/yield"
2026-11-04,2026-11-01,BKK_Ladprao,MixedBerryPremium,11.45981578347917,8.68495385298169,14.23467771397665,0.20131180625630676,10.874023080612577,14.348297462321993,17.82257184403141,2.8884816788428225,,,,,,,"not calculable: missing on-hand, inbound, lead time, shelf life, BOM/yield"
2026-11-05,2026-11-01,BKK_Ladprao,MixedBerryPremium,11.45981578347917,8.68495385298169,14.23467771397665,0.20131180625630676,10.874023080612577,14.348297462321993,17.82257184403141,2.8884816788428225,,,,,,,"not calculable: missing on-hand, inbound, lead time, shelf life, BOM/yield"
2026-11-06,2026-11-01,BKK_Ladprao,MixedBerryPremium,11.45981578347917,8.68495385298169,14.23467771397665,0.20131180625630676,10.874023080612577,14.348297462321993,17.82257184403141,2.8884816788428225,,,,,,,"not calculable: missing on-hand, inbound, lead time, shelf life, BOM/yield"
2026-11-07,2026-11-01,BKK_Ladprao,MixedBerryPremium,11.45981578347917,8.68495385298169,14.23467771397665,0.20131180625630676,10.874023080612577,14.348297462321993,17.82257184403141,2.8884816788428225,,,,,,,"not calculable: missing on-hand, inbound, lead time, shelf life, BOM/yield"
2026-11-08,2026-11-01,BKK_Ladprao,MixedBerryPremium,11.45981578347917,8.68495385298169,14.23467771397665,0.20131180625630676,10.874023080612577,14.348297462321993,17.82257184403141,2.8884816788428225,,,,,,,"not calculable: missing on-hand, inbound, lead time, shelf life, BOM/yield"
2026-11-09,2026-11-01,BKK_Ladprao,MixedBerryPremium,11.45981578347917,8.68495385298169,14.23467771397665,0.20131180625630676,10.874023080612577,14.348297462321993,17.82257184403141,2.8884816788428225,,,,,,,"not calculable: missing on-hand, inbound, lead time, shelf life, BOM/yield"
2026-11-10,2026-11-01,BKK_Ladprao,MixedBerryPremium,11.45981578347917,8.68495385298169,14.23467771397665,0.20131180625630676,10.874023080612577,14.348297462321993,17.82257184403141,2.8884816788428225,,,,,,,"not calculable: missing on-hand, inbound, lead time, shelf life, BOM/yield"
2026-11-11,2026-11-01,BKK_Ladprao,MixedBerryPremium,11.45981578347917,8.68495385298169,14.23467771397665,0.20131180625630676,10.874023080612577,14.348297462321993,17.82257184403141,2.8884816788428225,,,,,,,"not calculable: missing on-hand, inbound, lead time, shelf life, BOM/yield"
2026-11-12,2026-11-01,BKK_Ladprao,MixedBerryPremium,11.45981578347917,8.68495385298169,14.23467771397665,0.20131180625630676,10.874023080612577,14.348297462321993,17.82257184403141,2.8884816788428225,,,,,,,"not calculable: missing on-hand, inbound, lead time, shelf life, BOM/yield"
2026-11-13,2026-11-01,BKK_Ladprao,MixedBerryPremium,11.45981578347917,8.68495385298169,14.23467771397665,0.20131180625630676,10.874023080612577,14.348297462321993,17.82257184403141,2.8884816788428225,,,,,,,"not calculable: missing on-hand, inbound, lead time, shelf life, BOM/yield"
2026-11-14,2026-11-01,BKK_Ladprao,MixedBerryPremium,11.45981578347917,8.68495385298169,14.23467771397665,0.20131180625630676,10.874023080612577,14.348297462321993,17.82257184403141,2.8884816788428225,,,,,,,"not calculable: missing on-hand, inbound, lead time, shelf life, BOM/yield"
2026-11-15,2026-11-01,BKK_Ladprao,MixedBerryPremium,11.45981578347917,8.68495385298169,14.23467771397665,0.20131180625630676,10.874023080612577,14.348297462321993,17.82257184403141,2.8884816788428225,,,,,,,"not calculable: missing on-hand, inbound, lead time, shelf life, BOM/yield"
2026-11-16,2026-11-01,BKK_Ladprao,MixedBerryPremium,11.45981578347917,8.68495385298169,14.23467771397665,0.20131180625630676,10.874023080612577,14.348297462321993,17.82257184403141,2.8884816788428225,,,,,,,"not calculable: missing on-hand, inbound, lead time, shelf life, BOM/yield"
2026-11-17,2026-11-01,BKK_Ladprao,MixedBerryPremium,11.45981578347917,8.68495385298169,14.23467771397665,0.20131180625630676,10.874023080612577,14.348297462321993,17.82257184403141,2.8884816788428225,,,,,,,"not calculable: missing on-hand, inbound, lead time, shelf life, BOM/yield"
2026-11-18,2026-11-01,BKK_Ladprao,MixedBerryPremium,11.45981578347917,8.68495385298169,14.23467771397665,0.20131180625630676,10.874023080612577,14.348297462321993,17.82257184403141,2.8884816788428225,,,,,,,"not calculable: missing on-hand, inbound, lead time, shelf life, BOM/yield"
2026-11-19,2026-11-01,BKK_Ladprao,MixedBerryPremium,11.45981578347917,8.68495385298169,14.23467771397665,0.20131180625630676,10.874023080612577,14.348297462321993,17.82257184403141,2.8884816788428225,,,,,,,"not calculable: missing on-hand, inbound, lead time, shelf life, BOM/yield"
2026-11-20,2026-11-01,BKK_Ladprao,MixedBerryPremium,11.45981578347917,8.68495385298169,14.23467771397665,0.20131180625630676,10.874023080612577,14.348297462321993,17.82257184403141,2.8884816788428225,,,,,,,"not calculable: missing on-hand, inbound, lead time, shelf life, BOM/yield"
2026-11-21,2026-11-01,BKK_Ladprao,MixedBerryPremium,11.45981578347917,8.68495385298169,14.23467771397665,0.20131180625630676,10.874023080612577,14.348297462321993,17.82257184403141,2.8884816788428225,,,,,,,"not calculable: missing on-hand, inbound, lead time, shelf life, BOM/yield"
2026-11-22,2026-11-01,BKK_Ladprao,MixedBerryPremium,11.45981578347917,8.68495385298169,14.23467771397665,0.20131180625630676,10.874023080612577,14.348297462321993,17.82257184403141,2.8884816788428225,,,,,,,"not calculable: missing on-hand, inbound, lead time, shelf life, BOM/yield"
2026-11-23,2026-11-01,BKK_Ladprao,MixedBerryPremium,11.45981578347917,8.68495385298169,14.23467771397665,0.20131180625630676,10.874023080612577,14.348297462321993,17.82257184403141,2.8884816788428225,,,,,,,"not calculable: missing on-hand, inbound, lead time, shelf life, BOM/yield"
2026-11-24,2026-11-01,BKK_Ladprao,MixedBerryPremium,11.45981578347917,8.68495385298169,14.23467771397665,0.20131180625630676,10.874023080612577,14.348297462321993,17.82257184403141,2.8884816788428225,,,,,,,"not calculable: missing on-hand, inbound, lead time, shelf life, BOM/yield"
2026-11-25,2026-11-01,BKK_Ladprao,MixedBerryPremium,11.45981578347917,8.68495385298169,14.23467771397665,0.20131180625630676,10.874023080612577,14.348297462321993,17.82257184403141,2.8884816788428225,,,,,,,"not calculable: missing on-hand, inbound, lead time, shelf life, BOM/yield"
2026-11-26,2026-11-01,BKK_Ladprao,MixedBerryPremium,11.45981578347917,8.68495385298169,14.23467771397665,0.20131180625630676,10.874023080612577,14.348297462321993,17.82257184403141,2.8884816788428225,,,,,,,"not calculable: missing on-hand, inbound, lead time, shelf life, BOM/yield"
2026-11-27,2026-11-01,BKK_Ladprao,MixedBerryPremium,11.45981578347917,8.68495385298169,14.23467771397665,0.20131180625630676,10.874023080612577,14.348297462321993,17.82257184403141,2.8884816788428225,,,,,,,"not calculable: missing on-hand, inbound, lead time, shelf life, BOM/yield"
2026-11-28,2026-11-01,BKK_Ladprao,MixedBerryPremium,11.45981578347917,8.68495385298169,14.23467771397665,0.20131180625630676,10.874023080612577,14.348297462321993,17.82257184403141,2.8884816788428225,,,,,,,"not calculable: missing on-hand, inbound, lead time, shelf life, BOM/yield"
2026-11-29,2026-11-01,BKK_Ladprao,MixedBerryPremium,11.45981578347917,8.68495385298169,14.23467771397665,0.20131180625630676,10.874023080612577,14.348297462321993,17.82257184403141,2.8884816788428225,,,,,,,"not calculable: missing on-hand, inbound, lead time, shelf life, BOM/yield"
2026-11-30,2026-11-01,BKK_Ladprao,MixedBerryPremium,11.45981578347917,8.68495385298169,14.23467771397665,0.20131180625630676,10.874023080612577,14.348297462321993,17.82257184403141,2.8884816788428225,,,,,,,"not calculable: missing on-hand, inbound, lead time, shelf life, BOM/yield"
2026-09-01,2026-09-01,BKK_Ladprao,PassionFruit,24.647347200187653,18.679276968888487,30.615417431486815,0.08900756564307966,20.504316242839487,27.05549055145171,33.60666486006394,2.4081433512640587,,,,,,,"not calculable: missing on-hand, inbound, lead time, shelf life, BOM/yield"
2026-09-02,2026-09-01,BKK_Ladprao,PassionFruit,24.647347200187653,18.679276968888487,30.615417431486815,0.08900756564307966,20.504316242839487,27.05549055145171,33.60666486006394,2.4081433512640587,,,,,,,"not calculable: missing on-hand, inbound, lead time, shelf life, BOM/yield"
2026-09-03,2026-09-01,BKK_Ladprao,PassionFruit,24.647347200187653,18.679276968888487,30.615417431486815,0.08900756564307966,20.504316242839487,27.05549055145171,33.60666486006394,2.4081433512640587,,,,,,,"not calculable: missing on-hand, inbound, lead time, shelf life, BOM/yield"
2026-09-04,2026-09-01,BKK_Ladprao,PassionFruit,24.647347200187653,18.679276968888487,30.615417431486815,0.08900756564307966,20.504316242839487,27.05549055145171,33.60666486006394,2.4081433512640587,,,,,,,"not calculable: missing on-hand, inbound, lead time, shelf life, BOM/yield"
2026-09-05,2026-09-01,BKK_Ladprao,PassionFruit,24.647347200187653,18.679276968888487,30.615417431486815,0.08900756564307966,20.504316242839487,27.05549055145171,33.60666486006394,2.4081433512640587,,,,,,,"not calculable: missing on-hand, inbound, lead time, shelf life, BOM/yield"
2026-09-06,2026-09-01,BKK_Ladprao,PassionFruit,24.647347200187653,18.679276968888487,30.615417431486815,0.08900756564307966,20.504316242839487,27.05549055145171,33.60666486006394,2.4081433512640587,,,,,,,"not calculable: missing on-hand, inbound, lead time, shelf life, BOM/yield"
2026-09-07,2026-09-01,BKK_Ladprao,PassionFruit,24.647347200187653,18.679276968888487,30.615417431486815,0.08900756564307966,20.504316242839487,27.05549055145171,33.60666486006394,2.4081433512640587,,,,,,,"not calculable: missing on-hand, inbound, lead time, shelf life, BOM/yield"
2026-09-08,2026-09-01,BKK_Ladprao,PassionFruit,24.647347200187653,18.679276968888487,30.615417431486815,0.08900756564307966,20.504316242839487,27.05549055145171,33.60666486006394,2.4081433512640587,,,,,,,"not calculable: missing on-hand, inbound, lead time, shelf life, BOM/yield"
2026-09-09,2026-09-01,BKK_Ladprao,PassionFruit,24.647347200187653,18.679276968888487,30.615417431486815,0.08900756564307966,20.504316242839487,27.05549055145171,33.60666486006394,2.4081433512640587,,,,,,,"not calculable: missing on-hand, inbound, lead time, shelf life, BOM/yield"
2026-09-10,2026-09-01,BKK_Ladprao,PassionFruit,24.647347200187653,18.679276968888487,30.615417431486815,0.08900756564307966,20.504316242839487,27.05549055145171,33.60666486006394,2.4081433512640587,,,,,,,"not calculable: missing on-hand, inbound, lead time, shelf life, BOM/yield"
2026-09-11,2026-09-01,BKK_Ladprao,PassionFruit,24.647347200187653,18.679276968888487,30.615417431486815,0.08900756564307966,20.504316242839487,27.05549055145171,33.60666486006394,2.4081433512640587,,,,,,,"not calculable: missing on-hand, inbound, lead time, shelf life, BOM/yield"
2026-09-12,2026-09-01,BKK_Ladprao,PassionFruit,24.647347200187653,18.679276968888487,30.615417431486815,0.08900756564307966,20.504316242839487,27.05549055145171,33.60666486006394,2.4081433512640587,,,,,,,"not calculable: missing on-hand, inbound, lead time, shelf life, BOM/yield"
2026-09-13,2026-09-01,BKK_Ladprao,PassionFruit,24.647347200187653,18.679276968888487,30.615417431486815,0.08900756564307966,20.504316242839487,27.05549055145171,33.60666486006394,2.4081433512640587,,,,,,,"not calculable: missing on-hand, inbound, lead time, shelf life, BOM/yield"
2026-09-14,2026-09-01,BKK_Ladprao,PassionFruit,24.647347200187653,18.679276968888487,30.615417431486815,0.08900756564307966,20.504316242839487,27.05549055145171,33.60666486006394,2.4081433512640587,,,,,,,"not calculable: missing on-hand, inbound, lead time, shelf life, BOM/yield"
2026-09-15,2026-09-01,BKK_Ladprao,PassionFruit,24.647347200187653,18.679276968888487,30.615417431486815,0.08900756564307966,20.504316242839487,27.05549055145171,33.60666486006394,2.4081433512640587,,,,,,,"not calculable: missing on-hand, inbound, lead time, shelf life, BOM/yield"
2026-09-16,2026-09-01,BKK_Ladprao,PassionFruit,24.647347200187653,18.679276968888487,30.615417431486815,0.08900756564307966,20.504316242839487,27.05549055145171,33.60666486006394,2.4081433512640587,,,,,,,"not calculable: missing on-hand, inbound, lead time, shelf life, BOM/yield"
2026-09-17,2026-09-01,BKK_Ladprao,PassionFruit,24.647347200187653,18.679276968888487,30.615417431486815,0.08900756564307966,20.504316242839487,27.05549055145171,33.60666486006394,2.4081433512640587,,,,,,,"not calculable: missing on-hand, inbound, lead time, shelf life, BOM/yield"
2026-09-18,2026-09-01,BKK_Ladprao,PassionFruit,24.647347200187653,18.679276968888487,30.615417431486815,0.08900756564307966,20.504316242839487,27.05549055145171,33.60666486006394,2.4081433512640587,,,,,,,"not calculable: missing on-hand, inbound, lead time, shelf life, BOM/yield"
2026-09-19,2026-09-01,BKK_Ladprao,PassionFruit,24.647347200187653,18.679276968888487,30.615417431486815,0.08900756564307966,20.504316242839487,27.05549055145171,33.60666486006394,2.4081433512640587,,,,,,,"not calculable: missing on-hand, inbound, lead time, shelf life, BOM/yield"
2026-09-20,2026-09-01,BKK_Ladprao,PassionFruit,24.647347200187653,18.679276968888487,30.615417431486815,0.08900756564307966,20.504316242839487,27.05549055145171,33.60666486006394,2.4081433512640587,,,,,,,"not calculable: missing on-hand, inbound, lead time, shelf life, BOM/yield"
2026-09-21,2026-09-01,BKK_Ladprao,PassionFruit,24.647347200187653,18.679276968888487,30.615417431486815,0.08900756564307966,20.504316242839487,27.05549055145171,33.60666486006394,2.4081433512640587,,,,,,,"not calculable: missing on-hand, inbound, lead time, shelf life, BOM/yield"
2026-09-22,2026-09-01,BKK_Ladprao,PassionFruit,24.647347200187653,18.679276968888487,30.615417431486815,0.08900756564307966,20.504316242839487,27.05549055145171,33.60666486006394,2.4081433512640587,,,,,,,"not calculable: missing on-hand, inbound, lead time, shelf life, BOM/yield"
2026-09-23,2026-09-01,BKK_Ladprao,PassionFruit,24.647347200187653,18.679276968888487,30.615417431486815,0.08900756564307966,20.504316242839487,27.05549055145171,33.60666486006394,2.4081433512640587,,,,,,,"not calculable: missing on-hand, inbound, lead time, shelf life, BOM/yield"
2026-09-24,2026-09-01,BKK_Ladprao,PassionFruit,24.647347200187653,18.679276968888487,30.615417431486815,0.08900756564307966,20.504316242839487,27.05549055145171,33.60666486006394,2.4081433512640587,,,,,,,"not calculable: missing on-hand, inbound, lead time, shelf life, BOM/yield"
2026-09-25,2026-09-01,BKK_Ladprao,PassionFruit,24.647347200187653,18.679276968888487,30.615417431486815,0.08900756564307966,20.504316242839487,27.05549055145171,33.60666486006394,2.4081433512640587,,,,,,,"not calculable: missing on-hand, inbound, lead time, shelf life, BOM/yield"
2026-09-26,2026-09-01,BKK_Ladprao,PassionFruit,24.647347200187653,18.679276968888487,30.615417431486815,0.08900756564307966,20.504316242839487,27.05549055145171,33.60666486006394,2.4081433512640587,,,,,,,"not calculable: missing on-hand, inbound, lead time, shelf life, BOM/yield"
2026-09-27,2026-09-01,BKK_Ladprao,PassionFruit,24.647347200187653,18.679276968888487,30.615417431486815,0.08900756564307966,20.504316242839487,27.05549055145171,33.60666486006394,2.4081433512640587,,,,,,,"not calculable: missing on-hand, inbound, lead time, shelf life, BOM/yield"
2026-09-28,2026-09-01,BKK_Ladprao,PassionFruit,24.647347200187653,18.679276968888487,30.615417431486815,0.08900756564307966,20.504316242839487,27.05549055145171,33.60666486006394,2.4081433512640587,,,,,,,"not calculable: missing on-hand, inbound, lead time, shelf life, BOM/yield"
2026-09-29,2026-09-01,BKK_Ladprao,PassionFruit,24.647347200187653,18.679276968888487,30.615417431486815,0.08900756564307966,20.504316242839487,27.05549055145171,33.60666486006394,2.4081433512640587,,,,,,,"not calculable: missing on-hand, inbound, lead time, shelf life, BOM/yield"
2026-09-30,2026-09-01,BKK_Ladprao,PassionFruit,24.647347200187653,18.679276968888487,30.615417431486815,0.08900756564307966,20.504316242839487,27.05549055145171,33.60666486006394,2.4081433512640587,,,,,,,"not calculable: missing on-hand, inbound, lead time, shelf life, BOM/yield"
2026-10-01,2026-10-01,BKK_Ladprao,PassionFruit,24.647347200187653,18.679276968888487,30.615417431486815,0.08900756564307966,20.504316242839487,27.05549055145171,33.60666486006394,2.4081433512640587,,,,,,,"not calculable: missing on-hand, inbound, lead time, shelf life, BOM/yield"
2026-10-02,2026-10-01,BKK_Ladprao,PassionFruit,24.647347200187653,18.679276968888487,30.615417431486815,0.08900756564307966,20.504316242839487,27.05549055145171,33.60666486006394,2.4081433512640587,,,,,,,"not calculable: missing on-hand, inbound, lead time, shelf life, BOM/yield"
2026-10-03,2026-10-01,BKK_Ladprao,PassionFruit,24.647347200187653,18.679276968888487,30.615417431486815,0.08900756564307966,20.504316242839487,27.05549055145171,33.60666486006394,2.4081433512640587,,,,,,,"not calculable: missing on-hand, inbound, lead time, shelf life, BOM/yield"
2026-10-04,2026-10-01,BKK_Ladprao,PassionFruit,24.647347200187653,18.679276968888487,30.615417431486815,0.08900756564307966,20.504316242839487,27.05549055145171,33.60666486006394,2.4081433512640587,,,,,,,"not calculable: missing on-hand, inbound, lead time, shelf life, BOM/yield"
2026-10-05,2026-10-01,BKK_Ladprao,PassionFruit,24.647347200187653,18.679276968888487,30.615417431486815,0.08900756564307966,20.504316242839487,27.05549055145171,33.60666486006394,2.4081433512640587,,,,,,,"not calculable: missing on-hand, inbound, lead time, shelf life, BOM/yield"
2026-10-06,2026-10-01,BKK_Ladprao,PassionFruit,24.647347200187653,18.679276968888487,30.615417431486815,0.08900756564307966,20.504316242839487,27.05549055145171,33.60666486006394,2.4081433512640587,,,,,,,"not calculable: missing on-hand, inbound, lead time, shelf life, BOM/yield"
2026-10-07,2026-10-01,BKK_Ladprao,PassionFruit,24.647347200187653,18.679276968888487,30.615417431486815,0.08900756564307966,20.504316242839487,27.05549055145171,33.60666486006394,2.4081433512640587,,,,,,,"not calculable: missing on-hand, inbound, lead time, shelf life, BOM/yield"
2026-10-08,2026-10-01,BKK_Ladprao,PassionFruit,24.647347200187653,18.679276968888487,30.615417431486815,0.08900756564307966,20.504316242839487,27.05549055145171,33.60666486006394,2.4081433512640587,,,,,,,"not calculable: missing on-hand, inbound, lead time, shelf life, BOM/yield"
2026-10-09,2026-10-01,BKK_Ladprao,PassionFruit,24.647347200187653,18.679276968888487,30.615417431486815,0.08900756564307966,20.504316242839487,27.05549055145171,33.60666486006394,2.4081433512640587,,,,,,,"not calculable: missing on-hand, inbound, lead time, shelf life, BOM/yield"
2026-10-10,2026-10-01,BKK_Ladprao,PassionFruit,24.647347200187653,18.679276968888487,30.615417431486815,0.08900756564307966,20.504316242839487,27.05549055145171,33.60666486006394,2.4081433512640587,,,,,,,"not calculable: missing on-hand, inbound, lead time, shelf life, BOM/yield"
2026-10-11,2026-10-01,BKK_Ladprao,PassionFruit,24.647347200187653,18.679276968888487,30.615417431486815,0.08900756564307966,20.504316242839487,27.05549055145171,33.60666486006394,2.4081433512640587,,,,,,,"not calculable: missing on-hand, inbound, lead time, shelf life, BOM/yield"
2026-10-12,2026-10-01,BKK_Ladprao,PassionFruit,24.647347200187653,18.679276968888487,30.615417431486815,0.08900756564307966,20.504316242839487,27.05549055145171,33.60666486006394,2.4081433512640587,,,,,,,"not calculable: missing on-hand, inbound, lead time, shelf life, BOM/yield"
2026-10-13,2026-10-01,BKK_Ladprao,PassionFruit,24.647347200187653,18.679276968888487,30.615417431486815,0.08900756564307966,20.504316242839487,27.05549055145171,33.60666486006394,2.4081433512640587,,,,,,,"not calculable: missing on-hand, inbound, lead time, shelf life, BOM/yield"
2026-10-14,2026-10-01,BKK_Ladprao,PassionFruit,24.647347200187653,18.679276968888487,30.615417431486815,0.08900756564307966,20.504316242839487,27.05549055145171,33.60666486006394,2.4081433512640587,,,,,,,"not calculable: missing on-hand, inbound, lead time, shelf life, BOM/yield"
2026-10-15,2026-10-01,BKK_Ladprao,PassionFruit,24.647347200187653,18.679276968888487,30.615417431486815,0.08900756564307966,20.504316242839487,27.05549055145171,33.60666486006394,2.4081433512640587,,,,,,,"not calculable: missing on-hand, inbound, lead time, shelf life, BOM/yield"
2026-10-16,2026-10-01,BKK_Ladprao,PassionFruit,24.647347200187653,18.679276968888487,30.615417431486815,0.08900756564307966,20.504316242839487,27.05549055145171,33.60666486006394,2.4081433512640587,,,,,,,"not calculable: missing on-hand, inbound, lead time, shelf life, BOM/yield"
2026-10-17,2026-10-01,BKK_Ladprao,PassionFruit,24.647347200187653,18.679276968888487,30.615417431486815,0.08900756564307966,20.504316242839487,27.05549055145171,33.60666486006394,2.4081433512640587,,,,,,,"not calculable: missing on-hand, inbound, lead time, shelf life, BOM/yield"
2026-10-18,2026-10-01,BKK_Ladprao,PassionFruit,24.647347200187653,18.679276968888487,30.615417431486815,0.08900756564307966,20.504316242839487,27.05549055145171,33.60666486006394,2.4081433512640587,,,,,,,"not calculable: missing on-hand, inbound, lead time, shelf life, BOM/yield"
2026-10-19,2026-10-01,BKK_Ladprao,PassionFruit,24.647347200187653,18.679276968888487,30.615417431486815,0.08900756564307966,20.504316242839487,27.05549055145171,33.60666486006394,2.4081433512640587,,,,,,,"not calculable: missing on-hand, inbound, lead time, shelf life, BOM/yield"
2026-10-20,2026-10-01,BKK_Ladprao,PassionFruit,24.647347200187653,18.679276968888487,30.615417431486815,0.08900756564307966,20.504316242839487,27.05549055145171,33.60666486006394,2.4081433512640587,,,,,,,"not calculable: missing on-hand, inbound, lead time, shelf life, BOM/yield"
2026-10-21,2026-10-01,BKK_Ladprao,PassionFruit,24.647347200187653,18.679276968888487,30.615417431486815,0.08900756564307966,20.504316242839487,27.05549055145171,33.60666486006394,2.4081433512640587,,,,,,,"not calculable: missing on-hand, inbound, lead time, shelf life, BOM/yield"
2026-10-22,2026-10-01,BKK_Ladprao,PassionFruit,24.647347200187653,18.679276968888487,30.615417431486815,0.08900756564307966,20.504316242839487,27.05549055145171,33.60666486006394,2.4081433512640587,,,,,,,"not calculable: missing on-hand, inbound, lead time, shelf life, BOM/yield"
2026-10-23,2026-10-01,BKK_Ladprao,PassionFruit,24.647347200187653,18.679276968888487,30.615417431486815,0.08900756564307966,20.504316242839487,27.05549055145171,33.60666486006394,2.4081433512640587,,,,,,,"not calculable: missing on-hand, inbound, lead time, shelf life, BOM/yield"
2026-10-24,2026-10-01,BKK_Ladprao,PassionFruit,24.647347200187653,18.679276968888487,30.615417431486815,0.08900756564307966,20.504316242839487,27.05549055145171,33.60666486006394,2.4081433512640587,,,,,,,"not calculable: missing on-hand, inbound, lead time, shelf life, BOM/yield"
2026-10-25,2026-10-01,BKK_Ladprao,PassionFruit,24.647347200187653,18.679276968888487,30.615417431486815,0.08900756564307966,20.504316242839487,27.05549055145171,33.60666486006394,2.4081433512640587,,,,,,,"not calculable: missing on-hand, inbound, lead time, shelf life, BOM/yield"
2026-10-26,2026-10-01,BKK_Ladprao,PassionFruit,24.647347200187653,18.679276968888487,30.615417431486815,0.08900756564307966,20.504316242839487,27.05549055145171,33.60666486006394,2.4081433512640587,,,,,,,"not calculable: missing on-hand, inbound, lead time, shelf life, BOM/yield"
2026-10-27,2026-10-01,BKK_Ladprao,PassionFruit,24.647347200187653,18.679276968888487,30.615417431486815,0.08900756564307966,20.504316242839487,27.05549055145171,33.60666486006394,2.4081433512640587,,,,,,,"not calculable: missing on-hand, inbound, lead time, shelf life, BOM/yield"
2026-10-28,2026-10-01,BKK_Ladprao,PassionFruit,24.647347200187653,18.679276968888487,30.615417431486815,0.08900756564307966,20.504316242839487,27.05549055145171,33.60666486006394,2.4081433512640587,,,,,,,"not calculable: missing on-hand, inbound, lead time, shelf life, BOM/yield"
2026-10-29,2026-10-01,BKK_Ladprao,PassionFruit,24.647347200187653,18.679276968888487,30.615417431486815,0.08900756564307966,20.504316242839487,27.05549055145171,33.60666486006394,2.4081433512640587,,,,,,,"not calculable: missing on-hand, inbound, lead time, shelf life, BOM/yield"
2026-10-30,2026-10-01,BKK_Ladprao,PassionFruit,24.647347200187653,18.679276968888487,30.615417431486815,0.08900756564307966,20.504316242839487,27.05549055145171,33.60666486006394,2.4081433512640587,,,,,,,"not calculable: missing on-hand, inbound, lead time, shelf life, BOM/yield"
2026-10-31,2026-10-01,BKK_Ladprao,PassionFruit,24.647347200187653,18.679276968888487,30.615417431486815,0.08900756564307966,20.504316242839487,27.05549055145171,33.60666486006394,2.4081433512640587,,,,,,,"not calculable: missing on-hand, inbound, lead time, shelf life, BOM/yield"
2026-11-01,2026-11-01,BKK_Ladprao,PassionFruit,24.647347200187653,18.679276968888487,30.615417431486815,0.08900756564307966,20.504316242839487,27.05549055145171,33.60666486006394,2.4081433512640587,,,,,,,"not calculable: missing on-hand, inbound, lead time, shelf life, BOM/yield"
2026-11-02,2026-11-01,BKK_Ladprao,PassionFruit,24.647347200187653,18.679276968888487,30.615417431486815,0.08900756564307966,20.504316242839487,27.05549055145171,33.60666486006394,2.4081433512640587,,,,,,,"not calculable: missing on-hand, inbound, lead time, shelf life, BOM/yield"
2026-11-03,2026-11-01,BKK_Ladprao,PassionFruit,24.647347200187653,18.679276968888487,30.615417431486815,0.08900756564307966,20.504316242839487,27.05549055145171,33.60666486006394,2.4081433512640587,,,,,,,"not calculable: missing on-hand, inbound, lead time, shelf life, BOM/yield"
2026-11-04,2026-11-01,BKK_Ladprao,PassionFruit,24.647347200187653,18.679276968888487,30.615417431486815,0.08900756564307966,20.504316242839487,27.05549055145171,33.60666486006394,2.4081433512640587,,,,,,,"not calculable: missing on-hand, inbound, lead time, shelf life, BOM/yield"
2026-11-05,2026-11-01,BKK_Ladprao,PassionFruit,24.647347200187653,18.679276968888487,30.615417431486815,0.08900756564307966,20.504316242839487,27.05549055145171,33.60666486006394,2.4081433512640587,,,,,,,"not calculable: missing on-hand, inbound, lead time, shelf life, BOM/yield"
2026-11-06,2026-11-01,BKK_Ladprao,PassionFruit,24.647347200187653,18.679276968888487,30.615417431486815,0.08900756564307966,20.504316242839487,27.05549055145171,33.60666486006394,2.4081433512640587,,,,,,,"not calculable: missing on-hand, inbound, lead time, shelf life, BOM/yield"
2026-11-07,2026-11-01,BKK_Ladprao,PassionFruit,24.647347200187653,18.679276968888487,30.615417431486815,0.08900756564307966,20.504316242839487,27.05549055145171,33.60666486006394,2.4081433512640587,,,,,,,"not calculable: missing on-hand, inbound, lead time, shelf life, BOM/yield"
2026-11-08,2026-11-01,BKK_Ladprao,PassionFruit,24.647347200187653,18.679276968888487,30.615417431486815,0.08900756564307966,20.504316242839487,27.05549055145171,33.60666486006394,2.4081433512640587,,,,,,,"not calculable: missing on-hand, inbound, lead time, shelf life, BOM/yield"
2026-11-09,2026-11-01,BKK_Ladprao,PassionFruit,24.647347200187653,18.679276968888487,30.615417431486815,0.08900756564307966,20.504316242839487,27.05549055145171,33.60666486006394,2.4081433512640587,,,,,,,"not calculable: missing on-hand, inbound, lead time, shelf life, BOM/yield"
2026-11-10,2026-11-01,BKK_Ladprao,PassionFruit,24.647347200187653,18.679276968888487,30.615417431486815,0.08900756564307966,20.504316242839487,27.05549055145171,33.60666486006394,2.4081433512640587,,,,,,,"not calculable: missing on-hand, inbound, lead time, shelf life, BOM/yield"
2026-11-11,2026-11-01,BKK_Ladprao,PassionFruit,24.647347200187653,18.679276968888487,30.615417431486815,0.08900756564307966,20.504316242839487,27.05549055145171,33.60666486006394,2.4081433512640587,,,,,,,"not calculable: missing on-hand, inbound, lead time, shelf life, BOM/yield"
2026-11-12,2026-11-01,BKK_Ladprao,PassionFruit,24.647347200187653,18.679276968888487,30.615417431486815,0.08900756564307966,20.504316242839487,27.05549055145171,33.60666486006394,2.4081433512640587,,,,,,,"not calculable: missing on-hand, inbound, lead time, shelf life, BOM/yield"
2026-11-13,2026-11-01,BKK_Ladprao,PassionFruit,24.647347200187653,18.679276968888487,30.615417431486815,0.08900756564307966,20.504316242839487,27.05549055145171,33.60666486006394,2.4081433512640587,,,,,,,"not calculable: missing on-hand, inbound, lead time, shelf life, BOM/yield"
2026-11-14,2026-11-01,BKK_Ladprao,PassionFruit,24.647347200187653,18.679276968888487,30.615417431486815,0.08900756564307966,20.504316242839487,27.05549055145171,33.60666486006394,2.4081433512640587,,,,,,,"not calculable: missing on-hand, inbound, lead time, shelf life, BOM/yield"
2026-11-15,2026-11-01,BKK_Ladprao,PassionFruit,24.647347200187653,18.679276968888487,30.615417431486815,0.08900756564307966,20.504316242839487,27.05549055145171,33.60666486006394,2.4081433512640587,,,,,,,"not calculable: missing on-hand, inbound, lead time, shelf life, BOM/yield"
2026-11-16,2026-11-01,BKK_Ladprao,PassionFruit,24.647347200187653,18.679276968888487,30.615417431486815,0.08900756564307966,20.504316242839487,27.05549055145171,33.60666486006394,2.4081433512640587,,,,,,,"not calculable: missing on-hand, inbound, lead time, shelf life, BOM/yield"
2026-11-17,2026-11-01,BKK_Ladprao,PassionFruit,24.647347200187653,18.679276968888487,30.615417431486815,0.08900756564307966,20.504316242839487,27.05549055145171,33.60666486006394,2.4081433512640587,,,,,,,"not calculable: missing on-hand, inbound, lead time, shelf life, BOM/yield"
2026-11-18,2026-11-01,BKK_Ladprao,PassionFruit,24.647347200187653,18.679276968888487,30.615417431486815,0.08900756564307966,20.504316242839487,27.05549055145171,33.60666486006394,2.4081433512640587,,,,,,,"not calculable: missing on-hand, inbound, lead time, shelf life, BOM/yield"
2026-11-19,2026-11-01,BKK_Ladprao,PassionFruit,24.647347200187653,18.679276968888487,30.615417431486815,0.08900756564307966,20.504316242839487,27.05549055145171,33.60666486006394,2.4081433512640587,,,,,,,"not calculable: missing on-hand, inbound, lead time, shelf life, BOM/yield"
2026-11-20,2026-11-01,BKK_Ladprao,PassionFruit,24.647347200187653,18.679276968888487,30.615417431486815,0.08900756564307966,20.504316242839487,27.05549055145171,33.60666486006394,2.4081433512640587,,,,,,,"not calculable: missing on-hand, inbound, lead time, shelf life, BOM/yield"
2026-11-21,2026-11-01,BKK_Ladprao,PassionFruit,24.647347200187653,18.679276968888487,30.615417431486815,0.08900756564307966,20.504316242839487,27.05549055145171,33.60666486006394,2.4081433512640587,,,,,,,"not calculable: missing on-hand, inbound, lead time, shelf life, BOM/yield"
2026-11-22,2026-11-01,BKK_Ladprao,PassionFruit,24.647347200187653,18.679276968888487,30.615417431486815,0.08900756564307966,20.504316242839487,27.05549055145171,33.60666486006394,2.4081433512640587,,,,,,,"not calculable: missing on-hand, inbound, lead time, shelf life, BOM/yield"
2026-11-23,2026-11-01,BKK_Ladprao,PassionFruit,24.647347200187653,18.679276968888487,30.615417431486815,0.08900756564307966,20.504316242839487,27.05549055145171,33.60666486006394,2.4081433512640587,,,,,,,"not calculable: missing on-hand, inbound, lead time, shelf life, BOM/yield"
2026-11-24,2026-11-01,BKK_Ladprao,PassionFruit,24.647347200187653,18.679276968888487,30.615417431486815,0.08900756564307966,20.504316242839487,27.05549055145171,33.60666486006394,2.4081433512640587,,,,,,,"not calculable: missing on-hand, inbound, lead time, shelf life, BOM/yield"
2026-11-25,2026-11-01,BKK_Ladprao,PassionFruit,24.647347200187653,18.679276968888487,30.615417431486815,0.08900756564307966,20.504316242839487,27.05549055145171,33.60666486006394,2.4081433512640587,,,,,,,"not calculable: missing on-hand, inbound, lead time, shelf life, BOM/yield"
2026-11-26,2026-11-01,BKK_Ladprao,PassionFruit,24.647347200187653,18.679276968888487,30.615417431486815,0.08900756564307966,20.504316242839487,27.05549055145171,33.60666486006394,2.4081433512640587,,,,,,,"not calculable: missing on-hand, inbound, lead time, shelf life, BOM/yield"
2026-11-27,2026-11-01,BKK_Ladprao,PassionFruit,24.647347200187653,18.679276968888487,30.615417431486815,0.08900756564307966,20.504316242839487,27.05549055145171,33.60666486006394,2.4081433512640587,,,,,,,"not calculable: missing on-hand, inbound, lead time, shelf life, BOM/yield"
2026-11-28,2026-11-01,BKK_Ladprao,PassionFruit,24.647347200187653,18.679276968888487,30.615417431486815,0.08900756564307966,20.504316242839487,27.05549055145171,33.60666486006394,2.4081433512640587,,,,,,,"not calculable: missing on-hand, inbound, lead time, shelf life, BOM/yield"
2026-11-29,2026-11-01,BKK_Ladprao,PassionFruit,24.647347200187653,18.679276968888487,30.615417431486815,0.08900756564307966,20.504316242839487,27.05549055145171,33.60666486006394,2.4081433512640587,,,,,,,"not calculable: missing on-hand, inbound, lead time, shelf life, BOM/yield"
2026-11-30,2026-11-01,BKK_Ladprao,PassionFruit,24.647347200187653,18.679276968888487,30.615417431486815,0.08900756564307966,20.504316242839487,27.05549055145171,33.60666486006394,2.4081433512640587,,,,,,,"not calculable: missing on-hand, inbound, lead time, shelf life, BOM/yield"
2026-09-01,2026-09-01,BKK_Ladprao,Pineapple,52.24833851678498,39.597007271916084,64.89966976165388,0.042233425282982975,41.34306658552526,54.552267636007606,67.76146868648995,2.303929119222623,,,,,,,"not calculable: missing on-hand, inbound, lead time, shelf life, BOM/yield"
2026-09-02,2026-09-01,BKK_Ladprao,Pineapple,52.24833851678498,39.597007271916084,64.89966976165388,0.042233425282982975,41.34306658552526,54.552267636007606,67.76146868648995,2.303929119222623,,,,,,,"not calculable: missing on-hand, inbound, lead time, shelf life, BOM/yield"
2026-09-03,2026-09-01,BKK_Ladprao,Pineapple,52.24833851678498,39.597007271916084,64.89966976165388,0.042233425282982975,41.34306658552526,54.552267636007606,67.76146868648995,2.303929119222623,,,,,,,"not calculable: missing on-hand, inbound, lead time, shelf life, BOM/yield"
2026-09-04,2026-09-01,BKK_Ladprao,Pineapple,52.24833851678498,39.597007271916084,64.89966976165388,0.042233425282982975,41.34306658552526,54.552267636007606,67.76146868648995,2.303929119222623,,,,,,,"not calculable: missing on-hand, inbound, lead time, shelf life, BOM/yield"
2026-09-05,2026-09-01,BKK_Ladprao,Pineapple,52.24833851678498,39.597007271916084,64.89966976165388,0.042233425282982975,41.34306658552526,54.552267636007606,67.76146868648995,2.303929119222623,,,,,,,"not calculable: missing on-hand, inbound, lead time, shelf life, BOM/yield"
2026-09-06,2026-09-01,BKK_Ladprao,Pineapple,52.24833851678498,39.597007271916084,64.89966976165388,0.042233425282982975,41.34306658552526,54.552267636007606,67.76146868648995,2.303929119222623,,,,,,,"not calculable: missing on-hand, inbound, lead time, shelf life, BOM/yield"
2026-09-07,2026-09-01,BKK_Ladprao,Pineapple,52.24833851678498,39.597007271916084,64.89966976165388,0.042233425282982975,41.34306658552526,54.552267636007606,67.76146868648995,2.303929119222623,,,,,,,"not calculable: missing on-hand, inbound, lead time, shelf life, BOM/yield"
2026-09-08,2026-09-01,BKK_Ladprao,Pineapple,52.24833851678498,39.597007271916084,64.89966976165388,0.042233425282982975,41.34306658552526,54.552267636007606,67.76146868648995,2.303929119222623,,,,,,,"not calculable: missing on-hand, inbound, lead time, shelf life, BOM/yield"
2026-09-09,2026-09-01,BKK_Ladprao,Pineapple,52.24833851678498,39.597007271916084,64.89966976165388,0.042233425282982975,41.34306658552526,54.552267636007606,67.76146868648995,2.303929119222623,,,,,,,"not calculable: missing on-hand, inbound, lead time, shelf life, BOM/yield"
2026-09-10,2026-09-01,BKK_Ladprao,Pineapple,52.24833851678498,39.597007271916084,64.89966976165388,0.042233425282982975,41.34306658552526,54.552267636007606,67.76146868648995,2.303929119222623,,,,,,,"not calculable: missing on-hand, inbound, lead time, shelf life, BOM/yield"
2026-09-11,2026-09-01,BKK_Ladprao,Pineapple,52.24833851678498,39.597007271916084,64.89966976165388,0.042233425282982975,41.34306658552526,54.552267636007606,67.76146868648995,2.303929119222623,,,,,,,"not calculable: missing on-hand, inbound, lead time, shelf life, BOM/yield"
2026-09-12,2026-09-01,BKK_Ladprao,Pineapple,52.24833851678498,39.597007271916084,64.89966976165388,0.042233425282982975,41.34306658552526,54.552267636007606,67.76146868648995,2.303929119222623,,,,,,,"not calculable: missing on-hand, inbound, lead time, shelf life, BOM/yield"
2026-09-13,2026-09-01,BKK_Ladprao,Pineapple,52.24833851678498,39.597007271916084,64.89966976165388,0.042233425282982975,41.34306658552526,54.552267636007606,67.76146868648995,2.303929119222623,,,,,,,"not calculable: missing on-hand, inbound, lead time, shelf life, BOM/yield"
2026-09-14,2026-09-01,BKK_Ladprao,Pineapple,52.24833851678498,39.597007271916084,64.89966976165388,0.042233425282982975,41.34306658552526,54.552267636007606,67.76146868648995,2.303929119222623,,,,,,,"not calculable: missing on-hand, inbound, lead time, shelf life, BOM/yield"
2026-09-15,2026-09-01,BKK_Ladprao,Pineapple,52.24833851678498,39.597007271916084,64.89966976165388,0.042233425282982975,41.34306658552526,54.552267636007606,67.76146868648995,2.303929119222623,,,,,,,"not calculable: missing on-hand, inbound, lead time, shelf life, BOM/yield"
2026-09-16,2026-09-01,BKK_Ladprao,Pineapple,52.24833851678498,39.597007271916084,64.89966976165388,0.042233425282982975,41.34306658552526,54.552267636007606,67.76146868648995,2.303929119222623,,,,,,,"not calculable: missing on-hand, inbound, lead time, shelf life, BOM/yield"
2026-09-17,2026-09-01,BKK_Ladprao,Pineapple,52.24833851678498,39.597007271916084,64.89966976165388,0.042233425282982975,41.34306658552526,54.552267636007606,67.76146868648995,2.303929119222623,,,,,,,"not calculable: missing on-hand, inbound, lead time, shelf life, BOM/yield"
2026-09-18,2026-09-01,BKK_Ladprao,Pineapple,52.24833851678498,39.597007271916084,64.89966976165388,0.042233425282982975,41.34306658552526,54.552267636007606,67.76146868648995,2.303929119222623,,,,,,,"not calculable: missing on-hand, inbound, lead time, shelf life, BOM/yield"
2026-09-19,2026-09-01,BKK_Ladprao,Pineapple,52.24833851678498,39.597007271916084,64.89966976165388,0.042233425282982975,41.34306658552526,54.552267636007606,67.76146868648995,2.303929119222623,,,,,,,"not calculable: missing on-hand, inbound, lead time, shelf life, BOM/yield"
2026-09-20,2026-09-01,BKK_Ladprao,Pineapple,52.24833851678498,39.597007271916084,64.89966976165388,0.042233425282982975,41.34306658552526,54.552267636007606,67.76146868648995,2.303929119222623,,,,,,,"not calculable: missing on-hand, inbound, lead time, shelf life, BOM/yield"
2026-09-21,2026-09-01,BKK_Ladprao,Pineapple,52.24833851678498,39.597007271916084,64.89966976165388,0.042233425282982975,41.34306658552526,54.552267636007606,67.76146868648995,2.303929119222623,,,,,,,"not calculable: missing on-hand, inbound, lead time, shelf life, BOM/yield"
2026-09-22,2026-09-01,BKK_Ladprao,Pineapple,52.24833851678498,39.597007271916084,64.89966976165388,0.042233425282982975,41.34306658552526,54.552267636007606,67.76146868648995,2.303929119222623,,,,,,,"not calculable: missing on-hand, inbound, lead time, shelf life, BOM/yield"
2026-09-23,2026-09-01,BKK_Ladprao,Pineapple,52.24833851678498,39.597007271916084,64.89966976165388,0.042233425282982975,41.34306658552526,54.552267636007606,67.76146868648995,2.303929119222623,,,,,,,"not calculable: missing on-hand, inbound, lead time, shelf life, BOM/yield"
2026-09-24,2026-09-01,BKK_Ladprao,Pineapple,52.24833851678498,39.597007271916084,64.89966976165388,0.042233425282982975,41.34306658552526,54.552267636007606,67.76146868648995,2.303929119222623,,,,,,,"not calculable: missing on-hand, inbound, lead time, shelf life, BOM/yield"
2026-09-25,2026-09-01,BKK_Ladprao,Pineapple,52.24833851678498,39.597007271916084,64.89966976165388,0.042233425282982975,41.34306658552526,54.552267636007606,67.76146868648995,2.303929119222623,,,,,,,"not calculable: missing on-hand, inbound, lead time, shelf life, BOM/yield"
2026-09-26,2026-09-01,BKK_Ladprao,Pineapple,52.24833851678498,39.597007271916084,64.89966976165388,0.042233425282982975,41.34306658552526,54.552267636007606,67.76146868648995,2.303929119222623,,,,,,,"not calculable: missing on-hand, inbound, lead time, shelf life, BOM/yield"
2026-09-27,2026-09-01,BKK_Ladprao,Pineapple,52.24833851678498,39.597007271916084,64.89966976165388,0.042233425282982975,41.34306658552526,54.552267636007606,67.76146868648995,2.303929119222623,,,,,,,"not calculable: missing on-hand, inbound, lead time, shelf life, BOM/yield"
2026-09-28,2026-09-01,BKK_Ladprao,Pineapple,52.24833851678498,39.597007271916084,64.89966976165388,0.042233425282982975,41.34306658552526,54.552267636007606,67.76146868648995,2.303929119222623,,,,,,,"not calculable: missing on-hand, inbound, lead time, shelf life, BOM/yield"
2026-09-29,2026-09-01,BKK_Ladprao,Pineapple,52.24833851678498,39.597007271916084,64.89966976165388,0.042233425282982975,41.34306658552526,54.552267636007606,67.76146868648995,2.303929119222623,,,,,,,"not calculable: missing on-hand, inbound, lead time, shelf life, BOM/yield"
2026-09-30,2026-09-01,BKK_Ladprao,Pineapple,52.24833851678498,39.597007271916084,64.89966976165388,0.042233425282982975,41.34306658552526,54.552267636007606,67.76146868648995,2.303929119222623,,,,,,,"not calculable: missing on-hand, inbound, lead time, shelf life, BOM/yield"
2026-10-01,2026-10-01,BKK_Ladprao,Pineapple,52.24833851678498,39.597007271916084,64.89966976165388,0.042233425282982975,41.34306658552526,54.552267636007606,67.76146868648995,2.303929119222623,,,,,,,"not calculable: missing on-hand, inbound, lead time, shelf life, BOM/yield"
2026-10-02,2026-10-01,BKK_Ladprao,Pineapple,52.24833851678498,39.597007271916084,64.89966976165388,0.042233425282982975,41.34306658552526,54.552267636007606,67.76146868648995,2.303929119222623,,,,,,,"not calculable: missing on-hand, inbound, lead time, shelf life, BOM/yield"
2026-10-03,2026-10-01,BKK_Ladprao,Pineapple,52.24833851678498,39.597007271916084,64.89966976165388,0.042233425282982975,41.34306658552526,54.552267636007606,67.76146868648995,2.303929119222623,,,,,,,"not calculable: missing on-hand, inbound, lead time, shelf life, BOM/yield"
2026-10-04,2026-10-01,BKK_Ladprao,Pineapple,52.24833851678498,39.597007271916084,64.89966976165388,0.042233425282982975,41.34306658552526,54.552267636007606,67.76146868648995,2.303929119222623,,,,,,,"not calculable: missing on-hand, inbound, lead time, shelf life, BOM/yield"
2026-10-05,2026-10-01,BKK_Ladprao,Pineapple,52.24833851678498,39.597007271916084,64.89966976165388,0.042233425282982975,41.34306658552526,54.552267636007606,67.76146868648995,2.303929119222623,,,,,,,"not calculable: missing on-hand, inbound, lead time, shelf life, BOM/yield"
2026-10-06,2026-10-01,BKK_Ladprao,Pineapple,52.24833851678498,39.597007271916084,64.89966976165388,0.042233425282982975,41.34306658552526,54.552267636007606,67.76146868648995,2.303929119222623,,,,,,,"not calculable: missing on-hand, inbound, lead time, shelf life, BOM/yield"
2026-10-07,2026-10-01,BKK_Ladprao,Pineapple,52.24833851678498,39.597007271916084,64.89966976165388,0.042233425282982975,41.34306658552526,54.552267636007606,67.76146868648995,2.303929119222623,,,,,,,"not calculable: missing on-hand, inbound, lead time, shelf life, BOM/yield"
2026-10-08,2026-10-01,BKK_Ladprao,Pineapple,52.24833851678498,39.597007271916084,64.89966976165388,0.042233425282982975,41.34306658552526,54.552267636007606,67.76146868648995,2.303929119222623,,,,,,,"not calculable: missing on-hand, inbound, lead time, shelf life, BOM/yield"
2026-10-09,2026-10-01,BKK_Ladprao,Pineapple,52.24833851678498,39.597007271916084,64.89966976165388,0.042233425282982975,41.34306658552526,54.552267636007606,67.76146868648995,2.303929119222623,,,,,,,"not calculable: missing on-hand, inbound, lead time, shelf life, BOM/yield"
2026-10-10,2026-10-01,BKK_Ladprao,Pineapple,52.24833851678498,39.597007271916084,64.89966976165388,0.042233425282982975,41.34306658552526,54.552267636007606,67.76146868648995,2.303929119222623,,,,,,,"not calculable: missing on-hand, inbound, lead time, shelf life, BOM/yield"
2026-10-11,2026-10-01,BKK_Ladprao,Pineapple,52.24833851678498,39.597007271916084,64.89966976165388,0.042233425282982975,41.34306658552526,54.552267636007606,67.76146868648995,2.303929119222623,,,,,,,"not calculable: missing on-hand, inbound, lead time, shelf life, BOM/yield"
2026-10-12,2026-10-01,BKK_Ladprao,Pineapple,52.24833851678498,39.597007271916084,64.89966976165388,0.042233425282982975,41.34306658552526,54.552267636007606,67.76146868648995,2.303929119222623,,,,,,,"not calculable: missing on-hand, inbound, lead time, shelf life, BOM/yield"
2026-10-13,2026-10-01,BKK_Ladprao,Pineapple,52.24833851678498,39.597007271916084,64.89966976165388,0.042233425282982975,41.34306658552526,54.552267636007606,67.76146868648995,2.303929119222623,,,,,,,"not calculable: missing on-hand, inbound, lead time, shelf life, BOM/yield"
2026-10-14,2026-10-01,BKK_Ladprao,Pineapple,52.24833851678498,39.597007271916084,64.89966976165388,0.042233425282982975,41.34306658552526,54.552267636007606,67.76146868648995,2.303929119222623,,,,,,,"not calculable: missing on-hand, inbound, lead time, shelf life, BOM/yield"
2026-10-15,2026-10-01,BKK_Ladprao,Pineapple,52.24833851678498,39.597007271916084,64.89966976165388,0.042233425282982975,41.34306658552526,54.552267636007606,67.76146868648995,2.303929119222623,,,,,,,"not calculable: missing on-hand, inbound, lead time, shelf life, BOM/yield"
2026-10-16,2026-10-01,BKK_Ladprao,Pineapple,52.24833851678498,39.597007271916084,64.89966976165388,0.042233425282982975,41.34306658552526,54.552267636007606,67.76146868648995,2.303929119222623,,,,,,,"not calculable: missing on-hand, inbound, lead time, shelf life, BOM/yield"
2026-10-17,2026-10-01,BKK_Ladprao,Pineapple,52.24833851678498,39.597007271916084,64.89966976165388,0.042233425282982975,41.34306658552526,54.552267636007606,67.76146868648995,2.303929119222623,,,,,,,"not calculable: missing on-hand, inbound, lead time, shelf life, BOM/yield"
2026-10-18,2026-10-01,BKK_Ladprao,Pineapple,52.24833851678498,39.597007271916084,64.89966976165388,0.042233425282982975,41.34306658552526,54.552267636007606,67.76146868648995,2.303929119222623,,,,,,,"not calculable: missing on-hand, inbound, lead time, shelf life, BOM/yield"
2026-10-19,2026-10-01,BKK_Ladprao,Pineapple,52.24833851678498,39.597007271916084,64.89966976165388,0.042233425282982975,41.34306658552526,54.552267636007606,67.76146868648995,2.303929119222623,,,,,,,"not calculable: missing on-hand, inbound, lead time, shelf life, BOM/yield"
2026-10-20,2026-10-01,BKK_Ladprao,Pineapple,52.24833851678498,39.597007271916084,64.89966976165388,0.042233425282982975,41.34306658552526,54.552267636007606,67.76146868648995,2.303929119222623,,,,,,,"not calculable: missing on-hand, inbound, lead time, shelf life, BOM/yield"
2026-10-21,2026-10-01,BKK_Ladprao,Pineapple,52.24833851678498,39.597007271916084,64.89966976165388,0.042233425282982975,41.34306658552526,54.552267636007606,67.76146868648995,2.303929119222623,,,,,,,"not calculable: missing on-hand, inbound, lead time, shelf life, BOM/yield"
2026-10-22,2026-10-01,BKK_Ladprao,Pineapple,52.24833851678498,39.597007271916084,64.89966976165388,0.042233425282982975,41.34306658552526,54.552267636007606,67.76146868648995,2.303929119222623,,,,,,,"not calculable: missing on-hand, inbound, lead time, shelf life, BOM/yield"
2026-10-23,2026-10-01,BKK_Ladprao,Pineapple,52.24833851678498,39.597007271916084,64.89966976165388,0.042233425282982975,41.34306658552526,54.552267636007606,67.76146868648995,2.303929119222623,,,,,,,"not calculable: missing on-hand, inbound, lead time, shelf life, BOM/yield"
2026-10-24,2026-10-01,BKK_Ladprao,Pineapple,52.24833851678498,39.597007271916084,64.89966976165388,0.042233425282982975,41.34306658552526,54.552267636007606,67.76146868648995,2.303929119222623,,,,,,,"not calculable: missing on-hand, inbound, lead time, shelf life, BOM/yield"
2026-10-25,2026-10-01,BKK_Ladprao,Pineapple,52.24833851678498,39.597007271916084,64.89966976165388,0.042233425282982975,41.34306658552526,54.552267636007606,67.76146868648995,2.303929119222623,,,,,,,"not calculable: missing on-hand, inbound, lead time, shelf life, BOM/yield"
2026-10-26,2026-10-01,BKK_Ladprao,Pineapple,52.24833851678498,39.597007271916084,64.89966976165388,0.042233425282982975,41.34306658552526,54.552267636007606,67.76146868648995,2.303929119222623,,,,,,,"not calculable: missing on-hand, inbound, lead time, shelf life, BOM/yield"
2026-10-27,2026-10-01,BKK_Ladprao,Pineapple,52.24833851678498,39.597007271916084,64.89966976165388,0.042233425282982975,41.34306658552526,54.552267636007606,67.76146868648995,2.303929119222623,,,,,,,"not calculable: missing on-hand, inbound, lead time, shelf life, BOM/yield"
2026-10-28,2026-10-01,BKK_Ladprao,Pineapple,52.24833851678498,39.597007271916084,64.89966976165388,0.042233425282982975,41.34306658552526,54.552267636007606,67.76146868648995,2.303929119222623,,,,,,,"not calculable: missing on-hand, inbound, lead time, shelf life, BOM/yield"
2026-10-29,2026-10-01,BKK_Ladprao,Pineapple,52.24833851678498,39.597007271916084,64.89966976165388,0.042233425282982975,41.34306658552526,54.552267636007606,67.76146868648995,2.303929119222623,,,,,,,"not calculable: missing on-hand, inbound, lead time, shelf life, BOM/yield"
2026-10-30,2026-10-01,BKK_Ladprao,Pineapple,52.24833851678498,39.597007271916084,64.89966976165388,0.042233425282982975,41.34306658552526,54.552267636007606,67.76146868648995,2.303929119222623,,,,,,,"not calculable: missing on-hand, inbound, lead time, shelf life, BOM/yield"
2026-10-31,2026-10-01,BKK_Ladprao,Pineapple,52.24833851678498,39.597007271916084,64.89966976165388,0.042233425282982975,41.34306658552526,54.552267636007606,67.76146868648995,2.303929119222623,,,,,,,"not calculable: missing on-hand, inbound, lead time, shelf life, BOM/yield"
2026-11-01,2026-11-01,BKK_Ladprao,Pineapple,52.24833851678498,39.597007271916084,64.89966976165388,0.042233425282982975,41.34306658552526,54.552267636007606,67.76146868648995,2.303929119222623,,,,,,,"not calculable: missing on-hand, inbound, lead time, shelf life, BOM/yield"
2026-11-02,2026-11-01,BKK_Ladprao,Pineapple,52.24833851678498,39.597007271916084,64.89966976165388,0.042233425282982975,41.34306658552526,54.552267636007606,67.76146868648995,2.303929119222623,,,,,,,"not calculable: missing on-hand, inbound, lead time, shelf life, BOM/yield"
2026-11-03,2026-11-01,BKK_Ladprao,Pineapple,52.24833851678498,39.597007271916084,64.89966976165388,0.042233425282982975,41.34306658552526,54.552267636007606,67.76146868648995,2.303929119222623,,,,,,,"not calculable: missing on-hand, inbound, lead time, shelf life, BOM/yield"
2026-11-04,2026-11-01,BKK_Ladprao,Pineapple,52.24833851678498,39.597007271916084,64.89966976165388,0.042233425282982975,41.34306658552526,54.552267636007606,67.76146868648995,2.303929119222623,,,,,,,"not calculable: missing on-hand, inbound, lead time, shelf life, BOM/yield"
2026-11-05,2026-11-01,BKK_Ladprao,Pineapple,52.24833851678498,39.597007271916084,64.89966976165388,0.042233425282982975,41.34306658552526,54.552267636007606,67.76146868648995,2.303929119222623,,,,,,,"not calculable: missing on-hand, inbound, lead time, shelf life, BOM/yield"
2026-11-06,2026-11-01,BKK_Ladprao,Pineapple,52.24833851678498,39.597007271916084,64.89966976165388,0.042233425282982975,41.34306658552526,54.552267636007606,67.76146868648995,2.303929119222623,,,,,,,"not calculable: missing on-hand, inbound, lead time, shelf life, BOM/yield"
2026-11-07,2026-11-01,BKK_Ladprao,Pineapple,52.24833851678498,39.597007271916084,64.89966976165388,0.042233425282982975,41.34306658552526,54.552267636007606,67.76146868648995,2.303929119222623,,,,,,,"not calculable: missing on-hand, inbound, lead time, shelf life, BOM/yield"
2026-11-08,2026-11-01,BKK_Ladprao,Pineapple,52.24833851678498,39.597007271916084,64.89966976165388,0.042233425282982975,41.34306658552526,54.552267636007606,67.76146868648995,2.303929119222623,,,,,,,"not calculable: missing on-hand, inbound, lead time, shelf life, BOM/yield"
2026-11-09,2026-11-01,BKK_Ladprao,Pineapple,52.24833851678498,39.597007271916084,64.89966976165388,0.042233425282982975,41.34306658552526,54.552267636007606,67.76146868648995,2.303929119222623,,,,,,,"not calculable: missing on-hand, inbound, lead time, shelf life, BOM/yield"
2026-11-10,2026-11-01,BKK_Ladprao,Pineapple,52.24833851678498,39.597007271916084,64.89966976165388,0.042233425282982975,41.34306658552526,54.552267636007606,67.76146868648995,2.303929119222623,,,,,,,"not calculable: missing on-hand, inbound, lead time, shelf life, BOM/yield"
2026-11-11,2026-11-01,BKK_Ladprao,Pineapple,52.24833851678498,39.597007271916084,64.89966976165388,0.042233425282982975,41.34306658552526,54.552267636007606,67.76146868648995,2.303929119222623,,,,,,,"not calculable: missing on-hand, inbound, lead time, shelf life, BOM/yield"
2026-11-12,2026-11-01,BKK_Ladprao,Pineapple,52.24833851678498,39.597007271916084,64.89966976165388,0.042233425282982975,41.34306658552526,54.552267636007606,67.76146868648995,2.303929119222623,,,,,,,"not calculable: missing on-hand, inbound, lead time, shelf life, BOM/yield"
2026-11-13,2026-11-01,BKK_Ladprao,Pineapple,52.24833851678498,39.597007271916084,64.89966976165388,0.042233425282982975,41.34306658552526,54.552267636007606,67.76146868648995,2.303929119222623,,,,,,,"not calculable: missing on-hand, inbound, lead time, shelf life, BOM/yield"
2026-11-14,2026-11-01,BKK_Ladprao,Pineapple,52.24833851678498,39.597007271916084,64.89966976165388,0.042233425282982975,41.34306658552526,54.552267636007606,67.76146868648995,2.303929119222623,,,,,,,"not calculable: missing on-hand, inbound, lead time, shelf life, BOM/yield"
2026-11-15,2026-11-01,BKK_Ladprao,Pineapple,52.24833851678498,39.597007271916084,64.89966976165388,0.042233425282982975,41.34306658552526,54.552267636007606,67.76146868648995,2.303929119222623,,,,,,,"not calculable: missing on-hand, inbound, lead time, shelf life, BOM/yield"
2026-11-16,2026-11-01,BKK_Ladprao,Pineapple,52.24833851678498,39.597007271916084,64.89966976165388,0.042233425282982975,41.34306658552526,54.552267636007606,67.76146868648995,2.303929119222623,,,,,,,"not calculable: missing on-hand, inbound, lead time, shelf life, BOM/yield"
2026-11-17,2026-11-01,BKK_Ladprao,Pineapple,52.24833851678498,39.597007271916084,64.89966976165388,0.042233425282982975,41.34306658552526,54.552267636007606,67.76146868648995,2.303929119222623,,,,,,,"not calculable: missing on-hand, inbound, lead time, shelf life, BOM/yield"
2026-11-18,2026-11-01,BKK_Ladprao,Pineapple,52.24833851678498,39.597007271916084,64.89966976165388,0.042233425282982975,41.34306658552526,54.552267636007606,67.76146868648995,2.303929119222623,,,,,,,"not calculable: missing on-hand, inbound, lead time, shelf life, BOM/yield"
2026-11-19,2026-11-01,BKK_Ladprao,Pineapple,52.24833851678498,39.597007271916084,64.89966976165388,0.042233425282982975,41.34306658552526,54.552267636007606,67.76146868648995,2.303929119222623,,,,,,,"not calculable: missing on-hand, inbound, lead time, shelf life, BOM/yield"
2026-11-20,2026-11-01,BKK_Ladprao,Pineapple,52.24833851678498,39.597007271916084,64.89966976165388,0.042233425282982975,41.34306658552526,54.552267636007606,67.76146868648995,2.303929119222623,,,,,,,"not calculable: missing on-hand, inbound, lead time, shelf life, BOM/yield"
2026-11-21,2026-11-01,BKK_Ladprao,Pineapple,52.24833851678498,39.597007271916084,64.89966976165388,0.042233425282982975,41.34306658552526,54.552267636007606,67.76146868648995,2.303929119222623,,,,,,,"not calculable: missing on-hand, inbound, lead time, shelf life, BOM/yield"
2026-11-22,2026-11-01,BKK_Ladprao,Pineapple,52.24833851678498,39.597007271916084,64.89966976165388,0.042233425282982975,41.34306658552526,54.552267636007606,67.76146868648995,2.303929119222623,,,,,,,"not calculable: missing on-hand, inbound, lead time, shelf life, BOM/yield"
2026-11-23,2026-11-01,BKK_Ladprao,Pineapple,52.24833851678498,39.597007271916084,64.89966976165388,0.042233425282982975,41.34306658552526,54.552267636007606,67.76146868648995,2.303929119222623,,,,,,,"not calculable: missing on-hand, inbound, lead time, shelf life, BOM/yield"
2026-11-24,2026-11-01,BKK_Ladprao,Pineapple,52.24833851678498,39.597007271916084,64.89966976165388,0.042233425282982975,41.34306658552526,54.552267636007606,67.76146868648995,2.303929119222623,,,,,,,"not calculable: missing on-hand, inbound, lead time, shelf life, BOM/yield"
2026-11-25,2026-11-01,BKK_Ladprao,Pineapple,52.24833851678498,39.597007271916084,64.89966976165388,0.042233425282982975,41.34306658552526,54.552267636007606,67.76146868648995,2.303929119222623,,,,,,,"not calculable: missing on-hand, inbound, lead time, shelf life, BOM/yield"
2026-11-26,2026-11-01,BKK_Ladprao,Pineapple,52.24833851678498,39.597007271916084,64.89966976165388,0.042233425282982975,41.34306658552526,54.552267636007606,67.76146868648995,2.303929119222623,,,,,,,"not calculable: missing on-hand, inbound, lead time, shelf life, BOM/yield"
2026-11-27,2026-11-01,BKK_Ladprao,Pineapple,52.24833851678498,39.597007271916084,64.89966976165388,0.042233425282982975,41.34306658552526,54.552267636007606,67.76146868648995,2.303929119222623,,,,,,,"not calculable: missing on-hand, inbound, lead time, shelf life, BOM/yield"
2026-11-28,2026-11-01,BKK_Ladprao,Pineapple,52.24833851678498,39.597007271916084,64.89966976165388,0.042233425282982975,41.34306658552526,54.552267636007606,67.76146868648995,2.303929119222623,,,,,,,"not calculable: missing on-hand, inbound, lead time, shelf life, BOM/yield"
2026-11-29,2026-11-01,BKK_Ladprao,Pineapple,52.24833851678498,39.597007271916084,64.89966976165388,0.042233425282982975,41.34306658552526,54.552267636007606,67.76146868648995,2.303929119222623,,,,,,,"not calculable: missing on-hand, inbound, lead time, shelf life, BOM/yield"
2026-11-30,2026-11-01,BKK_Ladprao,Pineapple,52.24833851678498,39.597007271916084,64.89966976165388,0.042233425282982975,41.34306658552526,54.552267636007606,67.76146868648995,2.303929119222623,,,,,,,"not calculable: missing on-hand, inbound, lead time, shelf life, BOM/yield"
2026-09-01,2026-09-01,BKK_Ladprao,Watermelon,82.18013413174745,62.28116455371025,102.07910370978465,0.03236144275480709,64.36407901212708,84.92854435824593,105.49300970436477,2.7484102264984784,,,,,,,"not calculable: missing on-hand, inbound, lead time, shelf life, BOM/yield"
2026-09-02,2026-09-01,BKK_Ladprao,Watermelon,82.18013413174745,62.28116455371025,102.07910370978465,0.03236144275480709,64.36407901212708,84.92854435824593,105.49300970436477,2.7484102264984784,,,,,,,"not calculable: missing on-hand, inbound, lead time, shelf life, BOM/yield"
2026-09-03,2026-09-01,BKK_Ladprao,Watermelon,82.18013413174745,62.28116455371025,102.07910370978465,0.03236144275480709,64.36407901212708,84.92854435824593,105.49300970436477,2.7484102264984784,,,,,,,"not calculable: missing on-hand, inbound, lead time, shelf life, BOM/yield"
2026-09-04,2026-09-01,BKK_Ladprao,Watermelon,82.18013413174745,62.28116455371025,102.07910370978465,0.03236144275480709,64.36407901212708,84.92854435824593,105.49300970436477,2.7484102264984784,,,,,,,"not calculable: missing on-hand, inbound, lead time, shelf life, BOM/yield"
2026-09-05,2026-09-01,BKK_Ladprao,Watermelon,82.18013413174745,62.28116455371025,102.07910370978465,0.03236144275480709,64.36407901212708,84.92854435824593,105.49300970436477,2.7484102264984784,,,,,,,"not calculable: missing on-hand, inbound, lead time, shelf life, BOM/yield"
2026-09-06,2026-09-01,BKK_Ladprao,Watermelon,82.18013413174745,62.28116455371025,102.07910370978465,0.03236144275480709,64.36407901212708,84.92854435824593,105.49300970436477,2.7484102264984784,,,,,,,"not calculable: missing on-hand, inbound, lead time, shelf life, BOM/yield"
2026-09-07,2026-09-01,BKK_Ladprao,Watermelon,82.18013413174745,62.28116455371025,102.07910370978465,0.03236144275480709,64.36407901212708,84.92854435824593,105.49300970436477,2.7484102264984784,,,,,,,"not calculable: missing on-hand, inbound, lead time, shelf life, BOM/yield"
2026-09-08,2026-09-01,BKK_Ladprao,Watermelon,82.18013413174745,62.28116455371025,102.07910370978465,0.03236144275480709,64.36407901212708,84.92854435824593,105.49300970436477,2.7484102264984784,,,,,,,"not calculable: missing on-hand, inbound, lead time, shelf life, BOM/yield"
2026-09-09,2026-09-01,BKK_Ladprao,Watermelon,82.18013413174745,62.28116455371025,102.07910370978465,0.03236144275480709,64.36407901212708,84.92854435824593,105.49300970436477,2.7484102264984784,,,,,,,"not calculable: missing on-hand, inbound, lead time, shelf life, BOM/yield"
2026-09-10,2026-09-01,BKK_Ladprao,Watermelon,82.18013413174745,62.28116455371025,102.07910370978465,0.03236144275480709,64.36407901212708,84.92854435824593,105.49300970436477,2.7484102264984784,,,,,,,"not calculable: missing on-hand, inbound, lead time, shelf life, BOM/yield"
2026-09-11,2026-09-01,BKK_Ladprao,Watermelon,82.18013413174745,62.28116455371025,102.07910370978465,0.03236144275480709,64.36407901212708,84.92854435824593,105.49300970436477,2.7484102264984784,,,,,,,"not calculable: missing on-hand, inbound, lead time, shelf life, BOM/yield"
2026-09-12,2026-09-01,BKK_Ladprao,Watermelon,82.18013413174745,62.28116455371025,102.07910370978465,0.03236144275480709,64.36407901212708,84.92854435824593,105.49300970436477,2.7484102264984784,,,,,,,"not calculable: missing on-hand, inbound, lead time, shelf life, BOM/yield"
2026-09-13,2026-09-01,BKK_Ladprao,Watermelon,82.18013413174745,62.28116455371025,102.07910370978465,0.03236144275480709,64.36407901212708,84.92854435824593,105.49300970436477,2.7484102264984784,,,,,,,"not calculable: missing on-hand, inbound, lead time, shelf life, BOM/yield"
2026-09-14,2026-09-01,BKK_Ladprao,Watermelon,82.18013413174745,62.28116455371025,102.07910370978465,0.03236144275480709,64.36407901212708,84.92854435824593,105.49300970436477,2.7484102264984784,,,,,,,"not calculable: missing on-hand, inbound, lead time, shelf life, BOM/yield"
2026-09-15,2026-09-01,BKK_Ladprao,Watermelon,82.18013413174745,62.28116455371025,102.07910370978465,0.03236144275480709,64.36407901212708,84.92854435824593,105.49300970436477,2.7484102264984784,,,,,,,"not calculable: missing on-hand, inbound, lead time, shelf life, BOM/yield"
2026-09-16,2026-09-01,BKK_Ladprao,Watermelon,82.18013413174745,62.28116455371025,102.07910370978465,0.03236144275480709,64.36407901212708,84.92854435824593,105.49300970436477,2.7484102264984784,,,,,,,"not calculable: missing on-hand, inbound, lead time, shelf life, BOM/yield"
2026-09-17,2026-09-01,BKK_Ladprao,Watermelon,82.18013413174745,62.28116455371025,102.07910370978465,0.03236144275480709,64.36407901212708,84.92854435824593,105.49300970436477,2.7484102264984784,,,,,,,"not calculable: missing on-hand, inbound, lead time, shelf life, BOM/yield"
2026-09-18,2026-09-01,BKK_Ladprao,Watermelon,82.18013413174745,62.28116455371025,102.07910370978465,0.03236144275480709,64.36407901212708,84.92854435824593,105.49300970436477,2.7484102264984784,,,,,,,"not calculable: missing on-hand, inbound, lead time, shelf life, BOM/yield"
2026-09-19,2026-09-01,BKK_Ladprao,Watermelon,82.18013413174745,62.28116455371025,102.07910370978465,0.03236144275480709,64.36407901212708,84.92854435824593,105.49300970436477,2.7484102264984784,,,,,,,"not calculable: missing on-hand, inbound, lead time, shelf life, BOM/yield"
2026-09-20,2026-09-01,BKK_Ladprao,Watermelon,82.18013413174745,62.28116455371025,102.07910370978465,0.03236144275480709,64.36407901212708,84.92854435824593,105.49300970436477,2.7484102264984784,,,,,,,"not calculable: missing on-hand, inbound, lead time, shelf life, BOM/yield"
2026-09-21,2026-09-01,BKK_Ladprao,Watermelon,82.18013413174745,62.28116455371025,102.07910370978465,0.03236144275480709,64.36407901212708,84.92854435824593,105.49300970436477,2.7484102264984784,,,,,,,"not calculable: missing on-hand, inbound, lead time, shelf life, BOM/yield"
2026-09-22,2026-09-01,BKK_Ladprao,Watermelon,82.18013413174745,62.28116455371025,102.07910370978465,0.03236144275480709,64.36407901212708,84.92854435824593,105.49300970436477,2.7484102264984784,,,,,,,"not calculable: missing on-hand, inbound, lead time, shelf life, BOM/yield"
2026-09-23,2026-09-01,BKK_Ladprao,Watermelon,82.18013413174745,62.28116455371025,102.07910370978465,0.03236144275480709,64.36407901212708,84.92854435824593,105.49300970436477,2.7484102264984784,,,,,,,"not calculable: missing on-hand, inbound, lead time, shelf life, BOM/yield"
2026-09-24,2026-09-01,BKK_Ladprao,Watermelon,82.18013413174745,62.28116455371025,102.07910370978465,0.03236144275480709,64.36407901212708,84.92854435824593,105.49300970436477,2.7484102264984784,,,,,,,"not calculable: missing on-hand, inbound, lead time, shelf life, BOM/yield"
2026-09-25,2026-09-01,BKK_Ladprao,Watermelon,82.18013413174745,62.28116455371025,102.07910370978465,0.03236144275480709,64.36407901212708,84.92854435824593,105.49300970436477,2.7484102264984784,,,,,,,"not calculable: missing on-hand, inbound, lead time, shelf life, BOM/yield"
2026-09-26,2026-09-01,BKK_Ladprao,Watermelon,82.18013413174745,62.28116455371025,102.07910370978465,0.03236144275480709,64.36407901212708,84.92854435824593,105.49300970436477,2.7484102264984784,,,,,,,"not calculable: missing on-hand, inbound, lead time, shelf life, BOM/yield"
2026-09-27,2026-09-01,BKK_Ladprao,Watermelon,82.18013413174745,62.28116455371025,102.07910370978465,0.03236144275480709,64.36407901212708,84.92854435824593,105.49300970436477,2.7484102264984784,,,,,,,"not calculable: missing on-hand, inbound, lead time, shelf life, BOM/yield"
2026-09-28,2026-09-01,BKK_Ladprao,Watermelon,82.18013413174745,62.28116455371025,102.07910370978465,0.03236144275480709,64.36407901212708,84.92854435824593,105.49300970436477,2.7484102264984784,,,,,,,"not calculable: missing on-hand, inbound, lead time, shelf life, BOM/yield"
2026-09-29,2026-09-01,BKK_Ladprao,Watermelon,82.18013413174745,62.28116455371025,102.07910370978465,0.03236144275480709,64.36407901212708,84.92854435824593,105.49300970436477,2.7484102264984784,,,,,,,"not calculable: missing on-hand, inbound, lead time, shelf life, BOM/yield"
2026-09-30,2026-09-01,BKK_Ladprao,Watermelon,82.18013413174745,62.28116455371025,102.07910370978465,0.03236144275480709,64.36407901212708,84.92854435824593,105.49300970436477,2.7484102264984784,,,,,,,"not calculable: missing on-hand, inbound, lead time, shelf life, BOM/yield"
2026-10-01,2026-10-01,BKK_Ladprao,Watermelon,82.18013413174745,62.28116455371025,102.07910370978465,0.03236144275480709,64.36407901212708,84.92854435824593,105.49300970436477,2.7484102264984784,,,,,,,"not calculable: missing on-hand, inbound, lead time, shelf life, BOM/yield"
2026-10-02,2026-10-01,BKK_Ladprao,Watermelon,82.18013413174745,62.28116455371025,102.07910370978465,0.03236144275480709,64.36407901212708,84.92854435824593,105.49300970436477,2.7484102264984784,,,,,,,"not calculable: missing on-hand, inbound, lead time, shelf life, BOM/yield"
2026-10-03,2026-10-01,BKK_Ladprao,Watermelon,82.18013413174745,62.28116455371025,102.07910370978465,0.03236144275480709,64.36407901212708,84.92854435824593,105.49300970436477,2.7484102264984784,,,,,,,"not calculable: missing on-hand, inbound, lead time, shelf life, BOM/yield"
2026-10-04,2026-10-01,BKK_Ladprao,Watermelon,82.18013413174745,62.28116455371025,102.07910370978465,0.03236144275480709,64.36407901212708,84.92854435824593,105.49300970436477,2.7484102264984784,,,,,,,"not calculable: missing on-hand, inbound, lead time, shelf life, BOM/yield"
2026-10-05,2026-10-01,BKK_Ladprao,Watermelon,82.18013413174745,62.28116455371025,102.07910370978465,0.03236144275480709,64.36407901212708,84.92854435824593,105.49300970436477,2.7484102264984784,,,,,,,"not calculable: missing on-hand, inbound, lead time, shelf life, BOM/yield"
2026-10-06,2026-10-01,BKK_Ladprao,Watermelon,82.18013413174745,62.28116455371025,102.07910370978465,0.03236144275480709,64.36407901212708,84.92854435824593,105.49300970436477,2.7484102264984784,,,,,,,"not calculable: missing on-hand, inbound, lead time, shelf life, BOM/yield"
2026-10-07,2026-10-01,BKK_Ladprao,Watermelon,82.18013413174745,62.28116455371025,102.07910370978465,0.03236144275480709,64.36407901212708,84.92854435824593,105.49300970436477,2.7484102264984784,,,,,,,"not calculable: missing on-hand, inbound, lead time, shelf life, BOM/yield"
2026-10-08,2026-10-01,BKK_Ladprao,Watermelon,82.18013413174745,62.28116455371025,102.07910370978465,0.03236144275480709,64.36407901212708,84.92854435824593,105.49300970436477,2.7484102264984784,,,,,,,"not calculable: missing on-hand, inbound, lead time, shelf life, BOM/yield"
2026-10-09,2026-10-01,BKK_Ladprao,Watermelon,82.18013413174745,62.28116455371025,102.07910370978465,0.03236144275480709,64.36407901212708,84.92854435824593,105.49300970436477,2.7484102264984784,,,,,,,"not calculable: missing on-hand, inbound, lead time, shelf life, BOM/yield"
2026-10-10,2026-10-01,BKK_Ladprao,Watermelon,82.18013413174745,62.28116455371025,102.07910370978465,0.03236144275480709,64.36407901212708,84.92854435824593,105.49300970436477,2.7484102264984784,,,,,,,"not calculable: missing on-hand, inbound, lead time, shelf life, BOM/yield"
2026-10-11,2026-10-01,BKK_Ladprao,Watermelon,82.18013413174745,62.28116455371025,102.07910370978465,0.03236144275480709,64.36407901212708,84.92854435824593,105.49300970436477,2.7484102264984784,,,,,,,"not calculable: missing on-hand, inbound, lead time, shelf life, BOM/yield"
2026-10-12,2026-10-01,BKK_Ladprao,Watermelon,82.18013413174745,62.28116455371025,102.07910370978465,0.03236144275480709,64.36407901212708,84.92854435824593,105.49300970436477,2.7484102264984784,,,,,,,"not calculable: missing on-hand, inbound, lead time, shelf life, BOM/yield"
2026-10-13,2026-10-01,BKK_Ladprao,Watermelon,82.18013413174745,62.28116455371025,102.07910370978465,0.03236144275480709,64.36407901212708,84.92854435824593,105.49300970436477,2.7484102264984784,,,,,,,"not calculable: missing on-hand, inbound, lead time, shelf life, BOM/yield"
2026-10-14,2026-10-01,BKK_Ladprao,Watermelon,82.18013413174745,62.28116455371025,102.07910370978465,0.03236144275480709,64.36407901212708,84.92854435824593,105.49300970436477,2.7484102264984784,,,,,,,"not calculable: missing on-hand, inbound, lead time, shelf life, BOM/yield"
2026-10-15,2026-10-01,BKK_Ladprao,Watermelon,82.18013413174745,62.28116455371025,102.07910370978465,0.03236144275480709,64.36407901212708,84.92854435824593,105.49300970436477,2.7484102264984784,,,,,,,"not calculable: missing on-hand, inbound, lead time, shelf life, BOM/yield"
2026-10-16,2026-10-01,BKK_Ladprao,Watermelon,82.18013413174745,62.28116455371025,102.07910370978465,0.03236144275480709,64.36407901212708,84.92854435824593,105.49300970436477,2.7484102264984784,,,,,,,"not calculable: missing on-hand, inbound, lead time, shelf life, BOM/yield"
2026-10-17,2026-10-01,BKK_Ladprao,Watermelon,82.18013413174745,62.28116455371025,102.07910370978465,0.03236144275480709,64.36407901212708,84.92854435824593,105.49300970436477,2.7484102264984784,,,,,,,"not calculable: missing on-hand, inbound, lead time, shelf life, BOM/yield"
2026-10-18,2026-10-01,BKK_Ladprao,Watermelon,82.18013413174745,62.28116455371025,102.07910370978465,0.03236144275480709,64.36407901212708,84.92854435824593,105.49300970436477,2.7484102264984784,,,,,,,"not calculable: missing on-hand, inbound, lead time, shelf life, BOM/yield"
2026-10-19,2026-10-01,BKK_Ladprao,Watermelon,82.18013413174745,62.28116455371025,102.07910370978465,0.03236144275480709,64.36407901212708,84.92854435824593,105.49300970436477,2.7484102264984784,,,,,,,"not calculable: missing on-hand, inbound, lead time, shelf life, BOM/yield"
2026-10-20,2026-10-01,BKK_Ladprao,Watermelon,82.18013413174745,62.28116455371025,102.07910370978465,0.03236144275480709,64.36407901212708,84.92854435824593,105.49300970436477,2.7484102264984784,,,,,,,"not calculable: missing on-hand, inbound, lead time, shelf life, BOM/yield"
2026-10-21,2026-10-01,BKK_Ladprao,Watermelon,82.18013413174745,62.28116455371025,102.07910370978465,0.03236144275480709,64.36407901212708,84.92854435824593,105.49300970436477,2.7484102264984784,,,,,,,"not calculable: missing on-hand, inbound, lead time, shelf life, BOM/yield"
2026-10-22,2026-10-01,BKK_Ladprao,Watermelon,82.18013413174745,62.28116455371025,102.07910370978465,0.03236144275480709,64.36407901212708,84.92854435824593,105.49300970436477,2.7484102264984784,,,,,,,"not calculable: missing on-hand, inbound, lead time, shelf life, BOM/yield"
2026-10-23,2026-10-01,BKK_Ladprao,Watermelon,82.18013413174745,62.28116455371025,102.07910370978465,0.03236144275480709,64.36407901212708,84.92854435824593,105.49300970436477,2.7484102264984784,,,,,,,"not calculable: missing on-hand, inbound, lead time, shelf life, BOM/yield"
2026-10-24,2026-10-01,BKK_Ladprao,Watermelon,82.18013413174745,62.28116455371025,102.07910370978465,0.03236144275480709,64.36407901212708,84.92854435824593,105.49300970436477,2.7484102264984784,,,,,,,"not calculable: missing on-hand, inbound, lead time, shelf life, BOM/yield"
2026-10-25,2026-10-01,BKK_Ladprao,Watermelon,82.18013413174745,62.28116455371025,102.07910370978465,0.03236144275480709,64.36407901212708,84.92854435824593,105.49300970436477,2.7484102264984784,,,,,,,"not calculable: missing on-hand, inbound, lead time, shelf life, BOM/yield"
2026-10-26,2026-10-01,BKK_Ladprao,Watermelon,82.18013413174745,62.28116455371025,102.07910370978465,0.03236144275480709,64.36407901212708,84.92854435824593,105.49300970436477,2.7484102264984784,,,,,,,"not calculable: missing on-hand, inbound, lead time, shelf life, BOM/yield"
2026-10-27,2026-10-01,BKK_Ladprao,Watermelon,82.18013413174745,62.28116455371025,102.07910370978465,0.03236144275480709,64.36407901212708,84.92854435824593,105.49300970436477,2.7484102264984784,,,,,,,"not calculable: missing on-hand, inbound, lead time, shelf life, BOM/yield"
2026-10-28,2026-10-01,BKK_Ladprao,Watermelon,82.18013413174745,62.28116455371025,102.07910370978465,0.03236144275480709,64.36407901212708,84.92854435824593,105.49300970436477,2.7484102264984784,,,,,,,"not calculable: missing on-hand, inbound, lead time, shelf life, BOM/yield"
2026-10-29,2026-10-01,BKK_Ladprao,Watermelon,82.18013413174745,62.28116455371025,102.07910370978465,0.03236144275480709,64.36407901212708,84.92854435824593,105.49300970436477,2.7484102264984784,,,,,,,"not calculable: missing on-hand, inbound, lead time, shelf life, BOM/yield"
2026-10-30,2026-10-01,BKK_Ladprao,Watermelon,82.18013413174745,62.28116455371025,102.07910370978465,0.03236144275480709,64.36407901212708,84.92854435824593,105.49300970436477,2.7484102264984784,,,,,,,"not calculable: missing on-hand, inbound, lead time, shelf life, BOM/yield"
2026-10-31,2026-10-01,BKK_Ladprao,Watermelon,82.18013413174745,62.28116455371025,102.07910370978465,0.03236144275480709,64.36407901212708,84.92854435824593,105.49300970436477,2.7484102264984784,,,,,,,"not calculable: missing on-hand, inbound, lead time, shelf life, BOM/yield"
2026-11-01,2026-11-01,BKK_Ladprao,Watermelon,82.18013413174745,62.28116455371025,102.07910370978465,0.03236144275480709,64.36407901212708,84.92854435824593,105.49300970436477,2.7484102264984784,,,,,,,"not calculable: missing on-hand, inbound, lead time, shelf life, BOM/yield"
2026-11-02,2026-11-01,BKK_Ladprao,Watermelon,82.18013413174745,62.28116455371025,102.07910370978465,0.03236144275480709,64.36407901212708,84.92854435824593,105.49300970436477,2.7484102264984784,,,,,,,"not calculable: missing on-hand, inbound, lead time, shelf life, BOM/yield"
2026-11-03,2026-11-01,BKK_Ladprao,Watermelon,82.18013413174745,62.28116455371025,102.07910370978465,0.03236144275480709,64.36407901212708,84.92854435824593,105.49300970436477,2.7484102264984784,,,,,,,"not calculable: missing on-hand, inbound, lead time, shelf life, BOM/yield"
2026-11-04,2026-11-01,BKK_Ladprao,Watermelon,82.18013413174745,62.28116455371025,102.07910370978465,0.03236144275480709,64.36407901212708,84.92854435824593,105.49300970436477,2.7484102264984784,,,,,,,"not calculable: missing on-hand, inbound, lead time, shelf life, BOM/yield"
2026-11-05,2026-11-01,BKK_Ladprao,Watermelon,82.18013413174745,62.28116455371025,102.07910370978465,0.03236144275480709,64.36407901212708,84.92854435824593,105.49300970436477,2.7484102264984784,,,,,,,"not calculable: missing on-hand, inbound, lead time, shelf life, BOM/yield"
2026-11-06,2026-11-01,BKK_Ladprao,Watermelon,82.18013413174745,62.28116455371025,102.07910370978465,0.03236144275480709,64.36407901212708,84.92854435824593,105.49300970436477,2.7484102264984784,,,,,,,"not calculable: missing on-hand, inbound, lead time, shelf life, BOM/yield"
2026-11-07,2026-11-01,BKK_Ladprao,Watermelon,82.18013413174745,62.28116455371025,102.07910370978465,0.03236144275480709,64.36407901212708,84.92854435824593,105.49300970436477,2.7484102264984784,,,,,,,"not calculable: missing on-hand, inbound, lead time, shelf life, BOM/yield"
2026-11-08,2026-11-01,BKK_Ladprao,Watermelon,82.18013413174745,62.28116455371025,102.07910370978465,0.03236144275480709,64.36407901212708,84.92854435824593,105.49300970436477,2.7484102264984784,,,,,,,"not calculable: missing on-hand, inbound, lead time, shelf life, BOM/yield"
2026-11-09,2026-11-01,BKK_Ladprao,Watermelon,82.18013413174745,62.28116455371025,102.07910370978465,0.03236144275480709,64.36407901212708,84.92854435824593,105.49300970436477,2.7484102264984784,,,,,,,"not calculable: missing on-hand, inbound, lead time, shelf life, BOM/yield"
2026-11-10,2026-11-01,BKK_Ladprao,Watermelon,82.18013413174745,62.28116455371025,102.07910370978465,0.03236144275480709,64.36407901212708,84.92854435824593,105.49300970436477,2.7484102264984784,,,,,,,"not calculable: missing on-hand, inbound, lead time, shelf life, BOM/yield"
2026-11-11,2026-11-01,BKK_Ladprao,Watermelon,82.18013413174745,62.28116455371025,102.07910370978465,0.03236144275480709,64.36407901212708,84.92854435824593,105.49300970436477,2.7484102264984784,,,,,,,"not calculable: missing on-hand, inbound, lead time, shelf life, BOM/yield"
2026-11-12,2026-11-01,BKK_Ladprao,Watermelon,82.18013413174745,62.28116455371025,102.07910370978465,0.03236144275480709,64.36407901212708,84.92854435824593,105.49300970436477,2.7484102264984784,,,,,,,"not calculable: missing on-hand, inbound, lead time, shelf life, BOM/yield"
2026-11-13,2026-11-01,BKK_Ladprao,Watermelon,82.18013413174745,62.28116455371025,102.07910370978465,0.03236144275480709,64.36407901212708,84.92854435824593,105.49300970436477,2.7484102264984784,,,,,,,"not calculable: missing on-hand, inbound, lead time, shelf life, BOM/yield"
2026-11-14,2026-11-01,BKK_Ladprao,Watermelon,82.18013413174745,62.28116455371025,102.07910370978465,0.03236144275480709,64.36407901212708,84.92854435824593,105.49300970436477,2.7484102264984784,,,,,,,"not calculable: missing on-hand, inbound, lead time, shelf life, BOM/yield"
2026-11-15,2026-11-01,BKK_Ladprao,Watermelon,82.18013413174745,62.28116455371025,102.07910370978465,0.03236144275480709,64.36407901212708,84.92854435824593,105.49300970436477,2.7484102264984784,,,,,,,"not calculable: missing on-hand, inbound, lead time, shelf life, BOM/yield"
2026-11-16,2026-11-01,BKK_Ladprao,Watermelon,82.18013413174745,62.28116455371025,102.07910370978465,0.03236144275480709,64.36407901212708,84.92854435824593,105.49300970436477,2.7484102264984784,,,,,,,"not calculable: missing on-hand, inbound, lead time, shelf life, BOM/yield"
2026-11-17,2026-11-01,BKK_Ladprao,Watermelon,82.18013413174745,62.28116455371025,102.07910370978465,0.03236144275480709,64.36407901212708,84.92854435824593,105.49300970436477,2.7484102264984784,,,,,,,"not calculable: missing on-hand, inbound, lead time, shelf life, BOM/yield"
2026-11-18,2026-11-01,BKK_Ladprao,Watermelon,82.18013413174745,62.28116455371025,102.07910370978465,0.03236144275480709,64.36407901212708,84.92854435824593,105.49300970436477,2.7484102264984784,,,,,,,"not calculable: missing on-hand, inbound, lead time, shelf life, BOM/yield"
2026-11-19,2026-11-01,BKK_Ladprao,Watermelon,82.18013413174745,62.28116455371025,102.07910370978465,0.03236144275480709,64.36407901212708,84.92854435824593,105.49300970436477,2.7484102264984784,,,,,,,"not calculable: missing on-hand, inbound, lead time, shelf life, BOM/yield"
2026-11-20,2026-11-01,BKK_Ladprao,Watermelon,82.18013413174745,62.28116455371025,102.07910370978465,0.03236144275480709,64.36407901212708,84.92854435824593,105.49300970436477,2.7484102264984784,,,,,,,"not calculable: missing on-hand, inbound, lead time, shelf life, BOM/yield"
2026-11-21,2026-11-01,BKK_Ladprao,Watermelon,82.18013413174745,62.28116455371025,102.07910370978465,0.03236144275480709,64.36407901212708,84.92854435824593,105.49300970436477,2.7484102264984784,,,,,,,"not calculable: missing on-hand, inbound, lead time, shelf life, BOM/yield"
2026-11-22,2026-11-01,BKK_Ladprao,Watermelon,82.18013413174745,62.28116455371025,102.07910370978465,0.03236144275480709,64.36407901212708,84.92854435824593,105.49300970436477,2.7484102264984784,,,,,,,"not calculable: missing on-hand, inbound, lead time, shelf life, BOM/yield"
2026-11-23,2026-11-01,BKK_Ladprao,Watermelon,82.18013413174745,62.28116455371025,102.07910370978465,0.03236144275480709,64.36407901212708,84.92854435824593,105.49300970436477,2.7484102264984784,,,,,,,"not calculable: missing on-hand, inbound, lead time, shelf life, BOM/yield"
2026-11-24,2026-11-01,BKK_Ladprao,Watermelon,82.18013413174745,62.28116455371025,102.07910370978465,0.03236144275480709,64.36407901212708,84.92854435824593,105.49300970436477,2.7484102264984784,,,,,,,"not calculable: missing on-hand, inbound, lead time, shelf life, BOM/yield"
2026-11-25,2026-11-01,BKK_Ladprao,Watermelon,82.18013413174745,62.28116455371025,102.07910370978465,0.03236144275480709,64.36407901212708,84.92854435824593,105.49300970436477,2.7484102264984784,,,,,,,"not calculable: missing on-hand, inbound, lead time, shelf life, BOM/yield"
2026-11-26,2026-11-01,BKK_Ladprao,Watermelon,82.18013413174745,62.28116455371025,102.07910370978465,0.03236144275480709,64.36407901212708,84.92854435824593,105.49300970436477,2.7484102264984784,,,,,,,"not calculable: missing on-hand, inbound, lead time, shelf life, BOM/yield"
2026-11-27,2026-11-01,BKK_Ladprao,Watermelon,82.18013413174745,62.28116455371025,102.07910370978465,0.03236144275480709,64.36407901212708,84.92854435824593,105.49300970436477,2.7484102264984784,,,,,,,"not calculable: missing on-hand, inbound, lead time, shelf life, BOM/yield"
2026-11-28,2026-11-01,BKK_Ladprao,Watermelon,82.18013413174745,62.28116455371025,102.07910370978465,0.03236144275480709,64.36407901212708,84.92854435824593,105.49300970436477,2.7484102264984784,,,,,,,"not calculable: missing on-hand, inbound, lead time, shelf life, BOM/yield"
2026-11-29,2026-11-01,BKK_Ladprao,Watermelon,82.18013413174745,62.28116455371025,102.07910370978465,0.03236144275480709,64.36407901212708,84.92854435824593,105.49300970436477,2.7484102264984784,,,,,,,"not calculable: missing on-hand, inbound, lead time, shelf life, BOM/yield"
2026-11-30,2026-11-01,BKK_Ladprao,Watermelon,82.18013413174745,62.28116455371025,102.07910370978465,0.03236144275480709,64.36407901212708,84.92854435824593,105.49300970436477,2.7484102264984784,,,,,,,"not calculable: missing on-hand, inbound, lead time, shelf life, BOM/yield"
2026-09-01,2026-09-01,BKK_Sukhumvit,Guava,53.8888945693185,40.8403216391526,66.9374674994844,0.05384217143702389,43.1643859050248,56.95550249916012,70.74661909329544,3.0666079298416165,,,,,,,"not calculable: missing on-hand, inbound, lead time, shelf life, BOM/yield"
2026-09-02,2026-09-01,BKK_Sukhumvit,Guava,53.8888945693185,40.8403216391526,66.9374674994844,0.05384217143702389,43.1643859050248,56.95550249916012,70.74661909329544,3.0666079298416165,,,,,,,"not calculable: missing on-hand, inbound, lead time, shelf life, BOM/yield"
2026-09-03,2026-09-01,BKK_Sukhumvit,Guava,53.8888945693185,40.8403216391526,66.9374674994844,0.05384217143702389,43.1643859050248,56.95550249916012,70.74661909329544,3.0666079298416165,,,,,,,"not calculable: missing on-hand, inbound, lead time, shelf life, BOM/yield"
2026-09-04,2026-09-01,BKK_Sukhumvit,Guava,53.8888945693185,40.8403216391526,66.9374674994844,0.05384217143702389,43.1643859050248,56.95550249916012,70.74661909329544,3.0666079298416165,,,,,,,"not calculable: missing on-hand, inbound, lead time, shelf life, BOM/yield"
2026-09-05,2026-09-01,BKK_Sukhumvit,Guava,53.8888945693185,40.8403216391526,66.9374674994844,0.05384217143702389,43.1643859050248,56.95550249916012,70.74661909329544,3.0666079298416165,,,,,,,"not calculable: missing on-hand, inbound, lead time, shelf life, BOM/yield"
2026-09-06,2026-09-01,BKK_Sukhumvit,Guava,53.8888945693185,40.8403216391526,66.9374674994844,0.05384217143702389,43.1643859050248,56.95550249916012,70.74661909329544,3.0666079298416165,,,,,,,"not calculable: missing on-hand, inbound, lead time, shelf life, BOM/yield"
2026-09-07,2026-09-01,BKK_Sukhumvit,Guava,53.8888945693185,40.8403216391526,66.9374674994844,0.05384217143702389,43.1643859050248,56.95550249916012,70.74661909329544,3.0666079298416165,,,,,,,"not calculable: missing on-hand, inbound, lead time, shelf life, BOM/yield"
2026-09-08,2026-09-01,BKK_Sukhumvit,Guava,53.8888945693185,40.8403216391526,66.9374674994844,0.05384217143702389,43.1643859050248,56.95550249916012,70.74661909329544,3.0666079298416165,,,,,,,"not calculable: missing on-hand, inbound, lead time, shelf life, BOM/yield"
2026-09-09,2026-09-01,BKK_Sukhumvit,Guava,53.8888945693185,40.8403216391526,66.9374674994844,0.05384217143702389,43.1643859050248,56.95550249916012,70.74661909329544,3.0666079298416165,,,,,,,"not calculable: missing on-hand, inbound, lead time, shelf life, BOM/yield"
2026-09-10,2026-09-01,BKK_Sukhumvit,Guava,53.8888945693185,40.8403216391526,66.9374674994844,0.05384217143702389,43.1643859050248,56.95550249916012,70.74661909329544,3.0666079298416165,,,,,,,"not calculable: missing on-hand, inbound, lead time, shelf life, BOM/yield"
2026-09-11,2026-09-01,BKK_Sukhumvit,Guava,53.8888945693185,40.8403216391526,66.9374674994844,0.05384217143702389,43.1643859050248,56.95550249916012,70.74661909329544,3.0666079298416165,,,,,,,"not calculable: missing on-hand, inbound, lead time, shelf life, BOM/yield"
2026-09-12,2026-09-01,BKK_Sukhumvit,Guava,53.8888945693185,40.8403216391526,66.9374674994844,0.05384217143702389,43.1643859050248,56.95550249916012,70.74661909329544,3.0666079298416165,,,,,,,"not calculable: missing on-hand, inbound, lead time, shelf life, BOM/yield"
2026-09-13,2026-09-01,BKK_Sukhumvit,Guava,53.8888945693185,40.8403216391526,66.9374674994844,0.05384217143702389,43.1643859050248,56.95550249916012,70.74661909329544,3.0666079298416165,,,,,,,"not calculable: missing on-hand, inbound, lead time, shelf life, BOM/yield"
2026-09-14,2026-09-01,BKK_Sukhumvit,Guava,53.8888945693185,40.8403216391526,66.9374674994844,0.05384217143702389,43.1643859050248,56.95550249916012,70.74661909329544,3.0666079298416165,,,,,,,"not calculable: missing on-hand, inbound, lead time, shelf life, BOM/yield"
2026-09-15,2026-09-01,BKK_Sukhumvit,Guava,53.8888945693185,40.8403216391526,66.9374674994844,0.05384217143702389,43.1643859050248,56.95550249916012,70.74661909329544,3.0666079298416165,,,,,,,"not calculable: missing on-hand, inbound, lead time, shelf life, BOM/yield"
2026-09-16,2026-09-01,BKK_Sukhumvit,Guava,53.8888945693185,40.8403216391526,66.9374674994844,0.05384217143702389,43.1643859050248,56.95550249916012,70.74661909329544,3.0666079298416165,,,,,,,"not calculable: missing on-hand, inbound, lead time, shelf life, BOM/yield"
2026-09-17,2026-09-01,BKK_Sukhumvit,Guava,53.8888945693185,40.8403216391526,66.9374674994844,0.05384217143702389,43.1643859050248,56.95550249916012,70.74661909329544,3.0666079298416165,,,,,,,"not calculable: missing on-hand, inbound, lead time, shelf life, BOM/yield"
2026-09-18,2026-09-01,BKK_Sukhumvit,Guava,53.8888945693185,40.8403216391526,66.9374674994844,0.05384217143702389,43.1643859050248,56.95550249916012,70.74661909329544,3.0666079298416165,,,,,,,"not calculable: missing on-hand, inbound, lead time, shelf life, BOM/yield"
2026-09-19,2026-09-01,BKK_Sukhumvit,Guava,53.8888945693185,40.8403216391526,66.9374674994844,0.05384217143702389,43.1643859050248,56.95550249916012,70.74661909329544,3.0666079298416165,,,,,,,"not calculable: missing on-hand, inbound, lead time, shelf life, BOM/yield"
2026-09-20,2026-09-01,BKK_Sukhumvit,Guava,53.8888945693185,40.8403216391526,66.9374674994844,0.05384217143702389,43.1643859050248,56.95550249916012,70.74661909329544,3.0666079298416165,,,,,,,"not calculable: missing on-hand, inbound, lead time, shelf life, BOM/yield"
2026-09-21,2026-09-01,BKK_Sukhumvit,Guava,53.8888945693185,40.8403216391526,66.9374674994844,0.05384217143702389,43.1643859050248,56.95550249916012,70.74661909329544,3.0666079298416165,,,,,,,"not calculable: missing on-hand, inbound, lead time, shelf life, BOM/yield"
2026-09-22,2026-09-01,BKK_Sukhumvit,Guava,53.8888945693185,40.8403216391526,66.9374674994844,0.05384217143702389,43.1643859050248,56.95550249916012,70.74661909329544,3.0666079298416165,,,,,,,"not calculable: missing on-hand, inbound, lead time, shelf life, BOM/yield"
2026-09-23,2026-09-01,BKK_Sukhumvit,Guava,53.8888945693185,40.8403216391526,66.9374674994844,0.05384217143702389,43.1643859050248,56.95550249916012,70.74661909329544,3.0666079298416165,,,,,,,"not calculable: missing on-hand, inbound, lead time, shelf life, BOM/yield"
2026-09-24,2026-09-01,BKK_Sukhumvit,Guava,53.8888945693185,40.8403216391526,66.9374674994844,0.05384217143702389,43.1643859050248,56.95550249916012,70.74661909329544,3.0666079298416165,,,,,,,"not calculable: missing on-hand, inbound, lead time, shelf life, BOM/yield"
2026-09-25,2026-09-01,BKK_Sukhumvit,Guava,53.8888945693185,40.8403216391526,66.9374674994844,0.05384217143702389,43.1643859050248,56.95550249916012,70.74661909329544,3.0666079298416165,,,,,,,"not calculable: missing on-hand, inbound, lead time, shelf life, BOM/yield"
2026-09-26,2026-09-01,BKK_Sukhumvit,Guava,53.8888945693185,40.8403216391526,66.9374674994844,0.05384217143702389,43.1643859050248,56.95550249916012,70.74661909329544,3.0666079298416165,,,,,,,"not calculable: missing on-hand, inbound, lead time, shelf life, BOM/yield"
2026-09-27,2026-09-01,BKK_Sukhumvit,Guava,53.8888945693185,40.8403216391526,66.9374674994844,0.05384217143702389,43.1643859050248,56.95550249916012,70.74661909329544,3.0666079298416165,,,,,,,"not calculable: missing on-hand, inbound, lead time, shelf life, BOM/yield"
2026-09-28,2026-09-01,BKK_Sukhumvit,Guava,53.8888945693185,40.8403216391526,66.9374674994844,0.05384217143702389,43.1643859050248,56.95550249916012,70.74661909329544,3.0666079298416165,,,,,,,"not calculable: missing on-hand, inbound, lead time, shelf life, BOM/yield"
2026-09-29,2026-09-01,BKK_Sukhumvit,Guava,53.8888945693185,40.8403216391526,66.9374674994844,0.05384217143702389,43.1643859050248,56.95550249916012,70.74661909329544,3.0666079298416165,,,,,,,"not calculable: missing on-hand, inbound, lead time, shelf life, BOM/yield"
2026-09-30,2026-09-01,BKK_Sukhumvit,Guava,53.8888945693185,40.8403216391526,66.9374674994844,0.05384217143702389,43.1643859050248,56.95550249916012,70.74661909329544,3.0666079298416165,,,,,,,"not calculable: missing on-hand, inbound, lead time, shelf life, BOM/yield"
2026-10-01,2026-10-01,BKK_Sukhumvit,Guava,53.8888945693185,40.8403216391526,66.9374674994844,0.05384217143702389,43.1643859050248,56.95550249916012,70.74661909329544,3.0666079298416165,,,,,,,"not calculable: missing on-hand, inbound, lead time, shelf life, BOM/yield"
2026-10-02,2026-10-01,BKK_Sukhumvit,Guava,53.8888945693185,40.8403216391526,66.9374674994844,0.05384217143702389,43.1643859050248,56.95550249916012,70.74661909329544,3.0666079298416165,,,,,,,"not calculable: missing on-hand, inbound, lead time, shelf life, BOM/yield"
2026-10-03,2026-10-01,BKK_Sukhumvit,Guava,53.8888945693185,40.8403216391526,66.9374674994844,0.05384217143702389,43.1643859050248,56.95550249916012,70.74661909329544,3.0666079298416165,,,,,,,"not calculable: missing on-hand, inbound, lead time, shelf life, BOM/yield"
2026-10-04,2026-10-01,BKK_Sukhumvit,Guava,53.8888945693185,40.8403216391526,66.9374674994844,0.05384217143702389,43.1643859050248,56.95550249916012,70.74661909329544,3.0666079298416165,,,,,,,"not calculable: missing on-hand, inbound, lead time, shelf life, BOM/yield"
2026-10-05,2026-10-01,BKK_Sukhumvit,Guava,53.8888945693185,40.8403216391526,66.9374674994844,0.05384217143702389,43.1643859050248,56.95550249916012,70.74661909329544,3.0666079298416165,,,,,,,"not calculable: missing on-hand, inbound, lead time, shelf life, BOM/yield"
2026-10-06,2026-10-01,BKK_Sukhumvit,Guava,53.8888945693185,40.8403216391526,66.9374674994844,0.05384217143702389,43.1643859050248,56.95550249916012,70.74661909329544,3.0666079298416165,,,,,,,"not calculable: missing on-hand, inbound, lead time, shelf life, BOM/yield"
2026-10-07,2026-10-01,BKK_Sukhumvit,Guava,53.8888945693185,40.8403216391526,66.9374674994844,0.05384217143702389,43.1643859050248,56.95550249916012,70.74661909329544,3.0666079298416165,,,,,,,"not calculable: missing on-hand, inbound, lead time, shelf life, BOM/yield"
2026-10-08,2026-10-01,BKK_Sukhumvit,Guava,53.8888945693185,40.8403216391526,66.9374674994844,0.05384217143702389,43.1643859050248,56.95550249916012,70.74661909329544,3.0666079298416165,,,,,,,"not calculable: missing on-hand, inbound, lead time, shelf life, BOM/yield"
2026-10-09,2026-10-01,BKK_Sukhumvit,Guava,53.8888945693185,40.8403216391526,66.9374674994844,0.05384217143702389,43.1643859050248,56.95550249916012,70.74661909329544,3.0666079298416165,,,,,,,"not calculable: missing on-hand, inbound, lead time, shelf life, BOM/yield"
2026-10-10,2026-10-01,BKK_Sukhumvit,Guava,53.8888945693185,40.8403216391526,66.9374674994844,0.05384217143702389,43.1643859050248,56.95550249916012,70.74661909329544,3.0666079298416165,,,,,,,"not calculable: missing on-hand, inbound, lead time, shelf life, BOM/yield"
2026-10-11,2026-10-01,BKK_Sukhumvit,Guava,53.8888945693185,40.8403216391526,66.9374674994844,0.05384217143702389,43.1643859050248,56.95550249916012,70.74661909329544,3.0666079298416165,,,,,,,"not calculable: missing on-hand, inbound, lead time, shelf life, BOM/yield"
2026-10-12,2026-10-01,BKK_Sukhumvit,Guava,53.8888945693185,40.8403216391526,66.9374674994844,0.05384217143702389,43.1643859050248,56.95550249916012,70.74661909329544,3.0666079298416165,,,,,,,"not calculable: missing on-hand, inbound, lead time, shelf life, BOM/yield"
2026-10-13,2026-10-01,BKK_Sukhumvit,Guava,53.8888945693185,40.8403216391526,66.9374674994844,0.05384217143702389,43.1643859050248,56.95550249916012,70.74661909329544,3.0666079298416165,,,,,,,"not calculable: missing on-hand, inbound, lead time, shelf life, BOM/yield"
2026-10-14,2026-10-01,BKK_Sukhumvit,Guava,53.8888945693185,40.8403216391526,66.9374674994844,0.05384217143702389,43.1643859050248,56.95550249916012,70.74661909329544,3.0666079298416165,,,,,,,"not calculable: missing on-hand, inbound, lead time, shelf life, BOM/yield"
2026-10-15,2026-10-01,BKK_Sukhumvit,Guava,53.8888945693185,40.8403216391526,66.9374674994844,0.05384217143702389,43.1643859050248,56.95550249916012,70.74661909329544,3.0666079298416165,,,,,,,"not calculable: missing on-hand, inbound, lead time, shelf life, BOM/yield"
2026-10-16,2026-10-01,BKK_Sukhumvit,Guava,53.8888945693185,40.8403216391526,66.9374674994844,0.05384217143702389,43.1643859050248,56.95550249916012,70.74661909329544,3.0666079298416165,,,,,,,"not calculable: missing on-hand, inbound, lead time, shelf life, BOM/yield"
2026-10-17,2026-10-01,BKK_Sukhumvit,Guava,53.8888945693185,40.8403216391526,66.9374674994844,0.05384217143702389,43.1643859050248,56.95550249916012,70.74661909329544,3.0666079298416165,,,,,,,"not calculable: missing on-hand, inbound, lead time, shelf life, BOM/yield"
2026-10-18,2026-10-01,BKK_Sukhumvit,Guava,53.8888945693185,40.8403216391526,66.9374674994844,0.05384217143702389,43.1643859050248,56.95550249916012,70.74661909329544,3.0666079298416165,,,,,,,"not calculable: missing on-hand, inbound, lead time, shelf life, BOM/yield"
2026-10-19,2026-10-01,BKK_Sukhumvit,Guava,53.8888945693185,40.8403216391526,66.9374674994844,0.05384217143702389,43.1643859050248,56.95550249916012,70.74661909329544,3.0666079298416165,,,,,,,"not calculable: missing on-hand, inbound, lead time, shelf life, BOM/yield"
2026-10-20,2026-10-01,BKK_Sukhumvit,Guava,53.8888945693185,40.8403216391526,66.9374674994844,0.05384217143702389,43.1643859050248,56.95550249916012,70.74661909329544,3.0666079298416165,,,,,,,"not calculable: missing on-hand, inbound, lead time, shelf life, BOM/yield"
2026-10-21,2026-10-01,BKK_Sukhumvit,Guava,53.8888945693185,40.8403216391526,66.9374674994844,0.05384217143702389,43.1643859050248,56.95550249916012,70.74661909329544,3.0666079298416165,,,,,,,"not calculable: missing on-hand, inbound, lead time, shelf life, BOM/yield"
2026-10-22,2026-10-01,BKK_Sukhumvit,Guava,53.8888945693185,40.8403216391526,66.9374674994844,0.05384217143702389,43.1643859050248,56.95550249916012,70.74661909329544,3.0666079298416165,,,,,,,"not calculable: missing on-hand, inbound, lead time, shelf life, BOM/yield"
2026-10-23,2026-10-01,BKK_Sukhumvit,Guava,53.8888945693185,40.8403216391526,66.9374674994844,0.05384217143702389,43.1643859050248,56.95550249916012,70.74661909329544,3.0666079298416165,,,,,,,"not calculable: missing on-hand, inbound, lead time, shelf life, BOM/yield"
2026-10-24,2026-10-01,BKK_Sukhumvit,Guava,53.8888945693185,40.8403216391526,66.9374674994844,0.05384217143702389,43.1643859050248,56.95550249916012,70.74661909329544,3.0666079298416165,,,,,,,"not calculable: missing on-hand, inbound, lead time, shelf life, BOM/yield"
2026-10-25,2026-10-01,BKK_Sukhumvit,Guava,53.8888945693185,40.8403216391526,66.9374674994844,0.05384217143702389,43.1643859050248,56.95550249916012,70.74661909329544,3.0666079298416165,,,,,,,"not calculable: missing on-hand, inbound, lead time, shelf life, BOM/yield"
2026-10-26,2026-10-01,BKK_Sukhumvit,Guava,53.8888945693185,40.8403216391526,66.9374674994844,0.05384217143702389,43.1643859050248,56.95550249916012,70.74661909329544,3.0666079298416165,,,,,,,"not calculable: missing on-hand, inbound, lead time, shelf life, BOM/yield"
2026-10-27,2026-10-01,BKK_Sukhumvit,Guava,53.8888945693185,40.8403216391526,66.9374674994844,0.05384217143702389,43.1643859050248,56.95550249916012,70.74661909329544,3.0666079298416165,,,,,,,"not calculable: missing on-hand, inbound, lead time, shelf life, BOM/yield"
2026-10-28,2026-10-01,BKK_Sukhumvit,Guava,53.8888945693185,40.8403216391526,66.9374674994844,0.05384217143702389,43.1643859050248,56.95550249916012,70.74661909329544,3.0666079298416165,,,,,,,"not calculable: missing on-hand, inbound, lead time, shelf life, BOM/yield"
2026-10-29,2026-10-01,BKK_Sukhumvit,Guava,53.8888945693185,40.8403216391526,66.9374674994844,0.05384217143702389,43.1643859050248,56.95550249916012,70.74661909329544,3.0666079298416165,,,,,,,"not calculable: missing on-hand, inbound, lead time, shelf life, BOM/yield"
2026-10-30,2026-10-01,BKK_Sukhumvit,Guava,53.8888945693185,40.8403216391526,66.9374674994844,0.05384217143702389,43.1643859050248,56.95550249916012,70.74661909329544,3.0666079298416165,,,,,,,"not calculable: missing on-hand, inbound, lead time, shelf life, BOM/yield"
2026-10-31,2026-10-01,BKK_Sukhumvit,Guava,53.8888945693185,40.8403216391526,66.9374674994844,0.05384217143702389,43.1643859050248,56.95550249916012,70.74661909329544,3.0666079298416165,,,,,,,"not calculable: missing on-hand, inbound, lead time, shelf life, BOM/yield"
2026-11-01,2026-11-01,BKK_Sukhumvit,Guava,53.8888945693185,40.8403216391526,66.9374674994844,0.05384217143702389,43.1643859050248,56.95550249916012,70.74661909329544,3.0666079298416165,,,,,,,"not calculable: missing on-hand, inbound, lead time, shelf life, BOM/yield"
2026-11-02,2026-11-01,BKK_Sukhumvit,Guava,53.8888945693185,40.8403216391526,66.9374674994844,0.05384217143702389,43.1643859050248,56.95550249916012,70.74661909329544,3.0666079298416165,,,,,,,"not calculable: missing on-hand, inbound, lead time, shelf life, BOM/yield"
2026-11-03,2026-11-01,BKK_Sukhumvit,Guava,53.8888945693185,40.8403216391526,66.9374674994844,0.05384217143702389,43.1643859050248,56.95550249916012,70.74661909329544,3.0666079298416165,,,,,,,"not calculable: missing on-hand, inbound, lead time, shelf life, BOM/yield"
2026-11-04,2026-11-01,BKK_Sukhumvit,Guava,53.8888945693185,40.8403216391526,66.9374674994844,0.05384217143702389,43.1643859050248,56.95550249916012,70.74661909329544,3.0666079298416165,,,,,,,"not calculable: missing on-hand, inbound, lead time, shelf life, BOM/yield"
2026-11-05,2026-11-01,BKK_Sukhumvit,Guava,53.8888945693185,40.8403216391526,66.9374674994844,0.05384217143702389,43.1643859050248,56.95550249916012,70.74661909329544,3.0666079298416165,,,,,,,"not calculable: missing on-hand, inbound, lead time, shelf life, BOM/yield"
2026-11-06,2026-11-01,BKK_Sukhumvit,Guava,53.8888945693185,40.8403216391526,66.9374674994844,0.05384217143702389,43.1643859050248,56.95550249916012,70.74661909329544,3.0666079298416165,,,,,,,"not calculable: missing on-hand, inbound, lead time, shelf life, BOM/yield"
2026-11-07,2026-11-01,BKK_Sukhumvit,Guava,53.8888945693185,40.8403216391526,66.9374674994844,0.05384217143702389,43.1643859050248,56.95550249916012,70.74661909329544,3.0666079298416165,,,,,,,"not calculable: missing on-hand, inbound, lead time, shelf life, BOM/yield"
2026-11-08,2026-11-01,BKK_Sukhumvit,Guava,53.8888945693185,40.8403216391526,66.9374674994844,0.05384217143702389,43.1643859050248,56.95550249916012,70.74661909329544,3.0666079298416165,,,,,,,"not calculable: missing on-hand, inbound, lead time, shelf life, BOM/yield"
2026-11-09,2026-11-01,BKK_Sukhumvit,Guava,53.8888945693185,40.8403216391526,66.9374674994844,0.05384217143702389,43.1643859050248,56.95550249916012,70.74661909329544,3.0666079298416165,,,,,,,"not calculable: missing on-hand, inbound, lead time, shelf life, BOM/yield"
2026-11-10,2026-11-01,BKK_Sukhumvit,Guava,53.8888945693185,40.8403216391526,66.9374674994844,0.05384217143702389,43.1643859050248,56.95550249916012,70.74661909329544,3.0666079298416165,,,,,,,"not calculable: missing on-hand, inbound, lead time, shelf life, BOM/yield"
2026-11-11,2026-11-01,BKK_Sukhumvit,Guava,53.8888945693185,40.8403216391526,66.9374674994844,0.05384217143702389,43.1643859050248,56.95550249916012,70.74661909329544,3.0666079298416165,,,,,,,"not calculable: missing on-hand, inbound, lead time, shelf life, BOM/yield"
2026-11-12,2026-11-01,BKK_Sukhumvit,Guava,53.8888945693185,40.8403216391526,66.9374674994844,0.05384217143702389,43.1643859050248,56.95550249916012,70.74661909329544,3.0666079298416165,,,,,,,"not calculable: missing on-hand, inbound, lead time, shelf life, BOM/yield"
2026-11-13,2026-11-01,BKK_Sukhumvit,Guava,53.8888945693185,40.8403216391526,66.9374674994844,0.05384217143702389,43.1643859050248,56.95550249916012,70.74661909329544,3.0666079298416165,,,,,,,"not calculable: missing on-hand, inbound, lead time, shelf life, BOM/yield"
2026-11-14,2026-11-01,BKK_Sukhumvit,Guava,53.8888945693185,40.8403216391526,66.9374674994844,0.05384217143702389,43.1643859050248,56.95550249916012,70.74661909329544,3.0666079298416165,,,,,,,"not calculable: missing on-hand, inbound, lead time, shelf life, BOM/yield"
2026-11-15,2026-11-01,BKK_Sukhumvit,Guava,53.8888945693185,40.8403216391526,66.9374674994844,0.05384217143702389,43.1643859050248,56.95550249916012,70.74661909329544,3.0666079298416165,,,,,,,"not calculable: missing on-hand, inbound, lead time, shelf life, BOM/yield"
2026-11-16,2026-11-01,BKK_Sukhumvit,Guava,53.8888945693185,40.8403216391526,66.9374674994844,0.05384217143702389,43.1643859050248,56.95550249916012,70.74661909329544,3.0666079298416165,,,,,,,"not calculable: missing on-hand, inbound, lead time, shelf life, BOM/yield"
2026-11-17,2026-11-01,BKK_Sukhumvit,Guava,53.8888945693185,40.8403216391526,66.9374674994844,0.05384217143702389,43.1643859050248,56.95550249916012,70.74661909329544,3.0666079298416165,,,,,,,"not calculable: missing on-hand, inbound, lead time, shelf life, BOM/yield"
2026-11-18,2026-11-01,BKK_Sukhumvit,Guava,53.8888945693185,40.8403216391526,66.9374674994844,0.05384217143702389,43.1643859050248,56.95550249916012,70.74661909329544,3.0666079298416165,,,,,,,"not calculable: missing on-hand, inbound, lead time, shelf life, BOM/yield"
2026-11-19,2026-11-01,BKK_Sukhumvit,Guava,53.8888945693185,40.8403216391526,66.9374674994844,0.05384217143702389,43.1643859050248,56.95550249916012,70.74661909329544,3.0666079298416165,,,,,,,"not calculable: missing on-hand, inbound, lead time, shelf life, BOM/yield"
2026-11-20,2026-11-01,BKK_Sukhumvit,Guava,53.8888945693185,40.8403216391526,66.9374674994844,0.05384217143702389,43.1643859050248,56.95550249916012,70.74661909329544,3.0666079298416165,,,,,,,"not calculable: missing on-hand, inbound, lead time, shelf life, BOM/yield"
2026-11-21,2026-11-01,BKK_Sukhumvit,Guava,53.8888945693185,40.8403216391526,66.9374674994844,0.05384217143702389,43.1643859050248,56.95550249916012,70.74661909329544,3.0666079298416165,,,,,,,"not calculable: missing on-hand, inbound, lead time, shelf life, BOM/yield"
2026-11-22,2026-11-01,BKK_Sukhumvit,Guava,53.8888945693185,40.8403216391526,66.9374674994844,0.05384217143702389,43.1643859050248,56.95550249916012,70.74661909329544,3.0666079298416165,,,,,,,"not calculable: missing on-hand, inbound, lead time, shelf life, BOM/yield"
2026-11-23,2026-11-01,BKK_Sukhumvit,Guava,53.8888945693185,40.8403216391526,66.9374674994844,0.05384217143702389,43.1643859050248,56.95550249916012,70.74661909329544,3.0666079298416165,,,,,,,"not calculable: missing on-hand, inbound, lead time, shelf life, BOM/yield"
2026-11-24,2026-11-01,BKK_Sukhumvit,Guava,53.8888945693185,40.8403216391526,66.9374674994844,0.05384217143702389,43.1643859050248,56.95550249916012,70.74661909329544,3.0666079298416165,,,,,,,"not calculable: missing on-hand, inbound, lead time, shelf life, BOM/yield"
2026-11-25,2026-11-01,BKK_Sukhumvit,Guava,53.8888945693185,40.8403216391526,66.9374674994844,0.05384217143702389,43.1643859050248,56.95550249916012,70.74661909329544,3.0666079298416165,,,,,,,"not calculable: missing on-hand, inbound, lead time, shelf life, BOM/yield"
2026-11-26,2026-11-01,BKK_Sukhumvit,Guava,53.8888945693185,40.8403216391526,66.9374674994844,0.05384217143702389,43.1643859050248,56.95550249916012,70.74661909329544,3.0666079298416165,,,,,,,"not calculable: missing on-hand, inbound, lead time, shelf life, BOM/yield"
2026-11-27,2026-11-01,BKK_Sukhumvit,Guava,53.8888945693185,40.8403216391526,66.9374674994844,0.05384217143702389,43.1643859050248,56.95550249916012,70.74661909329544,3.0666079298416165,,,,,,,"not calculable: missing on-hand, inbound, lead time, shelf life, BOM/yield"
2026-11-28,2026-11-01,BKK_Sukhumvit,Guava,53.8888945693185,40.8403216391526,66.9374674994844,0.05384217143702389,43.1643859050248,56.95550249916012,70.74661909329544,3.0666079298416165,,,,,,,"not calculable: missing on-hand, inbound, lead time, shelf life, BOM/yield"
2026-11-29,2026-11-01,BKK_Sukhumvit,Guava,53.8888945693185,40.8403216391526,66.9374674994844,0.05384217143702389,43.1643859050248,56.95550249916012,70.74661909329544,3.0666079298416165,,,,,,,"not calculable: missing on-hand, inbound, lead time, shelf life, BOM/yield"
2026-11-30,2026-11-01,BKK_Sukhumvit,Guava,53.8888945693185,40.8403216391526,66.9374674994844,0.05384217143702389,43.1643859050248,56.95550249916012,70.74661909329544,3.0666079298416165,,,,,,,"not calculable: missing on-hand, inbound, lead time, shelf life, BOM/yield"
2026-09-01,2026-09-01,BKK_Sukhumvit,MixedBerryPremium,19.306985283277726,14.632021962097927,23.98194860445752,0.20131180625630676,18.320067927276114,24.17337007672549,30.026672226174863,4.866384793447764,,,,,,,"not calculable: missing on-hand, inbound, lead time, shelf life, BOM/yield"
2026-09-02,2026-09-01,BKK_Sukhumvit,MixedBerryPremium,19.306985283277726,14.632021962097927,23.98194860445752,0.20131180625630676,18.320067927276114,24.17337007672549,30.026672226174863,4.866384793447764,,,,,,,"not calculable: missing on-hand, inbound, lead time, shelf life, BOM/yield"
2026-09-03,2026-09-01,BKK_Sukhumvit,MixedBerryPremium,19.306985283277726,14.632021962097927,23.98194860445752,0.20131180625630676,18.320067927276114,24.17337007672549,30.026672226174863,4.866384793447764,,,,,,,"not calculable: missing on-hand, inbound, lead time, shelf life, BOM/yield"
2026-09-04,2026-09-01,BKK_Sukhumvit,MixedBerryPremium,19.306985283277726,14.632021962097927,23.98194860445752,0.20131180625630676,18.320067927276114,24.17337007672549,30.026672226174863,4.866384793447764,,,,,,,"not calculable: missing on-hand, inbound, lead time, shelf life, BOM/yield"
2026-09-05,2026-09-01,BKK_Sukhumvit,MixedBerryPremium,19.306985283277726,14.632021962097927,23.98194860445752,0.20131180625630676,18.320067927276114,24.17337007672549,30.026672226174863,4.866384793447764,,,,,,,"not calculable: missing on-hand, inbound, lead time, shelf life, BOM/yield"
2026-09-06,2026-09-01,BKK_Sukhumvit,MixedBerryPremium,19.306985283277726,14.632021962097927,23.98194860445752,0.20131180625630676,18.320067927276114,24.17337007672549,30.026672226174863,4.866384793447764,,,,,,,"not calculable: missing on-hand, inbound, lead time, shelf life, BOM/yield"
2026-09-07,2026-09-01,BKK_Sukhumvit,MixedBerryPremium,19.306985283277726,14.632021962097927,23.98194860445752,0.20131180625630676,18.320067927276114,24.17337007672549,30.026672226174863,4.866384793447764,,,,,,,"not calculable: missing on-hand, inbound, lead time, shelf life, BOM/yield"
2026-09-08,2026-09-01,BKK_Sukhumvit,MixedBerryPremium,19.306985283277726,14.632021962097927,23.98194860445752,0.20131180625630676,18.320067927276114,24.17337007672549,30.026672226174863,4.866384793447764,,,,,,,"not calculable: missing on-hand, inbound, lead time, shelf life, BOM/yield"
2026-09-09,2026-09-01,BKK_Sukhumvit,MixedBerryPremium,19.306985283277726,14.632021962097927,23.98194860445752,0.20131180625630676,18.320067927276114,24.17337007672549,30.026672226174863,4.866384793447764,,,,,,,"not calculable: missing on-hand, inbound, lead time, shelf life, BOM/yield"
2026-09-10,2026-09-01,BKK_Sukhumvit,MixedBerryPremium,19.306985283277726,14.632021962097927,23.98194860445752,0.20131180625630676,18.320067927276114,24.17337007672549,30.026672226174863,4.866384793447764,,,,,,,"not calculable: missing on-hand, inbound, lead time, shelf life, BOM/yield"
2026-09-11,2026-09-01,BKK_Sukhumvit,MixedBerryPremium,19.306985283277726,14.632021962097927,23.98194860445752,0.20131180625630676,18.320067927276114,24.17337007672549,30.026672226174863,4.866384793447764,,,,,,,"not calculable: missing on-hand, inbound, lead time, shelf life, BOM/yield"
2026-09-12,2026-09-01,BKK_Sukhumvit,MixedBerryPremium,19.306985283277726,14.632021962097927,23.98194860445752,0.20131180625630676,18.320067927276114,24.17337007672549,30.026672226174863,4.866384793447764,,,,,,,"not calculable: missing on-hand, inbound, lead time, shelf life, BOM/yield"
2026-09-13,2026-09-01,BKK_Sukhumvit,MixedBerryPremium,19.306985283277726,14.632021962097927,23.98194860445752,0.20131180625630676,18.320067927276114,24.17337007672549,30.026672226174863,4.866384793447764,,,,,,,"not calculable: missing on-hand, inbound, lead time, shelf life, BOM/yield"
2026-09-14,2026-09-01,BKK_Sukhumvit,MixedBerryPremium,19.306985283277726,14.632021962097927,23.98194860445752,0.20131180625630676,18.320067927276114,24.17337007672549,30.026672226174863,4.866384793447764,,,,,,,"not calculable: missing on-hand, inbound, lead time, shelf life, BOM/yield"
2026-09-15,2026-09-01,BKK_Sukhumvit,MixedBerryPremium,19.306985283277726,14.632021962097927,23.98194860445752,0.20131180625630676,18.320067927276114,24.17337007672549,30.026672226174863,4.866384793447764,,,,,,,"not calculable: missing on-hand, inbound, lead time, shelf life, BOM/yield"
2026-09-16,2026-09-01,BKK_Sukhumvit,MixedBerryPremium,19.306985283277726,14.632021962097927,23.98194860445752,0.20131180625630676,18.320067927276114,24.17337007672549,30.026672226174863,4.866384793447764,,,,,,,"not calculable: missing on-hand, inbound, lead time, shelf life, BOM/yield"
2026-09-17,2026-09-01,BKK_Sukhumvit,MixedBerryPremium,19.306985283277726,14.632021962097927,23.98194860445752,0.20131180625630676,18.320067927276114,24.17337007672549,30.026672226174863,4.866384793447764,,,,,,,"not calculable: missing on-hand, inbound, lead time, shelf life, BOM/yield"
2026-09-18,2026-09-01,BKK_Sukhumvit,MixedBerryPremium,19.306985283277726,14.632021962097927,23.98194860445752,0.20131180625630676,18.320067927276114,24.17337007672549,30.026672226174863,4.866384793447764,,,,,,,"not calculable: missing on-hand, inbound, lead time, shelf life, BOM/yield"
2026-09-19,2026-09-01,BKK_Sukhumvit,MixedBerryPremium,19.306985283277726,14.632021962097927,23.98194860445752,0.20131180625630676,18.320067927276114,24.17337007672549,30.026672226174863,4.866384793447764,,,,,,,"not calculable: missing on-hand, inbound, lead time, shelf life, BOM/yield"
2026-09-20,2026-09-01,BKK_Sukhumvit,MixedBerryPremium,19.306985283277726,14.632021962097927,23.98194860445752,0.20131180625630676,18.320067927276114,24.17337007672549,30.026672226174863,4.866384793447764,,,,,,,"not calculable: missing on-hand, inbound, lead time, shelf life, BOM/yield"
2026-09-21,2026-09-01,BKK_Sukhumvit,MixedBerryPremium,19.306985283277726,14.632021962097927,23.98194860445752,0.20131180625630676,18.320067927276114,24.17337007672549,30.026672226174863,4.866384793447764,,,,,,,"not calculable: missing on-hand, inbound, lead time, shelf life, BOM/yield"
2026-09-22,2026-09-01,BKK_Sukhumvit,MixedBerryPremium,19.306985283277726,14.632021962097927,23.98194860445752,0.20131180625630676,18.320067927276114,24.17337007672549,30.026672226174863,4.866384793447764,,,,,,,"not calculable: missing on-hand, inbound, lead time, shelf life, BOM/yield"
2026-09-23,2026-09-01,BKK_Sukhumvit,MixedBerryPremium,19.306985283277726,14.632021962097927,23.98194860445752,0.20131180625630676,18.320067927276114,24.17337007672549,30.026672226174863,4.866384793447764,,,,,,,"not calculable: missing on-hand, inbound, lead time, shelf life, BOM/yield"
2026-09-24,2026-09-01,BKK_Sukhumvit,MixedBerryPremium,19.306985283277726,14.632021962097927,23.98194860445752,0.20131180625630676,18.320067927276114,24.17337007672549,30.026672226174863,4.866384793447764,,,,,,,"not calculable: missing on-hand, inbound, lead time, shelf life, BOM/yield"
2026-09-25,2026-09-01,BKK_Sukhumvit,MixedBerryPremium,19.306985283277726,14.632021962097927,23.98194860445752,0.20131180625630676,18.320067927276114,24.17337007672549,30.026672226174863,4.866384793447764,,,,,,,"not calculable: missing on-hand, inbound, lead time, shelf life, BOM/yield"
2026-09-26,2026-09-01,BKK_Sukhumvit,MixedBerryPremium,19.306985283277726,14.632021962097927,23.98194860445752,0.20131180625630676,18.320067927276114,24.17337007672549,30.026672226174863,4.866384793447764,,,,,,,"not calculable: missing on-hand, inbound, lead time, shelf life, BOM/yield"
2026-09-27,2026-09-01,BKK_Sukhumvit,MixedBerryPremium,19.306985283277726,14.632021962097927,23.98194860445752,0.20131180625630676,18.320067927276114,24.17337007672549,30.026672226174863,4.866384793447764,,,,,,,"not calculable: missing on-hand, inbound, lead time, shelf life, BOM/yield"
2026-09-28,2026-09-01,BKK_Sukhumvit,MixedBerryPremium,19.306985283277726,14.632021962097927,23.98194860445752,0.20131180625630676,18.320067927276114,24.17337007672549,30.026672226174863,4.866384793447764,,,,,,,"not calculable: missing on-hand, inbound, lead time, shelf life, BOM/yield"
2026-09-29,2026-09-01,BKK_Sukhumvit,MixedBerryPremium,19.306985283277726,14.632021962097927,23.98194860445752,0.20131180625630676,18.320067927276114,24.17337007672549,30.026672226174863,4.866384793447764,,,,,,,"not calculable: missing on-hand, inbound, lead time, shelf life, BOM/yield"
2026-09-30,2026-09-01,BKK_Sukhumvit,MixedBerryPremium,19.306985283277726,14.632021962097927,23.98194860445752,0.20131180625630676,18.320067927276114,24.17337007672549,30.026672226174863,4.866384793447764,,,,,,,"not calculable: missing on-hand, inbound, lead time, shelf life, BOM/yield"
2026-10-01,2026-10-01,BKK_Sukhumvit,MixedBerryPremium,19.306985283277726,14.632021962097927,23.98194860445752,0.20131180625630676,18.320067927276114,24.17337007672549,30.026672226174863,4.866384793447764,,,,,,,"not calculable: missing on-hand, inbound, lead time, shelf life, BOM/yield"
2026-10-02,2026-10-01,BKK_Sukhumvit,MixedBerryPremium,19.306985283277726,14.632021962097927,23.98194860445752,0.20131180625630676,18.320067927276114,24.17337007672549,30.026672226174863,4.866384793447764,,,,,,,"not calculable: missing on-hand, inbound, lead time, shelf life, BOM/yield"
2026-10-03,2026-10-01,BKK_Sukhumvit,MixedBerryPremium,19.306985283277726,14.632021962097927,23.98194860445752,0.20131180625630676,18.320067927276114,24.17337007672549,30.026672226174863,4.866384793447764,,,,,,,"not calculable: missing on-hand, inbound, lead time, shelf life, BOM/yield"
2026-10-04,2026-10-01,BKK_Sukhumvit,MixedBerryPremium,19.306985283277726,14.632021962097927,23.98194860445752,0.20131180625630676,18.320067927276114,24.17337007672549,30.026672226174863,4.866384793447764,,,,,,,"not calculable: missing on-hand, inbound, lead time, shelf life, BOM/yield"
2026-10-05,2026-10-01,BKK_Sukhumvit,MixedBerryPremium,19.306985283277726,14.632021962097927,23.98194860445752,0.20131180625630676,18.320067927276114,24.17337007672549,30.026672226174863,4.866384793447764,,,,,,,"not calculable: missing on-hand, inbound, lead time, shelf life, BOM/yield"
2026-10-06,2026-10-01,BKK_Sukhumvit,MixedBerryPremium,19.306985283277726,14.632021962097927,23.98194860445752,0.20131180625630676,18.320067927276114,24.17337007672549,30.026672226174863,4.866384793447764,,,,,,,"not calculable: missing on-hand, inbound, lead time, shelf life, BOM/yield"
2026-10-07,2026-10-01,BKK_Sukhumvit,MixedBerryPremium,19.306985283277726,14.632021962097927,23.98194860445752,0.20131180625630676,18.320067927276114,24.17337007672549,30.026672226174863,4.866384793447764,,,,,,,"not calculable: missing on-hand, inbound, lead time, shelf life, BOM/yield"
2026-10-08,2026-10-01,BKK_Sukhumvit,MixedBerryPremium,19.306985283277726,14.632021962097927,23.98194860445752,0.20131180625630676,18.320067927276114,24.17337007672549,30.026672226174863,4.866384793447764,,,,,,,"not calculable: missing on-hand, inbound, lead time, shelf life, BOM/yield"
2026-10-09,2026-10-01,BKK_Sukhumvit,MixedBerryPremium,19.306985283277726,14.632021962097927,23.98194860445752,0.20131180625630676,18.320067927276114,24.17337007672549,30.026672226174863,4.866384793447764,,,,,,,"not calculable: missing on-hand, inbound, lead time, shelf life, BOM/yield"
2026-10-10,2026-10-01,BKK_Sukhumvit,MixedBerryPremium,19.306985283277726,14.632021962097927,23.98194860445752,0.20131180625630676,18.320067927276114,24.17337007672549,30.026672226174863,4.866384793447764,,,,,,,"not calculable: missing on-hand, inbound, lead time, shelf life, BOM/yield"
2026-10-11,2026-10-01,BKK_Sukhumvit,MixedBerryPremium,19.306985283277726,14.632021962097927,23.98194860445752,0.20131180625630676,18.320067927276114,24.17337007672549,30.026672226174863,4.866384793447764,,,,,,,"not calculable: missing on-hand, inbound, lead time, shelf life, BOM/yield"
2026-10-12,2026-10-01,BKK_Sukhumvit,MixedBerryPremium,19.306985283277726,14.632021962097927,23.98194860445752,0.20131180625630676,18.320067927276114,24.17337007672549,30.026672226174863,4.866384793447764,,,,,,,"not calculable: missing on-hand, inbound, lead time, shelf life, BOM/yield"
2026-10-13,2026-10-01,BKK_Sukhumvit,MixedBerryPremium,19.306985283277726,14.632021962097927,23.98194860445752,0.20131180625630676,18.320067927276114,24.17337007672549,30.026672226174863,4.866384793447764,,,,,,,"not calculable: missing on-hand, inbound, lead time, shelf life, BOM/yield"
2026-10-14,2026-10-01,BKK_Sukhumvit,MixedBerryPremium,19.306985283277726,14.632021962097927,23.98194860445752,0.20131180625630676,18.320067927276114,24.17337007672549,30.026672226174863,4.866384793447764,,,,,,,"not calculable: missing on-hand, inbound, lead time, shelf life, BOM/yield"
2026-10-15,2026-10-01,BKK_Sukhumvit,MixedBerryPremium,19.306985283277726,14.632021962097927,23.98194860445752,0.20131180625630676,18.320067927276114,24.17337007672549,30.026672226174863,4.866384793447764,,,,,,,"not calculable: missing on-hand, inbound, lead time, shelf life, BOM/yield"
2026-10-16,2026-10-01,BKK_Sukhumvit,MixedBerryPremium,19.306985283277726,14.632021962097927,23.98194860445752,0.20131180625630676,18.320067927276114,24.17337007672549,30.026672226174863,4.866384793447764,,,,,,,"not calculable: missing on-hand, inbound, lead time, shelf life, BOM/yield"
2026-10-17,2026-10-01,BKK_Sukhumvit,MixedBerryPremium,19.306985283277726,14.632021962097927,23.98194860445752,0.20131180625630676,18.320067927276114,24.17337007672549,30.026672226174863,4.866384793447764,,,,,,,"not calculable: missing on-hand, inbound, lead time, shelf life, BOM/yield"
2026-10-18,2026-10-01,BKK_Sukhumvit,MixedBerryPremium,19.306985283277726,14.632021962097927,23.98194860445752,0.20131180625630676,18.320067927276114,24.17337007672549,30.026672226174863,4.866384793447764,,,,,,,"not calculable: missing on-hand, inbound, lead time, shelf life, BOM/yield"
2026-10-19,2026-10-01,BKK_Sukhumvit,MixedBerryPremium,19.306985283277726,14.632021962097927,23.98194860445752,0.20131180625630676,18.320067927276114,24.17337007672549,30.026672226174863,4.866384793447764,,,,,,,"not calculable: missing on-hand, inbound, lead time, shelf life, BOM/yield"
2026-10-20,2026-10-01,BKK_Sukhumvit,MixedBerryPremium,19.306985283277726,14.632021962097927,23.98194860445752,0.20131180625630676,18.320067927276114,24.17337007672549,30.026672226174863,4.866384793447764,,,,,,,"not calculable: missing on-hand, inbound, lead time, shelf life, BOM/yield"
2026-10-21,2026-10-01,BKK_Sukhumvit,MixedBerryPremium,19.306985283277726,14.632021962097927,23.98194860445752,0.20131180625630676,18.320067927276114,24.17337007672549,30.026672226174863,4.866384793447764,,,,,,,"not calculable: missing on-hand, inbound, lead time, shelf life, BOM/yield"
2026-10-22,2026-10-01,BKK_Sukhumvit,MixedBerryPremium,19.306985283277726,14.632021962097927,23.98194860445752,0.20131180625630676,18.320067927276114,24.17337007672549,30.026672226174863,4.866384793447764,,,,,,,"not calculable: missing on-hand, inbound, lead time, shelf life, BOM/yield"
2026-10-23,2026-10-01,BKK_Sukhumvit,MixedBerryPremium,19.306985283277726,14.632021962097927,23.98194860445752,0.20131180625630676,18.320067927276114,24.17337007672549,30.026672226174863,4.866384793447764,,,,,,,"not calculable: missing on-hand, inbound, lead time, shelf life, BOM/yield"
2026-10-24,2026-10-01,BKK_Sukhumvit,MixedBerryPremium,19.306985283277726,14.632021962097927,23.98194860445752,0.20131180625630676,18.320067927276114,24.17337007672549,30.026672226174863,4.866384793447764,,,,,,,"not calculable: missing on-hand, inbound, lead time, shelf life, BOM/yield"
2026-10-25,2026-10-01,BKK_Sukhumvit,MixedBerryPremium,19.306985283277726,14.632021962097927,23.98194860445752,0.20131180625630676,18.320067927276114,24.17337007672549,30.026672226174863,4.866384793447764,,,,,,,"not calculable: missing on-hand, inbound, lead time, shelf life, BOM/yield"
2026-10-26,2026-10-01,BKK_Sukhumvit,MixedBerryPremium,19.306985283277726,14.632021962097927,23.98194860445752,0.20131180625630676,18.320067927276114,24.17337007672549,30.026672226174863,4.866384793447764,,,,,,,"not calculable: missing on-hand, inbound, lead time, shelf life, BOM/yield"
2026-10-27,2026-10-01,BKK_Sukhumvit,MixedBerryPremium,19.306985283277726,14.632021962097927,23.98194860445752,0.20131180625630676,18.320067927276114,24.17337007672549,30.026672226174863,4.866384793447764,,,,,,,"not calculable: missing on-hand, inbound, lead time, shelf life, BOM/yield"
2026-10-28,2026-10-01,BKK_Sukhumvit,MixedBerryPremium,19.306985283277726,14.632021962097927,23.98194860445752,0.20131180625630676,18.320067927276114,24.17337007672549,30.026672226174863,4.866384793447764,,,,,,,"not calculable: missing on-hand, inbound, lead time, shelf life, BOM/yield"
2026-10-29,2026-10-01,BKK_Sukhumvit,MixedBerryPremium,19.306985283277726,14.632021962097927,23.98194860445752,0.20131180625630676,18.320067927276114,24.17337007672549,30.026672226174863,4.866384793447764,,,,,,,"not calculable: missing on-hand, inbound, lead time, shelf life, BOM/yield"
2026-10-30,2026-10-01,BKK_Sukhumvit,MixedBerryPremium,19.306985283277726,14.632021962097927,23.98194860445752,0.20131180625630676,18.320067927276114,24.17337007672549,30.026672226174863,4.866384793447764,,,,,,,"not calculable: missing on-hand, inbound, lead time, shelf life, BOM/yield"
2026-10-31,2026-10-01,BKK_Sukhumvit,MixedBerryPremium,19.306985283277726,14.632021962097927,23.98194860445752,0.20131180625630676,18.320067927276114,24.17337007672549,30.026672226174863,4.866384793447764,,,,,,,"not calculable: missing on-hand, inbound, lead time, shelf life, BOM/yield"
2026-11-01,2026-11-01,BKK_Sukhumvit,MixedBerryPremium,19.306985283277726,14.632021962097927,23.98194860445752,0.20131180625630676,18.320067927276114,24.17337007672549,30.026672226174863,4.866384793447764,,,,,,,"not calculable: missing on-hand, inbound, lead time, shelf life, BOM/yield"
2026-11-02,2026-11-01,BKK_Sukhumvit,MixedBerryPremium,19.306985283277726,14.632021962097927,23.98194860445752,0.20131180625630676,18.320067927276114,24.17337007672549,30.026672226174863,4.866384793447764,,,,,,,"not calculable: missing on-hand, inbound, lead time, shelf life, BOM/yield"
2026-11-03,2026-11-01,BKK_Sukhumvit,MixedBerryPremium,19.306985283277726,14.632021962097927,23.98194860445752,0.20131180625630676,18.320067927276114,24.17337007672549,30.026672226174863,4.866384793447764,,,,,,,"not calculable: missing on-hand, inbound, lead time, shelf life, BOM/yield"
2026-11-04,2026-11-01,BKK_Sukhumvit,MixedBerryPremium,19.306985283277726,14.632021962097927,23.98194860445752,0.20131180625630676,18.320067927276114,24.17337007672549,30.026672226174863,4.866384793447764,,,,,,,"not calculable: missing on-hand, inbound, lead time, shelf life, BOM/yield"
2026-11-05,2026-11-01,BKK_Sukhumvit,MixedBerryPremium,19.306985283277726,14.632021962097927,23.98194860445752,0.20131180625630676,18.320067927276114,24.17337007672549,30.026672226174863,4.866384793447764,,,,,,,"not calculable: missing on-hand, inbound, lead time, shelf life, BOM/yield"
2026-11-06,2026-11-01,BKK_Sukhumvit,MixedBerryPremium,19.306985283277726,14.632021962097927,23.98194860445752,0.20131180625630676,18.320067927276114,24.17337007672549,30.026672226174863,4.866384793447764,,,,,,,"not calculable: missing on-hand, inbound, lead time, shelf life, BOM/yield"
2026-11-07,2026-11-01,BKK_Sukhumvit,MixedBerryPremium,19.306985283277726,14.632021962097927,23.98194860445752,0.20131180625630676,18.320067927276114,24.17337007672549,30.026672226174863,4.866384793447764,,,,,,,"not calculable: missing on-hand, inbound, lead time, shelf life, BOM/yield"
2026-11-08,2026-11-01,BKK_Sukhumvit,MixedBerryPremium,19.306985283277726,14.632021962097927,23.98194860445752,0.20131180625630676,18.320067927276114,24.17337007672549,30.026672226174863,4.866384793447764,,,,,,,"not calculable: missing on-hand, inbound, lead time, shelf life, BOM/yield"
2026-11-09,2026-11-01,BKK_Sukhumvit,MixedBerryPremium,19.306985283277726,14.632021962097927,23.98194860445752,0.20131180625630676,18.320067927276114,24.17337007672549,30.026672226174863,4.866384793447764,,,,,,,"not calculable: missing on-hand, inbound, lead time, shelf life, BOM/yield"
2026-11-10,2026-11-01,BKK_Sukhumvit,MixedBerryPremium,19.306985283277726,14.632021962097927,23.98194860445752,0.20131180625630676,18.320067927276114,24.17337007672549,30.026672226174863,4.866384793447764,,,,,,,"not calculable: missing on-hand, inbound, lead time, shelf life, BOM/yield"
2026-11-11,2026-11-01,BKK_Sukhumvit,MixedBerryPremium,19.306985283277726,14.632021962097927,23.98194860445752,0.20131180625630676,18.320067927276114,24.17337007672549,30.026672226174863,4.866384793447764,,,,,,,"not calculable: missing on-hand, inbound, lead time, shelf life, BOM/yield"
2026-11-12,2026-11-01,BKK_Sukhumvit,MixedBerryPremium,19.306985283277726,14.632021962097927,23.98194860445752,0.20131180625630676,18.320067927276114,24.17337007672549,30.026672226174863,4.866384793447764,,,,,,,"not calculable: missing on-hand, inbound, lead time, shelf life, BOM/yield"
2026-11-13,2026-11-01,BKK_Sukhumvit,MixedBerryPremium,19.306985283277726,14.632021962097927,23.98194860445752,0.20131180625630676,18.320067927276114,24.17337007672549,30.026672226174863,4.866384793447764,,,,,,,"not calculable: missing on-hand, inbound, lead time, shelf life, BOM/yield"
2026-11-14,2026-11-01,BKK_Sukhumvit,MixedBerryPremium,19.306985283277726,14.632021962097927,23.98194860445752,0.20131180625630676,18.320067927276114,24.17337007672549,30.026672226174863,4.866384793447764,,,,,,,"not calculable: missing on-hand, inbound, lead time, shelf life, BOM/yield"
2026-11-15,2026-11-01,BKK_Sukhumvit,MixedBerryPremium,19.306985283277726,14.632021962097927,23.98194860445752,0.20131180625630676,18.320067927276114,24.17337007672549,30.026672226174863,4.866384793447764,,,,,,,"not calculable: missing on-hand, inbound, lead time, shelf life, BOM/yield"
2026-11-16,2026-11-01,BKK_Sukhumvit,MixedBerryPremium,19.306985283277726,14.632021962097927,23.98194860445752,0.20131180625630676,18.320067927276114,24.17337007672549,30.026672226174863,4.866384793447764,,,,,,,"not calculable: missing on-hand, inbound, lead time, shelf life, BOM/yield"
2026-11-17,2026-11-01,BKK_Sukhumvit,MixedBerryPremium,19.306985283277726,14.632021962097927,23.98194860445752,0.20131180625630676,18.320067927276114,24.17337007672549,30.026672226174863,4.866384793447764,,,,,,,"not calculable: missing on-hand, inbound, lead time, shelf life, BOM/yield"
2026-11-18,2026-11-01,BKK_Sukhumvit,MixedBerryPremium,19.306985283277726,14.632021962097927,23.98194860445752,0.20131180625630676,18.320067927276114,24.17337007672549,30.026672226174863,4.866384793447764,,,,,,,"not calculable: missing on-hand, inbound, lead time, shelf life, BOM/yield"
2026-11-19,2026-11-01,BKK_Sukhumvit,MixedBerryPremium,19.306985283277726,14.632021962097927,23.98194860445752,0.20131180625630676,18.320067927276114,24.17337007672549,30.026672226174863,4.866384793447764,,,,,,,"not calculable: missing on-hand, inbound, lead time, shelf life, BOM/yield"
2026-11-20,2026-11-01,BKK_Sukhumvit,MixedBerryPremium,19.306985283277726,14.632021962097927,23.98194860445752,0.20131180625630676,18.320067927276114,24.17337007672549,30.026672226174863,4.866384793447764,,,,,,,"not calculable: missing on-hand, inbound, lead time, shelf life, BOM/yield"
2026-11-21,2026-11-01,BKK_Sukhumvit,MixedBerryPremium,19.306985283277726,14.632021962097927,23.98194860445752,0.20131180625630676,18.320067927276114,24.17337007672549,30.026672226174863,4.866384793447764,,,,,,,"not calculable: missing on-hand, inbound, lead time, shelf life, BOM/yield"
2026-11-22,2026-11-01,BKK_Sukhumvit,MixedBerryPremium,19.306985283277726,14.632021962097927,23.98194860445752,0.20131180625630676,18.320067927276114,24.17337007672549,30.026672226174863,4.866384793447764,,,,,,,"not calculable: missing on-hand, inbound, lead time, shelf life, BOM/yield"
2026-11-23,2026-11-01,BKK_Sukhumvit,MixedBerryPremium,19.306985283277726,14.632021962097927,23.98194860445752,0.20131180625630676,18.320067927276114,24.17337007672549,30.026672226174863,4.866384793447764,,,,,,,"not calculable: missing on-hand, inbound, lead time, shelf life, BOM/yield"
2026-11-24,2026-11-01,BKK_Sukhumvit,MixedBerryPremium,19.306985283277726,14.632021962097927,23.98194860445752,0.20131180625630676,18.320067927276114,24.17337007672549,30.026672226174863,4.866384793447764,,,,,,,"not calculable: missing on-hand, inbound, lead time, shelf life, BOM/yield"
2026-11-25,2026-11-01,BKK_Sukhumvit,MixedBerryPremium,19.306985283277726,14.632021962097927,23.98194860445752,0.20131180625630676,18.320067927276114,24.17337007672549,30.026672226174863,4.866384793447764,,,,,,,"not calculable: missing on-hand, inbound, lead time, shelf life, BOM/yield"
2026-11-26,2026-11-01,BKK_Sukhumvit,MixedBerryPremium,19.306985283277726,14.632021962097927,23.98194860445752,0.20131180625630676,18.320067927276114,24.17337007672549,30.026672226174863,4.866384793447764,,,,,,,"not calculable: missing on-hand, inbound, lead time, shelf life, BOM/yield"
2026-11-27,2026-11-01,BKK_Sukhumvit,MixedBerryPremium,19.306985283277726,14.632021962097927,23.98194860445752,0.20131180625630676,18.320067927276114,24.17337007672549,30.026672226174863,4.866384793447764,,,,,,,"not calculable: missing on-hand, inbound, lead time, shelf life, BOM/yield"
2026-11-28,2026-11-01,BKK_Sukhumvit,MixedBerryPremium,19.306985283277726,14.632021962097927,23.98194860445752,0.20131180625630676,18.320067927276114,24.17337007672549,30.026672226174863,4.866384793447764,,,,,,,"not calculable: missing on-hand, inbound, lead time, shelf life, BOM/yield"
2026-11-29,2026-11-01,BKK_Sukhumvit,MixedBerryPremium,19.306985283277726,14.632021962097927,23.98194860445752,0.20131180625630676,18.320067927276114,24.17337007672549,30.026672226174863,4.866384793447764,,,,,,,"not calculable: missing on-hand, inbound, lead time, shelf life, BOM/yield"
2026-11-30,2026-11-01,BKK_Sukhumvit,MixedBerryPremium,19.306985283277726,14.632021962097927,23.98194860445752,0.20131180625630676,18.320067927276114,24.17337007672549,30.026672226174863,4.866384793447764,,,,,,,"not calculable: missing on-hand, inbound, lead time, shelf life, BOM/yield"
2026-09-01,2026-09-01,BKK_Sukhumvit,PassionFruit,42.13335625220644,31.931251045865963,52.335461458546916,0.08900756564307966,35.05106062533503,46.24995188016994,57.44884313500484,4.116595627963498,,,,,,,"not calculable: missing on-hand, inbound, lead time, shelf life, BOM/yield"
2026-09-02,2026-09-01,BKK_Sukhumvit,PassionFruit,42.13335625220644,31.931251045865963,52.335461458546916,0.08900756564307966,35.05106062533503,46.24995188016994,57.44884313500484,4.116595627963498,,,,,,,"not calculable: missing on-hand, inbound, lead time, shelf life, BOM/yield"
2026-09-03,2026-09-01,BKK_Sukhumvit,PassionFruit,42.13335625220644,31.931251045865963,52.335461458546916,0.08900756564307966,35.05106062533503,46.24995188016994,57.44884313500484,4.116595627963498,,,,,,,"not calculable: missing on-hand, inbound, lead time, shelf life, BOM/yield"
2026-09-04,2026-09-01,BKK_Sukhumvit,PassionFruit,42.13335625220644,31.931251045865963,52.335461458546916,0.08900756564307966,35.05106062533503,46.24995188016994,57.44884313500484,4.116595627963498,,,,,,,"not calculable: missing on-hand, inbound, lead time, shelf life, BOM/yield"
2026-09-05,2026-09-01,BKK_Sukhumvit,PassionFruit,42.13335625220644,31.931251045865963,52.335461458546916,0.08900756564307966,35.05106062533503,46.24995188016994,57.44884313500484,4.116595627963498,,,,,,,"not calculable: missing on-hand, inbound, lead time, shelf life, BOM/yield"
2026-09-06,2026-09-01,BKK_Sukhumvit,PassionFruit,42.13335625220644,31.931251045865963,52.335461458546916,0.08900756564307966,35.05106062533503,46.24995188016994,57.44884313500484,4.116595627963498,,,,,,,"not calculable: missing on-hand, inbound, lead time, shelf life, BOM/yield"
2026-09-07,2026-09-01,BKK_Sukhumvit,PassionFruit,42.13335625220644,31.931251045865963,52.335461458546916,0.08900756564307966,35.05106062533503,46.24995188016994,57.44884313500484,4.116595627963498,,,,,,,"not calculable: missing on-hand, inbound, lead time, shelf life, BOM/yield"
2026-09-08,2026-09-01,BKK_Sukhumvit,PassionFruit,42.13335625220644,31.931251045865963,52.335461458546916,0.08900756564307966,35.05106062533503,46.24995188016994,57.44884313500484,4.116595627963498,,,,,,,"not calculable: missing on-hand, inbound, lead time, shelf life, BOM/yield"
2026-09-09,2026-09-01,BKK_Sukhumvit,PassionFruit,42.13335625220644,31.931251045865963,52.335461458546916,0.08900756564307966,35.05106062533503,46.24995188016994,57.44884313500484,4.116595627963498,,,,,,,"not calculable: missing on-hand, inbound, lead time, shelf life, BOM/yield"
2026-09-10,2026-09-01,BKK_Sukhumvit,PassionFruit,42.13335625220644,31.931251045865963,52.335461458546916,0.08900756564307966,35.05106062533503,46.24995188016994,57.44884313500484,4.116595627963498,,,,,,,"not calculable: missing on-hand, inbound, lead time, shelf life, BOM/yield"
2026-09-11,2026-09-01,BKK_Sukhumvit,PassionFruit,42.13335625220644,31.931251045865963,52.335461458546916,0.08900756564307966,35.05106062533503,46.24995188016994,57.44884313500484,4.116595627963498,,,,,,,"not calculable: missing on-hand, inbound, lead time, shelf life, BOM/yield"
2026-09-12,2026-09-01,BKK_Sukhumvit,PassionFruit,42.13335625220644,31.931251045865963,52.335461458546916,0.08900756564307966,35.05106062533503,46.24995188016994,57.44884313500484,4.116595627963498,,,,,,,"not calculable: missing on-hand, inbound, lead time, shelf life, BOM/yield"
2026-09-13,2026-09-01,BKK_Sukhumvit,PassionFruit,42.13335625220644,31.931251045865963,52.335461458546916,0.08900756564307966,35.05106062533503,46.24995188016994,57.44884313500484,4.116595627963498,,,,,,,"not calculable: missing on-hand, inbound, lead time, shelf life, BOM/yield"
2026-09-14,2026-09-01,BKK_Sukhumvit,PassionFruit,42.13335625220644,31.931251045865963,52.335461458546916,0.08900756564307966,35.05106062533503,46.24995188016994,57.44884313500484,4.116595627963498,,,,,,,"not calculable: missing on-hand, inbound, lead time, shelf life, BOM/yield"
2026-09-15,2026-09-01,BKK_Sukhumvit,PassionFruit,42.13335625220644,31.931251045865963,52.335461458546916,0.08900756564307966,35.05106062533503,46.24995188016994,57.44884313500484,4.116595627963498,,,,,,,"not calculable: missing on-hand, inbound, lead time, shelf life, BOM/yield"
2026-09-16,2026-09-01,BKK_Sukhumvit,PassionFruit,42.13335625220644,31.931251045865963,52.335461458546916,0.08900756564307966,35.05106062533503,46.24995188016994,57.44884313500484,4.116595627963498,,,,,,,"not calculable: missing on-hand, inbound, lead time, shelf life, BOM/yield"
2026-09-17,2026-09-01,BKK_Sukhumvit,PassionFruit,42.13335625220644,31.931251045865963,52.335461458546916,0.08900756564307966,35.05106062533503,46.24995188016994,57.44884313500484,4.116595627963498,,,,,,,"not calculable: missing on-hand, inbound, lead time, shelf life, BOM/yield"
2026-09-18,2026-09-01,BKK_Sukhumvit,PassionFruit,42.13335625220644,31.931251045865963,52.335461458546916,0.08900756564307966,35.05106062533503,46.24995188016994,57.44884313500484,4.116595627963498,,,,,,,"not calculable: missing on-hand, inbound, lead time, shelf life, BOM/yield"
2026-09-19,2026-09-01,BKK_Sukhumvit,PassionFruit,42.13335625220644,31.931251045865963,52.335461458546916,0.08900756564307966,35.05106062533503,46.24995188016994,57.44884313500484,4.116595627963498,,,,,,,"not calculable: missing on-hand, inbound, lead time, shelf life, BOM/yield"
2026-09-20,2026-09-01,BKK_Sukhumvit,PassionFruit,42.13335625220644,31.931251045865963,52.335461458546916,0.08900756564307966,35.05106062533503,46.24995188016994,57.44884313500484,4.116595627963498,,,,,,,"not calculable: missing on-hand, inbound, lead time, shelf life, BOM/yield"
2026-09-21,2026-09-01,BKK_Sukhumvit,PassionFruit,42.13335625220644,31.931251045865963,52.335461458546916,0.08900756564307966,35.05106062533503,46.24995188016994,57.44884313500484,4.116595627963498,,,,,,,"not calculable: missing on-hand, inbound, lead time, shelf life, BOM/yield"
2026-09-22,2026-09-01,BKK_Sukhumvit,PassionFruit,42.13335625220644,31.931251045865963,52.335461458546916,0.08900756564307966,35.05106062533503,46.24995188016994,57.44884313500484,4.116595627963498,,,,,,,"not calculable: missing on-hand, inbound, lead time, shelf life, BOM/yield"
2026-09-23,2026-09-01,BKK_Sukhumvit,PassionFruit,42.13335625220644,31.931251045865963,52.335461458546916,0.08900756564307966,35.05106062533503,46.24995188016994,57.44884313500484,4.116595627963498,,,,,,,"not calculable: missing on-hand, inbound, lead time, shelf life, BOM/yield"
2026-09-24,2026-09-01,BKK_Sukhumvit,PassionFruit,42.13335625220644,31.931251045865963,52.335461458546916,0.08900756564307966,35.05106062533503,46.24995188016994,57.44884313500484,4.116595627963498,,,,,,,"not calculable: missing on-hand, inbound, lead time, shelf life, BOM/yield"
2026-09-25,2026-09-01,BKK_Sukhumvit,PassionFruit,42.13335625220644,31.931251045865963,52.335461458546916,0.08900756564307966,35.05106062533503,46.24995188016994,57.44884313500484,4.116595627963498,,,,,,,"not calculable: missing on-hand, inbound, lead time, shelf life, BOM/yield"
2026-09-26,2026-09-01,BKK_Sukhumvit,PassionFruit,42.13335625220644,31.931251045865963,52.335461458546916,0.08900756564307966,35.05106062533503,46.24995188016994,57.44884313500484,4.116595627963498,,,,,,,"not calculable: missing on-hand, inbound, lead time, shelf life, BOM/yield"
2026-09-27,2026-09-01,BKK_Sukhumvit,PassionFruit,42.13335625220644,31.931251045865963,52.335461458546916,0.08900756564307966,35.05106062533503,46.24995188016994,57.44884313500484,4.116595627963498,,,,,,,"not calculable: missing on-hand, inbound, lead time, shelf life, BOM/yield"
2026-09-28,2026-09-01,BKK_Sukhumvit,PassionFruit,42.13335625220644,31.931251045865963,52.335461458546916,0.08900756564307966,35.05106062533503,46.24995188016994,57.44884313500484,4.116595627963498,,,,,,,"not calculable: missing on-hand, inbound, lead time, shelf life, BOM/yield"
2026-09-29,2026-09-01,BKK_Sukhumvit,PassionFruit,42.13335625220644,31.931251045865963,52.335461458546916,0.08900756564307966,35.05106062533503,46.24995188016994,57.44884313500484,4.116595627963498,,,,,,,"not calculable: missing on-hand, inbound, lead time, shelf life, BOM/yield"
2026-09-30,2026-09-01,BKK_Sukhumvit,PassionFruit,42.13335625220644,31.931251045865963,52.335461458546916,0.08900756564307966,35.05106062533503,46.24995188016994,57.44884313500484,4.116595627963498,,,,,,,"not calculable: missing on-hand, inbound, lead time, shelf life, BOM/yield"
2026-10-01,2026-10-01,BKK_Sukhumvit,PassionFruit,42.13335625220644,31.931251045865963,52.335461458546916,0.08900756564307966,35.05106062533503,46.24995188016994,57.44884313500484,4.116595627963498,,,,,,,"not calculable: missing on-hand, inbound, lead time, shelf life, BOM/yield"
2026-10-02,2026-10-01,BKK_Sukhumvit,PassionFruit,42.13335625220644,31.931251045865963,52.335461458546916,0.08900756564307966,35.05106062533503,46.24995188016994,57.44884313500484,4.116595627963498,,,,,,,"not calculable: missing on-hand, inbound, lead time, shelf life, BOM/yield"
2026-10-03,2026-10-01,BKK_Sukhumvit,PassionFruit,42.13335625220644,31.931251045865963,52.335461458546916,0.08900756564307966,35.05106062533503,46.24995188016994,57.44884313500484,4.116595627963498,,,,,,,"not calculable: missing on-hand, inbound, lead time, shelf life, BOM/yield"
2026-10-04,2026-10-01,BKK_Sukhumvit,PassionFruit,42.13335625220644,31.931251045865963,52.335461458546916,0.08900756564307966,35.05106062533503,46.24995188016994,57.44884313500484,4.116595627963498,,,,,,,"not calculable: missing on-hand, inbound, lead time, shelf life, BOM/yield"
2026-10-05,2026-10-01,BKK_Sukhumvit,PassionFruit,42.13335625220644,31.931251045865963,52.335461458546916,0.08900756564307966,35.05106062533503,46.24995188016994,57.44884313500484,4.116595627963498,,,,,,,"not calculable: missing on-hand, inbound, lead time, shelf life, BOM/yield"
2026-10-06,2026-10-01,BKK_Sukhumvit,PassionFruit,42.13335625220644,31.931251045865963,52.335461458546916,0.08900756564307966,35.05106062533503,46.24995188016994,57.44884313500484,4.116595627963498,,,,,,,"not calculable: missing on-hand, inbound, lead time, shelf life, BOM/yield"
2026-10-07,2026-10-01,BKK_Sukhumvit,PassionFruit,42.13335625220644,31.931251045865963,52.335461458546916,0.08900756564307966,35.05106062533503,46.24995188016994,57.44884313500484,4.116595627963498,,,,,,,"not calculable: missing on-hand, inbound, lead time, shelf life, BOM/yield"
2026-10-08,2026-10-01,BKK_Sukhumvit,PassionFruit,42.13335625220644,31.931251045865963,52.335461458546916,0.08900756564307966,35.05106062533503,46.24995188016994,57.44884313500484,4.116595627963498,,,,,,,"not calculable: missing on-hand, inbound, lead time, shelf life, BOM/yield"
2026-10-09,2026-10-01,BKK_Sukhumvit,PassionFruit,42.13335625220644,31.931251045865963,52.335461458546916,0.08900756564307966,35.05106062533503,46.24995188016994,57.44884313500484,4.116595627963498,,,,,,,"not calculable: missing on-hand, inbound, lead time, shelf life, BOM/yield"
2026-10-10,2026-10-01,BKK_Sukhumvit,PassionFruit,42.13335625220644,31.931251045865963,52.335461458546916,0.08900756564307966,35.05106062533503,46.24995188016994,57.44884313500484,4.116595627963498,,,,,,,"not calculable: missing on-hand, inbound, lead time, shelf life, BOM/yield"
2026-10-11,2026-10-01,BKK_Sukhumvit,PassionFruit,42.13335625220644,31.931251045865963,52.335461458546916,0.08900756564307966,35.05106062533503,46.24995188016994,57.44884313500484,4.116595627963498,,,,,,,"not calculable: missing on-hand, inbound, lead time, shelf life, BOM/yield"
2026-10-12,2026-10-01,BKK_Sukhumvit,PassionFruit,42.13335625220644,31.931251045865963,52.335461458546916,0.08900756564307966,35.05106062533503,46.24995188016994,57.44884313500484,4.116595627963498,,,,,,,"not calculable: missing on-hand, inbound, lead time, shelf life, BOM/yield"
2026-10-13,2026-10-01,BKK_Sukhumvit,PassionFruit,42.13335625220644,31.931251045865963,52.335461458546916,0.08900756564307966,35.05106062533503,46.24995188016994,57.44884313500484,4.116595627963498,,,,,,,"not calculable: missing on-hand, inbound, lead time, shelf life, BOM/yield"
2026-10-14,2026-10-01,BKK_Sukhumvit,PassionFruit,42.13335625220644,31.931251045865963,52.335461458546916,0.08900756564307966,35.05106062533503,46.24995188016994,57.44884313500484,4.116595627963498,,,,,,,"not calculable: missing on-hand, inbound, lead time, shelf life, BOM/yield"
2026-10-15,2026-10-01,BKK_Sukhumvit,PassionFruit,42.13335625220644,31.931251045865963,52.335461458546916,0.08900756564307966,35.05106062533503,46.24995188016994,57.44884313500484,4.116595627963498,,,,,,,"not calculable: missing on-hand, inbound, lead time, shelf life, BOM/yield"
2026-10-16,2026-10-01,BKK_Sukhumvit,PassionFruit,42.13335625220644,31.931251045865963,52.335461458546916,0.08900756564307966,35.05106062533503,46.24995188016994,57.44884313500484,4.116595627963498,,,,,,,"not calculable: missing on-hand, inbound, lead time, shelf life, BOM/yield"
2026-10-17,2026-10-01,BKK_Sukhumvit,PassionFruit,42.13335625220644,31.931251045865963,52.335461458546916,0.08900756564307966,35.05106062533503,46.24995188016994,57.44884313500484,4.116595627963498,,,,,,,"not calculable: missing on-hand, inbound, lead time, shelf life, BOM/yield"
2026-10-18,2026-10-01,BKK_Sukhumvit,PassionFruit,42.13335625220644,31.931251045865963,52.335461458546916,0.08900756564307966,35.05106062533503,46.24995188016994,57.44884313500484,4.116595627963498,,,,,,,"not calculable: missing on-hand, inbound, lead time, shelf life, BOM/yield"
2026-10-19,2026-10-01,BKK_Sukhumvit,PassionFruit,42.13335625220644,31.931251045865963,52.335461458546916,0.08900756564307966,35.05106062533503,46.24995188016994,57.44884313500484,4.116595627963498,,,,,,,"not calculable: missing on-hand, inbound, lead time, shelf life, BOM/yield"
2026-10-20,2026-10-01,BKK_Sukhumvit,PassionFruit,42.13335625220644,31.931251045865963,52.335461458546916,0.08900756564307966,35.05106062533503,46.24995188016994,57.44884313500484,4.116595627963498,,,,,,,"not calculable: missing on-hand, inbound, lead time, shelf life, BOM/yield"
2026-10-21,2026-10-01,BKK_Sukhumvit,PassionFruit,42.13335625220644,31.931251045865963,52.335461458546916,0.08900756564307966,35.05106062533503,46.24995188016994,57.44884313500484,4.116595627963498,,,,,,,"not calculable: missing on-hand, inbound, lead time, shelf life, BOM/yield"
2026-10-22,2026-10-01,BKK_Sukhumvit,PassionFruit,42.13335625220644,31.931251045865963,52.335461458546916,0.08900756564307966,35.05106062533503,46.24995188016994,57.44884313500484,4.116595627963498,,,,,,,"not calculable: missing on-hand, inbound, lead time, shelf life, BOM/yield"
2026-10-23,2026-10-01,BKK_Sukhumvit,PassionFruit,42.13335625220644,31.931251045865963,52.335461458546916,0.08900756564307966,35.05106062533503,46.24995188016994,57.44884313500484,4.116595627963498,,,,,,,"not calculable: missing on-hand, inbound, lead time, shelf life, BOM/yield"
2026-10-24,2026-10-01,BKK_Sukhumvit,PassionFruit,42.13335625220644,31.931251045865963,52.335461458546916,0.08900756564307966,35.05106062533503,46.24995188016994,57.44884313500484,4.116595627963498,,,,,,,"not calculable: missing on-hand, inbound, lead time, shelf life, BOM/yield"
2026-10-25,2026-10-01,BKK_Sukhumvit,PassionFruit,42.13335625220644,31.931251045865963,52.335461458546916,0.08900756564307966,35.05106062533503,46.24995188016994,57.44884313500484,4.116595627963498,,,,,,,"not calculable: missing on-hand, inbound, lead time, shelf life, BOM/yield"
2026-10-26,2026-10-01,BKK_Sukhumvit,PassionFruit,42.13335625220644,31.931251045865963,52.335461458546916,0.08900756564307966,35.05106062533503,46.24995188016994,57.44884313500484,4.116595627963498,,,,,,,"not calculable: missing on-hand, inbound, lead time, shelf life, BOM/yield"
2026-10-27,2026-10-01,BKK_Sukhumvit,PassionFruit,42.13335625220644,31.931251045865963,52.335461458546916,0.08900756564307966,35.05106062533503,46.24995188016994,57.44884313500484,4.116595627963498,,,,,,,"not calculable: missing on-hand, inbound, lead time, shelf life, BOM/yield"
2026-10-28,2026-10-01,BKK_Sukhumvit,PassionFruit,42.13335625220644,31.931251045865963,52.335461458546916,0.08900756564307966,35.05106062533503,46.24995188016994,57.44884313500484,4.116595627963498,,,,,,,"not calculable: missing on-hand, inbound, lead time, shelf life, BOM/yield"
2026-10-29,2026-10-01,BKK_Sukhumvit,PassionFruit,42.13335625220644,31.931251045865963,52.335461458546916,0.08900756564307966,35.05106062533503,46.24995188016994,57.44884313500484,4.116595627963498,,,,,,,"not calculable: missing on-hand, inbound, lead time, shelf life, BOM/yield"
2026-10-30,2026-10-01,BKK_Sukhumvit,PassionFruit,42.13335625220644,31.931251045865963,52.335461458546916,0.08900756564307966,35.05106062533503,46.24995188016994,57.44884313500484,4.116595627963498,,,,,,,"not calculable: missing on-hand, inbound, lead time, shelf life, BOM/yield"
2026-10-31,2026-10-01,BKK_Sukhumvit,PassionFruit,42.13335625220644,31.931251045865963,52.335461458546916,0.08900756564307966,35.05106062533503,46.24995188016994,57.44884313500484,4.116595627963498,,,,,,,"not calculable: missing on-hand, inbound, lead time, shelf life, BOM/yield"
2026-11-01,2026-11-01,BKK_Sukhumvit,PassionFruit,42.13335625220644,31.931251045865963,52.335461458546916,0.08900756564307966,35.05106062533503,46.24995188016994,57.44884313500484,4.116595627963498,,,,,,,"not calculable: missing on-hand, inbound, lead time, shelf life, BOM/yield"
2026-11-02,2026-11-01,BKK_Sukhumvit,PassionFruit,42.13335625220644,31.931251045865963,52.335461458546916,0.08900756564307966,35.05106062533503,46.24995188016994,57.44884313500484,4.116595627963498,,,,,,,"not calculable: missing on-hand, inbound, lead time, shelf life, BOM/yield"
2026-11-03,2026-11-01,BKK_Sukhumvit,PassionFruit,42.13335625220644,31.931251045865963,52.335461458546916,0.08900756564307966,35.05106062533503,46.24995188016994,57.44884313500484,4.116595627963498,,,,,,,"not calculable: missing on-hand, inbound, lead time, shelf life, BOM/yield"
2026-11-04,2026-11-01,BKK_Sukhumvit,PassionFruit,42.13335625220644,31.931251045865963,52.335461458546916,0.08900756564307966,35.05106062533503,46.24995188016994,57.44884313500484,4.116595627963498,,,,,,,"not calculable: missing on-hand, inbound, lead time, shelf life, BOM/yield"
2026-11-05,2026-11-01,BKK_Sukhumvit,PassionFruit,42.13335625220644,31.931251045865963,52.335461458546916,0.08900756564307966,35.05106062533503,46.24995188016994,57.44884313500484,4.116595627963498,,,,,,,"not calculable: missing on-hand, inbound, lead time, shelf life, BOM/yield"
2026-11-06,2026-11-01,BKK_Sukhumvit,PassionFruit,42.13335625220644,31.931251045865963,52.335461458546916,0.08900756564307966,35.05106062533503,46.24995188016994,57.44884313500484,4.116595627963498,,,,,,,"not calculable: missing on-hand, inbound, lead time, shelf life, BOM/yield"
2026-11-07,2026-11-01,BKK_Sukhumvit,PassionFruit,42.13335625220644,31.931251045865963,52.335461458546916,0.08900756564307966,35.05106062533503,46.24995188016994,57.44884313500484,4.116595627963498,,,,,,,"not calculable: missing on-hand, inbound, lead time, shelf life, BOM/yield"
2026-11-08,2026-11-01,BKK_Sukhumvit,PassionFruit,42.13335625220644,31.931251045865963,52.335461458546916,0.08900756564307966,35.05106062533503,46.24995188016994,57.44884313500484,4.116595627963498,,,,,,,"not calculable: missing on-hand, inbound, lead time, shelf life, BOM/yield"
2026-11-09,2026-11-01,BKK_Sukhumvit,PassionFruit,42.13335625220644,31.931251045865963,52.335461458546916,0.08900756564307966,35.05106062533503,46.24995188016994,57.44884313500484,4.116595627963498,,,,,,,"not calculable: missing on-hand, inbound, lead time, shelf life, BOM/yield"
2026-11-10,2026-11-01,BKK_Sukhumvit,PassionFruit,42.13335625220644,31.931251045865963,52.335461458546916,0.08900756564307966,35.05106062533503,46.24995188016994,57.44884313500484,4.116595627963498,,,,,,,"not calculable: missing on-hand, inbound, lead time, shelf life, BOM/yield"
2026-11-11,2026-11-01,BKK_Sukhumvit,PassionFruit,42.13335625220644,31.931251045865963,52.335461458546916,0.08900756564307966,35.05106062533503,46.24995188016994,57.44884313500484,4.116595627963498,,,,,,,"not calculable: missing on-hand, inbound, lead time, shelf life, BOM/yield"
2026-11-12,2026-11-01,BKK_Sukhumvit,PassionFruit,42.13335625220644,31.931251045865963,52.335461458546916,0.08900756564307966,35.05106062533503,46.24995188016994,57.44884313500484,4.116595627963498,,,,,,,"not calculable: missing on-hand, inbound, lead time, shelf life, BOM/yield"
2026-11-13,2026-11-01,BKK_Sukhumvit,PassionFruit,42.13335625220644,31.931251045865963,52.335461458546916,0.08900756564307966,35.05106062533503,46.24995188016994,57.44884313500484,4.116595627963498,,,,,,,"not calculable: missing on-hand, inbound, lead time, shelf life, BOM/yield"
2026-11-14,2026-11-01,BKK_Sukhumvit,PassionFruit,42.13335625220644,31.931251045865963,52.335461458546916,0.08900756564307966,35.05106062533503,46.24995188016994,57.44884313500484,4.116595627963498,,,,,,,"not calculable: missing on-hand, inbound, lead time, shelf life, BOM/yield"
2026-11-15,2026-11-01,BKK_Sukhumvit,PassionFruit,42.13335625220644,31.931251045865963,52.335461458546916,0.08900756564307966,35.05106062533503,46.24995188016994,57.44884313500484,4.116595627963498,,,,,,,"not calculable: missing on-hand, inbound, lead time, shelf life, BOM/yield"
2026-11-16,2026-11-01,BKK_Sukhumvit,PassionFruit,42.13335625220644,31.931251045865963,52.335461458546916,0.08900756564307966,35.05106062533503,46.24995188016994,57.44884313500484,4.116595627963498,,,,,,,"not calculable: missing on-hand, inbound, lead time, shelf life, BOM/yield"
2026-11-17,2026-11-01,BKK_Sukhumvit,PassionFruit,42.13335625220644,31.931251045865963,52.335461458546916,0.08900756564307966,35.05106062533503,46.24995188016994,57.44884313500484,4.116595627963498,,,,,,,"not calculable: missing on-hand, inbound, lead time, shelf life, BOM/yield"
2026-11-18,2026-11-01,BKK_Sukhumvit,PassionFruit,42.13335625220644,31.931251045865963,52.335461458546916,0.08900756564307966,35.05106062533503,46.24995188016994,57.44884313500484,4.116595627963498,,,,,,,"not calculable: missing on-hand, inbound, lead time, shelf life, BOM/yield"
2026-11-19,2026-11-01,BKK_Sukhumvit,PassionFruit,42.13335625220644,31.931251045865963,52.335461458546916,0.08900756564307966,35.05106062533503,46.24995188016994,57.44884313500484,4.116595627963498,,,,,,,"not calculable: missing on-hand, inbound, lead time, shelf life, BOM/yield"
2026-11-20,2026-11-01,BKK_Sukhumvit,PassionFruit,42.13335625220644,31.931251045865963,52.335461458546916,0.08900756564307966,35.05106062533503,46.24995188016994,57.44884313500484,4.116595627963498,,,,,,,"not calculable: missing on-hand, inbound, lead time, shelf life, BOM/yield"
2026-11-21,2026-11-01,BKK_Sukhumvit,PassionFruit,42.13335625220644,31.931251045865963,52.335461458546916,0.08900756564307966,35.05106062533503,46.24995188016994,57.44884313500484,4.116595627963498,,,,,,,"not calculable: missing on-hand, inbound, lead time, shelf life, BOM/yield"
2026-11-22,2026-11-01,BKK_Sukhumvit,PassionFruit,42.13335625220644,31.931251045865963,52.335461458546916,0.08900756564307966,35.05106062533503,46.24995188016994,57.44884313500484,4.116595627963498,,,,,,,"not calculable: missing on-hand, inbound, lead time, shelf life, BOM/yield"
2026-11-23,2026-11-01,BKK_Sukhumvit,PassionFruit,42.13335625220644,31.931251045865963,52.335461458546916,0.08900756564307966,35.05106062533503,46.24995188016994,57.44884313500484,4.116595627963498,,,,,,,"not calculable: missing on-hand, inbound, lead time, shelf life, BOM/yield"
2026-11-24,2026-11-01,BKK_Sukhumvit,PassionFruit,42.13335625220644,31.931251045865963,52.335461458546916,0.08900756564307966,35.05106062533503,46.24995188016994,57.44884313500484,4.116595627963498,,,,,,,"not calculable: missing on-hand, inbound, lead time, shelf life, BOM/yield"
2026-11-25,2026-11-01,BKK_Sukhumvit,PassionFruit,42.13335625220644,31.931251045865963,52.335461458546916,0.08900756564307966,35.05106062533503,46.24995188016994,57.44884313500484,4.116595627963498,,,,,,,"not calculable: missing on-hand, inbound, lead time, shelf life, BOM/yield"
2026-11-26,2026-11-01,BKK_Sukhumvit,PassionFruit,42.13335625220644,31.931251045865963,52.335461458546916,0.08900756564307966,35.05106062533503,46.24995188016994,57.44884313500484,4.116595627963498,,,,,,,"not calculable: missing on-hand, inbound, lead time, shelf life, BOM/yield"
2026-11-27,2026-11-01,BKK_Sukhumvit,PassionFruit,42.13335625220644,31.931251045865963,52.335461458546916,0.08900756564307966,35.05106062533503,46.24995188016994,57.44884313500484,4.116595627963498,,,,,,,"not calculable: missing on-hand, inbound, lead time, shelf life, BOM/yield"
2026-11-28,2026-11-01,BKK_Sukhumvit,PassionFruit,42.13335625220644,31.931251045865963,52.335461458546916,0.08900756564307966,35.05106062533503,46.24995188016994,57.44884313500484,4.116595627963498,,,,,,,"not calculable: missing on-hand, inbound, lead time, shelf life, BOM/yield"
2026-11-29,2026-11-01,BKK_Sukhumvit,PassionFruit,42.13335625220644,31.931251045865963,52.335461458546916,0.08900756564307966,35.05106062533503,46.24995188016994,57.44884313500484,4.116595627963498,,,,,,,"not calculable: missing on-hand, inbound, lead time, shelf life, BOM/yield"
2026-11-30,2026-11-01,BKK_Sukhumvit,PassionFruit,42.13335625220644,31.931251045865963,52.335461458546916,0.08900756564307966,35.05106062533503,46.24995188016994,57.44884313500484,4.116595627963498,,,,,,,"not calculable: missing on-hand, inbound, lead time, shelf life, BOM/yield"
2026-09-01,2026-09-01,BKK_Sukhumvit,Pineapple,90.50081253608664,68.58708685931714,112.41453821285613,0.042233425282982975,71.61148516754406,94.491512780999,117.37154039445392,3.990700244912361,,,,,,,"not calculable: missing on-hand, inbound, lead time, shelf life, BOM/yield"
2026-09-02,2026-09-01,BKK_Sukhumvit,Pineapple,90.50081253608664,68.58708685931714,112.41453821285613,0.042233425282982975,71.61148516754406,94.491512780999,117.37154039445392,3.990700244912361,,,,,,,"not calculable: missing on-hand, inbound, lead time, shelf life, BOM/yield"
2026-09-03,2026-09-01,BKK_Sukhumvit,Pineapple,90.50081253608664,68.58708685931714,112.41453821285613,0.042233425282982975,71.61148516754406,94.491512780999,117.37154039445392,3.990700244912361,,,,,,,"not calculable: missing on-hand, inbound, lead time, shelf life, BOM/yield"
2026-09-04,2026-09-01,BKK_Sukhumvit,Pineapple,90.50081253608664,68.58708685931714,112.41453821285613,0.042233425282982975,71.61148516754406,94.491512780999,117.37154039445392,3.990700244912361,,,,,,,"not calculable: missing on-hand, inbound, lead time, shelf life, BOM/yield"
2026-09-05,2026-09-01,BKK_Sukhumvit,Pineapple,90.50081253608664,68.58708685931714,112.41453821285613,0.042233425282982975,71.61148516754406,94.491512780999,117.37154039445392,3.990700244912361,,,,,,,"not calculable: missing on-hand, inbound, lead time, shelf life, BOM/yield"
2026-09-06,2026-09-01,BKK_Sukhumvit,Pineapple,90.50081253608664,68.58708685931714,112.41453821285613,0.042233425282982975,71.61148516754406,94.491512780999,117.37154039445392,3.990700244912361,,,,,,,"not calculable: missing on-hand, inbound, lead time, shelf life, BOM/yield"
2026-09-07,2026-09-01,BKK_Sukhumvit,Pineapple,90.50081253608664,68.58708685931714,112.41453821285613,0.042233425282982975,71.61148516754406,94.491512780999,117.37154039445392,3.990700244912361,,,,,,,"not calculable: missing on-hand, inbound, lead time, shelf life, BOM/yield"
2026-09-08,2026-09-01,BKK_Sukhumvit,Pineapple,90.50081253608664,68.58708685931714,112.41453821285613,0.042233425282982975,71.61148516754406,94.491512780999,117.37154039445392,3.990700244912361,,,,,,,"not calculable: missing on-hand, inbound, lead time, shelf life, BOM/yield"
2026-09-09,2026-09-01,BKK_Sukhumvit,Pineapple,90.50081253608664,68.58708685931714,112.41453821285613,0.042233425282982975,71.61148516754406,94.491512780999,117.37154039445392,3.990700244912361,,,,,,,"not calculable: missing on-hand, inbound, lead time, shelf life, BOM/yield"
2026-09-10,2026-09-01,BKK_Sukhumvit,Pineapple,90.50081253608664,68.58708685931714,112.41453821285613,0.042233425282982975,71.61148516754406,94.491512780999,117.37154039445392,3.990700244912361,,,,,,,"not calculable: missing on-hand, inbound, lead time, shelf life, BOM/yield"
2026-09-11,2026-09-01,BKK_Sukhumvit,Pineapple,90.50081253608664,68.58708685931714,112.41453821285613,0.042233425282982975,71.61148516754406,94.491512780999,117.37154039445392,3.990700244912361,,,,,,,"not calculable: missing on-hand, inbound, lead time, shelf life, BOM/yield"
2026-09-12,2026-09-01,BKK_Sukhumvit,Pineapple,90.50081253608664,68.58708685931714,112.41453821285613,0.042233425282982975,71.61148516754406,94.491512780999,117.37154039445392,3.990700244912361,,,,,,,"not calculable: missing on-hand, inbound, lead time, shelf life, BOM/yield"
2026-09-13,2026-09-01,BKK_Sukhumvit,Pineapple,90.50081253608664,68.58708685931714,112.41453821285613,0.042233425282982975,71.61148516754406,94.491512780999,117.37154039445392,3.990700244912361,,,,,,,"not calculable: missing on-hand, inbound, lead time, shelf life, BOM/yield"
2026-09-14,2026-09-01,BKK_Sukhumvit,Pineapple,90.50081253608664,68.58708685931714,112.41453821285613,0.042233425282982975,71.61148516754406,94.491512780999,117.37154039445392,3.990700244912361,,,,,,,"not calculable: missing on-hand, inbound, lead time, shelf life, BOM/yield"
2026-09-15,2026-09-01,BKK_Sukhumvit,Pineapple,90.50081253608664,68.58708685931714,112.41453821285613,0.042233425282982975,71.61148516754406,94.491512780999,117.37154039445392,3.990700244912361,,,,,,,"not calculable: missing on-hand, inbound, lead time, shelf life, BOM/yield"
2026-09-16,2026-09-01,BKK_Sukhumvit,Pineapple,90.50081253608664,68.58708685931714,112.41453821285613,0.042233425282982975,71.61148516754406,94.491512780999,117.37154039445392,3.990700244912361,,,,,,,"not calculable: missing on-hand, inbound, lead time, shelf life, BOM/yield"
2026-09-17,2026-09-01,BKK_Sukhumvit,Pineapple,90.50081253608664,68.58708685931714,112.41453821285613,0.042233425282982975,71.61148516754406,94.491512780999,117.37154039445392,3.990700244912361,,,,,,,"not calculable: missing on-hand, inbound, lead time, shelf life, BOM/yield"
2026-09-18,2026-09-01,BKK_Sukhumvit,Pineapple,90.50081253608664,68.58708685931714,112.41453821285613,0.042233425282982975,71.61148516754406,94.491512780999,117.37154039445392,3.990700244912361,,,,,,,"not calculable: missing on-hand, inbound, lead time, shelf life, BOM/yield"
2026-09-19,2026-09-01,BKK_Sukhumvit,Pineapple,90.50081253608664,68.58708685931714,112.41453821285613,0.042233425282982975,71.61148516754406,94.491512780999,117.37154039445392,3.990700244912361,,,,,,,"not calculable: missing on-hand, inbound, lead time, shelf life, BOM/yield"
2026-09-20,2026-09-01,BKK_Sukhumvit,Pineapple,90.50081253608664,68.58708685931714,112.41453821285613,0.042233425282982975,71.61148516754406,94.491512780999,117.37154039445392,3.990700244912361,,,,,,,"not calculable: missing on-hand, inbound, lead time, shelf life, BOM/yield"
2026-09-21,2026-09-01,BKK_Sukhumvit,Pineapple,90.50081253608664,68.58708685931714,112.41453821285613,0.042233425282982975,71.61148516754406,94.491512780999,117.37154039445392,3.990700244912361,,,,,,,"not calculable: missing on-hand, inbound, lead time, shelf life, BOM/yield"
2026-09-22,2026-09-01,BKK_Sukhumvit,Pineapple,90.50081253608664,68.58708685931714,112.41453821285613,0.042233425282982975,71.61148516754406,94.491512780999,117.37154039445392,3.990700244912361,,,,,,,"not calculable: missing on-hand, inbound, lead time, shelf life, BOM/yield"
2026-09-23,2026-09-01,BKK_Sukhumvit,Pineapple,90.50081253608664,68.58708685931714,112.41453821285613,0.042233425282982975,71.61148516754406,94.491512780999,117.37154039445392,3.990700244912361,,,,,,,"not calculable: missing on-hand, inbound, lead time, shelf life, BOM/yield"
2026-09-24,2026-09-01,BKK_Sukhumvit,Pineapple,90.50081253608664,68.58708685931714,112.41453821285613,0.042233425282982975,71.61148516754406,94.491512780999,117.37154039445392,3.990700244912361,,,,,,,"not calculable: missing on-hand, inbound, lead time, shelf life, BOM/yield"
2026-09-25,2026-09-01,BKK_Sukhumvit,Pineapple,90.50081253608664,68.58708685931714,112.41453821285613,0.042233425282982975,71.61148516754406,94.491512780999,117.37154039445392,3.990700244912361,,,,,,,"not calculable: missing on-hand, inbound, lead time, shelf life, BOM/yield"
2026-09-26,2026-09-01,BKK_Sukhumvit,Pineapple,90.50081253608664,68.58708685931714,112.41453821285613,0.042233425282982975,71.61148516754406,94.491512780999,117.37154039445392,3.990700244912361,,,,,,,"not calculable: missing on-hand, inbound, lead time, shelf life, BOM/yield"
2026-09-27,2026-09-01,BKK_Sukhumvit,Pineapple,90.50081253608664,68.58708685931714,112.41453821285613,0.042233425282982975,71.61148516754406,94.491512780999,117.37154039445392,3.990700244912361,,,,,,,"not calculable: missing on-hand, inbound, lead time, shelf life, BOM/yield"
2026-09-28,2026-09-01,BKK_Sukhumvit,Pineapple,90.50081253608664,68.58708685931714,112.41453821285613,0.042233425282982975,71.61148516754406,94.491512780999,117.37154039445392,3.990700244912361,,,,,,,"not calculable: missing on-hand, inbound, lead time, shelf life, BOM/yield"
2026-09-29,2026-09-01,BKK_Sukhumvit,Pineapple,90.50081253608664,68.58708685931714,112.41453821285613,0.042233425282982975,71.61148516754406,94.491512780999,117.37154039445392,3.990700244912361,,,,,,,"not calculable: missing on-hand, inbound, lead time, shelf life, BOM/yield"
2026-09-30,2026-09-01,BKK_Sukhumvit,Pineapple,90.50081253608664,68.58708685931714,112.41453821285613,0.042233425282982975,71.61148516754406,94.491512780999,117.37154039445392,3.990700244912361,,,,,,,"not calculable: missing on-hand, inbound, lead time, shelf life, BOM/yield"
2026-10-01,2026-10-01,BKK_Sukhumvit,Pineapple,90.50081253608664,68.58708685931714,112.41453821285613,0.042233425282982975,71.61148516754406,94.491512780999,117.37154039445392,3.990700244912361,,,,,,,"not calculable: missing on-hand, inbound, lead time, shelf life, BOM/yield"
2026-10-02,2026-10-01,BKK_Sukhumvit,Pineapple,90.50081253608664,68.58708685931714,112.41453821285613,0.042233425282982975,71.61148516754406,94.491512780999,117.37154039445392,3.990700244912361,,,,,,,"not calculable: missing on-hand, inbound, lead time, shelf life, BOM/yield"
2026-10-03,2026-10-01,BKK_Sukhumvit,Pineapple,90.50081253608664,68.58708685931714,112.41453821285613,0.042233425282982975,71.61148516754406,94.491512780999,117.37154039445392,3.990700244912361,,,,,,,"not calculable: missing on-hand, inbound, lead time, shelf life, BOM/yield"
2026-10-04,2026-10-01,BKK_Sukhumvit,Pineapple,90.50081253608664,68.58708685931714,112.41453821285613,0.042233425282982975,71.61148516754406,94.491512780999,117.37154039445392,3.990700244912361,,,,,,,"not calculable: missing on-hand, inbound, lead time, shelf life, BOM/yield"
2026-10-05,2026-10-01,BKK_Sukhumvit,Pineapple,90.50081253608664,68.58708685931714,112.41453821285613,0.042233425282982975,71.61148516754406,94.491512780999,117.37154039445392,3.990700244912361,,,,,,,"not calculable: missing on-hand, inbound, lead time, shelf life, BOM/yield"
2026-10-06,2026-10-01,BKK_Sukhumvit,Pineapple,90.50081253608664,68.58708685931714,112.41453821285613,0.042233425282982975,71.61148516754406,94.491512780999,117.37154039445392,3.990700244912361,,,,,,,"not calculable: missing on-hand, inbound, lead time, shelf life, BOM/yield"
2026-10-07,2026-10-01,BKK_Sukhumvit,Pineapple,90.50081253608664,68.58708685931714,112.41453821285613,0.042233425282982975,71.61148516754406,94.491512780999,117.37154039445392,3.990700244912361,,,,,,,"not calculable: missing on-hand, inbound, lead time, shelf life, BOM/yield"
2026-10-08,2026-10-01,BKK_Sukhumvit,Pineapple,90.50081253608664,68.58708685931714,112.41453821285613,0.042233425282982975,71.61148516754406,94.491512780999,117.37154039445392,3.990700244912361,,,,,,,"not calculable: missing on-hand, inbound, lead time, shelf life, BOM/yield"
2026-10-09,2026-10-01,BKK_Sukhumvit,Pineapple,90.50081253608664,68.58708685931714,112.41453821285613,0.042233425282982975,71.61148516754406,94.491512780999,117.37154039445392,3.990700244912361,,,,,,,"not calculable: missing on-hand, inbound, lead time, shelf life, BOM/yield"
2026-10-10,2026-10-01,BKK_Sukhumvit,Pineapple,90.50081253608664,68.58708685931714,112.41453821285613,0.042233425282982975,71.61148516754406,94.491512780999,117.37154039445392,3.990700244912361,,,,,,,"not calculable: missing on-hand, inbound, lead time, shelf life, BOM/yield"
2026-10-11,2026-10-01,BKK_Sukhumvit,Pineapple,90.50081253608664,68.58708685931714,112.41453821285613,0.042233425282982975,71.61148516754406,94.491512780999,117.37154039445392,3.990700244912361,,,,,,,"not calculable: missing on-hand, inbound, lead time, shelf life, BOM/yield"
2026-10-12,2026-10-01,BKK_Sukhumvit,Pineapple,90.50081253608664,68.58708685931714,112.41453821285613,0.042233425282982975,71.61148516754406,94.491512780999,117.37154039445392,3.990700244912361,,,,,,,"not calculable: missing on-hand, inbound, lead time, shelf life, BOM/yield"
2026-10-13,2026-10-01,BKK_Sukhumvit,Pineapple,90.50081253608664,68.58708685931714,112.41453821285613,0.042233425282982975,71.61148516754406,94.491512780999,117.37154039445392,3.990700244912361,,,,,,,"not calculable: missing on-hand, inbound, lead time, shelf life, BOM/yield"
2026-10-14,2026-10-01,BKK_Sukhumvit,Pineapple,90.50081253608664,68.58708685931714,112.41453821285613,0.042233425282982975,71.61148516754406,94.491512780999,117.37154039445392,3.990700244912361,,,,,,,"not calculable: missing on-hand, inbound, lead time, shelf life, BOM/yield"
2026-10-15,2026-10-01,BKK_Sukhumvit,Pineapple,90.50081253608664,68.58708685931714,112.41453821285613,0.042233425282982975,71.61148516754406,94.491512780999,117.37154039445392,3.990700244912361,,,,,,,"not calculable: missing on-hand, inbound, lead time, shelf life, BOM/yield"
2026-10-16,2026-10-01,BKK_Sukhumvit,Pineapple,90.50081253608664,68.58708685931714,112.41453821285613,0.042233425282982975,71.61148516754406,94.491512780999,117.37154039445392,3.990700244912361,,,,,,,"not calculable: missing on-hand, inbound, lead time, shelf life, BOM/yield"
2026-10-17,2026-10-01,BKK_Sukhumvit,Pineapple,90.50081253608664,68.58708685931714,112.41453821285613,0.042233425282982975,71.61148516754406,94.491512780999,117.37154039445392,3.990700244912361,,,,,,,"not calculable: missing on-hand, inbound, lead time, shelf life, BOM/yield"
2026-10-18,2026-10-01,BKK_Sukhumvit,Pineapple,90.50081253608664,68.58708685931714,112.41453821285613,0.042233425282982975,71.61148516754406,94.491512780999,117.37154039445392,3.990700244912361,,,,,,,"not calculable: missing on-hand, inbound, lead time, shelf life, BOM/yield"
2026-10-19,2026-10-01,BKK_Sukhumvit,Pineapple,90.50081253608664,68.58708685931714,112.41453821285613,0.042233425282982975,71.61148516754406,94.491512780999,117.37154039445392,3.990700244912361,,,,,,,"not calculable: missing on-hand, inbound, lead time, shelf life, BOM/yield"
2026-10-20,2026-10-01,BKK_Sukhumvit,Pineapple,90.50081253608664,68.58708685931714,112.41453821285613,0.042233425282982975,71.61148516754406,94.491512780999,117.37154039445392,3.990700244912361,,,,,,,"not calculable: missing on-hand, inbound, lead time, shelf life, BOM/yield"
2026-10-21,2026-10-01,BKK_Sukhumvit,Pineapple,90.50081253608664,68.58708685931714,112.41453821285613,0.042233425282982975,71.61148516754406,94.491512780999,117.37154039445392,3.990700244912361,,,,,,,"not calculable: missing on-hand, inbound, lead time, shelf life, BOM/yield"
2026-10-22,2026-10-01,BKK_Sukhumvit,Pineapple,90.50081253608664,68.58708685931714,112.41453821285613,0.042233425282982975,71.61148516754406,94.491512780999,117.37154039445392,3.990700244912361,,,,,,,"not calculable: missing on-hand, inbound, lead time, shelf life, BOM/yield"
2026-10-23,2026-10-01,BKK_Sukhumvit,Pineapple,90.50081253608664,68.58708685931714,112.41453821285613,0.042233425282982975,71.61148516754406,94.491512780999,117.37154039445392,3.990700244912361,,,,,,,"not calculable: missing on-hand, inbound, lead time, shelf life, BOM/yield"
2026-10-24,2026-10-01,BKK_Sukhumvit,Pineapple,90.50081253608664,68.58708685931714,112.41453821285613,0.042233425282982975,71.61148516754406,94.491512780999,117.37154039445392,3.990700244912361,,,,,,,"not calculable: missing on-hand, inbound, lead time, shelf life, BOM/yield"
2026-10-25,2026-10-01,BKK_Sukhumvit,Pineapple,90.50081253608664,68.58708685931714,112.41453821285613,0.042233425282982975,71.61148516754406,94.491512780999,117.37154039445392,3.990700244912361,,,,,,,"not calculable: missing on-hand, inbound, lead time, shelf life, BOM/yield"
2026-10-26,2026-10-01,BKK_Sukhumvit,Pineapple,90.50081253608664,68.58708685931714,112.41453821285613,0.042233425282982975,71.61148516754406,94.491512780999,117.37154039445392,3.990700244912361,,,,,,,"not calculable: missing on-hand, inbound, lead time, shelf life, BOM/yield"
2026-10-27,2026-10-01,BKK_Sukhumvit,Pineapple,90.50081253608664,68.58708685931714,112.41453821285613,0.042233425282982975,71.61148516754406,94.491512780999,117.37154039445392,3.990700244912361,,,,,,,"not calculable: missing on-hand, inbound, lead time, shelf life, BOM/yield"
2026-10-28,2026-10-01,BKK_Sukhumvit,Pineapple,90.50081253608664,68.58708685931714,112.41453821285613,0.042233425282982975,71.61148516754406,94.491512780999,117.37154039445392,3.990700244912361,,,,,,,"not calculable: missing on-hand, inbound, lead time, shelf life, BOM/yield"
2026-10-29,2026-10-01,BKK_Sukhumvit,Pineapple,90.50081253608664,68.58708685931714,112.41453821285613,0.042233425282982975,71.61148516754406,94.491512780999,117.37154039445392,3.990700244912361,,,,,,,"not calculable: missing on-hand, inbound, lead time, shelf life, BOM/yield"
2026-10-30,2026-10-01,BKK_Sukhumvit,Pineapple,90.50081253608664,68.58708685931714,112.41453821285613,0.042233425282982975,71.61148516754406,94.491512780999,117.37154039445392,3.990700244912361,,,,,,,"not calculable: missing on-hand, inbound, lead time, shelf life, BOM/yield"
2026-10-31,2026-10-01,BKK_Sukhumvit,Pineapple,90.50081253608664,68.58708685931714,112.41453821285613,0.042233425282982975,71.61148516754406,94.491512780999,117.37154039445392,3.990700244912361,,,,,,,"not calculable: missing on-hand, inbound, lead time, shelf life, BOM/yield"
2026-11-01,2026-11-01,BKK_Sukhumvit,Pineapple,90.50081253608664,68.58708685931714,112.41453821285613,0.042233425282982975,71.61148516754406,94.491512780999,117.37154039445392,3.990700244912361,,,,,,,"not calculable: missing on-hand, inbound, lead time, shelf life, BOM/yield"
2026-11-02,2026-11-01,BKK_Sukhumvit,Pineapple,90.50081253608664,68.58708685931714,112.41453821285613,0.042233425282982975,71.61148516754406,94.491512780999,117.37154039445392,3.990700244912361,,,,,,,"not calculable: missing on-hand, inbound, lead time, shelf life, BOM/yield"
2026-11-03,2026-11-01,BKK_Sukhumvit,Pineapple,90.50081253608664,68.58708685931714,112.41453821285613,0.042233425282982975,71.61148516754406,94.491512780999,117.37154039445392,3.990700244912361,,,,,,,"not calculable: missing on-hand, inbound, lead time, shelf life, BOM/yield"
2026-11-04,2026-11-01,BKK_Sukhumvit,Pineapple,90.50081253608664,68.58708685931714,112.41453821285613,0.042233425282982975,71.61148516754406,94.491512780999,117.37154039445392,3.990700244912361,,,,,,,"not calculable: missing on-hand, inbound, lead time, shelf life, BOM/yield"
2026-11-05,2026-11-01,BKK_Sukhumvit,Pineapple,90.50081253608664,68.58708685931714,112.41453821285613,0.042233425282982975,71.61148516754406,94.491512780999,117.37154039445392,3.990700244912361,,,,,,,"not calculable: missing on-hand, inbound, lead time, shelf life, BOM/yield"
2026-11-06,2026-11-01,BKK_Sukhumvit,Pineapple,90.50081253608664,68.58708685931714,112.41453821285613,0.042233425282982975,71.61148516754406,94.491512780999,117.37154039445392,3.990700244912361,,,,,,,"not calculable: missing on-hand, inbound, lead time, shelf life, BOM/yield"
2026-11-07,2026-11-01,BKK_Sukhumvit,Pineapple,90.50081253608664,68.58708685931714,112.41453821285613,0.042233425282982975,71.61148516754406,94.491512780999,117.37154039445392,3.990700244912361,,,,,,,"not calculable: missing on-hand, inbound, lead time, shelf life, BOM/yield"
2026-11-08,2026-11-01,BKK_Sukhumvit,Pineapple,90.50081253608664,68.58708685931714,112.41453821285613,0.042233425282982975,71.61148516754406,94.491512780999,117.37154039445392,3.990700244912361,,,,,,,"not calculable: missing on-hand, inbound, lead time, shelf life, BOM/yield"
2026-11-09,2026-11-01,BKK_Sukhumvit,Pineapple,90.50081253608664,68.58708685931714,112.41453821285613,0.042233425282982975,71.61148516754406,94.491512780999,117.37154039445392,3.990700244912361,,,,,,,"not calculable: missing on-hand, inbound, lead time, shelf life, BOM/yield"
2026-11-10,2026-11-01,BKK_Sukhumvit,Pineapple,90.50081253608664,68.58708685931714,112.41453821285613,0.042233425282982975,71.61148516754406,94.491512780999,117.37154039445392,3.990700244912361,,,,,,,"not calculable: missing on-hand, inbound, lead time, shelf life, BOM/yield"
2026-11-11,2026-11-01,BKK_Sukhumvit,Pineapple,90.50081253608664,68.58708685931714,112.41453821285613,0.042233425282982975,71.61148516754406,94.491512780999,117.37154039445392,3.990700244912361,,,,,,,"not calculable: missing on-hand, inbound, lead time, shelf life, BOM/yield"
2026-11-12,2026-11-01,BKK_Sukhumvit,Pineapple,90.50081253608664,68.58708685931714,112.41453821285613,0.042233425282982975,71.61148516754406,94.491512780999,117.37154039445392,3.990700244912361,,,,,,,"not calculable: missing on-hand, inbound, lead time, shelf life, BOM/yield"
2026-11-13,2026-11-01,BKK_Sukhumvit,Pineapple,90.50081253608664,68.58708685931714,112.41453821285613,0.042233425282982975,71.61148516754406,94.491512780999,117.37154039445392,3.990700244912361,,,,,,,"not calculable: missing on-hand, inbound, lead time, shelf life, BOM/yield"
2026-11-14,2026-11-01,BKK_Sukhumvit,Pineapple,90.50081253608664,68.58708685931714,112.41453821285613,0.042233425282982975,71.61148516754406,94.491512780999,117.37154039445392,3.990700244912361,,,,,,,"not calculable: missing on-hand, inbound, lead time, shelf life, BOM/yield"
2026-11-15,2026-11-01,BKK_Sukhumvit,Pineapple,90.50081253608664,68.58708685931714,112.41453821285613,0.042233425282982975,71.61148516754406,94.491512780999,117.37154039445392,3.990700244912361,,,,,,,"not calculable: missing on-hand, inbound, lead time, shelf life, BOM/yield"
2026-11-16,2026-11-01,BKK_Sukhumvit,Pineapple,90.50081253608664,68.58708685931714,112.41453821285613,0.042233425282982975,71.61148516754406,94.491512780999,117.37154039445392,3.990700244912361,,,,,,,"not calculable: missing on-hand, inbound, lead time, shelf life, BOM/yield"
2026-11-17,2026-11-01,BKK_Sukhumvit,Pineapple,90.50081253608664,68.58708685931714,112.41453821285613,0.042233425282982975,71.61148516754406,94.491512780999,117.37154039445392,3.990700244912361,,,,,,,"not calculable: missing on-hand, inbound, lead time, shelf life, BOM/yield"
2026-11-18,2026-11-01,BKK_Sukhumvit,Pineapple,90.50081253608664,68.58708685931714,112.41453821285613,0.042233425282982975,71.61148516754406,94.491512780999,117.37154039445392,3.990700244912361,,,,,,,"not calculable: missing on-hand, inbound, lead time, shelf life, BOM/yield"
2026-11-19,2026-11-01,BKK_Sukhumvit,Pineapple,90.50081253608664,68.58708685931714,112.41453821285613,0.042233425282982975,71.61148516754406,94.491512780999,117.37154039445392,3.990700244912361,,,,,,,"not calculable: missing on-hand, inbound, lead time, shelf life, BOM/yield"
2026-11-20,2026-11-01,BKK_Sukhumvit,Pineapple,90.50081253608664,68.58708685931714,112.41453821285613,0.042233425282982975,71.61148516754406,94.491512780999,117.37154039445392,3.990700244912361,,,,,,,"not calculable: missing on-hand, inbound, lead time, shelf life, BOM/yield"
2026-11-21,2026-11-01,BKK_Sukhumvit,Pineapple,90.50081253608664,68.58708685931714,112.41453821285613,0.042233425282982975,71.61148516754406,94.491512780999,117.37154039445392,3.990700244912361,,,,,,,"not calculable: missing on-hand, inbound, lead time, shelf life, BOM/yield"
2026-11-22,2026-11-01,BKK_Sukhumvit,Pineapple,90.50081253608664,68.58708685931714,112.41453821285613,0.042233425282982975,71.61148516754406,94.491512780999,117.37154039445392,3.990700244912361,,,,,,,"not calculable: missing on-hand, inbound, lead time, shelf life, BOM/yield"
2026-11-23,2026-11-01,BKK_Sukhumvit,Pineapple,90.50081253608664,68.58708685931714,112.41453821285613,0.042233425282982975,71.61148516754406,94.491512780999,117.37154039445392,3.990700244912361,,,,,,,"not calculable: missing on-hand, inbound, lead time, shelf life, BOM/yield"
2026-11-24,2026-11-01,BKK_Sukhumvit,Pineapple,90.50081253608664,68.58708685931714,112.41453821285613,0.042233425282982975,71.61148516754406,94.491512780999,117.37154039445392,3.990700244912361,,,,,,,"not calculable: missing on-hand, inbound, lead time, shelf life, BOM/yield"
2026-11-25,2026-11-01,BKK_Sukhumvit,Pineapple,90.50081253608664,68.58708685931714,112.41453821285613,0.042233425282982975,71.61148516754406,94.491512780999,117.37154039445392,3.990700244912361,,,,,,,"not calculable: missing on-hand, inbound, lead time, shelf life, BOM/yield"
2026-11-26,2026-11-01,BKK_Sukhumvit,Pineapple,90.50081253608664,68.58708685931714,112.41453821285613,0.042233425282982975,71.61148516754406,94.491512780999,117.37154039445392,3.990700244912361,,,,,,,"not calculable: missing on-hand, inbound, lead time, shelf life, BOM/yield"
2026-11-27,2026-11-01,BKK_Sukhumvit,Pineapple,90.50081253608664,68.58708685931714,112.41453821285613,0.042233425282982975,71.61148516754406,94.491512780999,117.37154039445392,3.990700244912361,,,,,,,"not calculable: missing on-hand, inbound, lead time, shelf life, BOM/yield"
2026-11-28,2026-11-01,BKK_Sukhumvit,Pineapple,90.50081253608664,68.58708685931714,112.41453821285613,0.042233425282982975,71.61148516754406,94.491512780999,117.37154039445392,3.990700244912361,,,,,,,"not calculable: missing on-hand, inbound, lead time, shelf life, BOM/yield"
2026-11-29,2026-11-01,BKK_Sukhumvit,Pineapple,90.50081253608664,68.58708685931714,112.41453821285613,0.042233425282982975,71.61148516754406,94.491512780999,117.37154039445392,3.990700244912361,,,,,,,"not calculable: missing on-hand, inbound, lead time, shelf life, BOM/yield"
2026-11-30,2026-11-01,BKK_Sukhumvit,Pineapple,90.50081253608664,68.58708685931714,112.41453821285613,0.042233425282982975,71.61148516754406,94.491512780999,117.37154039445392,3.990700244912361,,,,,,,"not calculable: missing on-hand, inbound, lead time, shelf life, BOM/yield"
2026-09-01,2026-09-01,BKK_Sukhumvit,Watermelon,135.20935619414018,102.46997344672508,167.94873894155526,0.03236144275480709,105.89695158329651,139.73126141136092,173.5655712394253,4.521905217220734,,,,,,,"not calculable: missing on-hand, inbound, lead time, shelf life, BOM/yield"
2026-09-02,2026-09-01,BKK_Sukhumvit,Watermelon,135.20935619414018,102.46997344672508,167.94873894155526,0.03236144275480709,105.89695158329651,139.73126141136092,173.5655712394253,4.521905217220734,,,,,,,"not calculable: missing on-hand, inbound, lead time, shelf life, BOM/yield"
2026-09-03,2026-09-01,BKK_Sukhumvit,Watermelon,135.20935619414018,102.46997344672508,167.94873894155526,0.03236144275480709,105.89695158329651,139.73126141136092,173.5655712394253,4.521905217220734,,,,,,,"not calculable: missing on-hand, inbound, lead time, shelf life, BOM/yield"
2026-09-04,2026-09-01,BKK_Sukhumvit,Watermelon,135.20935619414018,102.46997344672508,167.94873894155526,0.03236144275480709,105.89695158329651,139.73126141136092,173.5655712394253,4.521905217220734,,,,,,,"not calculable: missing on-hand, inbound, lead time, shelf life, BOM/yield"
2026-09-05,2026-09-01,BKK_Sukhumvit,Watermelon,135.20935619414018,102.46997344672508,167.94873894155526,0.03236144275480709,105.89695158329651,139.73126141136092,173.5655712394253,4.521905217220734,,,,,,,"not calculable: missing on-hand, inbound, lead time, shelf life, BOM/yield"
2026-09-06,2026-09-01,BKK_Sukhumvit,Watermelon,135.20935619414018,102.46997344672508,167.94873894155526,0.03236144275480709,105.89695158329651,139.73126141136092,173.5655712394253,4.521905217220734,,,,,,,"not calculable: missing on-hand, inbound, lead time, shelf life, BOM/yield"
2026-09-07,2026-09-01,BKK_Sukhumvit,Watermelon,135.20935619414018,102.46997344672508,167.94873894155526,0.03236144275480709,105.89695158329651,139.73126141136092,173.5655712394253,4.521905217220734,,,,,,,"not calculable: missing on-hand, inbound, lead time, shelf life, BOM/yield"
2026-09-08,2026-09-01,BKK_Sukhumvit,Watermelon,135.20935619414018,102.46997344672508,167.94873894155526,0.03236144275480709,105.89695158329651,139.73126141136092,173.5655712394253,4.521905217220734,,,,,,,"not calculable: missing on-hand, inbound, lead time, shelf life, BOM/yield"
2026-09-09,2026-09-01,BKK_Sukhumvit,Watermelon,135.20935619414018,102.46997344672508,167.94873894155526,0.03236144275480709,105.89695158329651,139.73126141136092,173.5655712394253,4.521905217220734,,,,,,,"not calculable: missing on-hand, inbound, lead time, shelf life, BOM/yield"
2026-09-10,2026-09-01,BKK_Sukhumvit,Watermelon,135.20935619414018,102.46997344672508,167.94873894155526,0.03236144275480709,105.89695158329651,139.73126141136092,173.5655712394253,4.521905217220734,,,,,,,"not calculable: missing on-hand, inbound, lead time, shelf life, BOM/yield"
2026-09-11,2026-09-01,BKK_Sukhumvit,Watermelon,135.20935619414018,102.46997344672508,167.94873894155526,0.03236144275480709,105.89695158329651,139.73126141136092,173.5655712394253,4.521905217220734,,,,,,,"not calculable: missing on-hand, inbound, lead time, shelf life, BOM/yield"
2026-09-12,2026-09-01,BKK_Sukhumvit,Watermelon,135.20935619414018,102.46997344672508,167.94873894155526,0.03236144275480709,105.89695158329651,139.73126141136092,173.5655712394253,4.521905217220734,,,,,,,"not calculable: missing on-hand, inbound, lead time, shelf life, BOM/yield"
2026-09-13,2026-09-01,BKK_Sukhumvit,Watermelon,135.20935619414018,102.46997344672508,167.94873894155526,0.03236144275480709,105.89695158329651,139.73126141136092,173.5655712394253,4.521905217220734,,,,,,,"not calculable: missing on-hand, inbound, lead time, shelf life, BOM/yield"
2026-09-14,2026-09-01,BKK_Sukhumvit,Watermelon,135.20935619414018,102.46997344672508,167.94873894155526,0.03236144275480709,105.89695158329651,139.73126141136092,173.5655712394253,4.521905217220734,,,,,,,"not calculable: missing on-hand, inbound, lead time, shelf life, BOM/yield"
2026-09-15,2026-09-01,BKK_Sukhumvit,Watermelon,135.20935619414018,102.46997344672508,167.94873894155526,0.03236144275480709,105.89695158329651,139.73126141136092,173.5655712394253,4.521905217220734,,,,,,,"not calculable: missing on-hand, inbound, lead time, shelf life, BOM/yield"
2026-09-16,2026-09-01,BKK_Sukhumvit,Watermelon,135.20935619414018,102.46997344672508,167.94873894155526,0.03236144275480709,105.89695158329651,139.73126141136092,173.5655712394253,4.521905217220734,,,,,,,"not calculable: missing on-hand, inbound, lead time, shelf life, BOM/yield"
2026-09-17,2026-09-01,BKK_Sukhumvit,Watermelon,135.20935619414018,102.46997344672508,167.94873894155526,0.03236144275480709,105.89695158329651,139.73126141136092,173.5655712394253,4.521905217220734,,,,,,,"not calculable: missing on-hand, inbound, lead time, shelf life, BOM/yield"
2026-09-18,2026-09-01,BKK_Sukhumvit,Watermelon,135.20935619414018,102.46997344672508,167.94873894155526,0.03236144275480709,105.89695158329651,139.73126141136092,173.5655712394253,4.521905217220734,,,,,,,"not calculable: missing on-hand, inbound, lead time, shelf life, BOM/yield"
2026-09-19,2026-09-01,BKK_Sukhumvit,Watermelon,135.20935619414018,102.46997344672508,167.94873894155526,0.03236144275480709,105.89695158329651,139.73126141136092,173.5655712394253,4.521905217220734,,,,,,,"not calculable: missing on-hand, inbound, lead time, shelf life, BOM/yield"
2026-09-20,2026-09-01,BKK_Sukhumvit,Watermelon,135.20935619414018,102.46997344672508,167.94873894155526,0.03236144275480709,105.89695158329651,139.73126141136092,173.5655712394253,4.521905217220734,,,,,,,"not calculable: missing on-hand, inbound, lead time, shelf life, BOM/yield"
2026-09-21,2026-09-01,BKK_Sukhumvit,Watermelon,135.20935619414018,102.46997344672508,167.94873894155526,0.03236144275480709,105.89695158329651,139.73126141136092,173.5655712394253,4.521905217220734,,,,,,,"not calculable: missing on-hand, inbound, lead time, shelf life, BOM/yield"
2026-09-22,2026-09-01,BKK_Sukhumvit,Watermelon,135.20935619414018,102.46997344672508,167.94873894155526,0.03236144275480709,105.89695158329651,139.73126141136092,173.5655712394253,4.521905217220734,,,,,,,"not calculable: missing on-hand, inbound, lead time, shelf life, BOM/yield"
2026-09-23,2026-09-01,BKK_Sukhumvit,Watermelon,135.20935619414018,102.46997344672508,167.94873894155526,0.03236144275480709,105.89695158329651,139.73126141136092,173.5655712394253,4.521905217220734,,,,,,,"not calculable: missing on-hand, inbound, lead time, shelf life, BOM/yield"
2026-09-24,2026-09-01,BKK_Sukhumvit,Watermelon,135.20935619414018,102.46997344672508,167.94873894155526,0.03236144275480709,105.89695158329651,139.73126141136092,173.5655712394253,4.521905217220734,,,,,,,"not calculable: missing on-hand, inbound, lead time, shelf life, BOM/yield"
2026-09-25,2026-09-01,BKK_Sukhumvit,Watermelon,135.20935619414018,102.46997344672508,167.94873894155526,0.03236144275480709,105.89695158329651,139.73126141136092,173.5655712394253,4.521905217220734,,,,,,,"not calculable: missing on-hand, inbound, lead time, shelf life, BOM/yield"
2026-09-26,2026-09-01,BKK_Sukhumvit,Watermelon,135.20935619414018,102.46997344672508,167.94873894155526,0.03236144275480709,105.89695158329651,139.73126141136092,173.5655712394253,4.521905217220734,,,,,,,"not calculable: missing on-hand, inbound, lead time, shelf life, BOM/yield"
2026-09-27,2026-09-01,BKK_Sukhumvit,Watermelon,135.20935619414018,102.46997344672508,167.94873894155526,0.03236144275480709,105.89695158329651,139.73126141136092,173.5655712394253,4.521905217220734,,,,,,,"not calculable: missing on-hand, inbound, lead time, shelf life, BOM/yield"
2026-09-28,2026-09-01,BKK_Sukhumvit,Watermelon,135.20935619414018,102.46997344672508,167.94873894155526,0.03236144275480709,105.89695158329651,139.73126141136092,173.5655712394253,4.521905217220734,,,,,,,"not calculable: missing on-hand, inbound, lead time, shelf life, BOM/yield"
2026-09-29,2026-09-01,BKK_Sukhumvit,Watermelon,135.20935619414018,102.46997344672508,167.94873894155526,0.03236144275480709,105.89695158329651,139.73126141136092,173.5655712394253,4.521905217220734,,,,,,,"not calculable: missing on-hand, inbound, lead time, shelf life, BOM/yield"
2026-09-30,2026-09-01,BKK_Sukhumvit,Watermelon,135.20935619414018,102.46997344672508,167.94873894155526,0.03236144275480709,105.89695158329651,139.73126141136092,173.5655712394253,4.521905217220734,,,,,,,"not calculable: missing on-hand, inbound, lead time, shelf life, BOM/yield"
2026-10-01,2026-10-01,BKK_Sukhumvit,Watermelon,135.20935619414018,102.46997344672508,167.94873894155526,0.03236144275480709,105.89695158329651,139.73126141136092,173.5655712394253,4.521905217220734,,,,,,,"not calculable: missing on-hand, inbound, lead time, shelf life, BOM/yield"
2026-10-02,2026-10-01,BKK_Sukhumvit,Watermelon,135.20935619414018,102.46997344672508,167.94873894155526,0.03236144275480709,105.89695158329651,139.73126141136092,173.5655712394253,4.521905217220734,,,,,,,"not calculable: missing on-hand, inbound, lead time, shelf life, BOM/yield"
2026-10-03,2026-10-01,BKK_Sukhumvit,Watermelon,135.20935619414018,102.46997344672508,167.94873894155526,0.03236144275480709,105.89695158329651,139.73126141136092,173.5655712394253,4.521905217220734,,,,,,,"not calculable: missing on-hand, inbound, lead time, shelf life, BOM/yield"
2026-10-04,2026-10-01,BKK_Sukhumvit,Watermelon,135.20935619414018,102.46997344672508,167.94873894155526,0.03236144275480709,105.89695158329651,139.73126141136092,173.5655712394253,4.521905217220734,,,,,,,"not calculable: missing on-hand, inbound, lead time, shelf life, BOM/yield"
2026-10-05,2026-10-01,BKK_Sukhumvit,Watermelon,135.20935619414018,102.46997344672508,167.94873894155526,0.03236144275480709,105.89695158329651,139.73126141136092,173.5655712394253,4.521905217220734,,,,,,,"not calculable: missing on-hand, inbound, lead time, shelf life, BOM/yield"
2026-10-06,2026-10-01,BKK_Sukhumvit,Watermelon,135.20935619414018,102.46997344672508,167.94873894155526,0.03236144275480709,105.89695158329651,139.73126141136092,173.5655712394253,4.521905217220734,,,,,,,"not calculable: missing on-hand, inbound, lead time, shelf life, BOM/yield"
2026-10-07,2026-10-01,BKK_Sukhumvit,Watermelon,135.20935619414018,102.46997344672508,167.94873894155526,0.03236144275480709,105.89695158329651,139.73126141136092,173.5655712394253,4.521905217220734,,,,,,,"not calculable: missing on-hand, inbound, lead time, shelf life, BOM/yield"
2026-10-08,2026-10-01,BKK_Sukhumvit,Watermelon,135.20935619414018,102.46997344672508,167.94873894155526,0.03236144275480709,105.89695158329651,139.73126141136092,173.5655712394253,4.521905217220734,,,,,,,"not calculable: missing on-hand, inbound, lead time, shelf life, BOM/yield"
2026-10-09,2026-10-01,BKK_Sukhumvit,Watermelon,135.20935619414018,102.46997344672508,167.94873894155526,0.03236144275480709,105.89695158329651,139.73126141136092,173.5655712394253,4.521905217220734,,,,,,,"not calculable: missing on-hand, inbound, lead time, shelf life, BOM/yield"
2026-10-10,2026-10-01,BKK_Sukhumvit,Watermelon,135.20935619414018,102.46997344672508,167.94873894155526,0.03236144275480709,105.89695158329651,139.73126141136092,173.5655712394253,4.521905217220734,,,,,,,"not calculable: missing on-hand, inbound, lead time, shelf life, BOM/yield"
2026-10-11,2026-10-01,BKK_Sukhumvit,Watermelon,135.20935619414018,102.46997344672508,167.94873894155526,0.03236144275480709,105.89695158329651,139.73126141136092,173.5655712394253,4.521905217220734,,,,,,,"not calculable: missing on-hand, inbound, lead time, shelf life, BOM/yield"
2026-10-12,2026-10-01,BKK_Sukhumvit,Watermelon,135.20935619414018,102.46997344672508,167.94873894155526,0.03236144275480709,105.89695158329651,139.73126141136092,173.5655712394253,4.521905217220734,,,,,,,"not calculable: missing on-hand, inbound, lead time, shelf life, BOM/yield"
2026-10-13,2026-10-01,BKK_Sukhumvit,Watermelon,135.20935619414018,102.46997344672508,167.94873894155526,0.03236144275480709,105.89695158329651,139.73126141136092,173.5655712394253,4.521905217220734,,,,,,,"not calculable: missing on-hand, inbound, lead time, shelf life, BOM/yield"
2026-10-14,2026-10-01,BKK_Sukhumvit,Watermelon,135.20935619414018,102.46997344672508,167.94873894155526,0.03236144275480709,105.89695158329651,139.73126141136092,173.5655712394253,4.521905217220734,,,,,,,"not calculable: missing on-hand, inbound, lead time, shelf life, BOM/yield"
2026-10-15,2026-10-01,BKK_Sukhumvit,Watermelon,135.20935619414018,102.46997344672508,167.94873894155526,0.03236144275480709,105.89695158329651,139.73126141136092,173.5655712394253,4.521905217220734,,,,,,,"not calculable: missing on-hand, inbound, lead time, shelf life, BOM/yield"
2026-10-16,2026-10-01,BKK_Sukhumvit,Watermelon,135.20935619414018,102.46997344672508,167.94873894155526,0.03236144275480709,105.89695158329651,139.73126141136092,173.5655712394253,4.521905217220734,,,,,,,"not calculable: missing on-hand, inbound, lead time, shelf life, BOM/yield"
2026-10-17,2026-10-01,BKK_Sukhumvit,Watermelon,135.20935619414018,102.46997344672508,167.94873894155526,0.03236144275480709,105.89695158329651,139.73126141136092,173.5655712394253,4.521905217220734,,,,,,,"not calculable: missing on-hand, inbound, lead time, shelf life, BOM/yield"
2026-10-18,2026-10-01,BKK_Sukhumvit,Watermelon,135.20935619414018,102.46997344672508,167.94873894155526,0.03236144275480709,105.89695158329651,139.73126141136092,173.5655712394253,4.521905217220734,,,,,,,"not calculable: missing on-hand, inbound, lead time, shelf life, BOM/yield"
2026-10-19,2026-10-01,BKK_Sukhumvit,Watermelon,135.20935619414018,102.46997344672508,167.94873894155526,0.03236144275480709,105.89695158329651,139.73126141136092,173.5655712394253,4.521905217220734,,,,,,,"not calculable: missing on-hand, inbound, lead time, shelf life, BOM/yield"
2026-10-20,2026-10-01,BKK_Sukhumvit,Watermelon,135.20935619414018,102.46997344672508,167.94873894155526,0.03236144275480709,105.89695158329651,139.73126141136092,173.5655712394253,4.521905217220734,,,,,,,"not calculable: missing on-hand, inbound, lead time, shelf life, BOM/yield"
2026-10-21,2026-10-01,BKK_Sukhumvit,Watermelon,135.20935619414018,102.46997344672508,167.94873894155526,0.03236144275480709,105.89695158329651,139.73126141136092,173.5655712394253,4.521905217220734,,,,,,,"not calculable: missing on-hand, inbound, lead time, shelf life, BOM/yield"
2026-10-22,2026-10-01,BKK_Sukhumvit,Watermelon,135.20935619414018,102.46997344672508,167.94873894155526,0.03236144275480709,105.89695158329651,139.73126141136092,173.5655712394253,4.521905217220734,,,,,,,"not calculable: missing on-hand, inbound, lead time, shelf life, BOM/yield"
2026-10-23,2026-10-01,BKK_Sukhumvit,Watermelon,135.20935619414018,102.46997344672508,167.94873894155526,0.03236144275480709,105.89695158329651,139.73126141136092,173.5655712394253,4.521905217220734,,,,,,,"not calculable: missing on-hand, inbound, lead time, shelf life, BOM/yield"
2026-10-24,2026-10-01,BKK_Sukhumvit,Watermelon,135.20935619414018,102.46997344672508,167.94873894155526,0.03236144275480709,105.89695158329651,139.73126141136092,173.5655712394253,4.521905217220734,,,,,,,"not calculable: missing on-hand, inbound, lead time, shelf life, BOM/yield"
2026-10-25,2026-10-01,BKK_Sukhumvit,Watermelon,135.20935619414018,102.46997344672508,167.94873894155526,0.03236144275480709,105.89695158329651,139.73126141136092,173.5655712394253,4.521905217220734,,,,,,,"not calculable: missing on-hand, inbound, lead time, shelf life, BOM/yield"
2026-10-26,2026-10-01,BKK_Sukhumvit,Watermelon,135.20935619414018,102.46997344672508,167.94873894155526,0.03236144275480709,105.89695158329651,139.73126141136092,173.5655712394253,4.521905217220734,,,,,,,"not calculable: missing on-hand, inbound, lead time, shelf life, BOM/yield"
2026-10-27,2026-10-01,BKK_Sukhumvit,Watermelon,135.20935619414018,102.46997344672508,167.94873894155526,0.03236144275480709,105.89695158329651,139.73126141136092,173.5655712394253,4.521905217220734,,,,,,,"not calculable: missing on-hand, inbound, lead time, shelf life, BOM/yield"
2026-10-28,2026-10-01,BKK_Sukhumvit,Watermelon,135.20935619414018,102.46997344672508,167.94873894155526,0.03236144275480709,105.89695158329651,139.73126141136092,173.5655712394253,4.521905217220734,,,,,,,"not calculable: missing on-hand, inbound, lead time, shelf life, BOM/yield"
2026-10-29,2026-10-01,BKK_Sukhumvit,Watermelon,135.20935619414018,102.46997344672508,167.94873894155526,0.03236144275480709,105.89695158329651,139.73126141136092,173.5655712394253,4.521905217220734,,,,,,,"not calculable: missing on-hand, inbound, lead time, shelf life, BOM/yield"
2026-10-30,2026-10-01,BKK_Sukhumvit,Watermelon,135.20935619414018,102.46997344672508,167.94873894155526,0.03236144275480709,105.89695158329651,139.73126141136092,173.5655712394253,4.521905217220734,,,,,,,"not calculable: missing on-hand, inbound, lead time, shelf life, BOM/yield"
2026-10-31,2026-10-01,BKK_Sukhumvit,Watermelon,135.20935619414018,102.46997344672508,167.94873894155526,0.03236144275480709,105.89695158329651,139.73126141136092,173.5655712394253,4.521905217220734,,,,,,,"not calculable: missing on-hand, inbound, lead time, shelf life, BOM/yield"
2026-11-01,2026-11-01,BKK_Sukhumvit,Watermelon,135.20935619414018,102.46997344672508,167.94873894155526,0.03236144275480709,105.89695158329651,139.73126141136092,173.5655712394253,4.521905217220734,,,,,,,"not calculable: missing on-hand, inbound, lead time, shelf life, BOM/yield"
2026-11-02,2026-11-01,BKK_Sukhumvit,Watermelon,135.20935619414018,102.46997344672508,167.94873894155526,0.03236144275480709,105.89695158329651,139.73126141136092,173.5655712394253,4.521905217220734,,,,,,,"not calculable: missing on-hand, inbound, lead time, shelf life, BOM/yield"
2026-11-03,2026-11-01,BKK_Sukhumvit,Watermelon,135.20935619414018,102.46997344672508,167.94873894155526,0.03236144275480709,105.89695158329651,139.73126141136092,173.5655712394253,4.521905217220734,,,,,,,"not calculable: missing on-hand, inbound, lead time, shelf life, BOM/yield"
2026-11-04,2026-11-01,BKK_Sukhumvit,Watermelon,135.20935619414018,102.46997344672508,167.94873894155526,0.03236144275480709,105.89695158329651,139.73126141136092,173.5655712394253,4.521905217220734,,,,,,,"not calculable: missing on-hand, inbound, lead time, shelf life, BOM/yield"
2026-11-05,2026-11-01,BKK_Sukhumvit,Watermelon,135.20935619414018,102.46997344672508,167.94873894155526,0.03236144275480709,105.89695158329651,139.73126141136092,173.5655712394253,4.521905217220734,,,,,,,"not calculable: missing on-hand, inbound, lead time, shelf life, BOM/yield"
2026-11-06,2026-11-01,BKK_Sukhumvit,Watermelon,135.20935619414018,102.46997344672508,167.94873894155526,0.03236144275480709,105.89695158329651,139.73126141136092,173.5655712394253,4.521905217220734,,,,,,,"not calculable: missing on-hand, inbound, lead time, shelf life, BOM/yield"
2026-11-07,2026-11-01,BKK_Sukhumvit,Watermelon,135.20935619414018,102.46997344672508,167.94873894155526,0.03236144275480709,105.89695158329651,139.73126141136092,173.5655712394253,4.521905217220734,,,,,,,"not calculable: missing on-hand, inbound, lead time, shelf life, BOM/yield"
2026-11-08,2026-11-01,BKK_Sukhumvit,Watermelon,135.20935619414018,102.46997344672508,167.94873894155526,0.03236144275480709,105.89695158329651,139.73126141136092,173.5655712394253,4.521905217220734,,,,,,,"not calculable: missing on-hand, inbound, lead time, shelf life, BOM/yield"
2026-11-09,2026-11-01,BKK_Sukhumvit,Watermelon,135.20935619414018,102.46997344672508,167.94873894155526,0.03236144275480709,105.89695158329651,139.73126141136092,173.5655712394253,4.521905217220734,,,,,,,"not calculable: missing on-hand, inbound, lead time, shelf life, BOM/yield"
2026-11-10,2026-11-01,BKK_Sukhumvit,Watermelon,135.20935619414018,102.46997344672508,167.94873894155526,0.03236144275480709,105.89695158329651,139.73126141136092,173.5655712394253,4.521905217220734,,,,,,,"not calculable: missing on-hand, inbound, lead time, shelf life, BOM/yield"
2026-11-11,2026-11-01,BKK_Sukhumvit,Watermelon,135.20935619414018,102.46997344672508,167.94873894155526,0.03236144275480709,105.89695158329651,139.73126141136092,173.5655712394253,4.521905217220734,,,,,,,"not calculable: missing on-hand, inbound, lead time, shelf life, BOM/yield"
2026-11-12,2026-11-01,BKK_Sukhumvit,Watermelon,135.20935619414018,102.46997344672508,167.94873894155526,0.03236144275480709,105.89695158329651,139.73126141136092,173.5655712394253,4.521905217220734,,,,,,,"not calculable: missing on-hand, inbound, lead time, shelf life, BOM/yield"
2026-11-13,2026-11-01,BKK_Sukhumvit,Watermelon,135.20935619414018,102.46997344672508,167.94873894155526,0.03236144275480709,105.89695158329651,139.73126141136092,173.5655712394253,4.521905217220734,,,,,,,"not calculable: missing on-hand, inbound, lead time, shelf life, BOM/yield"
2026-11-14,2026-11-01,BKK_Sukhumvit,Watermelon,135.20935619414018,102.46997344672508,167.94873894155526,0.03236144275480709,105.89695158329651,139.73126141136092,173.5655712394253,4.521905217220734,,,,,,,"not calculable: missing on-hand, inbound, lead time, shelf life, BOM/yield"
2026-11-15,2026-11-01,BKK_Sukhumvit,Watermelon,135.20935619414018,102.46997344672508,167.94873894155526,0.03236144275480709,105.89695158329651,139.73126141136092,173.5655712394253,4.521905217220734,,,,,,,"not calculable: missing on-hand, inbound, lead time, shelf life, BOM/yield"
2026-11-16,2026-11-01,BKK_Sukhumvit,Watermelon,135.20935619414018,102.46997344672508,167.94873894155526,0.03236144275480709,105.89695158329651,139.73126141136092,173.5655712394253,4.521905217220734,,,,,,,"not calculable: missing on-hand, inbound, lead time, shelf life, BOM/yield"
2026-11-17,2026-11-01,BKK_Sukhumvit,Watermelon,135.20935619414018,102.46997344672508,167.94873894155526,0.03236144275480709,105.89695158329651,139.73126141136092,173.5655712394253,4.521905217220734,,,,,,,"not calculable: missing on-hand, inbound, lead time, shelf life, BOM/yield"
2026-11-18,2026-11-01,BKK_Sukhumvit,Watermelon,135.20935619414018,102.46997344672508,167.94873894155526,0.03236144275480709,105.89695158329651,139.73126141136092,173.5655712394253,4.521905217220734,,,,,,,"not calculable: missing on-hand, inbound, lead time, shelf life, BOM/yield"
2026-11-19,2026-11-01,BKK_Sukhumvit,Watermelon,135.20935619414018,102.46997344672508,167.94873894155526,0.03236144275480709,105.89695158329651,139.73126141136092,173.5655712394253,4.521905217220734,,,,,,,"not calculable: missing on-hand, inbound, lead time, shelf life, BOM/yield"
2026-11-20,2026-11-01,BKK_Sukhumvit,Watermelon,135.20935619414018,102.46997344672508,167.94873894155526,0.03236144275480709,105.89695158329651,139.73126141136092,173.5655712394253,4.521905217220734,,,,,,,"not calculable: missing on-hand, inbound, lead time, shelf life, BOM/yield"
2026-11-21,2026-11-01,BKK_Sukhumvit,Watermelon,135.20935619414018,102.46997344672508,167.94873894155526,0.03236144275480709,105.89695158329651,139.73126141136092,173.5655712394253,4.521905217220734,,,,,,,"not calculable: missing on-hand, inbound, lead time, shelf life, BOM/yield"
2026-11-22,2026-11-01,BKK_Sukhumvit,Watermelon,135.20935619414018,102.46997344672508,167.94873894155526,0.03236144275480709,105.89695158329651,139.73126141136092,173.5655712394253,4.521905217220734,,,,,,,"not calculable: missing on-hand, inbound, lead time, shelf life, BOM/yield"
2026-11-23,2026-11-01,BKK_Sukhumvit,Watermelon,135.20935619414018,102.46997344672508,167.94873894155526,0.03236144275480709,105.89695158329651,139.73126141136092,173.5655712394253,4.521905217220734,,,,,,,"not calculable: missing on-hand, inbound, lead time, shelf life, BOM/yield"
2026-11-24,2026-11-01,BKK_Sukhumvit,Watermelon,135.20935619414018,102.46997344672508,167.94873894155526,0.03236144275480709,105.89695158329651,139.73126141136092,173.5655712394253,4.521905217220734,,,,,,,"not calculable: missing on-hand, inbound, lead time, shelf life, BOM/yield"
2026-11-25,2026-11-01,BKK_Sukhumvit,Watermelon,135.20935619414018,102.46997344672508,167.94873894155526,0.03236144275480709,105.89695158329651,139.73126141136092,173.5655712394253,4.521905217220734,,,,,,,"not calculable: missing on-hand, inbound, lead time, shelf life, BOM/yield"
2026-11-26,2026-11-01,BKK_Sukhumvit,Watermelon,135.20935619414018,102.46997344672508,167.94873894155526,0.03236144275480709,105.89695158329651,139.73126141136092,173.5655712394253,4.521905217220734,,,,,,,"not calculable: missing on-hand, inbound, lead time, shelf life, BOM/yield"
2026-11-27,2026-11-01,BKK_Sukhumvit,Watermelon,135.20935619414018,102.46997344672508,167.94873894155526,0.03236144275480709,105.89695158329651,139.73126141136092,173.5655712394253,4.521905217220734,,,,,,,"not calculable: missing on-hand, inbound, lead time, shelf life, BOM/yield"
2026-11-28,2026-11-01,BKK_Sukhumvit,Watermelon,135.20935619414018,102.46997344672508,167.94873894155526,0.03236144275480709,105.89695158329651,139.73126141136092,173.5655712394253,4.521905217220734,,,,,,,"not calculable: missing on-hand, inbound, lead time, shelf life, BOM/yield"
2026-11-29,2026-11-01,BKK_Sukhumvit,Watermelon,135.20935619414018,102.46997344672508,167.94873894155526,0.03236144275480709,105.89695158329651,139.73126141136092,173.5655712394253,4.521905217220734,,,,,,,"not calculable: missing on-hand, inbound, lead time, shelf life, BOM/yield"
2026-11-30,2026-11-01,BKK_Sukhumvit,Watermelon,135.20935619414018,102.46997344672508,167.94873894155526,0.03236144275480709,105.89695158329651,139.73126141136092,173.5655712394253,4.521905217220734,,,,,,,"not calculable: missing on-hand, inbound, lead time, shelf life, BOM/yield"
2026-09-01,2026-09-01,Pattaya_Beach,Guava,59.628472564775876,45.19012716552055,74.06681796403119,0.05384217143702389,47.76172198897861,63.02169761184512,78.28167323471162,3.3932250470692438,,,,,,,"not calculable: missing on-hand, inbound, lead time, shelf life, BOM/yield"
2026-09-02,2026-09-01,Pattaya_Beach,Guava,59.628472564775876,45.19012716552055,74.06681796403119,0.05384217143702389,47.76172198897861,63.02169761184512,78.28167323471162,3.3932250470692438,,,,,,,"not calculable: missing on-hand, inbound, lead time, shelf life, BOM/yield"
2026-09-03,2026-09-01,Pattaya_Beach,Guava,59.628472564775876,45.19012716552055,74.06681796403119,0.05384217143702389,47.76172198897861,63.02169761184512,78.28167323471162,3.3932250470692438,,,,,,,"not calculable: missing on-hand, inbound, lead time, shelf life, BOM/yield"
2026-09-04,2026-09-01,Pattaya_Beach,Guava,59.628472564775876,45.19012716552055,74.06681796403119,0.05384217143702389,47.76172198897861,63.02169761184512,78.28167323471162,3.3932250470692438,,,,,,,"not calculable: missing on-hand, inbound, lead time, shelf life, BOM/yield"
2026-09-05,2026-09-01,Pattaya_Beach,Guava,59.628472564775876,45.19012716552055,74.06681796403119,0.05384217143702389,47.76172198897861,63.02169761184512,78.28167323471162,3.3932250470692438,,,,,,,"not calculable: missing on-hand, inbound, lead time, shelf life, BOM/yield"
2026-09-06,2026-09-01,Pattaya_Beach,Guava,59.628472564775876,45.19012716552055,74.06681796403119,0.05384217143702389,47.76172198897861,63.02169761184512,78.28167323471162,3.3932250470692438,,,,,,,"not calculable: missing on-hand, inbound, lead time, shelf life, BOM/yield"
2026-09-07,2026-09-01,Pattaya_Beach,Guava,59.628472564775876,45.19012716552055,74.06681796403119,0.05384217143702389,47.76172198897861,63.02169761184512,78.28167323471162,3.3932250470692438,,,,,,,"not calculable: missing on-hand, inbound, lead time, shelf life, BOM/yield"
2026-09-08,2026-09-01,Pattaya_Beach,Guava,59.628472564775876,45.19012716552055,74.06681796403119,0.05384217143702389,47.76172198897861,63.02169761184512,78.28167323471162,3.3932250470692438,,,,,,,"not calculable: missing on-hand, inbound, lead time, shelf life, BOM/yield"
2026-09-09,2026-09-01,Pattaya_Beach,Guava,59.628472564775876,45.19012716552055,74.06681796403119,0.05384217143702389,47.76172198897861,63.02169761184512,78.28167323471162,3.3932250470692438,,,,,,,"not calculable: missing on-hand, inbound, lead time, shelf life, BOM/yield"
2026-09-10,2026-09-01,Pattaya_Beach,Guava,59.628472564775876,45.19012716552055,74.06681796403119,0.05384217143702389,47.76172198897861,63.02169761184512,78.28167323471162,3.3932250470692438,,,,,,,"not calculable: missing on-hand, inbound, lead time, shelf life, BOM/yield"
2026-09-11,2026-09-01,Pattaya_Beach,Guava,59.628472564775876,45.19012716552055,74.06681796403119,0.05384217143702389,47.76172198897861,63.02169761184512,78.28167323471162,3.3932250470692438,,,,,,,"not calculable: missing on-hand, inbound, lead time, shelf life, BOM/yield"
2026-09-12,2026-09-01,Pattaya_Beach,Guava,59.628472564775876,45.19012716552055,74.06681796403119,0.05384217143702389,47.76172198897861,63.02169761184512,78.28167323471162,3.3932250470692438,,,,,,,"not calculable: missing on-hand, inbound, lead time, shelf life, BOM/yield"
2026-09-13,2026-09-01,Pattaya_Beach,Guava,59.628472564775876,45.19012716552055,74.06681796403119,0.05384217143702389,47.76172198897861,63.02169761184512,78.28167323471162,3.3932250470692438,,,,,,,"not calculable: missing on-hand, inbound, lead time, shelf life, BOM/yield"
2026-09-14,2026-09-01,Pattaya_Beach,Guava,59.628472564775876,45.19012716552055,74.06681796403119,0.05384217143702389,47.76172198897861,63.02169761184512,78.28167323471162,3.3932250470692438,,,,,,,"not calculable: missing on-hand, inbound, lead time, shelf life, BOM/yield"
2026-09-15,2026-09-01,Pattaya_Beach,Guava,59.628472564775876,45.19012716552055,74.06681796403119,0.05384217143702389,47.76172198897861,63.02169761184512,78.28167323471162,3.3932250470692438,,,,,,,"not calculable: missing on-hand, inbound, lead time, shelf life, BOM/yield"
2026-09-16,2026-09-01,Pattaya_Beach,Guava,59.628472564775876,45.19012716552055,74.06681796403119,0.05384217143702389,47.76172198897861,63.02169761184512,78.28167323471162,3.3932250470692438,,,,,,,"not calculable: missing on-hand, inbound, lead time, shelf life, BOM/yield"
2026-09-17,2026-09-01,Pattaya_Beach,Guava,59.628472564775876,45.19012716552055,74.06681796403119,0.05384217143702389,47.76172198897861,63.02169761184512,78.28167323471162,3.3932250470692438,,,,,,,"not calculable: missing on-hand, inbound, lead time, shelf life, BOM/yield"
2026-09-18,2026-09-01,Pattaya_Beach,Guava,59.628472564775876,45.19012716552055,74.06681796403119,0.05384217143702389,47.76172198897861,63.02169761184512,78.28167323471162,3.3932250470692438,,,,,,,"not calculable: missing on-hand, inbound, lead time, shelf life, BOM/yield"
2026-09-19,2026-09-01,Pattaya_Beach,Guava,59.628472564775876,45.19012716552055,74.06681796403119,0.05384217143702389,47.76172198897861,63.02169761184512,78.28167323471162,3.3932250470692438,,,,,,,"not calculable: missing on-hand, inbound, lead time, shelf life, BOM/yield"
2026-09-20,2026-09-01,Pattaya_Beach,Guava,59.628472564775876,45.19012716552055,74.06681796403119,0.05384217143702389,47.76172198897861,63.02169761184512,78.28167323471162,3.3932250470692438,,,,,,,"not calculable: missing on-hand, inbound, lead time, shelf life, BOM/yield"
2026-09-21,2026-09-01,Pattaya_Beach,Guava,59.628472564775876,45.19012716552055,74.06681796403119,0.05384217143702389,47.76172198897861,63.02169761184512,78.28167323471162,3.3932250470692438,,,,,,,"not calculable: missing on-hand, inbound, lead time, shelf life, BOM/yield"
2026-09-22,2026-09-01,Pattaya_Beach,Guava,59.628472564775876,45.19012716552055,74.06681796403119,0.05384217143702389,47.76172198897861,63.02169761184512,78.28167323471162,3.3932250470692438,,,,,,,"not calculable: missing on-hand, inbound, lead time, shelf life, BOM/yield"
2026-09-23,2026-09-01,Pattaya_Beach,Guava,59.628472564775876,45.19012716552055,74.06681796403119,0.05384217143702389,47.76172198897861,63.02169761184512,78.28167323471162,3.3932250470692438,,,,,,,"not calculable: missing on-hand, inbound, lead time, shelf life, BOM/yield"
2026-09-24,2026-09-01,Pattaya_Beach,Guava,59.628472564775876,45.19012716552055,74.06681796403119,0.05384217143702389,47.76172198897861,63.02169761184512,78.28167323471162,3.3932250470692438,,,,,,,"not calculable: missing on-hand, inbound, lead time, shelf life, BOM/yield"
2026-09-25,2026-09-01,Pattaya_Beach,Guava,59.628472564775876,45.19012716552055,74.06681796403119,0.05384217143702389,47.76172198897861,63.02169761184512,78.28167323471162,3.3932250470692438,,,,,,,"not calculable: missing on-hand, inbound, lead time, shelf life, BOM/yield"
2026-09-26,2026-09-01,Pattaya_Beach,Guava,59.628472564775876,45.19012716552055,74.06681796403119,0.05384217143702389,47.76172198897861,63.02169761184512,78.28167323471162,3.3932250470692438,,,,,,,"not calculable: missing on-hand, inbound, lead time, shelf life, BOM/yield"
2026-09-27,2026-09-01,Pattaya_Beach,Guava,59.628472564775876,45.19012716552055,74.06681796403119,0.05384217143702389,47.76172198897861,63.02169761184512,78.28167323471162,3.3932250470692438,,,,,,,"not calculable: missing on-hand, inbound, lead time, shelf life, BOM/yield"
2026-09-28,2026-09-01,Pattaya_Beach,Guava,59.628472564775876,45.19012716552055,74.06681796403119,0.05384217143702389,47.76172198897861,63.02169761184512,78.28167323471162,3.3932250470692438,,,,,,,"not calculable: missing on-hand, inbound, lead time, shelf life, BOM/yield"
2026-09-29,2026-09-01,Pattaya_Beach,Guava,59.628472564775876,45.19012716552055,74.06681796403119,0.05384217143702389,47.76172198897861,63.02169761184512,78.28167323471162,3.3932250470692438,,,,,,,"not calculable: missing on-hand, inbound, lead time, shelf life, BOM/yield"
2026-09-30,2026-09-01,Pattaya_Beach,Guava,59.628472564775876,45.19012716552055,74.06681796403119,0.05384217143702389,47.76172198897861,63.02169761184512,78.28167323471162,3.3932250470692438,,,,,,,"not calculable: missing on-hand, inbound, lead time, shelf life, BOM/yield"
2026-10-01,2026-10-01,Pattaya_Beach,Guava,59.628472564775876,45.19012716552055,74.06681796403119,0.05384217143702389,47.76172198897861,63.02169761184512,78.28167323471162,3.3932250470692438,,,,,,,"not calculable: missing on-hand, inbound, lead time, shelf life, BOM/yield"
2026-10-02,2026-10-01,Pattaya_Beach,Guava,59.628472564775876,45.19012716552055,74.06681796403119,0.05384217143702389,47.76172198897861,63.02169761184512,78.28167323471162,3.3932250470692438,,,,,,,"not calculable: missing on-hand, inbound, lead time, shelf life, BOM/yield"
2026-10-03,2026-10-01,Pattaya_Beach,Guava,59.628472564775876,45.19012716552055,74.06681796403119,0.05384217143702389,47.76172198897861,63.02169761184512,78.28167323471162,3.3932250470692438,,,,,,,"not calculable: missing on-hand, inbound, lead time, shelf life, BOM/yield"
2026-10-04,2026-10-01,Pattaya_Beach,Guava,59.628472564775876,45.19012716552055,74.06681796403119,0.05384217143702389,47.76172198897861,63.02169761184512,78.28167323471162,3.3932250470692438,,,,,,,"not calculable: missing on-hand, inbound, lead time, shelf life, BOM/yield"
2026-10-05,2026-10-01,Pattaya_Beach,Guava,59.628472564775876,45.19012716552055,74.06681796403119,0.05384217143702389,47.76172198897861,63.02169761184512,78.28167323471162,3.3932250470692438,,,,,,,"not calculable: missing on-hand, inbound, lead time, shelf life, BOM/yield"
2026-10-06,2026-10-01,Pattaya_Beach,Guava,59.628472564775876,45.19012716552055,74.06681796403119,0.05384217143702389,47.76172198897861,63.02169761184512,78.28167323471162,3.3932250470692438,,,,,,,"not calculable: missing on-hand, inbound, lead time, shelf life, BOM/yield"
2026-10-07,2026-10-01,Pattaya_Beach,Guava,59.628472564775876,45.19012716552055,74.06681796403119,0.05384217143702389,47.76172198897861,63.02169761184512,78.28167323471162,3.3932250470692438,,,,,,,"not calculable: missing on-hand, inbound, lead time, shelf life, BOM/yield"
2026-10-08,2026-10-01,Pattaya_Beach,Guava,59.628472564775876,45.19012716552055,74.06681796403119,0.05384217143702389,47.76172198897861,63.02169761184512,78.28167323471162,3.3932250470692438,,,,,,,"not calculable: missing on-hand, inbound, lead time, shelf life, BOM/yield"
2026-10-09,2026-10-01,Pattaya_Beach,Guava,59.628472564775876,45.19012716552055,74.06681796403119,0.05384217143702389,47.76172198897861,63.02169761184512,78.28167323471162,3.3932250470692438,,,,,,,"not calculable: missing on-hand, inbound, lead time, shelf life, BOM/yield"
2026-10-10,2026-10-01,Pattaya_Beach,Guava,59.628472564775876,45.19012716552055,74.06681796403119,0.05384217143702389,47.76172198897861,63.02169761184512,78.28167323471162,3.3932250470692438,,,,,,,"not calculable: missing on-hand, inbound, lead time, shelf life, BOM/yield"
2026-10-11,2026-10-01,Pattaya_Beach,Guava,59.628472564775876,45.19012716552055,74.06681796403119,0.05384217143702389,47.76172198897861,63.02169761184512,78.28167323471162,3.3932250470692438,,,,,,,"not calculable: missing on-hand, inbound, lead time, shelf life, BOM/yield"
2026-10-12,2026-10-01,Pattaya_Beach,Guava,59.628472564775876,45.19012716552055,74.06681796403119,0.05384217143702389,47.76172198897861,63.02169761184512,78.28167323471162,3.3932250470692438,,,,,,,"not calculable: missing on-hand, inbound, lead time, shelf life, BOM/yield"
2026-10-13,2026-10-01,Pattaya_Beach,Guava,59.628472564775876,45.19012716552055,74.06681796403119,0.05384217143702389,47.76172198897861,63.02169761184512,78.28167323471162,3.3932250470692438,,,,,,,"not calculable: missing on-hand, inbound, lead time, shelf life, BOM/yield"
2026-10-14,2026-10-01,Pattaya_Beach,Guava,59.628472564775876,45.19012716552055,74.06681796403119,0.05384217143702389,47.76172198897861,63.02169761184512,78.28167323471162,3.3932250470692438,,,,,,,"not calculable: missing on-hand, inbound, lead time, shelf life, BOM/yield"
2026-10-15,2026-10-01,Pattaya_Beach,Guava,59.628472564775876,45.19012716552055,74.06681796403119,0.05384217143702389,47.76172198897861,63.02169761184512,78.28167323471162,3.3932250470692438,,,,,,,"not calculable: missing on-hand, inbound, lead time, shelf life, BOM/yield"
2026-10-16,2026-10-01,Pattaya_Beach,Guava,59.628472564775876,45.19012716552055,74.06681796403119,0.05384217143702389,47.76172198897861,63.02169761184512,78.28167323471162,3.3932250470692438,,,,,,,"not calculable: missing on-hand, inbound, lead time, shelf life, BOM/yield"
2026-10-17,2026-10-01,Pattaya_Beach,Guava,59.628472564775876,45.19012716552055,74.06681796403119,0.05384217143702389,47.76172198897861,63.02169761184512,78.28167323471162,3.3932250470692438,,,,,,,"not calculable: missing on-hand, inbound, lead time, shelf life, BOM/yield"
2026-10-18,2026-10-01,Pattaya_Beach,Guava,59.628472564775876,45.19012716552055,74.06681796403119,0.05384217143702389,47.76172198897861,63.02169761184512,78.28167323471162,3.3932250470692438,,,,,,,"not calculable: missing on-hand, inbound, lead time, shelf life, BOM/yield"
2026-10-19,2026-10-01,Pattaya_Beach,Guava,59.628472564775876,45.19012716552055,74.06681796403119,0.05384217143702389,47.76172198897861,63.02169761184512,78.28167323471162,3.3932250470692438,,,,,,,"not calculable: missing on-hand, inbound, lead time, shelf life, BOM/yield"
2026-10-20,2026-10-01,Pattaya_Beach,Guava,59.628472564775876,45.19012716552055,74.06681796403119,0.05384217143702389,47.76172198897861,63.02169761184512,78.28167323471162,3.3932250470692438,,,,,,,"not calculable: missing on-hand, inbound, lead time, shelf life, BOM/yield"
2026-10-21,2026-10-01,Pattaya_Beach,Guava,59.628472564775876,45.19012716552055,74.06681796403119,0.05384217143702389,47.76172198897861,63.02169761184512,78.28167323471162,3.3932250470692438,,,,,,,"not calculable: missing on-hand, inbound, lead time, shelf life, BOM/yield"
2026-10-22,2026-10-01,Pattaya_Beach,Guava,59.628472564775876,45.19012716552055,74.06681796403119,0.05384217143702389,47.76172198897861,63.02169761184512,78.28167323471162,3.3932250470692438,,,,,,,"not calculable: missing on-hand, inbound, lead time, shelf life, BOM/yield"
2026-10-23,2026-10-01,Pattaya_Beach,Guava,59.628472564775876,45.19012716552055,74.06681796403119,0.05384217143702389,47.76172198897861,63.02169761184512,78.28167323471162,3.3932250470692438,,,,,,,"not calculable: missing on-hand, inbound, lead time, shelf life, BOM/yield"
2026-10-24,2026-10-01,Pattaya_Beach,Guava,59.628472564775876,45.19012716552055,74.06681796403119,0.05384217143702389,47.76172198897861,63.02169761184512,78.28167323471162,3.3932250470692438,,,,,,,"not calculable: missing on-hand, inbound, lead time, shelf life, BOM/yield"
2026-10-25,2026-10-01,Pattaya_Beach,Guava,59.628472564775876,45.19012716552055,74.06681796403119,0.05384217143702389,47.76172198897861,63.02169761184512,78.28167323471162,3.3932250470692438,,,,,,,"not calculable: missing on-hand, inbound, lead time, shelf life, BOM/yield"
2026-10-26,2026-10-01,Pattaya_Beach,Guava,59.628472564775876,45.19012716552055,74.06681796403119,0.05384217143702389,47.76172198897861,63.02169761184512,78.28167323471162,3.3932250470692438,,,,,,,"not calculable: missing on-hand, inbound, lead time, shelf life, BOM/yield"
2026-10-27,2026-10-01,Pattaya_Beach,Guava,59.628472564775876,45.19012716552055,74.06681796403119,0.05384217143702389,47.76172198897861,63.02169761184512,78.28167323471162,3.3932250470692438,,,,,,,"not calculable: missing on-hand, inbound, lead time, shelf life, BOM/yield"
2026-10-28,2026-10-01,Pattaya_Beach,Guava,59.628472564775876,45.19012716552055,74.06681796403119,0.05384217143702389,47.76172198897861,63.02169761184512,78.28167323471162,3.3932250470692438,,,,,,,"not calculable: missing on-hand, inbound, lead time, shelf life, BOM/yield"
2026-10-29,2026-10-01,Pattaya_Beach,Guava,59.628472564775876,45.19012716552055,74.06681796403119,0.05384217143702389,47.76172198897861,63.02169761184512,78.28167323471162,3.3932250470692438,,,,,,,"not calculable: missing on-hand, inbound, lead time, shelf life, BOM/yield"
2026-10-30,2026-10-01,Pattaya_Beach,Guava,59.628472564775876,45.19012716552055,74.06681796403119,0.05384217143702389,47.76172198897861,63.02169761184512,78.28167323471162,3.3932250470692438,,,,,,,"not calculable: missing on-hand, inbound, lead time, shelf life, BOM/yield"
2026-10-31,2026-10-01,Pattaya_Beach,Guava,59.628472564775876,45.19012716552055,74.06681796403119,0.05384217143702389,47.76172198897861,63.02169761184512,78.28167323471162,3.3932250470692438,,,,,,,"not calculable: missing on-hand, inbound, lead time, shelf life, BOM/yield"
2026-11-01,2026-11-01,Pattaya_Beach,Guava,59.628472564775876,45.19012716552055,74.06681796403119,0.05384217143702389,47.76172198897861,63.02169761184512,78.28167323471162,3.3932250470692438,,,,,,,"not calculable: missing on-hand, inbound, lead time, shelf life, BOM/yield"
2026-11-02,2026-11-01,Pattaya_Beach,Guava,59.628472564775876,45.19012716552055,74.06681796403119,0.05384217143702389,47.76172198897861,63.02169761184512,78.28167323471162,3.3932250470692438,,,,,,,"not calculable: missing on-hand, inbound, lead time, shelf life, BOM/yield"
2026-11-03,2026-11-01,Pattaya_Beach,Guava,59.628472564775876,45.19012716552055,74.06681796403119,0.05384217143702389,47.76172198897861,63.02169761184512,78.28167323471162,3.3932250470692438,,,,,,,"not calculable: missing on-hand, inbound, lead time, shelf life, BOM/yield"
2026-11-04,2026-11-01,Pattaya_Beach,Guava,59.628472564775876,45.19012716552055,74.06681796403119,0.05384217143702389,47.76172198897861,63.02169761184512,78.28167323471162,3.3932250470692438,,,,,,,"not calculable: missing on-hand, inbound, lead time, shelf life, BOM/yield"
2026-11-05,2026-11-01,Pattaya_Beach,Guava,59.628472564775876,45.19012716552055,74.06681796403119,0.05384217143702389,47.76172198897861,63.02169761184512,78.28167323471162,3.3932250470692438,,,,,,,"not calculable: missing on-hand, inbound, lead time, shelf life, BOM/yield"
2026-11-06,2026-11-01,Pattaya_Beach,Guava,59.628472564775876,45.19012716552055,74.06681796403119,0.05384217143702389,47.76172198897861,63.02169761184512,78.28167323471162,3.3932250470692438,,,,,,,"not calculable: missing on-hand, inbound, lead time, shelf life, BOM/yield"
2026-11-07,2026-11-01,Pattaya_Beach,Guava,59.628472564775876,45.19012716552055,74.06681796403119,0.05384217143702389,47.76172198897861,63.02169761184512,78.28167323471162,3.3932250470692438,,,,,,,"not calculable: missing on-hand, inbound, lead time, shelf life, BOM/yield"
2026-11-08,2026-11-01,Pattaya_Beach,Guava,59.628472564775876,45.19012716552055,74.06681796403119,0.05384217143702389,47.76172198897861,63.02169761184512,78.28167323471162,3.3932250470692438,,,,,,,"not calculable: missing on-hand, inbound, lead time, shelf life, BOM/yield"
2026-11-09,2026-11-01,Pattaya_Beach,Guava,59.628472564775876,45.19012716552055,74.06681796403119,0.05384217143702389,47.76172198897861,63.02169761184512,78.28167323471162,3.3932250470692438,,,,,,,"not calculable: missing on-hand, inbound, lead time, shelf life, BOM/yield"
2026-11-10,2026-11-01,Pattaya_Beach,Guava,59.628472564775876,45.19012716552055,74.06681796403119,0.05384217143702389,47.76172198897861,63.02169761184512,78.28167323471162,3.3932250470692438,,,,,,,"not calculable: missing on-hand, inbound, lead time, shelf life, BOM/yield"
2026-11-11,2026-11-01,Pattaya_Beach,Guava,59.628472564775876,45.19012716552055,74.06681796403119,0.05384217143702389,47.76172198897861,63.02169761184512,78.28167323471162,3.3932250470692438,,,,,,,"not calculable: missing on-hand, inbound, lead time, shelf life, BOM/yield"
2026-11-12,2026-11-01,Pattaya_Beach,Guava,59.628472564775876,45.19012716552055,74.06681796403119,0.05384217143702389,47.76172198897861,63.02169761184512,78.28167323471162,3.3932250470692438,,,,,,,"not calculable: missing on-hand, inbound, lead time, shelf life, BOM/yield"
2026-11-13,2026-11-01,Pattaya_Beach,Guava,59.628472564775876,45.19012716552055,74.06681796403119,0.05384217143702389,47.76172198897861,63.02169761184512,78.28167323471162,3.3932250470692438,,,,,,,"not calculable: missing on-hand, inbound, lead time, shelf life, BOM/yield"
2026-11-14,2026-11-01,Pattaya_Beach,Guava,59.628472564775876,45.19012716552055,74.06681796403119,0.05384217143702389,47.76172198897861,63.02169761184512,78.28167323471162,3.3932250470692438,,,,,,,"not calculable: missing on-hand, inbound, lead time, shelf life, BOM/yield"
2026-11-15,2026-11-01,Pattaya_Beach,Guava,59.628472564775876,45.19012716552055,74.06681796403119,0.05384217143702389,47.76172198897861,63.02169761184512,78.28167323471162,3.3932250470692438,,,,,,,"not calculable: missing on-hand, inbound, lead time, shelf life, BOM/yield"
2026-11-16,2026-11-01,Pattaya_Beach,Guava,59.628472564775876,45.19012716552055,74.06681796403119,0.05384217143702389,47.76172198897861,63.02169761184512,78.28167323471162,3.3932250470692438,,,,,,,"not calculable: missing on-hand, inbound, lead time, shelf life, BOM/yield"
2026-11-17,2026-11-01,Pattaya_Beach,Guava,59.628472564775876,45.19012716552055,74.06681796403119,0.05384217143702389,47.76172198897861,63.02169761184512,78.28167323471162,3.3932250470692438,,,,,,,"not calculable: missing on-hand, inbound, lead time, shelf life, BOM/yield"
2026-11-18,2026-11-01,Pattaya_Beach,Guava,59.628472564775876,45.19012716552055,74.06681796403119,0.05384217143702389,47.76172198897861,63.02169761184512,78.28167323471162,3.3932250470692438,,,,,,,"not calculable: missing on-hand, inbound, lead time, shelf life, BOM/yield"
2026-11-19,2026-11-01,Pattaya_Beach,Guava,59.628472564775876,45.19012716552055,74.06681796403119,0.05384217143702389,47.76172198897861,63.02169761184512,78.28167323471162,3.3932250470692438,,,,,,,"not calculable: missing on-hand, inbound, lead time, shelf life, BOM/yield"
2026-11-20,2026-11-01,Pattaya_Beach,Guava,59.628472564775876,45.19012716552055,74.06681796403119,0.05384217143702389,47.76172198897861,63.02169761184512,78.28167323471162,3.3932250470692438,,,,,,,"not calculable: missing on-hand, inbound, lead time, shelf life, BOM/yield"
2026-11-21,2026-11-01,Pattaya_Beach,Guava,59.628472564775876,45.19012716552055,74.06681796403119,0.05384217143702389,47.76172198897861,63.02169761184512,78.28167323471162,3.3932250470692438,,,,,,,"not calculable: missing on-hand, inbound, lead time, shelf life, BOM/yield"
2026-11-22,2026-11-01,Pattaya_Beach,Guava,59.628472564775876,45.19012716552055,74.06681796403119,0.05384217143702389,47.76172198897861,63.02169761184512,78.28167323471162,3.3932250470692438,,,,,,,"not calculable: missing on-hand, inbound, lead time, shelf life, BOM/yield"
2026-11-23,2026-11-01,Pattaya_Beach,Guava,59.628472564775876,45.19012716552055,74.06681796403119,0.05384217143702389,47.76172198897861,63.02169761184512,78.28167323471162,3.3932250470692438,,,,,,,"not calculable: missing on-hand, inbound, lead time, shelf life, BOM/yield"
2026-11-24,2026-11-01,Pattaya_Beach,Guava,59.628472564775876,45.19012716552055,74.06681796403119,0.05384217143702389,47.76172198897861,63.02169761184512,78.28167323471162,3.3932250470692438,,,,,,,"not calculable: missing on-hand, inbound, lead time, shelf life, BOM/yield"
2026-11-25,2026-11-01,Pattaya_Beach,Guava,59.628472564775876,45.19012716552055,74.06681796403119,0.05384217143702389,47.76172198897861,63.02169761184512,78.28167323471162,3.3932250470692438,,,,,,,"not calculable: missing on-hand, inbound, lead time, shelf life, BOM/yield"
2026-11-26,2026-11-01,Pattaya_Beach,Guava,59.628472564775876,45.19012716552055,74.06681796403119,0.05384217143702389,47.76172198897861,63.02169761184512,78.28167323471162,3.3932250470692438,,,,,,,"not calculable: missing on-hand, inbound, lead time, shelf life, BOM/yield"
2026-11-27,2026-11-01,Pattaya_Beach,Guava,59.628472564775876,45.19012716552055,74.06681796403119,0.05384217143702389,47.76172198897861,63.02169761184512,78.28167323471162,3.3932250470692438,,,,,,,"not calculable: missing on-hand, inbound, lead time, shelf life, BOM/yield"
2026-11-28,2026-11-01,Pattaya_Beach,Guava,59.628472564775876,45.19012716552055,74.06681796403119,0.05384217143702389,47.76172198897861,63.02169761184512,78.28167323471162,3.3932250470692438,,,,,,,"not calculable: missing on-hand, inbound, lead time, shelf life, BOM/yield"
2026-11-29,2026-11-01,Pattaya_Beach,Guava,59.628472564775876,45.19012716552055,74.06681796403119,0.05384217143702389,47.76172198897861,63.02169761184512,78.28167323471162,3.3932250470692438,,,,,,,"not calculable: missing on-hand, inbound, lead time, shelf life, BOM/yield"
2026-11-30,2026-11-01,Pattaya_Beach,Guava,59.628472564775876,45.19012716552055,74.06681796403119,0.05384217143702389,47.76172198897861,63.02169761184512,78.28167323471162,3.3932250470692438,,,,,,,"not calculable: missing on-hand, inbound, lead time, shelf life, BOM/yield"
2026-09-01,2026-09-01,Pattaya_Beach,MixedBerryPremium,22.531820430637648,17.07600055367973,27.987640307595566,0.20131180625630676,21.380058810734823,28.211034803236775,35.04201079573873,5.679214372599127,,,,,,,"not calculable: missing on-hand, inbound, lead time, shelf life, BOM/yield"
2026-09-02,2026-09-01,Pattaya_Beach,MixedBerryPremium,22.531820430637648,17.07600055367973,27.987640307595566,0.20131180625630676,21.380058810734823,28.211034803236775,35.04201079573873,5.679214372599127,,,,,,,"not calculable: missing on-hand, inbound, lead time, shelf life, BOM/yield"
2026-09-03,2026-09-01,Pattaya_Beach,MixedBerryPremium,22.531820430637648,17.07600055367973,27.987640307595566,0.20131180625630676,21.380058810734823,28.211034803236775,35.04201079573873,5.679214372599127,,,,,,,"not calculable: missing on-hand, inbound, lead time, shelf life, BOM/yield"
2026-09-04,2026-09-01,Pattaya_Beach,MixedBerryPremium,22.531820430637648,17.07600055367973,27.987640307595566,0.20131180625630676,21.380058810734823,28.211034803236775,35.04201079573873,5.679214372599127,,,,,,,"not calculable: missing on-hand, inbound, lead time, shelf life, BOM/yield"
2026-09-05,2026-09-01,Pattaya_Beach,MixedBerryPremium,22.531820430637648,17.07600055367973,27.987640307595566,0.20131180625630676,21.380058810734823,28.211034803236775,35.04201079573873,5.679214372599127,,,,,,,"not calculable: missing on-hand, inbound, lead time, shelf life, BOM/yield"
2026-09-06,2026-09-01,Pattaya_Beach,MixedBerryPremium,22.531820430637648,17.07600055367973,27.987640307595566,0.20131180625630676,21.380058810734823,28.211034803236775,35.04201079573873,5.679214372599127,,,,,,,"not calculable: missing on-hand, inbound, lead time, shelf life, BOM/yield"
2026-09-07,2026-09-01,Pattaya_Beach,MixedBerryPremium,22.531820430637648,17.07600055367973,27.987640307595566,0.20131180625630676,21.380058810734823,28.211034803236775,35.04201079573873,5.679214372599127,,,,,,,"not calculable: missing on-hand, inbound, lead time, shelf life, BOM/yield"
2026-09-08,2026-09-01,Pattaya_Beach,MixedBerryPremium,22.531820430637648,17.07600055367973,27.987640307595566,0.20131180625630676,21.380058810734823,28.211034803236775,35.04201079573873,5.679214372599127,,,,,,,"not calculable: missing on-hand, inbound, lead time, shelf life, BOM/yield"
2026-09-09,2026-09-01,Pattaya_Beach,MixedBerryPremium,22.531820430637648,17.07600055367973,27.987640307595566,0.20131180625630676,21.380058810734823,28.211034803236775,35.04201079573873,5.679214372599127,,,,,,,"not calculable: missing on-hand, inbound, lead time, shelf life, BOM/yield"
2026-09-10,2026-09-01,Pattaya_Beach,MixedBerryPremium,22.531820430637648,17.07600055367973,27.987640307595566,0.20131180625630676,21.380058810734823,28.211034803236775,35.04201079573873,5.679214372599127,,,,,,,"not calculable: missing on-hand, inbound, lead time, shelf life, BOM/yield"
2026-09-11,2026-09-01,Pattaya_Beach,MixedBerryPremium,22.531820430637648,17.07600055367973,27.987640307595566,0.20131180625630676,21.380058810734823,28.211034803236775,35.04201079573873,5.679214372599127,,,,,,,"not calculable: missing on-hand, inbound, lead time, shelf life, BOM/yield"
2026-09-12,2026-09-01,Pattaya_Beach,MixedBerryPremium,22.531820430637648,17.07600055367973,27.987640307595566,0.20131180625630676,21.380058810734823,28.211034803236775,35.04201079573873,5.679214372599127,,,,,,,"not calculable: missing on-hand, inbound, lead time, shelf life, BOM/yield"
2026-09-13,2026-09-01,Pattaya_Beach,MixedBerryPremium,22.531820430637648,17.07600055367973,27.987640307595566,0.20131180625630676,21.380058810734823,28.211034803236775,35.04201079573873,5.679214372599127,,,,,,,"not calculable: missing on-hand, inbound, lead time, shelf life, BOM/yield"
2026-09-14,2026-09-01,Pattaya_Beach,MixedBerryPremium,22.531820430637648,17.07600055367973,27.987640307595566,0.20131180625630676,21.380058810734823,28.211034803236775,35.04201079573873,5.679214372599127,,,,,,,"not calculable: missing on-hand, inbound, lead time, shelf life, BOM/yield"
2026-09-15,2026-09-01,Pattaya_Beach,MixedBerryPremium,22.531820430637648,17.07600055367973,27.987640307595566,0.20131180625630676,21.380058810734823,28.211034803236775,35.04201079573873,5.679214372599127,,,,,,,"not calculable: missing on-hand, inbound, lead time, shelf life, BOM/yield"
2026-09-16,2026-09-01,Pattaya_Beach,MixedBerryPremium,22.531820430637648,17.07600055367973,27.987640307595566,0.20131180625630676,21.380058810734823,28.211034803236775,35.04201079573873,5.679214372599127,,,,,,,"not calculable: missing on-hand, inbound, lead time, shelf life, BOM/yield"
2026-09-17,2026-09-01,Pattaya_Beach,MixedBerryPremium,22.531820430637648,17.07600055367973,27.987640307595566,0.20131180625630676,21.380058810734823,28.211034803236775,35.04201079573873,5.679214372599127,,,,,,,"not calculable: missing on-hand, inbound, lead time, shelf life, BOM/yield"
2026-09-18,2026-09-01,Pattaya_Beach,MixedBerryPremium,22.531820430637648,17.07600055367973,27.987640307595566,0.20131180625630676,21.380058810734823,28.211034803236775,35.04201079573873,5.679214372599127,,,,,,,"not calculable: missing on-hand, inbound, lead time, shelf life, BOM/yield"
2026-09-19,2026-09-01,Pattaya_Beach,MixedBerryPremium,22.531820430637648,17.07600055367973,27.987640307595566,0.20131180625630676,21.380058810734823,28.211034803236775,35.04201079573873,5.679214372599127,,,,,,,"not calculable: missing on-hand, inbound, lead time, shelf life, BOM/yield"
2026-09-20,2026-09-01,Pattaya_Beach,MixedBerryPremium,22.531820430637648,17.07600055367973,27.987640307595566,0.20131180625630676,21.380058810734823,28.211034803236775,35.04201079573873,5.679214372599127,,,,,,,"not calculable: missing on-hand, inbound, lead time, shelf life, BOM/yield"
2026-09-21,2026-09-01,Pattaya_Beach,MixedBerryPremium,22.531820430637648,17.07600055367973,27.987640307595566,0.20131180625630676,21.380058810734823,28.211034803236775,35.04201079573873,5.679214372599127,,,,,,,"not calculable: missing on-hand, inbound, lead time, shelf life, BOM/yield"
2026-09-22,2026-09-01,Pattaya_Beach,MixedBerryPremium,22.531820430637648,17.07600055367973,27.987640307595566,0.20131180625630676,21.380058810734823,28.211034803236775,35.04201079573873,5.679214372599127,,,,,,,"not calculable: missing on-hand, inbound, lead time, shelf life, BOM/yield"
2026-09-23,2026-09-01,Pattaya_Beach,MixedBerryPremium,22.531820430637648,17.07600055367973,27.987640307595566,0.20131180625630676,21.380058810734823,28.211034803236775,35.04201079573873,5.679214372599127,,,,,,,"not calculable: missing on-hand, inbound, lead time, shelf life, BOM/yield"
2026-09-24,2026-09-01,Pattaya_Beach,MixedBerryPremium,22.531820430637648,17.07600055367973,27.987640307595566,0.20131180625630676,21.380058810734823,28.211034803236775,35.04201079573873,5.679214372599127,,,,,,,"not calculable: missing on-hand, inbound, lead time, shelf life, BOM/yield"
2026-09-25,2026-09-01,Pattaya_Beach,MixedBerryPremium,22.531820430637648,17.07600055367973,27.987640307595566,0.20131180625630676,21.380058810734823,28.211034803236775,35.04201079573873,5.679214372599127,,,,,,,"not calculable: missing on-hand, inbound, lead time, shelf life, BOM/yield"
2026-09-26,2026-09-01,Pattaya_Beach,MixedBerryPremium,22.531820430637648,17.07600055367973,27.987640307595566,0.20131180625630676,21.380058810734823,28.211034803236775,35.04201079573873,5.679214372599127,,,,,,,"not calculable: missing on-hand, inbound, lead time, shelf life, BOM/yield"
2026-09-27,2026-09-01,Pattaya_Beach,MixedBerryPremium,22.531820430637648,17.07600055367973,27.987640307595566,0.20131180625630676,21.380058810734823,28.211034803236775,35.04201079573873,5.679214372599127,,,,,,,"not calculable: missing on-hand, inbound, lead time, shelf life, BOM/yield"
2026-09-28,2026-09-01,Pattaya_Beach,MixedBerryPremium,22.531820430637648,17.07600055367973,27.987640307595566,0.20131180625630676,21.380058810734823,28.211034803236775,35.04201079573873,5.679214372599127,,,,,,,"not calculable: missing on-hand, inbound, lead time, shelf life, BOM/yield"
2026-09-29,2026-09-01,Pattaya_Beach,MixedBerryPremium,22.531820430637648,17.07600055367973,27.987640307595566,0.20131180625630676,21.380058810734823,28.211034803236775,35.04201079573873,5.679214372599127,,,,,,,"not calculable: missing on-hand, inbound, lead time, shelf life, BOM/yield"
2026-09-30,2026-09-01,Pattaya_Beach,MixedBerryPremium,22.531820430637648,17.07600055367973,27.987640307595566,0.20131180625630676,21.380058810734823,28.211034803236775,35.04201079573873,5.679214372599127,,,,,,,"not calculable: missing on-hand, inbound, lead time, shelf life, BOM/yield"
2026-10-01,2026-10-01,Pattaya_Beach,MixedBerryPremium,22.531820430637648,17.07600055367973,27.987640307595566,0.20131180625630676,21.380058810734823,28.211034803236775,35.04201079573873,5.679214372599127,,,,,,,"not calculable: missing on-hand, inbound, lead time, shelf life, BOM/yield"
2026-10-02,2026-10-01,Pattaya_Beach,MixedBerryPremium,22.531820430637648,17.07600055367973,27.987640307595566,0.20131180625630676,21.380058810734823,28.211034803236775,35.04201079573873,5.679214372599127,,,,,,,"not calculable: missing on-hand, inbound, lead time, shelf life, BOM/yield"
2026-10-03,2026-10-01,Pattaya_Beach,MixedBerryPremium,22.531820430637648,17.07600055367973,27.987640307595566,0.20131180625630676,21.380058810734823,28.211034803236775,35.04201079573873,5.679214372599127,,,,,,,"not calculable: missing on-hand, inbound, lead time, shelf life, BOM/yield"
2026-10-04,2026-10-01,Pattaya_Beach,MixedBerryPremium,22.531820430637648,17.07600055367973,27.987640307595566,0.20131180625630676,21.380058810734823,28.211034803236775,35.04201079573873,5.679214372599127,,,,,,,"not calculable: missing on-hand, inbound, lead time, shelf life, BOM/yield"
2026-10-05,2026-10-01,Pattaya_Beach,MixedBerryPremium,22.531820430637648,17.07600055367973,27.987640307595566,0.20131180625630676,21.380058810734823,28.211034803236775,35.04201079573873,5.679214372599127,,,,,,,"not calculable: missing on-hand, inbound, lead time, shelf life, BOM/yield"
2026-10-06,2026-10-01,Pattaya_Beach,MixedBerryPremium,22.531820430637648,17.07600055367973,27.987640307595566,0.20131180625630676,21.380058810734823,28.211034803236775,35.04201079573873,5.679214372599127,,,,,,,"not calculable: missing on-hand, inbound, lead time, shelf life, BOM/yield"
2026-10-07,2026-10-01,Pattaya_Beach,MixedBerryPremium,22.531820430637648,17.07600055367973,27.987640307595566,0.20131180625630676,21.380058810734823,28.211034803236775,35.04201079573873,5.679214372599127,,,,,,,"not calculable: missing on-hand, inbound, lead time, shelf life, BOM/yield"
2026-10-08,2026-10-01,Pattaya_Beach,MixedBerryPremium,22.531820430637648,17.07600055367973,27.987640307595566,0.20131180625630676,21.380058810734823,28.211034803236775,35.04201079573873,5.679214372599127,,,,,,,"not calculable: missing on-hand, inbound, lead time, shelf life, BOM/yield"
2026-10-09,2026-10-01,Pattaya_Beach,MixedBerryPremium,22.531820430637648,17.07600055367973,27.987640307595566,0.20131180625630676,21.380058810734823,28.211034803236775,35.04201079573873,5.679214372599127,,,,,,,"not calculable: missing on-hand, inbound, lead time, shelf life, BOM/yield"
2026-10-10,2026-10-01,Pattaya_Beach,MixedBerryPremium,22.531820430637648,17.07600055367973,27.987640307595566,0.20131180625630676,21.380058810734823,28.211034803236775,35.04201079573873,5.679214372599127,,,,,,,"not calculable: missing on-hand, inbound, lead time, shelf life, BOM/yield"
2026-10-11,2026-10-01,Pattaya_Beach,MixedBerryPremium,22.531820430637648,17.07600055367973,27.987640307595566,0.20131180625630676,21.380058810734823,28.211034803236775,35.04201079573873,5.679214372599127,,,,,,,"not calculable: missing on-hand, inbound, lead time, shelf life, BOM/yield"
2026-10-12,2026-10-01,Pattaya_Beach,MixedBerryPremium,22.531820430637648,17.07600055367973,27.987640307595566,0.20131180625630676,21.380058810734823,28.211034803236775,35.04201079573873,5.679214372599127,,,,,,,"not calculable: missing on-hand, inbound, lead time, shelf life, BOM/yield"
2026-10-13,2026-10-01,Pattaya_Beach,MixedBerryPremium,22.531820430637648,17.07600055367973,27.987640307595566,0.20131180625630676,21.380058810734823,28.211034803236775,35.04201079573873,5.679214372599127,,,,,,,"not calculable: missing on-hand, inbound, lead time, shelf life, BOM/yield"
2026-10-14,2026-10-01,Pattaya_Beach,MixedBerryPremium,22.531820430637648,17.07600055367973,27.987640307595566,0.20131180625630676,21.380058810734823,28.211034803236775,35.04201079573873,5.679214372599127,,,,,,,"not calculable: missing on-hand, inbound, lead time, shelf life, BOM/yield"
2026-10-15,2026-10-01,Pattaya_Beach,MixedBerryPremium,22.531820430637648,17.07600055367973,27.987640307595566,0.20131180625630676,21.380058810734823,28.211034803236775,35.04201079573873,5.679214372599127,,,,,,,"not calculable: missing on-hand, inbound, lead time, shelf life, BOM/yield"
2026-10-16,2026-10-01,Pattaya_Beach,MixedBerryPremium,22.531820430637648,17.07600055367973,27.987640307595566,0.20131180625630676,21.380058810734823,28.211034803236775,35.04201079573873,5.679214372599127,,,,,,,"not calculable: missing on-hand, inbound, lead time, shelf life, BOM/yield"
2026-10-17,2026-10-01,Pattaya_Beach,MixedBerryPremium,22.531820430637648,17.07600055367973,27.987640307595566,0.20131180625630676,21.380058810734823,28.211034803236775,35.04201079573873,5.679214372599127,,,,,,,"not calculable: missing on-hand, inbound, lead time, shelf life, BOM/yield"
2026-10-18,2026-10-01,Pattaya_Beach,MixedBerryPremium,22.531820430637648,17.07600055367973,27.987640307595566,0.20131180625630676,21.380058810734823,28.211034803236775,35.04201079573873,5.679214372599127,,,,,,,"not calculable: missing on-hand, inbound, lead time, shelf life, BOM/yield"
2026-10-19,2026-10-01,Pattaya_Beach,MixedBerryPremium,22.531820430637648,17.07600055367973,27.987640307595566,0.20131180625630676,21.380058810734823,28.211034803236775,35.04201079573873,5.679214372599127,,,,,,,"not calculable: missing on-hand, inbound, lead time, shelf life, BOM/yield"
2026-10-20,2026-10-01,Pattaya_Beach,MixedBerryPremium,22.531820430637648,17.07600055367973,27.987640307595566,0.20131180625630676,21.380058810734823,28.211034803236775,35.04201079573873,5.679214372599127,,,,,,,"not calculable: missing on-hand, inbound, lead time, shelf life, BOM/yield"
2026-10-21,2026-10-01,Pattaya_Beach,MixedBerryPremium,22.531820430637648,17.07600055367973,27.987640307595566,0.20131180625630676,21.380058810734823,28.211034803236775,35.04201079573873,5.679214372599127,,,,,,,"not calculable: missing on-hand, inbound, lead time, shelf life, BOM/yield"
2026-10-22,2026-10-01,Pattaya_Beach,MixedBerryPremium,22.531820430637648,17.07600055367973,27.987640307595566,0.20131180625630676,21.380058810734823,28.211034803236775,35.04201079573873,5.679214372599127,,,,,,,"not calculable: missing on-hand, inbound, lead time, shelf life, BOM/yield"
2026-10-23,2026-10-01,Pattaya_Beach,MixedBerryPremium,22.531820430637648,17.07600055367973,27.987640307595566,0.20131180625630676,21.380058810734823,28.211034803236775,35.04201079573873,5.679214372599127,,,,,,,"not calculable: missing on-hand, inbound, lead time, shelf life, BOM/yield"
2026-10-24,2026-10-01,Pattaya_Beach,MixedBerryPremium,22.531820430637648,17.07600055367973,27.987640307595566,0.20131180625630676,21.380058810734823,28.211034803236775,35.04201079573873,5.679214372599127,,,,,,,"not calculable: missing on-hand, inbound, lead time, shelf life, BOM/yield"
2026-10-25,2026-10-01,Pattaya_Beach,MixedBerryPremium,22.531820430637648,17.07600055367973,27.987640307595566,0.20131180625630676,21.380058810734823,28.211034803236775,35.04201079573873,5.679214372599127,,,,,,,"not calculable: missing on-hand, inbound, lead time, shelf life, BOM/yield"
2026-10-26,2026-10-01,Pattaya_Beach,MixedBerryPremium,22.531820430637648,17.07600055367973,27.987640307595566,0.20131180625630676,21.380058810734823,28.211034803236775,35.04201079573873,5.679214372599127,,,,,,,"not calculable: missing on-hand, inbound, lead time, shelf life, BOM/yield"
2026-10-27,2026-10-01,Pattaya_Beach,MixedBerryPremium,22.531820430637648,17.07600055367973,27.987640307595566,0.20131180625630676,21.380058810734823,28.211034803236775,35.04201079573873,5.679214372599127,,,,,,,"not calculable: missing on-hand, inbound, lead time, shelf life, BOM/yield"
2026-10-28,2026-10-01,Pattaya_Beach,MixedBerryPremium,22.531820430637648,17.07600055367973,27.987640307595566,0.20131180625630676,21.380058810734823,28.211034803236775,35.04201079573873,5.679214372599127,,,,,,,"not calculable: missing on-hand, inbound, lead time, shelf life, BOM/yield"
2026-10-29,2026-10-01,Pattaya_Beach,MixedBerryPremium,22.531820430637648,17.07600055367973,27.987640307595566,0.20131180625630676,21.380058810734823,28.211034803236775,35.04201079573873,5.679214372599127,,,,,,,"not calculable: missing on-hand, inbound, lead time, shelf life, BOM/yield"
2026-10-30,2026-10-01,Pattaya_Beach,MixedBerryPremium,22.531820430637648,17.07600055367973,27.987640307595566,0.20131180625630676,21.380058810734823,28.211034803236775,35.04201079573873,5.679214372599127,,,,,,,"not calculable: missing on-hand, inbound, lead time, shelf life, BOM/yield"
2026-10-31,2026-10-01,Pattaya_Beach,MixedBerryPremium,22.531820430637648,17.07600055367973,27.987640307595566,0.20131180625630676,21.380058810734823,28.211034803236775,35.04201079573873,5.679214372599127,,,,,,,"not calculable: missing on-hand, inbound, lead time, shelf life, BOM/yield"
2026-11-01,2026-11-01,Pattaya_Beach,MixedBerryPremium,22.531820430637648,17.07600055367973,27.987640307595566,0.20131180625630676,21.380058810734823,28.211034803236775,35.04201079573873,5.679214372599127,,,,,,,"not calculable: missing on-hand, inbound, lead time, shelf life, BOM/yield"
2026-11-02,2026-11-01,Pattaya_Beach,MixedBerryPremium,22.531820430637648,17.07600055367973,27.987640307595566,0.20131180625630676,21.380058810734823,28.211034803236775,35.04201079573873,5.679214372599127,,,,,,,"not calculable: missing on-hand, inbound, lead time, shelf life, BOM/yield"
2026-11-03,2026-11-01,Pattaya_Beach,MixedBerryPremium,22.531820430637648,17.07600055367973,27.987640307595566,0.20131180625630676,21.380058810734823,28.211034803236775,35.04201079573873,5.679214372599127,,,,,,,"not calculable: missing on-hand, inbound, lead time, shelf life, BOM/yield"
2026-11-04,2026-11-01,Pattaya_Beach,MixedBerryPremium,22.531820430637648,17.07600055367973,27.987640307595566,0.20131180625630676,21.380058810734823,28.211034803236775,35.04201079573873,5.679214372599127,,,,,,,"not calculable: missing on-hand, inbound, lead time, shelf life, BOM/yield"
2026-11-05,2026-11-01,Pattaya_Beach,MixedBerryPremium,22.531820430637648,17.07600055367973,27.987640307595566,0.20131180625630676,21.380058810734823,28.211034803236775,35.04201079573873,5.679214372599127,,,,,,,"not calculable: missing on-hand, inbound, lead time, shelf life, BOM/yield"
2026-11-06,2026-11-01,Pattaya_Beach,MixedBerryPremium,22.531820430637648,17.07600055367973,27.987640307595566,0.20131180625630676,21.380058810734823,28.211034803236775,35.04201079573873,5.679214372599127,,,,,,,"not calculable: missing on-hand, inbound, lead time, shelf life, BOM/yield"
2026-11-07,2026-11-01,Pattaya_Beach,MixedBerryPremium,22.531820430637648,17.07600055367973,27.987640307595566,0.20131180625630676,21.380058810734823,28.211034803236775,35.04201079573873,5.679214372599127,,,,,,,"not calculable: missing on-hand, inbound, lead time, shelf life, BOM/yield"
2026-11-08,2026-11-01,Pattaya_Beach,MixedBerryPremium,22.531820430637648,17.07600055367973,27.987640307595566,0.20131180625630676,21.380058810734823,28.211034803236775,35.04201079573873,5.679214372599127,,,,,,,"not calculable: missing on-hand, inbound, lead time, shelf life, BOM/yield"
2026-11-09,2026-11-01,Pattaya_Beach,MixedBerryPremium,22.531820430637648,17.07600055367973,27.987640307595566,0.20131180625630676,21.380058810734823,28.211034803236775,35.04201079573873,5.679214372599127,,,,,,,"not calculable: missing on-hand, inbound, lead time, shelf life, BOM/yield"
2026-11-10,2026-11-01,Pattaya_Beach,MixedBerryPremium,22.531820430637648,17.07600055367973,27.987640307595566,0.20131180625630676,21.380058810734823,28.211034803236775,35.04201079573873,5.679214372599127,,,,,,,"not calculable: missing on-hand, inbound, lead time, shelf life, BOM/yield"
2026-11-11,2026-11-01,Pattaya_Beach,MixedBerryPremium,22.531820430637648,17.07600055367973,27.987640307595566,0.20131180625630676,21.380058810734823,28.211034803236775,35.04201079573873,5.679214372599127,,,,,,,"not calculable: missing on-hand, inbound, lead time, shelf life, BOM/yield"
2026-11-12,2026-11-01,Pattaya_Beach,MixedBerryPremium,22.531820430637648,17.07600055367973,27.987640307595566,0.20131180625630676,21.380058810734823,28.211034803236775,35.04201079573873,5.679214372599127,,,,,,,"not calculable: missing on-hand, inbound, lead time, shelf life, BOM/yield"
2026-11-13,2026-11-01,Pattaya_Beach,MixedBerryPremium,22.531820430637648,17.07600055367973,27.987640307595566,0.20131180625630676,21.380058810734823,28.211034803236775,35.04201079573873,5.679214372599127,,,,,,,"not calculable: missing on-hand, inbound, lead time, shelf life, BOM/yield"
2026-11-14,2026-11-01,Pattaya_Beach,MixedBerryPremium,22.531820430637648,17.07600055367973,27.987640307595566,0.20131180625630676,21.380058810734823,28.211034803236775,35.04201079573873,5.679214372599127,,,,,,,"not calculable: missing on-hand, inbound, lead time, shelf life, BOM/yield"
2026-11-15,2026-11-01,Pattaya_Beach,MixedBerryPremium,22.531820430637648,17.07600055367973,27.987640307595566,0.20131180625630676,21.380058810734823,28.211034803236775,35.04201079573873,5.679214372599127,,,,,,,"not calculable: missing on-hand, inbound, lead time, shelf life, BOM/yield"
2026-11-16,2026-11-01,Pattaya_Beach,MixedBerryPremium,22.531820430637648,17.07600055367973,27.987640307595566,0.20131180625630676,21.380058810734823,28.211034803236775,35.04201079573873,5.679214372599127,,,,,,,"not calculable: missing on-hand, inbound, lead time, shelf life, BOM/yield"
2026-11-17,2026-11-01,Pattaya_Beach,MixedBerryPremium,22.531820430637648,17.07600055367973,27.987640307595566,0.20131180625630676,21.380058810734823,28.211034803236775,35.04201079573873,5.679214372599127,,,,,,,"not calculable: missing on-hand, inbound, lead time, shelf life, BOM/yield"
2026-11-18,2026-11-01,Pattaya_Beach,MixedBerryPremium,22.531820430637648,17.07600055367973,27.987640307595566,0.20131180625630676,21.380058810734823,28.211034803236775,35.04201079573873,5.679214372599127,,,,,,,"not calculable: missing on-hand, inbound, lead time, shelf life, BOM/yield"
2026-11-19,2026-11-01,Pattaya_Beach,MixedBerryPremium,22.531820430637648,17.07600055367973,27.987640307595566,0.20131180625630676,21.380058810734823,28.211034803236775,35.04201079573873,5.679214372599127,,,,,,,"not calculable: missing on-hand, inbound, lead time, shelf life, BOM/yield"
2026-11-20,2026-11-01,Pattaya_Beach,MixedBerryPremium,22.531820430637648,17.07600055367973,27.987640307595566,0.20131180625630676,21.380058810734823,28.211034803236775,35.04201079573873,5.679214372599127,,,,,,,"not calculable: missing on-hand, inbound, lead time, shelf life, BOM/yield"
2026-11-21,2026-11-01,Pattaya_Beach,MixedBerryPremium,22.531820430637648,17.07600055367973,27.987640307595566,0.20131180625630676,21.380058810734823,28.211034803236775,35.04201079573873,5.679214372599127,,,,,,,"not calculable: missing on-hand, inbound, lead time, shelf life, BOM/yield"
2026-11-22,2026-11-01,Pattaya_Beach,MixedBerryPremium,22.531820430637648,17.07600055367973,27.987640307595566,0.20131180625630676,21.380058810734823,28.211034803236775,35.04201079573873,5.679214372599127,,,,,,,"not calculable: missing on-hand, inbound, lead time, shelf life, BOM/yield"
2026-11-23,2026-11-01,Pattaya_Beach,MixedBerryPremium,22.531820430637648,17.07600055367973,27.987640307595566,0.20131180625630676,21.380058810734823,28.211034803236775,35.04201079573873,5.679214372599127,,,,,,,"not calculable: missing on-hand, inbound, lead time, shelf life, BOM/yield"
2026-11-24,2026-11-01,Pattaya_Beach,MixedBerryPremium,22.531820430637648,17.07600055367973,27.987640307595566,0.20131180625630676,21.380058810734823,28.211034803236775,35.04201079573873,5.679214372599127,,,,,,,"not calculable: missing on-hand, inbound, lead time, shelf life, BOM/yield"
2026-11-25,2026-11-01,Pattaya_Beach,MixedBerryPremium,22.531820430637648,17.07600055367973,27.987640307595566,0.20131180625630676,21.380058810734823,28.211034803236775,35.04201079573873,5.679214372599127,,,,,,,"not calculable: missing on-hand, inbound, lead time, shelf life, BOM/yield"
2026-11-26,2026-11-01,Pattaya_Beach,MixedBerryPremium,22.531820430637648,17.07600055367973,27.987640307595566,0.20131180625630676,21.380058810734823,28.211034803236775,35.04201079573873,5.679214372599127,,,,,,,"not calculable: missing on-hand, inbound, lead time, shelf life, BOM/yield"
2026-11-27,2026-11-01,Pattaya_Beach,MixedBerryPremium,22.531820430637648,17.07600055367973,27.987640307595566,0.20131180625630676,21.380058810734823,28.211034803236775,35.04201079573873,5.679214372599127,,,,,,,"not calculable: missing on-hand, inbound, lead time, shelf life, BOM/yield"
2026-11-28,2026-11-01,Pattaya_Beach,MixedBerryPremium,22.531820430637648,17.07600055367973,27.987640307595566,0.20131180625630676,21.380058810734823,28.211034803236775,35.04201079573873,5.679214372599127,,,,,,,"not calculable: missing on-hand, inbound, lead time, shelf life, BOM/yield"
2026-11-29,2026-11-01,Pattaya_Beach,MixedBerryPremium,22.531820430637648,17.07600055367973,27.987640307595566,0.20131180625630676,21.380058810734823,28.211034803236775,35.04201079573873,5.679214372599127,,,,,,,"not calculable: missing on-hand, inbound, lead time, shelf life, BOM/yield"
2026-11-30,2026-11-01,Pattaya_Beach,MixedBerryPremium,22.531820430637648,17.07600055367973,27.987640307595566,0.20131180625630676,21.380058810734823,28.211034803236775,35.04201079573873,5.679214372599127,,,,,,,"not calculable: missing on-hand, inbound, lead time, shelf life, BOM/yield"
2026-09-01,2026-09-01,Pattaya_Beach,PassionFruit,53.25514752378437,40.360029115352845,66.15026593221589,0.08900756564307966,44.303363664972075,58.458386168023196,72.6134086710743,5.203238644238823,,,,,,,"not calculable: missing on-hand, inbound, lead time, shelf life, BOM/yield"
2026-09-02,2026-09-01,Pattaya_Beach,PassionFruit,53.25514752378437,40.360029115352845,66.15026593221589,0.08900756564307966,44.303363664972075,58.458386168023196,72.6134086710743,5.203238644238823,,,,,,,"not calculable: missing on-hand, inbound, lead time, shelf life, BOM/yield"
2026-09-03,2026-09-01,Pattaya_Beach,PassionFruit,53.25514752378437,40.360029115352845,66.15026593221589,0.08900756564307966,44.303363664972075,58.458386168023196,72.6134086710743,5.203238644238823,,,,,,,"not calculable: missing on-hand, inbound, lead time, shelf life, BOM/yield"
2026-09-04,2026-09-01,Pattaya_Beach,PassionFruit,53.25514752378437,40.360029115352845,66.15026593221589,0.08900756564307966,44.303363664972075,58.458386168023196,72.6134086710743,5.203238644238823,,,,,,,"not calculable: missing on-hand, inbound, lead time, shelf life, BOM/yield"
2026-09-05,2026-09-01,Pattaya_Beach,PassionFruit,53.25514752378437,40.360029115352845,66.15026593221589,0.08900756564307966,44.303363664972075,58.458386168023196,72.6134086710743,5.203238644238823,,,,,,,"not calculable: missing on-hand, inbound, lead time, shelf life, BOM/yield"
2026-09-06,2026-09-01,Pattaya_Beach,PassionFruit,53.25514752378437,40.360029115352845,66.15026593221589,0.08900756564307966,44.303363664972075,58.458386168023196,72.6134086710743,5.203238644238823,,,,,,,"not calculable: missing on-hand, inbound, lead time, shelf life, BOM/yield"
2026-09-07,2026-09-01,Pattaya_Beach,PassionFruit,53.25514752378437,40.360029115352845,66.15026593221589,0.08900756564307966,44.303363664972075,58.458386168023196,72.6134086710743,5.203238644238823,,,,,,,"not calculable: missing on-hand, inbound, lead time, shelf life, BOM/yield"
2026-09-08,2026-09-01,Pattaya_Beach,PassionFruit,53.25514752378437,40.360029115352845,66.15026593221589,0.08900756564307966,44.303363664972075,58.458386168023196,72.6134086710743,5.203238644238823,,,,,,,"not calculable: missing on-hand, inbound, lead time, shelf life, BOM/yield"
2026-09-09,2026-09-01,Pattaya_Beach,PassionFruit,53.25514752378437,40.360029115352845,66.15026593221589,0.08900756564307966,44.303363664972075,58.458386168023196,72.6134086710743,5.203238644238823,,,,,,,"not calculable: missing on-hand, inbound, lead time, shelf life, BOM/yield"
2026-09-10,2026-09-01,Pattaya_Beach,PassionFruit,53.25514752378437,40.360029115352845,66.15026593221589,0.08900756564307966,44.303363664972075,58.458386168023196,72.6134086710743,5.203238644238823,,,,,,,"not calculable: missing on-hand, inbound, lead time, shelf life, BOM/yield"
2026-09-11,2026-09-01,Pattaya_Beach,PassionFruit,53.25514752378437,40.360029115352845,66.15026593221589,0.08900756564307966,44.303363664972075,58.458386168023196,72.6134086710743,5.203238644238823,,,,,,,"not calculable: missing on-hand, inbound, lead time, shelf life, BOM/yield"
2026-09-12,2026-09-01,Pattaya_Beach,PassionFruit,53.25514752378437,40.360029115352845,66.15026593221589,0.08900756564307966,44.303363664972075,58.458386168023196,72.6134086710743,5.203238644238823,,,,,,,"not calculable: missing on-hand, inbound, lead time, shelf life, BOM/yield"
2026-09-13,2026-09-01,Pattaya_Beach,PassionFruit,53.25514752378437,40.360029115352845,66.15026593221589,0.08900756564307966,44.303363664972075,58.458386168023196,72.6134086710743,5.203238644238823,,,,,,,"not calculable: missing on-hand, inbound, lead time, shelf life, BOM/yield"
2026-09-14,2026-09-01,Pattaya_Beach,PassionFruit,53.25514752378437,40.360029115352845,66.15026593221589,0.08900756564307966,44.303363664972075,58.458386168023196,72.6134086710743,5.203238644238823,,,,,,,"not calculable: missing on-hand, inbound, lead time, shelf life, BOM/yield"
2026-09-15,2026-09-01,Pattaya_Beach,PassionFruit,53.25514752378437,40.360029115352845,66.15026593221589,0.08900756564307966,44.303363664972075,58.458386168023196,72.6134086710743,5.203238644238823,,,,,,,"not calculable: missing on-hand, inbound, lead time, shelf life, BOM/yield"
2026-09-16,2026-09-01,Pattaya_Beach,PassionFruit,53.25514752378437,40.360029115352845,66.15026593221589,0.08900756564307966,44.303363664972075,58.458386168023196,72.6134086710743,5.203238644238823,,,,,,,"not calculable: missing on-hand, inbound, lead time, shelf life, BOM/yield"
2026-09-17,2026-09-01,Pattaya_Beach,PassionFruit,53.25514752378437,40.360029115352845,66.15026593221589,0.08900756564307966,44.303363664972075,58.458386168023196,72.6134086710743,5.203238644238823,,,,,,,"not calculable: missing on-hand, inbound, lead time, shelf life, BOM/yield"
2026-09-18,2026-09-01,Pattaya_Beach,PassionFruit,53.25514752378437,40.360029115352845,66.15026593221589,0.08900756564307966,44.303363664972075,58.458386168023196,72.6134086710743,5.203238644238823,,,,,,,"not calculable: missing on-hand, inbound, lead time, shelf life, BOM/yield"
2026-09-19,2026-09-01,Pattaya_Beach,PassionFruit,53.25514752378437,40.360029115352845,66.15026593221589,0.08900756564307966,44.303363664972075,58.458386168023196,72.6134086710743,5.203238644238823,,,,,,,"not calculable: missing on-hand, inbound, lead time, shelf life, BOM/yield"
2026-09-20,2026-09-01,Pattaya_Beach,PassionFruit,53.25514752378437,40.360029115352845,66.15026593221589,0.08900756564307966,44.303363664972075,58.458386168023196,72.6134086710743,5.203238644238823,,,,,,,"not calculable: missing on-hand, inbound, lead time, shelf life, BOM/yield"
2026-09-21,2026-09-01,Pattaya_Beach,PassionFruit,53.25514752378437,40.360029115352845,66.15026593221589,0.08900756564307966,44.303363664972075,58.458386168023196,72.6134086710743,5.203238644238823,,,,,,,"not calculable: missing on-hand, inbound, lead time, shelf life, BOM/yield"
2026-09-22,2026-09-01,Pattaya_Beach,PassionFruit,53.25514752378437,40.360029115352845,66.15026593221589,0.08900756564307966,44.303363664972075,58.458386168023196,72.6134086710743,5.203238644238823,,,,,,,"not calculable: missing on-hand, inbound, lead time, shelf life, BOM/yield"
2026-09-23,2026-09-01,Pattaya_Beach,PassionFruit,53.25514752378437,40.360029115352845,66.15026593221589,0.08900756564307966,44.303363664972075,58.458386168023196,72.6134086710743,5.203238644238823,,,,,,,"not calculable: missing on-hand, inbound, lead time, shelf life, BOM/yield"
2026-09-24,2026-09-01,Pattaya_Beach,PassionFruit,53.25514752378437,40.360029115352845,66.15026593221589,0.08900756564307966,44.303363664972075,58.458386168023196,72.6134086710743,5.203238644238823,,,,,,,"not calculable: missing on-hand, inbound, lead time, shelf life, BOM/yield"
2026-09-25,2026-09-01,Pattaya_Beach,PassionFruit,53.25514752378437,40.360029115352845,66.15026593221589,0.08900756564307966,44.303363664972075,58.458386168023196,72.6134086710743,5.203238644238823,,,,,,,"not calculable: missing on-hand, inbound, lead time, shelf life, BOM/yield"
2026-09-26,2026-09-01,Pattaya_Beach,PassionFruit,53.25514752378437,40.360029115352845,66.15026593221589,0.08900756564307966,44.303363664972075,58.458386168023196,72.6134086710743,5.203238644238823,,,,,,,"not calculable: missing on-hand, inbound, lead time, shelf life, BOM/yield"
2026-09-27,2026-09-01,Pattaya_Beach,PassionFruit,53.25514752378437,40.360029115352845,66.15026593221589,0.08900756564307966,44.303363664972075,58.458386168023196,72.6134086710743,5.203238644238823,,,,,,,"not calculable: missing on-hand, inbound, lead time, shelf life, BOM/yield"
2026-09-28,2026-09-01,Pattaya_Beach,PassionFruit,53.25514752378437,40.360029115352845,66.15026593221589,0.08900756564307966,44.303363664972075,58.458386168023196,72.6134086710743,5.203238644238823,,,,,,,"not calculable: missing on-hand, inbound, lead time, shelf life, BOM/yield"
2026-09-29,2026-09-01,Pattaya_Beach,PassionFruit,53.25514752378437,40.360029115352845,66.15026593221589,0.08900756564307966,44.303363664972075,58.458386168023196,72.6134086710743,5.203238644238823,,,,,,,"not calculable: missing on-hand, inbound, lead time, shelf life, BOM/yield"
2026-09-30,2026-09-01,Pattaya_Beach,PassionFruit,53.25514752378437,40.360029115352845,66.15026593221589,0.08900756564307966,44.303363664972075,58.458386168023196,72.6134086710743,5.203238644238823,,,,,,,"not calculable: missing on-hand, inbound, lead time, shelf life, BOM/yield"
2026-10-01,2026-10-01,Pattaya_Beach,PassionFruit,53.25514752378437,40.360029115352845,66.15026593221589,0.08900756564307966,44.303363664972075,58.458386168023196,72.6134086710743,5.203238644238823,,,,,,,"not calculable: missing on-hand, inbound, lead time, shelf life, BOM/yield"
2026-10-02,2026-10-01,Pattaya_Beach,PassionFruit,53.25514752378437,40.360029115352845,66.15026593221589,0.08900756564307966,44.303363664972075,58.458386168023196,72.6134086710743,5.203238644238823,,,,,,,"not calculable: missing on-hand, inbound, lead time, shelf life, BOM/yield"
2026-10-03,2026-10-01,Pattaya_Beach,PassionFruit,53.25514752378437,40.360029115352845,66.15026593221589,0.08900756564307966,44.303363664972075,58.458386168023196,72.6134086710743,5.203238644238823,,,,,,,"not calculable: missing on-hand, inbound, lead time, shelf life, BOM/yield"
2026-10-04,2026-10-01,Pattaya_Beach,PassionFruit,53.25514752378437,40.360029115352845,66.15026593221589,0.08900756564307966,44.303363664972075,58.458386168023196,72.6134086710743,5.203238644238823,,,,,,,"not calculable: missing on-hand, inbound, lead time, shelf life, BOM/yield"
2026-10-05,2026-10-01,Pattaya_Beach,PassionFruit,53.25514752378437,40.360029115352845,66.15026593221589,0.08900756564307966,44.303363664972075,58.458386168023196,72.6134086710743,5.203238644238823,,,,,,,"not calculable: missing on-hand, inbound, lead time, shelf life, BOM/yield"
2026-10-06,2026-10-01,Pattaya_Beach,PassionFruit,53.25514752378437,40.360029115352845,66.15026593221589,0.08900756564307966,44.303363664972075,58.458386168023196,72.6134086710743,5.203238644238823,,,,,,,"not calculable: missing on-hand, inbound, lead time, shelf life, BOM/yield"
2026-10-07,2026-10-01,Pattaya_Beach,PassionFruit,53.25514752378437,40.360029115352845,66.15026593221589,0.08900756564307966,44.303363664972075,58.458386168023196,72.6134086710743,5.203238644238823,,,,,,,"not calculable: missing on-hand, inbound, lead time, shelf life, BOM/yield"
2026-10-08,2026-10-01,Pattaya_Beach,PassionFruit,53.25514752378437,40.360029115352845,66.15026593221589,0.08900756564307966,44.303363664972075,58.458386168023196,72.6134086710743,5.203238644238823,,,,,,,"not calculable: missing on-hand, inbound, lead time, shelf life, BOM/yield"
2026-10-09,2026-10-01,Pattaya_Beach,PassionFruit,53.25514752378437,40.360029115352845,66.15026593221589,0.08900756564307966,44.303363664972075,58.458386168023196,72.6134086710743,5.203238644238823,,,,,,,"not calculable: missing on-hand, inbound, lead time, shelf life, BOM/yield"
2026-10-10,2026-10-01,Pattaya_Beach,PassionFruit,53.25514752378437,40.360029115352845,66.15026593221589,0.08900756564307966,44.303363664972075,58.458386168023196,72.6134086710743,5.203238644238823,,,,,,,"not calculable: missing on-hand, inbound, lead time, shelf life, BOM/yield"
2026-10-11,2026-10-01,Pattaya_Beach,PassionFruit,53.25514752378437,40.360029115352845,66.15026593221589,0.08900756564307966,44.303363664972075,58.458386168023196,72.6134086710743,5.203238644238823,,,,,,,"not calculable: missing on-hand, inbound, lead time, shelf life, BOM/yield"
2026-10-12,2026-10-01,Pattaya_Beach,PassionFruit,53.25514752378437,40.360029115352845,66.15026593221589,0.08900756564307966,44.303363664972075,58.458386168023196,72.6134086710743,5.203238644238823,,,,,,,"not calculable: missing on-hand, inbound, lead time, shelf life, BOM/yield"
2026-10-13,2026-10-01,Pattaya_Beach,PassionFruit,53.25514752378437,40.360029115352845,66.15026593221589,0.08900756564307966,44.303363664972075,58.458386168023196,72.6134086710743,5.203238644238823,,,,,,,"not calculable: missing on-hand, inbound, lead time, shelf life, BOM/yield"
2026-10-14,2026-10-01,Pattaya_Beach,PassionFruit,53.25514752378437,40.360029115352845,66.15026593221589,0.08900756564307966,44.303363664972075,58.458386168023196,72.6134086710743,5.203238644238823,,,,,,,"not calculable: missing on-hand, inbound, lead time, shelf life, BOM/yield"
2026-10-15,2026-10-01,Pattaya_Beach,PassionFruit,53.25514752378437,40.360029115352845,66.15026593221589,0.08900756564307966,44.303363664972075,58.458386168023196,72.6134086710743,5.203238644238823,,,,,,,"not calculable: missing on-hand, inbound, lead time, shelf life, BOM/yield"
2026-10-16,2026-10-01,Pattaya_Beach,PassionFruit,53.25514752378437,40.360029115352845,66.15026593221589,0.08900756564307966,44.303363664972075,58.458386168023196,72.6134086710743,5.203238644238823,,,,,,,"not calculable: missing on-hand, inbound, lead time, shelf life, BOM/yield"
2026-10-17,2026-10-01,Pattaya_Beach,PassionFruit,53.25514752378437,40.360029115352845,66.15026593221589,0.08900756564307966,44.303363664972075,58.458386168023196,72.6134086710743,5.203238644238823,,,,,,,"not calculable: missing on-hand, inbound, lead time, shelf life, BOM/yield"
2026-10-18,2026-10-01,Pattaya_Beach,PassionFruit,53.25514752378437,40.360029115352845,66.15026593221589,0.08900756564307966,44.303363664972075,58.458386168023196,72.6134086710743,5.203238644238823,,,,,,,"not calculable: missing on-hand, inbound, lead time, shelf life, BOM/yield"
2026-10-19,2026-10-01,Pattaya_Beach,PassionFruit,53.25514752378437,40.360029115352845,66.15026593221589,0.08900756564307966,44.303363664972075,58.458386168023196,72.6134086710743,5.203238644238823,,,,,,,"not calculable: missing on-hand, inbound, lead time, shelf life, BOM/yield"
2026-10-20,2026-10-01,Pattaya_Beach,PassionFruit,53.25514752378437,40.360029115352845,66.15026593221589,0.08900756564307966,44.303363664972075,58.458386168023196,72.6134086710743,5.203238644238823,,,,,,,"not calculable: missing on-hand, inbound, lead time, shelf life, BOM/yield"
2026-10-21,2026-10-01,Pattaya_Beach,PassionFruit,53.25514752378437,40.360029115352845,66.15026593221589,0.08900756564307966,44.303363664972075,58.458386168023196,72.6134086710743,5.203238644238823,,,,,,,"not calculable: missing on-hand, inbound, lead time, shelf life, BOM/yield"
2026-10-22,2026-10-01,Pattaya_Beach,PassionFruit,53.25514752378437,40.360029115352845,66.15026593221589,0.08900756564307966,44.303363664972075,58.458386168023196,72.6134086710743,5.203238644238823,,,,,,,"not calculable: missing on-hand, inbound, lead time, shelf life, BOM/yield"
2026-10-23,2026-10-01,Pattaya_Beach,PassionFruit,53.25514752378437,40.360029115352845,66.15026593221589,0.08900756564307966,44.303363664972075,58.458386168023196,72.6134086710743,5.203238644238823,,,,,,,"not calculable: missing on-hand, inbound, lead time, shelf life, BOM/yield"
2026-10-24,2026-10-01,Pattaya_Beach,PassionFruit,53.25514752378437,40.360029115352845,66.15026593221589,0.08900756564307966,44.303363664972075,58.458386168023196,72.6134086710743,5.203238644238823,,,,,,,"not calculable: missing on-hand, inbound, lead time, shelf life, BOM/yield"
2026-10-25,2026-10-01,Pattaya_Beach,PassionFruit,53.25514752378437,40.360029115352845,66.15026593221589,0.08900756564307966,44.303363664972075,58.458386168023196,72.6134086710743,5.203238644238823,,,,,,,"not calculable: missing on-hand, inbound, lead time, shelf life, BOM/yield"
2026-10-26,2026-10-01,Pattaya_Beach,PassionFruit,53.25514752378437,40.360029115352845,66.15026593221589,0.08900756564307966,44.303363664972075,58.458386168023196,72.6134086710743,5.203238644238823,,,,,,,"not calculable: missing on-hand, inbound, lead time, shelf life, BOM/yield"
2026-10-27,2026-10-01,Pattaya_Beach,PassionFruit,53.25514752378437,40.360029115352845,66.15026593221589,0.08900756564307966,44.303363664972075,58.458386168023196,72.6134086710743,5.203238644238823,,,,,,,"not calculable: missing on-hand, inbound, lead time, shelf life, BOM/yield"
2026-10-28,2026-10-01,Pattaya_Beach,PassionFruit,53.25514752378437,40.360029115352845,66.15026593221589,0.08900756564307966,44.303363664972075,58.458386168023196,72.6134086710743,5.203238644238823,,,,,,,"not calculable: missing on-hand, inbound, lead time, shelf life, BOM/yield"
2026-10-29,2026-10-01,Pattaya_Beach,PassionFruit,53.25514752378437,40.360029115352845,66.15026593221589,0.08900756564307966,44.303363664972075,58.458386168023196,72.6134086710743,5.203238644238823,,,,,,,"not calculable: missing on-hand, inbound, lead time, shelf life, BOM/yield"
2026-10-30,2026-10-01,Pattaya_Beach,PassionFruit,53.25514752378437,40.360029115352845,66.15026593221589,0.08900756564307966,44.303363664972075,58.458386168023196,72.6134086710743,5.203238644238823,,,,,,,"not calculable: missing on-hand, inbound, lead time, shelf life, BOM/yield"
2026-10-31,2026-10-01,Pattaya_Beach,PassionFruit,53.25514752378437,40.360029115352845,66.15026593221589,0.08900756564307966,44.303363664972075,58.458386168023196,72.6134086710743,5.203238644238823,,,,,,,"not calculable: missing on-hand, inbound, lead time, shelf life, BOM/yield"
2026-11-01,2026-11-01,Pattaya_Beach,PassionFruit,53.25514752378437,40.360029115352845,66.15026593221589,0.08900756564307966,44.303363664972075,58.458386168023196,72.6134086710743,5.203238644238823,,,,,,,"not calculable: missing on-hand, inbound, lead time, shelf life, BOM/yield"
2026-11-02,2026-11-01,Pattaya_Beach,PassionFruit,53.25514752378437,40.360029115352845,66.15026593221589,0.08900756564307966,44.303363664972075,58.458386168023196,72.6134086710743,5.203238644238823,,,,,,,"not calculable: missing on-hand, inbound, lead time, shelf life, BOM/yield"
2026-11-03,2026-11-01,Pattaya_Beach,PassionFruit,53.25514752378437,40.360029115352845,66.15026593221589,0.08900756564307966,44.303363664972075,58.458386168023196,72.6134086710743,5.203238644238823,,,,,,,"not calculable: missing on-hand, inbound, lead time, shelf life, BOM/yield"
2026-11-04,2026-11-01,Pattaya_Beach,PassionFruit,53.25514752378437,40.360029115352845,66.15026593221589,0.08900756564307966,44.303363664972075,58.458386168023196,72.6134086710743,5.203238644238823,,,,,,,"not calculable: missing on-hand, inbound, lead time, shelf life, BOM/yield"
2026-11-05,2026-11-01,Pattaya_Beach,PassionFruit,53.25514752378437,40.360029115352845,66.15026593221589,0.08900756564307966,44.303363664972075,58.458386168023196,72.6134086710743,5.203238644238823,,,,,,,"not calculable: missing on-hand, inbound, lead time, shelf life, BOM/yield"
2026-11-06,2026-11-01,Pattaya_Beach,PassionFruit,53.25514752378437,40.360029115352845,66.15026593221589,0.08900756564307966,44.303363664972075,58.458386168023196,72.6134086710743,5.203238644238823,,,,,,,"not calculable: missing on-hand, inbound, lead time, shelf life, BOM/yield"
2026-11-07,2026-11-01,Pattaya_Beach,PassionFruit,53.25514752378437,40.360029115352845,66.15026593221589,0.08900756564307966,44.303363664972075,58.458386168023196,72.6134086710743,5.203238644238823,,,,,,,"not calculable: missing on-hand, inbound, lead time, shelf life, BOM/yield"
2026-11-08,2026-11-01,Pattaya_Beach,PassionFruit,53.25514752378437,40.360029115352845,66.15026593221589,0.08900756564307966,44.303363664972075,58.458386168023196,72.6134086710743,5.203238644238823,,,,,,,"not calculable: missing on-hand, inbound, lead time, shelf life, BOM/yield"
2026-11-09,2026-11-01,Pattaya_Beach,PassionFruit,53.25514752378437,40.360029115352845,66.15026593221589,0.08900756564307966,44.303363664972075,58.458386168023196,72.6134086710743,5.203238644238823,,,,,,,"not calculable: missing on-hand, inbound, lead time, shelf life, BOM/yield"
2026-11-10,2026-11-01,Pattaya_Beach,PassionFruit,53.25514752378437,40.360029115352845,66.15026593221589,0.08900756564307966,44.303363664972075,58.458386168023196,72.6134086710743,5.203238644238823,,,,,,,"not calculable: missing on-hand, inbound, lead time, shelf life, BOM/yield"
2026-11-11,2026-11-01,Pattaya_Beach,PassionFruit,53.25514752378437,40.360029115352845,66.15026593221589,0.08900756564307966,44.303363664972075,58.458386168023196,72.6134086710743,5.203238644238823,,,,,,,"not calculable: missing on-hand, inbound, lead time, shelf life, BOM/yield"
2026-11-12,2026-11-01,Pattaya_Beach,PassionFruit,53.25514752378437,40.360029115352845,66.15026593221589,0.08900756564307966,44.303363664972075,58.458386168023196,72.6134086710743,5.203238644238823,,,,,,,"not calculable: missing on-hand, inbound, lead time, shelf life, BOM/yield"
2026-11-13,2026-11-01,Pattaya_Beach,PassionFruit,53.25514752378437,40.360029115352845,66.15026593221589,0.08900756564307966,44.303363664972075,58.458386168023196,72.6134086710743,5.203238644238823,,,,,,,"not calculable: missing on-hand, inbound, lead time, shelf life, BOM/yield"
2026-11-14,2026-11-01,Pattaya_Beach,PassionFruit,53.25514752378437,40.360029115352845,66.15026593221589,0.08900756564307966,44.303363664972075,58.458386168023196,72.6134086710743,5.203238644238823,,,,,,,"not calculable: missing on-hand, inbound, lead time, shelf life, BOM/yield"
2026-11-15,2026-11-01,Pattaya_Beach,PassionFruit,53.25514752378437,40.360029115352845,66.15026593221589,0.08900756564307966,44.303363664972075,58.458386168023196,72.6134086710743,5.203238644238823,,,,,,,"not calculable: missing on-hand, inbound, lead time, shelf life, BOM/yield"
2026-11-16,2026-11-01,Pattaya_Beach,PassionFruit,53.25514752378437,40.360029115352845,66.15026593221589,0.08900756564307966,44.303363664972075,58.458386168023196,72.6134086710743,5.203238644238823,,,,,,,"not calculable: missing on-hand, inbound, lead time, shelf life, BOM/yield"
2026-11-17,2026-11-01,Pattaya_Beach,PassionFruit,53.25514752378437,40.360029115352845,66.15026593221589,0.08900756564307966,44.303363664972075,58.458386168023196,72.6134086710743,5.203238644238823,,,,,,,"not calculable: missing on-hand, inbound, lead time, shelf life, BOM/yield"
2026-11-18,2026-11-01,Pattaya_Beach,PassionFruit,53.25514752378437,40.360029115352845,66.15026593221589,0.08900756564307966,44.303363664972075,58.458386168023196,72.6134086710743,5.203238644238823,,,,,,,"not calculable: missing on-hand, inbound, lead time, shelf life, BOM/yield"
2026-11-19,2026-11-01,Pattaya_Beach,PassionFruit,53.25514752378437,40.360029115352845,66.15026593221589,0.08900756564307966,44.303363664972075,58.458386168023196,72.6134086710743,5.203238644238823,,,,,,,"not calculable: missing on-hand, inbound, lead time, shelf life, BOM/yield"
2026-11-20,2026-11-01,Pattaya_Beach,PassionFruit,53.25514752378437,40.360029115352845,66.15026593221589,0.08900756564307966,44.303363664972075,58.458386168023196,72.6134086710743,5.203238644238823,,,,,,,"not calculable: missing on-hand, inbound, lead time, shelf life, BOM/yield"
2026-11-21,2026-11-01,Pattaya_Beach,PassionFruit,53.25514752378437,40.360029115352845,66.15026593221589,0.08900756564307966,44.303363664972075,58.458386168023196,72.6134086710743,5.203238644238823,,,,,,,"not calculable: missing on-hand, inbound, lead time, shelf life, BOM/yield"
2026-11-22,2026-11-01,Pattaya_Beach,PassionFruit,53.25514752378437,40.360029115352845,66.15026593221589,0.08900756564307966,44.303363664972075,58.458386168023196,72.6134086710743,5.203238644238823,,,,,,,"not calculable: missing on-hand, inbound, lead time, shelf life, BOM/yield"
2026-11-23,2026-11-01,Pattaya_Beach,PassionFruit,53.25514752378437,40.360029115352845,66.15026593221589,0.08900756564307966,44.303363664972075,58.458386168023196,72.6134086710743,5.203238644238823,,,,,,,"not calculable: missing on-hand, inbound, lead time, shelf life, BOM/yield"
2026-11-24,2026-11-01,Pattaya_Beach,PassionFruit,53.25514752378437,40.360029115352845,66.15026593221589,0.08900756564307966,44.303363664972075,58.458386168023196,72.6134086710743,5.203238644238823,,,,,,,"not calculable: missing on-hand, inbound, lead time, shelf life, BOM/yield"
2026-11-25,2026-11-01,Pattaya_Beach,PassionFruit,53.25514752378437,40.360029115352845,66.15026593221589,0.08900756564307966,44.303363664972075,58.458386168023196,72.6134086710743,5.203238644238823,,,,,,,"not calculable: missing on-hand, inbound, lead time, shelf life, BOM/yield"
2026-11-26,2026-11-01,Pattaya_Beach,PassionFruit,53.25514752378437,40.360029115352845,66.15026593221589,0.08900756564307966,44.303363664972075,58.458386168023196,72.6134086710743,5.203238644238823,,,,,,,"not calculable: missing on-hand, inbound, lead time, shelf life, BOM/yield"
2026-11-27,2026-11-01,Pattaya_Beach,PassionFruit,53.25514752378437,40.360029115352845,66.15026593221589,0.08900756564307966,44.303363664972075,58.458386168023196,72.6134086710743,5.203238644238823,,,,,,,"not calculable: missing on-hand, inbound, lead time, shelf life, BOM/yield"
2026-11-28,2026-11-01,Pattaya_Beach,PassionFruit,53.25514752378437,40.360029115352845,66.15026593221589,0.08900756564307966,44.303363664972075,58.458386168023196,72.6134086710743,5.203238644238823,,,,,,,"not calculable: missing on-hand, inbound, lead time, shelf life, BOM/yield"
2026-11-29,2026-11-01,Pattaya_Beach,PassionFruit,53.25514752378437,40.360029115352845,66.15026593221589,0.08900756564307966,44.303363664972075,58.458386168023196,72.6134086710743,5.203238644238823,,,,,,,"not calculable: missing on-hand, inbound, lead time, shelf life, BOM/yield"
2026-11-30,2026-11-01,Pattaya_Beach,PassionFruit,53.25514752378437,40.360029115352845,66.15026593221589,0.08900756564307966,44.303363664972075,58.458386168023196,72.6134086710743,5.203238644238823,,,,,,,"not calculable: missing on-hand, inbound, lead time, shelf life, BOM/yield"
2026-09-01,2026-09-01,Pattaya_Beach,Pineapple,98.15852029824204,74.39056920061425,121.92647139586981,0.042233425282982975,77.67087635376478,102.48689282902161,127.30290930427842,4.328372530779575,,,,,,,"not calculable: missing on-hand, inbound, lead time, shelf life, BOM/yield"
2026-09-02,2026-09-01,Pattaya_Beach,Pineapple,98.15852029824204,74.39056920061425,121.92647139586981,0.042233425282982975,77.67087635376478,102.48689282902161,127.30290930427842,4.328372530779575,,,,,,,"not calculable: missing on-hand, inbound, lead time, shelf life, BOM/yield"
2026-09-03,2026-09-01,Pattaya_Beach,Pineapple,98.15852029824204,74.39056920061425,121.92647139586981,0.042233425282982975,77.67087635376478,102.48689282902161,127.30290930427842,4.328372530779575,,,,,,,"not calculable: missing on-hand, inbound, lead time, shelf life, BOM/yield"
2026-09-04,2026-09-01,Pattaya_Beach,Pineapple,98.15852029824204,74.39056920061425,121.92647139586981,0.042233425282982975,77.67087635376478,102.48689282902161,127.30290930427842,4.328372530779575,,,,,,,"not calculable: missing on-hand, inbound, lead time, shelf life, BOM/yield"
2026-09-05,2026-09-01,Pattaya_Beach,Pineapple,98.15852029824204,74.39056920061425,121.92647139586981,0.042233425282982975,77.67087635376478,102.48689282902161,127.30290930427842,4.328372530779575,,,,,,,"not calculable: missing on-hand, inbound, lead time, shelf life, BOM/yield"
2026-09-06,2026-09-01,Pattaya_Beach,Pineapple,98.15852029824204,74.39056920061425,121.92647139586981,0.042233425282982975,77.67087635376478,102.48689282902161,127.30290930427842,4.328372530779575,,,,,,,"not calculable: missing on-hand, inbound, lead time, shelf life, BOM/yield"
2026-09-07,2026-09-01,Pattaya_Beach,Pineapple,98.15852029824204,74.39056920061425,121.92647139586981,0.042233425282982975,77.67087635376478,102.48689282902161,127.30290930427842,4.328372530779575,,,,,,,"not calculable: missing on-hand, inbound, lead time, shelf life, BOM/yield"
2026-09-08,2026-09-01,Pattaya_Beach,Pineapple,98.15852029824204,74.39056920061425,121.92647139586981,0.042233425282982975,77.67087635376478,102.48689282902161,127.30290930427842,4.328372530779575,,,,,,,"not calculable: missing on-hand, inbound, lead time, shelf life, BOM/yield"
2026-09-09,2026-09-01,Pattaya_Beach,Pineapple,98.15852029824204,74.39056920061425,121.92647139586981,0.042233425282982975,77.67087635376478,102.48689282902161,127.30290930427842,4.328372530779575,,,,,,,"not calculable: missing on-hand, inbound, lead time, shelf life, BOM/yield"
2026-09-10,2026-09-01,Pattaya_Beach,Pineapple,98.15852029824204,74.39056920061425,121.92647139586981,0.042233425282982975,77.67087635376478,102.48689282902161,127.30290930427842,4.328372530779575,,,,,,,"not calculable: missing on-hand, inbound, lead time, shelf life, BOM/yield"
2026-09-11,2026-09-01,Pattaya_Beach,Pineapple,98.15852029824204,74.39056920061425,121.92647139586981,0.042233425282982975,77.67087635376478,102.48689282902161,127.30290930427842,4.328372530779575,,,,,,,"not calculable: missing on-hand, inbound, lead time, shelf life, BOM/yield"
2026-09-12,2026-09-01,Pattaya_Beach,Pineapple,98.15852029824204,74.39056920061425,121.92647139586981,0.042233425282982975,77.67087635376478,102.48689282902161,127.30290930427842,4.328372530779575,,,,,,,"not calculable: missing on-hand, inbound, lead time, shelf life, BOM/yield"
2026-09-13,2026-09-01,Pattaya_Beach,Pineapple,98.15852029824204,74.39056920061425,121.92647139586981,0.042233425282982975,77.67087635376478,102.48689282902161,127.30290930427842,4.328372530779575,,,,,,,"not calculable: missing on-hand, inbound, lead time, shelf life, BOM/yield"
2026-09-14,2026-09-01,Pattaya_Beach,Pineapple,98.15852029824204,74.39056920061425,121.92647139586981,0.042233425282982975,77.67087635376478,102.48689282902161,127.30290930427842,4.328372530779575,,,,,,,"not calculable: missing on-hand, inbound, lead time, shelf life, BOM/yield"
2026-09-15,2026-09-01,Pattaya_Beach,Pineapple,98.15852029824204,74.39056920061425,121.92647139586981,0.042233425282982975,77.67087635376478,102.48689282902161,127.30290930427842,4.328372530779575,,,,,,,"not calculable: missing on-hand, inbound, lead time, shelf life, BOM/yield"
2026-09-16,2026-09-01,Pattaya_Beach,Pineapple,98.15852029824204,74.39056920061425,121.92647139586981,0.042233425282982975,77.67087635376478,102.48689282902161,127.30290930427842,4.328372530779575,,,,,,,"not calculable: missing on-hand, inbound, lead time, shelf life, BOM/yield"
2026-09-17,2026-09-01,Pattaya_Beach,Pineapple,98.15852029824204,74.39056920061425,121.92647139586981,0.042233425282982975,77.67087635376478,102.48689282902161,127.30290930427842,4.328372530779575,,,,,,,"not calculable: missing on-hand, inbound, lead time, shelf life, BOM/yield"
2026-09-18,2026-09-01,Pattaya_Beach,Pineapple,98.15852029824204,74.39056920061425,121.92647139586981,0.042233425282982975,77.67087635376478,102.48689282902161,127.30290930427842,4.328372530779575,,,,,,,"not calculable: missing on-hand, inbound, lead time, shelf life, BOM/yield"
2026-09-19,2026-09-01,Pattaya_Beach,Pineapple,98.15852029824204,74.39056920061425,121.92647139586981,0.042233425282982975,77.67087635376478,102.48689282902161,127.30290930427842,4.328372530779575,,,,,,,"not calculable: missing on-hand, inbound, lead time, shelf life, BOM/yield"
2026-09-20,2026-09-01,Pattaya_Beach,Pineapple,98.15852029824204,74.39056920061425,121.92647139586981,0.042233425282982975,77.67087635376478,102.48689282902161,127.30290930427842,4.328372530779575,,,,,,,"not calculable: missing on-hand, inbound, lead time, shelf life, BOM/yield"
2026-09-21,2026-09-01,Pattaya_Beach,Pineapple,98.15852029824204,74.39056920061425,121.92647139586981,0.042233425282982975,77.67087635376478,102.48689282902161,127.30290930427842,4.328372530779575,,,,,,,"not calculable: missing on-hand, inbound, lead time, shelf life, BOM/yield"
2026-09-22,2026-09-01,Pattaya_Beach,Pineapple,98.15852029824204,74.39056920061425,121.92647139586981,0.042233425282982975,77.67087635376478,102.48689282902161,127.30290930427842,4.328372530779575,,,,,,,"not calculable: missing on-hand, inbound, lead time, shelf life, BOM/yield"
2026-09-23,2026-09-01,Pattaya_Beach,Pineapple,98.15852029824204,74.39056920061425,121.92647139586981,0.042233425282982975,77.67087635376478,102.48689282902161,127.30290930427842,4.328372530779575,,,,,,,"not calculable: missing on-hand, inbound, lead time, shelf life, BOM/yield"
2026-09-24,2026-09-01,Pattaya_Beach,Pineapple,98.15852029824204,74.39056920061425,121.92647139586981,0.042233425282982975,77.67087635376478,102.48689282902161,127.30290930427842,4.328372530779575,,,,,,,"not calculable: missing on-hand, inbound, lead time, shelf life, BOM/yield"
2026-09-25,2026-09-01,Pattaya_Beach,Pineapple,98.15852029824204,74.39056920061425,121.92647139586981,0.042233425282982975,77.67087635376478,102.48689282902161,127.30290930427842,4.328372530779575,,,,,,,"not calculable: missing on-hand, inbound, lead time, shelf life, BOM/yield"
2026-09-26,2026-09-01,Pattaya_Beach,Pineapple,98.15852029824204,74.39056920061425,121.92647139586981,0.042233425282982975,77.67087635376478,102.48689282902161,127.30290930427842,4.328372530779575,,,,,,,"not calculable: missing on-hand, inbound, lead time, shelf life, BOM/yield"
2026-09-27,2026-09-01,Pattaya_Beach,Pineapple,98.15852029824204,74.39056920061425,121.92647139586981,0.042233425282982975,77.67087635376478,102.48689282902161,127.30290930427842,4.328372530779575,,,,,,,"not calculable: missing on-hand, inbound, lead time, shelf life, BOM/yield"
2026-09-28,2026-09-01,Pattaya_Beach,Pineapple,98.15852029824204,74.39056920061425,121.92647139586981,0.042233425282982975,77.67087635376478,102.48689282902161,127.30290930427842,4.328372530779575,,,,,,,"not calculable: missing on-hand, inbound, lead time, shelf life, BOM/yield"
2026-09-29,2026-09-01,Pattaya_Beach,Pineapple,98.15852029824204,74.39056920061425,121.92647139586981,0.042233425282982975,77.67087635376478,102.48689282902161,127.30290930427842,4.328372530779575,,,,,,,"not calculable: missing on-hand, inbound, lead time, shelf life, BOM/yield"
2026-09-30,2026-09-01,Pattaya_Beach,Pineapple,98.15852029824204,74.39056920061425,121.92647139586981,0.042233425282982975,77.67087635376478,102.48689282902161,127.30290930427842,4.328372530779575,,,,,,,"not calculable: missing on-hand, inbound, lead time, shelf life, BOM/yield"
2026-10-01,2026-10-01,Pattaya_Beach,Pineapple,98.15852029824204,74.39056920061425,121.92647139586981,0.042233425282982975,77.67087635376478,102.48689282902161,127.30290930427842,4.328372530779575,,,,,,,"not calculable: missing on-hand, inbound, lead time, shelf life, BOM/yield"
2026-10-02,2026-10-01,Pattaya_Beach,Pineapple,98.15852029824204,74.39056920061425,121.92647139586981,0.042233425282982975,77.67087635376478,102.48689282902161,127.30290930427842,4.328372530779575,,,,,,,"not calculable: missing on-hand, inbound, lead time, shelf life, BOM/yield"
2026-10-03,2026-10-01,Pattaya_Beach,Pineapple,98.15852029824204,74.39056920061425,121.92647139586981,0.042233425282982975,77.67087635376478,102.48689282902161,127.30290930427842,4.328372530779575,,,,,,,"not calculable: missing on-hand, inbound, lead time, shelf life, BOM/yield"
2026-10-04,2026-10-01,Pattaya_Beach,Pineapple,98.15852029824204,74.39056920061425,121.92647139586981,0.042233425282982975,77.67087635376478,102.48689282902161,127.30290930427842,4.328372530779575,,,,,,,"not calculable: missing on-hand, inbound, lead time, shelf life, BOM/yield"
2026-10-05,2026-10-01,Pattaya_Beach,Pineapple,98.15852029824204,74.39056920061425,121.92647139586981,0.042233425282982975,77.67087635376478,102.48689282902161,127.30290930427842,4.328372530779575,,,,,,,"not calculable: missing on-hand, inbound, lead time, shelf life, BOM/yield"
2026-10-06,2026-10-01,Pattaya_Beach,Pineapple,98.15852029824204,74.39056920061425,121.92647139586981,0.042233425282982975,77.67087635376478,102.48689282902161,127.30290930427842,4.328372530779575,,,,,,,"not calculable: missing on-hand, inbound, lead time, shelf life, BOM/yield"
2026-10-07,2026-10-01,Pattaya_Beach,Pineapple,98.15852029824204,74.39056920061425,121.92647139586981,0.042233425282982975,77.67087635376478,102.48689282902161,127.30290930427842,4.328372530779575,,,,,,,"not calculable: missing on-hand, inbound, lead time, shelf life, BOM/yield"
2026-10-08,2026-10-01,Pattaya_Beach,Pineapple,98.15852029824204,74.39056920061425,121.92647139586981,0.042233425282982975,77.67087635376478,102.48689282902161,127.30290930427842,4.328372530779575,,,,,,,"not calculable: missing on-hand, inbound, lead time, shelf life, BOM/yield"
2026-10-09,2026-10-01,Pattaya_Beach,Pineapple,98.15852029824204,74.39056920061425,121.92647139586981,0.042233425282982975,77.67087635376478,102.48689282902161,127.30290930427842,4.328372530779575,,,,,,,"not calculable: missing on-hand, inbound, lead time, shelf life, BOM/yield"
2026-10-10,2026-10-01,Pattaya_Beach,Pineapple,98.15852029824204,74.39056920061425,121.92647139586981,0.042233425282982975,77.67087635376478,102.48689282902161,127.30290930427842,4.328372530779575,,,,,,,"not calculable: missing on-hand, inbound, lead time, shelf life, BOM/yield"
2026-10-11,2026-10-01,Pattaya_Beach,Pineapple,98.15852029824204,74.39056920061425,121.92647139586981,0.042233425282982975,77.67087635376478,102.48689282902161,127.30290930427842,4.328372530779575,,,,,,,"not calculable: missing on-hand, inbound, lead time, shelf life, BOM/yield"
2026-10-12,2026-10-01,Pattaya_Beach,Pineapple,98.15852029824204,74.39056920061425,121.92647139586981,0.042233425282982975,77.67087635376478,102.48689282902161,127.30290930427842,4.328372530779575,,,,,,,"not calculable: missing on-hand, inbound, lead time, shelf life, BOM/yield"
2026-10-13,2026-10-01,Pattaya_Beach,Pineapple,98.15852029824204,74.39056920061425,121.92647139586981,0.042233425282982975,77.67087635376478,102.48689282902161,127.30290930427842,4.328372530779575,,,,,,,"not calculable: missing on-hand, inbound, lead time, shelf life, BOM/yield"
2026-10-14,2026-10-01,Pattaya_Beach,Pineapple,98.15852029824204,74.39056920061425,121.92647139586981,0.042233425282982975,77.67087635376478,102.48689282902161,127.30290930427842,4.328372530779575,,,,,,,"not calculable: missing on-hand, inbound, lead time, shelf life, BOM/yield"
2026-10-15,2026-10-01,Pattaya_Beach,Pineapple,98.15852029824204,74.39056920061425,121.92647139586981,0.042233425282982975,77.67087635376478,102.48689282902161,127.30290930427842,4.328372530779575,,,,,,,"not calculable: missing on-hand, inbound, lead time, shelf life, BOM/yield"
2026-10-16,2026-10-01,Pattaya_Beach,Pineapple,98.15852029824204,74.39056920061425,121.92647139586981,0.042233425282982975,77.67087635376478,102.48689282902161,127.30290930427842,4.328372530779575,,,,,,,"not calculable: missing on-hand, inbound, lead time, shelf life, BOM/yield"
2026-10-17,2026-10-01,Pattaya_Beach,Pineapple,98.15852029824204,74.39056920061425,121.92647139586981,0.042233425282982975,77.67087635376478,102.48689282902161,127.30290930427842,4.328372530779575,,,,,,,"not calculable: missing on-hand, inbound, lead time, shelf life, BOM/yield"
2026-10-18,2026-10-01,Pattaya_Beach,Pineapple,98.15852029824204,74.39056920061425,121.92647139586981,0.042233425282982975,77.67087635376478,102.48689282902161,127.30290930427842,4.328372530779575,,,,,,,"not calculable: missing on-hand, inbound, lead time, shelf life, BOM/yield"
2026-10-19,2026-10-01,Pattaya_Beach,Pineapple,98.15852029824204,74.39056920061425,121.92647139586981,0.042233425282982975,77.67087635376478,102.48689282902161,127.30290930427842,4.328372530779575,,,,,,,"not calculable: missing on-hand, inbound, lead time, shelf life, BOM/yield"
2026-10-20,2026-10-01,Pattaya_Beach,Pineapple,98.15852029824204,74.39056920061425,121.92647139586981,0.042233425282982975,77.67087635376478,102.48689282902161,127.30290930427842,4.328372530779575,,,,,,,"not calculable: missing on-hand, inbound, lead time, shelf life, BOM/yield"
2026-10-21,2026-10-01,Pattaya_Beach,Pineapple,98.15852029824204,74.39056920061425,121.92647139586981,0.042233425282982975,77.67087635376478,102.48689282902161,127.30290930427842,4.328372530779575,,,,,,,"not calculable: missing on-hand, inbound, lead time, shelf life, BOM/yield"
2026-10-22,2026-10-01,Pattaya_Beach,Pineapple,98.15852029824204,74.39056920061425,121.92647139586981,0.042233425282982975,77.67087635376478,102.48689282902161,127.30290930427842,4.328372530779575,,,,,,,"not calculable: missing on-hand, inbound, lead time, shelf life, BOM/yield"
2026-10-23,2026-10-01,Pattaya_Beach,Pineapple,98.15852029824204,74.39056920061425,121.92647139586981,0.042233425282982975,77.67087635376478,102.48689282902161,127.30290930427842,4.328372530779575,,,,,,,"not calculable: missing on-hand, inbound, lead time, shelf life, BOM/yield"
2026-10-24,2026-10-01,Pattaya_Beach,Pineapple,98.15852029824204,74.39056920061425,121.92647139586981,0.042233425282982975,77.67087635376478,102.48689282902161,127.30290930427842,4.328372530779575,,,,,,,"not calculable: missing on-hand, inbound, lead time, shelf life, BOM/yield"
2026-10-25,2026-10-01,Pattaya_Beach,Pineapple,98.15852029824204,74.39056920061425,121.92647139586981,0.042233425282982975,77.67087635376478,102.48689282902161,127.30290930427842,4.328372530779575,,,,,,,"not calculable: missing on-hand, inbound, lead time, shelf life, BOM/yield"
2026-10-26,2026-10-01,Pattaya_Beach,Pineapple,98.15852029824204,74.39056920061425,121.92647139586981,0.042233425282982975,77.67087635376478,102.48689282902161,127.30290930427842,4.328372530779575,,,,,,,"not calculable: missing on-hand, inbound, lead time, shelf life, BOM/yield"
2026-10-27,2026-10-01,Pattaya_Beach,Pineapple,98.15852029824204,74.39056920061425,121.92647139586981,0.042233425282982975,77.67087635376478,102.48689282902161,127.30290930427842,4.328372530779575,,,,,,,"not calculable: missing on-hand, inbound, lead time, shelf life, BOM/yield"
2026-10-28,2026-10-01,Pattaya_Beach,Pineapple,98.15852029824204,74.39056920061425,121.92647139586981,0.042233425282982975,77.67087635376478,102.48689282902161,127.30290930427842,4.328372530779575,,,,,,,"not calculable: missing on-hand, inbound, lead time, shelf life, BOM/yield"
2026-10-29,2026-10-01,Pattaya_Beach,Pineapple,98.15852029824204,74.39056920061425,121.92647139586981,0.042233425282982975,77.67087635376478,102.48689282902161,127.30290930427842,4.328372530779575,,,,,,,"not calculable: missing on-hand, inbound, lead time, shelf life, BOM/yield"
2026-10-30,2026-10-01,Pattaya_Beach,Pineapple,98.15852029824204,74.39056920061425,121.92647139586981,0.042233425282982975,77.67087635376478,102.48689282902161,127.30290930427842,4.328372530779575,,,,,,,"not calculable: missing on-hand, inbound, lead time, shelf life, BOM/yield"
2026-10-31,2026-10-01,Pattaya_Beach,Pineapple,98.15852029824204,74.39056920061425,121.92647139586981,0.042233425282982975,77.67087635376478,102.48689282902161,127.30290930427842,4.328372530779575,,,,,,,"not calculable: missing on-hand, inbound, lead time, shelf life, BOM/yield"
2026-11-01,2026-11-01,Pattaya_Beach,Pineapple,98.15852029824204,74.39056920061425,121.92647139586981,0.042233425282982975,77.67087635376478,102.48689282902161,127.30290930427842,4.328372530779575,,,,,,,"not calculable: missing on-hand, inbound, lead time, shelf life, BOM/yield"
2026-11-02,2026-11-01,Pattaya_Beach,Pineapple,98.15852029824204,74.39056920061425,121.92647139586981,0.042233425282982975,77.67087635376478,102.48689282902161,127.30290930427842,4.328372530779575,,,,,,,"not calculable: missing on-hand, inbound, lead time, shelf life, BOM/yield"
2026-11-03,2026-11-01,Pattaya_Beach,Pineapple,98.15852029824204,74.39056920061425,121.92647139586981,0.042233425282982975,77.67087635376478,102.48689282902161,127.30290930427842,4.328372530779575,,,,,,,"not calculable: missing on-hand, inbound, lead time, shelf life, BOM/yield"
2026-11-04,2026-11-01,Pattaya_Beach,Pineapple,98.15852029824204,74.39056920061425,121.92647139586981,0.042233425282982975,77.67087635376478,102.48689282902161,127.30290930427842,4.328372530779575,,,,,,,"not calculable: missing on-hand, inbound, lead time, shelf life, BOM/yield"
2026-11-05,2026-11-01,Pattaya_Beach,Pineapple,98.15852029824204,74.39056920061425,121.92647139586981,0.042233425282982975,77.67087635376478,102.48689282902161,127.30290930427842,4.328372530779575,,,,,,,"not calculable: missing on-hand, inbound, lead time, shelf life, BOM/yield"
2026-11-06,2026-11-01,Pattaya_Beach,Pineapple,98.15852029824204,74.39056920061425,121.92647139586981,0.042233425282982975,77.67087635376478,102.48689282902161,127.30290930427842,4.328372530779575,,,,,,,"not calculable: missing on-hand, inbound, lead time, shelf life, BOM/yield"
2026-11-07,2026-11-01,Pattaya_Beach,Pineapple,98.15852029824204,74.39056920061425,121.92647139586981,0.042233425282982975,77.67087635376478,102.48689282902161,127.30290930427842,4.328372530779575,,,,,,,"not calculable: missing on-hand, inbound, lead time, shelf life, BOM/yield"
2026-11-08,2026-11-01,Pattaya_Beach,Pineapple,98.15852029824204,74.39056920061425,121.92647139586981,0.042233425282982975,77.67087635376478,102.48689282902161,127.30290930427842,4.328372530779575,,,,,,,"not calculable: missing on-hand, inbound, lead time, shelf life, BOM/yield"
2026-11-09,2026-11-01,Pattaya_Beach,Pineapple,98.15852029824204,74.39056920061425,121.92647139586981,0.042233425282982975,77.67087635376478,102.48689282902161,127.30290930427842,4.328372530779575,,,,,,,"not calculable: missing on-hand, inbound, lead time, shelf life, BOM/yield"
2026-11-10,2026-11-01,Pattaya_Beach,Pineapple,98.15852029824204,74.39056920061425,121.92647139586981,0.042233425282982975,77.67087635376478,102.48689282902161,127.30290930427842,4.328372530779575,,,,,,,"not calculable: missing on-hand, inbound, lead time, shelf life, BOM/yield"
2026-11-11,2026-11-01,Pattaya_Beach,Pineapple,98.15852029824204,74.39056920061425,121.92647139586981,0.042233425282982975,77.67087635376478,102.48689282902161,127.30290930427842,4.328372530779575,,,,,,,"not calculable: missing on-hand, inbound, lead time, shelf life, BOM/yield"
2026-11-12,2026-11-01,Pattaya_Beach,Pineapple,98.15852029824204,74.39056920061425,121.92647139586981,0.042233425282982975,77.67087635376478,102.48689282902161,127.30290930427842,4.328372530779575,,,,,,,"not calculable: missing on-hand, inbound, lead time, shelf life, BOM/yield"
2026-11-13,2026-11-01,Pattaya_Beach,Pineapple,98.15852029824204,74.39056920061425,121.92647139586981,0.042233425282982975,77.67087635376478,102.48689282902161,127.30290930427842,4.328372530779575,,,,,,,"not calculable: missing on-hand, inbound, lead time, shelf life, BOM/yield"
2026-11-14,2026-11-01,Pattaya_Beach,Pineapple,98.15852029824204,74.39056920061425,121.92647139586981,0.042233425282982975,77.67087635376478,102.48689282902161,127.30290930427842,4.328372530779575,,,,,,,"not calculable: missing on-hand, inbound, lead time, shelf life, BOM/yield"
2026-11-15,2026-11-01,Pattaya_Beach,Pineapple,98.15852029824204,74.39056920061425,121.92647139586981,0.042233425282982975,77.67087635376478,102.48689282902161,127.30290930427842,4.328372530779575,,,,,,,"not calculable: missing on-hand, inbound, lead time, shelf life, BOM/yield"
2026-11-16,2026-11-01,Pattaya_Beach,Pineapple,98.15852029824204,74.39056920061425,121.92647139586981,0.042233425282982975,77.67087635376478,102.48689282902161,127.30290930427842,4.328372530779575,,,,,,,"not calculable: missing on-hand, inbound, lead time, shelf life, BOM/yield"
2026-11-17,2026-11-01,Pattaya_Beach,Pineapple,98.15852029824204,74.39056920061425,121.92647139586981,0.042233425282982975,77.67087635376478,102.48689282902161,127.30290930427842,4.328372530779575,,,,,,,"not calculable: missing on-hand, inbound, lead time, shelf life, BOM/yield"
2026-11-18,2026-11-01,Pattaya_Beach,Pineapple,98.15852029824204,74.39056920061425,121.92647139586981,0.042233425282982975,77.67087635376478,102.48689282902161,127.30290930427842,4.328372530779575,,,,,,,"not calculable: missing on-hand, inbound, lead time, shelf life, BOM/yield"
2026-11-19,2026-11-01,Pattaya_Beach,Pineapple,98.15852029824204,74.39056920061425,121.92647139586981,0.042233425282982975,77.67087635376478,102.48689282902161,127.30290930427842,4.328372530779575,,,,,,,"not calculable: missing on-hand, inbound, lead time, shelf life, BOM/yield"
2026-11-20,2026-11-01,Pattaya_Beach,Pineapple,98.15852029824204,74.39056920061425,121.92647139586981,0.042233425282982975,77.67087635376478,102.48689282902161,127.30290930427842,4.328372530779575,,,,,,,"not calculable: missing on-hand, inbound, lead time, shelf life, BOM/yield"
2026-11-21,2026-11-01,Pattaya_Beach,Pineapple,98.15852029824204,74.39056920061425,121.92647139586981,0.042233425282982975,77.67087635376478,102.48689282902161,127.30290930427842,4.328372530779575,,,,,,,"not calculable: missing on-hand, inbound, lead time, shelf life, BOM/yield"
2026-11-22,2026-11-01,Pattaya_Beach,Pineapple,98.15852029824204,74.39056920061425,121.92647139586981,0.042233425282982975,77.67087635376478,102.48689282902161,127.30290930427842,4.328372530779575,,,,,,,"not calculable: missing on-hand, inbound, lead time, shelf life, BOM/yield"
2026-11-23,2026-11-01,Pattaya_Beach,Pineapple,98.15852029824204,74.39056920061425,121.92647139586981,0.042233425282982975,77.67087635376478,102.48689282902161,127.30290930427842,4.328372530779575,,,,,,,"not calculable: missing on-hand, inbound, lead time, shelf life, BOM/yield"
2026-11-24,2026-11-01,Pattaya_Beach,Pineapple,98.15852029824204,74.39056920061425,121.92647139586981,0.042233425282982975,77.67087635376478,102.48689282902161,127.30290930427842,4.328372530779575,,,,,,,"not calculable: missing on-hand, inbound, lead time, shelf life, BOM/yield"
2026-11-25,2026-11-01,Pattaya_Beach,Pineapple,98.15852029824204,74.39056920061425,121.92647139586981,0.042233425282982975,77.67087635376478,102.48689282902161,127.30290930427842,4.328372530779575,,,,,,,"not calculable: missing on-hand, inbound, lead time, shelf life, BOM/yield"
2026-11-26,2026-11-01,Pattaya_Beach,Pineapple,98.15852029824204,74.39056920061425,121.92647139586981,0.042233425282982975,77.67087635376478,102.48689282902161,127.30290930427842,4.328372530779575,,,,,,,"not calculable: missing on-hand, inbound, lead time, shelf life, BOM/yield"
2026-11-27,2026-11-01,Pattaya_Beach,Pineapple,98.15852029824204,74.39056920061425,121.92647139586981,0.042233425282982975,77.67087635376478,102.48689282902161,127.30290930427842,4.328372530779575,,,,,,,"not calculable: missing on-hand, inbound, lead time, shelf life, BOM/yield"
2026-11-28,2026-11-01,Pattaya_Beach,Pineapple,98.15852029824204,74.39056920061425,121.92647139586981,0.042233425282982975,77.67087635376478,102.48689282902161,127.30290930427842,4.328372530779575,,,,,,,"not calculable: missing on-hand, inbound, lead time, shelf life, BOM/yield"
2026-11-29,2026-11-01,Pattaya_Beach,Pineapple,98.15852029824204,74.39056920061425,121.92647139586981,0.042233425282982975,77.67087635376478,102.48689282902161,127.30290930427842,4.328372530779575,,,,,,,"not calculable: missing on-hand, inbound, lead time, shelf life, BOM/yield"
2026-11-30,2026-11-01,Pattaya_Beach,Pineapple,98.15852029824204,74.39056920061425,121.92647139586981,0.042233425282982975,77.67087635376478,102.48689282902161,127.30290930427842,4.328372530779575,,,,,,,"not calculable: missing on-hand, inbound, lead time, shelf life, BOM/yield"
2026-09-01,2026-09-01,Pattaya_Beach,Watermelon,155.515512857461,117.8592289883893,193.17179672653268,0.03236144275480709,121.80088123392606,160.71653169774885,199.6321821615716,5.201018840287844,,,,,,,"not calculable: missing on-hand, inbound, lead time, shelf life, BOM/yield"
2026-09-02,2026-09-01,Pattaya_Beach,Watermelon,155.515512857461,117.8592289883893,193.17179672653268,0.03236144275480709,121.80088123392606,160.71653169774885,199.6321821615716,5.201018840287844,,,,,,,"not calculable: missing on-hand, inbound, lead time, shelf life, BOM/yield"
2026-09-03,2026-09-01,Pattaya_Beach,Watermelon,155.515512857461,117.8592289883893,193.17179672653268,0.03236144275480709,121.80088123392606,160.71653169774885,199.6321821615716,5.201018840287844,,,,,,,"not calculable: missing on-hand, inbound, lead time, shelf life, BOM/yield"
2026-09-04,2026-09-01,Pattaya_Beach,Watermelon,155.515512857461,117.8592289883893,193.17179672653268,0.03236144275480709,121.80088123392606,160.71653169774885,199.6321821615716,5.201018840287844,,,,,,,"not calculable: missing on-hand, inbound, lead time, shelf life, BOM/yield"
2026-09-05,2026-09-01,Pattaya_Beach,Watermelon,155.515512857461,117.8592289883893,193.17179672653268,0.03236144275480709,121.80088123392606,160.71653169774885,199.6321821615716,5.201018840287844,,,,,,,"not calculable: missing on-hand, inbound, lead time, shelf life, BOM/yield"
2026-09-06,2026-09-01,Pattaya_Beach,Watermelon,155.515512857461,117.8592289883893,193.17179672653268,0.03236144275480709,121.80088123392606,160.71653169774885,199.6321821615716,5.201018840287844,,,,,,,"not calculable: missing on-hand, inbound, lead time, shelf life, BOM/yield"
2026-09-07,2026-09-01,Pattaya_Beach,Watermelon,155.515512857461,117.8592289883893,193.17179672653268,0.03236144275480709,121.80088123392606,160.71653169774885,199.6321821615716,5.201018840287844,,,,,,,"not calculable: missing on-hand, inbound, lead time, shelf life, BOM/yield"
2026-09-08,2026-09-01,Pattaya_Beach,Watermelon,155.515512857461,117.8592289883893,193.17179672653268,0.03236144275480709,121.80088123392606,160.71653169774885,199.6321821615716,5.201018840287844,,,,,,,"not calculable: missing on-hand, inbound, lead time, shelf life, BOM/yield"
2026-09-09,2026-09-01,Pattaya_Beach,Watermelon,155.515512857461,117.8592289883893,193.17179672653268,0.03236144275480709,121.80088123392606,160.71653169774885,199.6321821615716,5.201018840287844,,,,,,,"not calculable: missing on-hand, inbound, lead time, shelf life, BOM/yield"
2026-09-10,2026-09-01,Pattaya_Beach,Watermelon,155.515512857461,117.8592289883893,193.17179672653268,0.03236144275480709,121.80088123392606,160.71653169774885,199.6321821615716,5.201018840287844,,,,,,,"not calculable: missing on-hand, inbound, lead time, shelf life, BOM/yield"
2026-09-11,2026-09-01,Pattaya_Beach,Watermelon,155.515512857461,117.8592289883893,193.17179672653268,0.03236144275480709,121.80088123392606,160.71653169774885,199.6321821615716,5.201018840287844,,,,,,,"not calculable: missing on-hand, inbound, lead time, shelf life, BOM/yield"
2026-09-12,2026-09-01,Pattaya_Beach,Watermelon,155.515512857461,117.8592289883893,193.17179672653268,0.03236144275480709,121.80088123392606,160.71653169774885,199.6321821615716,5.201018840287844,,,,,,,"not calculable: missing on-hand, inbound, lead time, shelf life, BOM/yield"
2026-09-13,2026-09-01,Pattaya_Beach,Watermelon,155.515512857461,117.8592289883893,193.17179672653268,0.03236144275480709,121.80088123392606,160.71653169774885,199.6321821615716,5.201018840287844,,,,,,,"not calculable: missing on-hand, inbound, lead time, shelf life, BOM/yield"
2026-09-14,2026-09-01,Pattaya_Beach,Watermelon,155.515512857461,117.8592289883893,193.17179672653268,0.03236144275480709,121.80088123392606,160.71653169774885,199.6321821615716,5.201018840287844,,,,,,,"not calculable: missing on-hand, inbound, lead time, shelf life, BOM/yield"
2026-09-15,2026-09-01,Pattaya_Beach,Watermelon,155.515512857461,117.8592289883893,193.17179672653268,0.03236144275480709,121.80088123392606,160.71653169774885,199.6321821615716,5.201018840287844,,,,,,,"not calculable: missing on-hand, inbound, lead time, shelf life, BOM/yield"
2026-09-16,2026-09-01,Pattaya_Beach,Watermelon,155.515512857461,117.8592289883893,193.17179672653268,0.03236144275480709,121.80088123392606,160.71653169774885,199.6321821615716,5.201018840287844,,,,,,,"not calculable: missing on-hand, inbound, lead time, shelf life, BOM/yield"
2026-09-17,2026-09-01,Pattaya_Beach,Watermelon,155.515512857461,117.8592289883893,193.17179672653268,0.03236144275480709,121.80088123392606,160.71653169774885,199.6321821615716,5.201018840287844,,,,,,,"not calculable: missing on-hand, inbound, lead time, shelf life, BOM/yield"
2026-09-18,2026-09-01,Pattaya_Beach,Watermelon,155.515512857461,117.8592289883893,193.17179672653268,0.03236144275480709,121.80088123392606,160.71653169774885,199.6321821615716,5.201018840287844,,,,,,,"not calculable: missing on-hand, inbound, lead time, shelf life, BOM/yield"
2026-09-19,2026-09-01,Pattaya_Beach,Watermelon,155.515512857461,117.8592289883893,193.17179672653268,0.03236144275480709,121.80088123392606,160.71653169774885,199.6321821615716,5.201018840287844,,,,,,,"not calculable: missing on-hand, inbound, lead time, shelf life, BOM/yield"
2026-09-20,2026-09-01,Pattaya_Beach,Watermelon,155.515512857461,117.8592289883893,193.17179672653268,0.03236144275480709,121.80088123392606,160.71653169774885,199.6321821615716,5.201018840287844,,,,,,,"not calculable: missing on-hand, inbound, lead time, shelf life, BOM/yield"
2026-09-21,2026-09-01,Pattaya_Beach,Watermelon,155.515512857461,117.8592289883893,193.17179672653268,0.03236144275480709,121.80088123392606,160.71653169774885,199.6321821615716,5.201018840287844,,,,,,,"not calculable: missing on-hand, inbound, lead time, shelf life, BOM/yield"
2026-09-22,2026-09-01,Pattaya_Beach,Watermelon,155.515512857461,117.8592289883893,193.17179672653268,0.03236144275480709,121.80088123392606,160.71653169774885,199.6321821615716,5.201018840287844,,,,,,,"not calculable: missing on-hand, inbound, lead time, shelf life, BOM/yield"
2026-09-23,2026-09-01,Pattaya_Beach,Watermelon,155.515512857461,117.8592289883893,193.17179672653268,0.03236144275480709,121.80088123392606,160.71653169774885,199.6321821615716,5.201018840287844,,,,,,,"not calculable: missing on-hand, inbound, lead time, shelf life, BOM/yield"
2026-09-24,2026-09-01,Pattaya_Beach,Watermelon,155.515512857461,117.8592289883893,193.17179672653268,0.03236144275480709,121.80088123392606,160.71653169774885,199.6321821615716,5.201018840287844,,,,,,,"not calculable: missing on-hand, inbound, lead time, shelf life, BOM/yield"
2026-09-25,2026-09-01,Pattaya_Beach,Watermelon,155.515512857461,117.8592289883893,193.17179672653268,0.03236144275480709,121.80088123392606,160.71653169774885,199.6321821615716,5.201018840287844,,,,,,,"not calculable: missing on-hand, inbound, lead time, shelf life, BOM/yield"
2026-09-26,2026-09-01,Pattaya_Beach,Watermelon,155.515512857461,117.8592289883893,193.17179672653268,0.03236144275480709,121.80088123392606,160.71653169774885,199.6321821615716,5.201018840287844,,,,,,,"not calculable: missing on-hand, inbound, lead time, shelf life, BOM/yield"
2026-09-27,2026-09-01,Pattaya_Beach,Watermelon,155.515512857461,117.8592289883893,193.17179672653268,0.03236144275480709,121.80088123392606,160.71653169774885,199.6321821615716,5.201018840287844,,,,,,,"not calculable: missing on-hand, inbound, lead time, shelf life, BOM/yield"
2026-09-28,2026-09-01,Pattaya_Beach,Watermelon,155.515512857461,117.8592289883893,193.17179672653268,0.03236144275480709,121.80088123392606,160.71653169774885,199.6321821615716,5.201018840287844,,,,,,,"not calculable: missing on-hand, inbound, lead time, shelf life, BOM/yield"
2026-09-29,2026-09-01,Pattaya_Beach,Watermelon,155.515512857461,117.8592289883893,193.17179672653268,0.03236144275480709,121.80088123392606,160.71653169774885,199.6321821615716,5.201018840287844,,,,,,,"not calculable: missing on-hand, inbound, lead time, shelf life, BOM/yield"
2026-09-30,2026-09-01,Pattaya_Beach,Watermelon,155.515512857461,117.8592289883893,193.17179672653268,0.03236144275480709,121.80088123392606,160.71653169774885,199.6321821615716,5.201018840287844,,,,,,,"not calculable: missing on-hand, inbound, lead time, shelf life, BOM/yield"
2026-10-01,2026-10-01,Pattaya_Beach,Watermelon,155.515512857461,117.8592289883893,193.17179672653268,0.03236144275480709,121.80088123392606,160.71653169774885,199.6321821615716,5.201018840287844,,,,,,,"not calculable: missing on-hand, inbound, lead time, shelf life, BOM/yield"
2026-10-02,2026-10-01,Pattaya_Beach,Watermelon,155.515512857461,117.8592289883893,193.17179672653268,0.03236144275480709,121.80088123392606,160.71653169774885,199.6321821615716,5.201018840287844,,,,,,,"not calculable: missing on-hand, inbound, lead time, shelf life, BOM/yield"
2026-10-03,2026-10-01,Pattaya_Beach,Watermelon,155.515512857461,117.8592289883893,193.17179672653268,0.03236144275480709,121.80088123392606,160.71653169774885,199.6321821615716,5.201018840287844,,,,,,,"not calculable: missing on-hand, inbound, lead time, shelf life, BOM/yield"
2026-10-04,2026-10-01,Pattaya_Beach,Watermelon,155.515512857461,117.8592289883893,193.17179672653268,0.03236144275480709,121.80088123392606,160.71653169774885,199.6321821615716,5.201018840287844,,,,,,,"not calculable: missing on-hand, inbound, lead time, shelf life, BOM/yield"
2026-10-05,2026-10-01,Pattaya_Beach,Watermelon,155.515512857461,117.8592289883893,193.17179672653268,0.03236144275480709,121.80088123392606,160.71653169774885,199.6321821615716,5.201018840287844,,,,,,,"not calculable: missing on-hand, inbound, lead time, shelf life, BOM/yield"
2026-10-06,2026-10-01,Pattaya_Beach,Watermelon,155.515512857461,117.8592289883893,193.17179672653268,0.03236144275480709,121.80088123392606,160.71653169774885,199.6321821615716,5.201018840287844,,,,,,,"not calculable: missing on-hand, inbound, lead time, shelf life, BOM/yield"
2026-10-07,2026-10-01,Pattaya_Beach,Watermelon,155.515512857461,117.8592289883893,193.17179672653268,0.03236144275480709,121.80088123392606,160.71653169774885,199.6321821615716,5.201018840287844,,,,,,,"not calculable: missing on-hand, inbound, lead time, shelf life, BOM/yield"
2026-10-08,2026-10-01,Pattaya_Beach,Watermelon,155.515512857461,117.8592289883893,193.17179672653268,0.03236144275480709,121.80088123392606,160.71653169774885,199.6321821615716,5.201018840287844,,,,,,,"not calculable: missing on-hand, inbound, lead time, shelf life, BOM/yield"
2026-10-09,2026-10-01,Pattaya_Beach,Watermelon,155.515512857461,117.8592289883893,193.17179672653268,0.03236144275480709,121.80088123392606,160.71653169774885,199.6321821615716,5.201018840287844,,,,,,,"not calculable: missing on-hand, inbound, lead time, shelf life, BOM/yield"
2026-10-10,2026-10-01,Pattaya_Beach,Watermelon,155.515512857461,117.8592289883893,193.17179672653268,0.03236144275480709,121.80088123392606,160.71653169774885,199.6321821615716,5.201018840287844,,,,,,,"not calculable: missing on-hand, inbound, lead time, shelf life, BOM/yield"
2026-10-11,2026-10-01,Pattaya_Beach,Watermelon,155.515512857461,117.8592289883893,193.17179672653268,0.03236144275480709,121.80088123392606,160.71653169774885,199.6321821615716,5.201018840287844,,,,,,,"not calculable: missing on-hand, inbound, lead time, shelf life, BOM/yield"
2026-10-12,2026-10-01,Pattaya_Beach,Watermelon,155.515512857461,117.8592289883893,193.17179672653268,0.03236144275480709,121.80088123392606,160.71653169774885,199.6321821615716,5.201018840287844,,,,,,,"not calculable: missing on-hand, inbound, lead time, shelf life, BOM/yield"
2026-10-13,2026-10-01,Pattaya_Beach,Watermelon,155.515512857461,117.8592289883893,193.17179672653268,0.03236144275480709,121.80088123392606,160.71653169774885,199.6321821615716,5.201018840287844,,,,,,,"not calculable: missing on-hand, inbound, lead time, shelf life, BOM/yield"
2026-10-14,2026-10-01,Pattaya_Beach,Watermelon,155.515512857461,117.8592289883893,193.17179672653268,0.03236144275480709,121.80088123392606,160.71653169774885,199.6321821615716,5.201018840287844,,,,,,,"not calculable: missing on-hand, inbound, lead time, shelf life, BOM/yield"
2026-10-15,2026-10-01,Pattaya_Beach,Watermelon,155.515512857461,117.8592289883893,193.17179672653268,0.03236144275480709,121.80088123392606,160.71653169774885,199.6321821615716,5.201018840287844,,,,,,,"not calculable: missing on-hand, inbound, lead time, shelf life, BOM/yield"
2026-10-16,2026-10-01,Pattaya_Beach,Watermelon,155.515512857461,117.8592289883893,193.17179672653268,0.03236144275480709,121.80088123392606,160.71653169774885,199.6321821615716,5.201018840287844,,,,,,,"not calculable: missing on-hand, inbound, lead time, shelf life, BOM/yield"
2026-10-17,2026-10-01,Pattaya_Beach,Watermelon,155.515512857461,117.8592289883893,193.17179672653268,0.03236144275480709,121.80088123392606,160.71653169774885,199.6321821615716,5.201018840287844,,,,,,,"not calculable: missing on-hand, inbound, lead time, shelf life, BOM/yield"
2026-10-18,2026-10-01,Pattaya_Beach,Watermelon,155.515512857461,117.8592289883893,193.17179672653268,0.03236144275480709,121.80088123392606,160.71653169774885,199.6321821615716,5.201018840287844,,,,,,,"not calculable: missing on-hand, inbound, lead time, shelf life, BOM/yield"
2026-10-19,2026-10-01,Pattaya_Beach,Watermelon,155.515512857461,117.8592289883893,193.17179672653268,0.03236144275480709,121.80088123392606,160.71653169774885,199.6321821615716,5.201018840287844,,,,,,,"not calculable: missing on-hand, inbound, lead time, shelf life, BOM/yield"
2026-10-20,2026-10-01,Pattaya_Beach,Watermelon,155.515512857461,117.8592289883893,193.17179672653268,0.03236144275480709,121.80088123392606,160.71653169774885,199.6321821615716,5.201018840287844,,,,,,,"not calculable: missing on-hand, inbound, lead time, shelf life, BOM/yield"
2026-10-21,2026-10-01,Pattaya_Beach,Watermelon,155.515512857461,117.8592289883893,193.17179672653268,0.03236144275480709,121.80088123392606,160.71653169774885,199.6321821615716,5.201018840287844,,,,,,,"not calculable: missing on-hand, inbound, lead time, shelf life, BOM/yield"
2026-10-22,2026-10-01,Pattaya_Beach,Watermelon,155.515512857461,117.8592289883893,193.17179672653268,0.03236144275480709,121.80088123392606,160.71653169774885,199.6321821615716,5.201018840287844,,,,,,,"not calculable: missing on-hand, inbound, lead time, shelf life, BOM/yield"
2026-10-23,2026-10-01,Pattaya_Beach,Watermelon,155.515512857461,117.8592289883893,193.17179672653268,0.03236144275480709,121.80088123392606,160.71653169774885,199.6321821615716,5.201018840287844,,,,,,,"not calculable: missing on-hand, inbound, lead time, shelf life, BOM/yield"
2026-10-24,2026-10-01,Pattaya_Beach,Watermelon,155.515512857461,117.8592289883893,193.17179672653268,0.03236144275480709,121.80088123392606,160.71653169774885,199.6321821615716,5.201018840287844,,,,,,,"not calculable: missing on-hand, inbound, lead time, shelf life, BOM/yield"
2026-10-25,2026-10-01,Pattaya_Beach,Watermelon,155.515512857461,117.8592289883893,193.17179672653268,0.03236144275480709,121.80088123392606,160.71653169774885,199.6321821615716,5.201018840287844,,,,,,,"not calculable: missing on-hand, inbound, lead time, shelf life, BOM/yield"
2026-10-26,2026-10-01,Pattaya_Beach,Watermelon,155.515512857461,117.8592289883893,193.17179672653268,0.03236144275480709,121.80088123392606,160.71653169774885,199.6321821615716,5.201018840287844,,,,,,,"not calculable: missing on-hand, inbound, lead time, shelf life, BOM/yield"
2026-10-27,2026-10-01,Pattaya_Beach,Watermelon,155.515512857461,117.8592289883893,193.17179672653268,0.03236144275480709,121.80088123392606,160.71653169774885,199.6321821615716,5.201018840287844,,,,,,,"not calculable: missing on-hand, inbound, lead time, shelf life, BOM/yield"
2026-10-28,2026-10-01,Pattaya_Beach,Watermelon,155.515512857461,117.8592289883893,193.17179672653268,0.03236144275480709,121.80088123392606,160.71653169774885,199.6321821615716,5.201018840287844,,,,,,,"not calculable: missing on-hand, inbound, lead time, shelf life, BOM/yield"
2026-10-29,2026-10-01,Pattaya_Beach,Watermelon,155.515512857461,117.8592289883893,193.17179672653268,0.03236144275480709,121.80088123392606,160.71653169774885,199.6321821615716,5.201018840287844,,,,,,,"not calculable: missing on-hand, inbound, lead time, shelf life, BOM/yield"
2026-10-30,2026-10-01,Pattaya_Beach,Watermelon,155.515512857461,117.8592289883893,193.17179672653268,0.03236144275480709,121.80088123392606,160.71653169774885,199.6321821615716,5.201018840287844,,,,,,,"not calculable: missing on-hand, inbound, lead time, shelf life, BOM/yield"
2026-10-31,2026-10-01,Pattaya_Beach,Watermelon,155.515512857461,117.8592289883893,193.17179672653268,0.03236144275480709,121.80088123392606,160.71653169774885,199.6321821615716,5.201018840287844,,,,,,,"not calculable: missing on-hand, inbound, lead time, shelf life, BOM/yield"
2026-11-01,2026-11-01,Pattaya_Beach,Watermelon,155.515512857461,117.8592289883893,193.17179672653268,0.03236144275480709,121.80088123392606,160.71653169774885,199.6321821615716,5.201018840287844,,,,,,,"not calculable: missing on-hand, inbound, lead time, shelf life, BOM/yield"
2026-11-02,2026-11-01,Pattaya_Beach,Watermelon,155.515512857461,117.8592289883893,193.17179672653268,0.03236144275480709,121.80088123392606,160.71653169774885,199.6321821615716,5.201018840287844,,,,,,,"not calculable: missing on-hand, inbound, lead time, shelf life, BOM/yield"
2026-11-03,2026-11-01,Pattaya_Beach,Watermelon,155.515512857461,117.8592289883893,193.17179672653268,0.03236144275480709,121.80088123392606,160.71653169774885,199.6321821615716,5.201018840287844,,,,,,,"not calculable: missing on-hand, inbound, lead time, shelf life, BOM/yield"
2026-11-04,2026-11-01,Pattaya_Beach,Watermelon,155.515512857461,117.8592289883893,193.17179672653268,0.03236144275480709,121.80088123392606,160.71653169774885,199.6321821615716,5.201018840287844,,,,,,,"not calculable: missing on-hand, inbound, lead time, shelf life, BOM/yield"
2026-11-05,2026-11-01,Pattaya_Beach,Watermelon,155.515512857461,117.8592289883893,193.17179672653268,0.03236144275480709,121.80088123392606,160.71653169774885,199.6321821615716,5.201018840287844,,,,,,,"not calculable: missing on-hand, inbound, lead time, shelf life, BOM/yield"
2026-11-06,2026-11-01,Pattaya_Beach,Watermelon,155.515512857461,117.8592289883893,193.17179672653268,0.03236144275480709,121.80088123392606,160.71653169774885,199.6321821615716,5.201018840287844,,,,,,,"not calculable: missing on-hand, inbound, lead time, shelf life, BOM/yield"
2026-11-07,2026-11-01,Pattaya_Beach,Watermelon,155.515512857461,117.8592289883893,193.17179672653268,0.03236144275480709,121.80088123392606,160.71653169774885,199.6321821615716,5.201018840287844,,,,,,,"not calculable: missing on-hand, inbound, lead time, shelf life, BOM/yield"
2026-11-08,2026-11-01,Pattaya_Beach,Watermelon,155.515512857461,117.8592289883893,193.17179672653268,0.03236144275480709,121.80088123392606,160.71653169774885,199.6321821615716,5.201018840287844,,,,,,,"not calculable: missing on-hand, inbound, lead time, shelf life, BOM/yield"
2026-11-09,2026-11-01,Pattaya_Beach,Watermelon,155.515512857461,117.8592289883893,193.17179672653268,0.03236144275480709,121.80088123392606,160.71653169774885,199.6321821615716,5.201018840287844,,,,,,,"not calculable: missing on-hand, inbound, lead time, shelf life, BOM/yield"
2026-11-10,2026-11-01,Pattaya_Beach,Watermelon,155.515512857461,117.8592289883893,193.17179672653268,0.03236144275480709,121.80088123392606,160.71653169774885,199.6321821615716,5.201018840287844,,,,,,,"not calculable: missing on-hand, inbound, lead time, shelf life, BOM/yield"
2026-11-11,2026-11-01,Pattaya_Beach,Watermelon,155.515512857461,117.8592289883893,193.17179672653268,0.03236144275480709,121.80088123392606,160.71653169774885,199.6321821615716,5.201018840287844,,,,,,,"not calculable: missing on-hand, inbound, lead time, shelf life, BOM/yield"
2026-11-12,2026-11-01,Pattaya_Beach,Watermelon,155.515512857461,117.8592289883893,193.17179672653268,0.03236144275480709,121.80088123392606,160.71653169774885,199.6321821615716,5.201018840287844,,,,,,,"not calculable: missing on-hand, inbound, lead time, shelf life, BOM/yield"
2026-11-13,2026-11-01,Pattaya_Beach,Watermelon,155.515512857461,117.8592289883893,193.17179672653268,0.03236144275480709,121.80088123392606,160.71653169774885,199.6321821615716,5.201018840287844,,,,,,,"not calculable: missing on-hand, inbound, lead time, shelf life, BOM/yield"
2026-11-14,2026-11-01,Pattaya_Beach,Watermelon,155.515512857461,117.8592289883893,193.17179672653268,0.03236144275480709,121.80088123392606,160.71653169774885,199.6321821615716,5.201018840287844,,,,,,,"not calculable: missing on-hand, inbound, lead time, shelf life, BOM/yield"
2026-11-15,2026-11-01,Pattaya_Beach,Watermelon,155.515512857461,117.8592289883893,193.17179672653268,0.03236144275480709,121.80088123392606,160.71653169774885,199.6321821615716,5.201018840287844,,,,,,,"not calculable: missing on-hand, inbound, lead time, shelf life, BOM/yield"
2026-11-16,2026-11-01,Pattaya_Beach,Watermelon,155.515512857461,117.8592289883893,193.17179672653268,0.03236144275480709,121.80088123392606,160.71653169774885,199.6321821615716,5.201018840287844,,,,,,,"not calculable: missing on-hand, inbound, lead time, shelf life, BOM/yield"
2026-11-17,2026-11-01,Pattaya_Beach,Watermelon,155.515512857461,117.8592289883893,193.17179672653268,0.03236144275480709,121.80088123392606,160.71653169774885,199.6321821615716,5.201018840287844,,,,,,,"not calculable: missing on-hand, inbound, lead time, shelf life, BOM/yield"
2026-11-18,2026-11-01,Pattaya_Beach,Watermelon,155.515512857461,117.8592289883893,193.17179672653268,0.03236144275480709,121.80088123392606,160.71653169774885,199.6321821615716,5.201018840287844,,,,,,,"not calculable: missing on-hand, inbound, lead time, shelf life, BOM/yield"
2026-11-19,2026-11-01,Pattaya_Beach,Watermelon,155.515512857461,117.8592289883893,193.17179672653268,0.03236144275480709,121.80088123392606,160.71653169774885,199.6321821615716,5.201018840287844,,,,,,,"not calculable: missing on-hand, inbound, lead time, shelf life, BOM/yield"
2026-11-20,2026-11-01,Pattaya_Beach,Watermelon,155.515512857461,117.8592289883893,193.17179672653268,0.03236144275480709,121.80088123392606,160.71653169774885,199.6321821615716,5.201018840287844,,,,,,,"not calculable: missing on-hand, inbound, lead time, shelf life, BOM/yield"
2026-11-21,2026-11-01,Pattaya_Beach,Watermelon,155.515512857461,117.8592289883893,193.17179672653268,0.03236144275480709,121.80088123392606,160.71653169774885,199.6321821615716,5.201018840287844,,,,,,,"not calculable: missing on-hand, inbound, lead time, shelf life, BOM/yield"
2026-11-22,2026-11-01,Pattaya_Beach,Watermelon,155.515512857461,117.8592289883893,193.17179672653268,0.03236144275480709,121.80088123392606,160.71653169774885,199.6321821615716,5.201018840287844,,,,,,,"not calculable: missing on-hand, inbound, lead time, shelf life, BOM/yield"
2026-11-23,2026-11-01,Pattaya_Beach,Watermelon,155.515512857461,117.8592289883893,193.17179672653268,0.03236144275480709,121.80088123392606,160.71653169774885,199.6321821615716,5.201018840287844,,,,,,,"not calculable: missing on-hand, inbound, lead time, shelf life, BOM/yield"
2026-11-24,2026-11-01,Pattaya_Beach,Watermelon,155.515512857461,117.8592289883893,193.17179672653268,0.03236144275480709,121.80088123392606,160.71653169774885,199.6321821615716,5.201018840287844,,,,,,,"not calculable: missing on-hand, inbound, lead time, shelf life, BOM/yield"
2026-11-25,2026-11-01,Pattaya_Beach,Watermelon,155.515512857461,117.8592289883893,193.17179672653268,0.03236144275480709,121.80088123392606,160.71653169774885,199.6321821615716,5.201018840287844,,,,,,,"not calculable: missing on-hand, inbound, lead time, shelf life, BOM/yield"
2026-11-26,2026-11-01,Pattaya_Beach,Watermelon,155.515512857461,117.8592289883893,193.17179672653268,0.03236144275480709,121.80088123392606,160.71653169774885,199.6321821615716,5.201018840287844,,,,,,,"not calculable: missing on-hand, inbound, lead time, shelf life, BOM/yield"
2026-11-27,2026-11-01,Pattaya_Beach,Watermelon,155.515512857461,117.8592289883893,193.17179672653268,0.03236144275480709,121.80088123392606,160.71653169774885,199.6321821615716,5.201018840287844,,,,,,,"not calculable: missing on-hand, inbound, lead time, shelf life, BOM/yield"
2026-11-28,2026-11-01,Pattaya_Beach,Watermelon,155.515512857461,117.8592289883893,193.17179672653268,0.03236144275480709,121.80088123392606,160.71653169774885,199.6321821615716,5.201018840287844,,,,,,,"not calculable: missing on-hand, inbound, lead time, shelf life, BOM/yield"
2026-11-29,2026-11-01,Pattaya_Beach,Watermelon,155.515512857461,117.8592289883893,193.17179672653268,0.03236144275480709,121.80088123392606,160.71653169774885,199.6321821615716,5.201018840287844,,,,,,,"not calculable: missing on-hand, inbound, lead time, shelf life, BOM/yield"
2026-11-30,2026-11-01,Pattaya_Beach,Watermelon,155.515512857461,117.8592289883893,193.17179672653268,0.03236144275480709,121.80088123392606,160.71653169774885,199.6321821615716,5.201018840287844,,,,,,,"not calculable: missing on-hand, inbound, lead time, shelf life, BOM/yield"
2026-09-01,2026-09-01,Pattaya_Central,Guava,75.36282253437386,57.11458615984613,93.61105890890158,0.05384217143702389,60.364755684145976,79.65142839734769,98.93810111054938,4.288605862973824,,,,,,,"not calculable: missing on-hand, inbound, lead time, shelf life, BOM/yield"
2026-09-02,2026-09-01,Pattaya_Central,Guava,75.36282253437386,57.11458615984613,93.61105890890158,0.05384217143702389,60.364755684145976,79.65142839734769,98.93810111054938,4.288605862973824,,,,,,,"not calculable: missing on-hand, inbound, lead time, shelf life, BOM/yield"
2026-09-03,2026-09-01,Pattaya_Central,Guava,75.36282253437386,57.11458615984613,93.61105890890158,0.05384217143702389,60.364755684145976,79.65142839734769,98.93810111054938,4.288605862973824,,,,,,,"not calculable: missing on-hand, inbound, lead time, shelf life, BOM/yield"
2026-09-04,2026-09-01,Pattaya_Central,Guava,75.36282253437386,57.11458615984613,93.61105890890158,0.05384217143702389,60.364755684145976,79.65142839734769,98.93810111054938,4.288605862973824,,,,,,,"not calculable: missing on-hand, inbound, lead time, shelf life, BOM/yield"
2026-09-05,2026-09-01,Pattaya_Central,Guava,75.36282253437386,57.11458615984613,93.61105890890158,0.05384217143702389,60.364755684145976,79.65142839734769,98.93810111054938,4.288605862973824,,,,,,,"not calculable: missing on-hand, inbound, lead time, shelf life, BOM/yield"
2026-09-06,2026-09-01,Pattaya_Central,Guava,75.36282253437386,57.11458615984613,93.61105890890158,0.05384217143702389,60.364755684145976,79.65142839734769,98.93810111054938,4.288605862973824,,,,,,,"not calculable: missing on-hand, inbound, lead time, shelf life, BOM/yield"
2026-09-07,2026-09-01,Pattaya_Central,Guava,75.36282253437386,57.11458615984613,93.61105890890158,0.05384217143702389,60.364755684145976,79.65142839734769,98.93810111054938,4.288605862973824,,,,,,,"not calculable: missing on-hand, inbound, lead time, shelf life, BOM/yield"
2026-09-08,2026-09-01,Pattaya_Central,Guava,75.36282253437386,57.11458615984613,93.61105890890158,0.05384217143702389,60.364755684145976,79.65142839734769,98.93810111054938,4.288605862973824,,,,,,,"not calculable: missing on-hand, inbound, lead time, shelf life, BOM/yield"
2026-09-09,2026-09-01,Pattaya_Central,Guava,75.36282253437386,57.11458615984613,93.61105890890158,0.05384217143702389,60.364755684145976,79.65142839734769,98.93810111054938,4.288605862973824,,,,,,,"not calculable: missing on-hand, inbound, lead time, shelf life, BOM/yield"
2026-09-10,2026-09-01,Pattaya_Central,Guava,75.36282253437386,57.11458615984613,93.61105890890158,0.05384217143702389,60.364755684145976,79.65142839734769,98.93810111054938,4.288605862973824,,,,,,,"not calculable: missing on-hand, inbound, lead time, shelf life, BOM/yield"
2026-09-11,2026-09-01,Pattaya_Central,Guava,75.36282253437386,57.11458615984613,93.61105890890158,0.05384217143702389,60.364755684145976,79.65142839734769,98.93810111054938,4.288605862973824,,,,,,,"not calculable: missing on-hand, inbound, lead time, shelf life, BOM/yield"
2026-09-12,2026-09-01,Pattaya_Central,Guava,75.36282253437386,57.11458615984613,93.61105890890158,0.05384217143702389,60.364755684145976,79.65142839734769,98.93810111054938,4.288605862973824,,,,,,,"not calculable: missing on-hand, inbound, lead time, shelf life, BOM/yield"
2026-09-13,2026-09-01,Pattaya_Central,Guava,75.36282253437386,57.11458615984613,93.61105890890158,0.05384217143702389,60.364755684145976,79.65142839734769,98.93810111054938,4.288605862973824,,,,,,,"not calculable: missing on-hand, inbound, lead time, shelf life, BOM/yield"
2026-09-14,2026-09-01,Pattaya_Central,Guava,75.36282253437386,57.11458615984613,93.61105890890158,0.05384217143702389,60.364755684145976,79.65142839734769,98.93810111054938,4.288605862973824,,,,,,,"not calculable: missing on-hand, inbound, lead time, shelf life, BOM/yield"
2026-09-15,2026-09-01,Pattaya_Central,Guava,75.36282253437386,57.11458615984613,93.61105890890158,0.05384217143702389,60.364755684145976,79.65142839734769,98.93810111054938,4.288605862973824,,,,,,,"not calculable: missing on-hand, inbound, lead time, shelf life, BOM/yield"
2026-09-16,2026-09-01,Pattaya_Central,Guava,75.36282253437386,57.11458615984613,93.61105890890158,0.05384217143702389,60.364755684145976,79.65142839734769,98.93810111054938,4.288605862973824,,,,,,,"not calculable: missing on-hand, inbound, lead time, shelf life, BOM/yield"
2026-09-17,2026-09-01,Pattaya_Central,Guava,75.36282253437386,57.11458615984613,93.61105890890158,0.05384217143702389,60.364755684145976,79.65142839734769,98.93810111054938,4.288605862973824,,,,,,,"not calculable: missing on-hand, inbound, lead time, shelf life, BOM/yield"
2026-09-18,2026-09-01,Pattaya_Central,Guava,75.36282253437386,57.11458615984613,93.61105890890158,0.05384217143702389,60.364755684145976,79.65142839734769,98.93810111054938,4.288605862973824,,,,,,,"not calculable: missing on-hand, inbound, lead time, shelf life, BOM/yield"
2026-09-19,2026-09-01,Pattaya_Central,Guava,75.36282253437386,57.11458615984613,93.61105890890158,0.05384217143702389,60.364755684145976,79.65142839734769,98.93810111054938,4.288605862973824,,,,,,,"not calculable: missing on-hand, inbound, lead time, shelf life, BOM/yield"
2026-09-20,2026-09-01,Pattaya_Central,Guava,75.36282253437386,57.11458615984613,93.61105890890158,0.05384217143702389,60.364755684145976,79.65142839734769,98.93810111054938,4.288605862973824,,,,,,,"not calculable: missing on-hand, inbound, lead time, shelf life, BOM/yield"
2026-09-21,2026-09-01,Pattaya_Central,Guava,75.36282253437386,57.11458615984613,93.61105890890158,0.05384217143702389,60.364755684145976,79.65142839734769,98.93810111054938,4.288605862973824,,,,,,,"not calculable: missing on-hand, inbound, lead time, shelf life, BOM/yield"
2026-09-22,2026-09-01,Pattaya_Central,Guava,75.36282253437386,57.11458615984613,93.61105890890158,0.05384217143702389,60.364755684145976,79.65142839734769,98.93810111054938,4.288605862973824,,,,,,,"not calculable: missing on-hand, inbound, lead time, shelf life, BOM/yield"
2026-09-23,2026-09-01,Pattaya_Central,Guava,75.36282253437386,57.11458615984613,93.61105890890158,0.05384217143702389,60.364755684145976,79.65142839734769,98.93810111054938,4.288605862973824,,,,,,,"not calculable: missing on-hand, inbound, lead time, shelf life, BOM/yield"
2026-09-24,2026-09-01,Pattaya_Central,Guava,75.36282253437386,57.11458615984613,93.61105890890158,0.05384217143702389,60.364755684145976,79.65142839734769,98.93810111054938,4.288605862973824,,,,,,,"not calculable: missing on-hand, inbound, lead time, shelf life, BOM/yield"
2026-09-25,2026-09-01,Pattaya_Central,Guava,75.36282253437386,57.11458615984613,93.61105890890158,0.05384217143702389,60.364755684145976,79.65142839734769,98.93810111054938,4.288605862973824,,,,,,,"not calculable: missing on-hand, inbound, lead time, shelf life, BOM/yield"
2026-09-26,2026-09-01,Pattaya_Central,Guava,75.36282253437386,57.11458615984613,93.61105890890158,0.05384217143702389,60.364755684145976,79.65142839734769,98.93810111054938,4.288605862973824,,,,,,,"not calculable: missing on-hand, inbound, lead time, shelf life, BOM/yield"
2026-09-27,2026-09-01,Pattaya_Central,Guava,75.36282253437386,57.11458615984613,93.61105890890158,0.05384217143702389,60.364755684145976,79.65142839734769,98.93810111054938,4.288605862973824,,,,,,,"not calculable: missing on-hand, inbound, lead time, shelf life, BOM/yield"
2026-09-28,2026-09-01,Pattaya_Central,Guava,75.36282253437386,57.11458615984613,93.61105890890158,0.05384217143702389,60.364755684145976,79.65142839734769,98.93810111054938,4.288605862973824,,,,,,,"not calculable: missing on-hand, inbound, lead time, shelf life, BOM/yield"
2026-09-29,2026-09-01,Pattaya_Central,Guava,75.36282253437386,57.11458615984613,93.61105890890158,0.05384217143702389,60.364755684145976,79.65142839734769,98.93810111054938,4.288605862973824,,,,,,,"not calculable: missing on-hand, inbound, lead time, shelf life, BOM/yield"
2026-09-30,2026-09-01,Pattaya_Central,Guava,75.36282253437386,57.11458615984613,93.61105890890158,0.05384217143702389,60.364755684145976,79.65142839734769,98.93810111054938,4.288605862973824,,,,,,,"not calculable: missing on-hand, inbound, lead time, shelf life, BOM/yield"
2026-10-01,2026-10-01,Pattaya_Central,Guava,75.36282253437386,57.11458615984613,93.61105890890158,0.05384217143702389,60.364755684145976,79.65142839734769,98.93810111054938,4.288605862973824,,,,,,,"not calculable: missing on-hand, inbound, lead time, shelf life, BOM/yield"
2026-10-02,2026-10-01,Pattaya_Central,Guava,75.36282253437386,57.11458615984613,93.61105890890158,0.05384217143702389,60.364755684145976,79.65142839734769,98.93810111054938,4.288605862973824,,,,,,,"not calculable: missing on-hand, inbound, lead time, shelf life, BOM/yield"
2026-10-03,2026-10-01,Pattaya_Central,Guava,75.36282253437386,57.11458615984613,93.61105890890158,0.05384217143702389,60.364755684145976,79.65142839734769,98.93810111054938,4.288605862973824,,,,,,,"not calculable: missing on-hand, inbound, lead time, shelf life, BOM/yield"
2026-10-04,2026-10-01,Pattaya_Central,Guava,75.36282253437386,57.11458615984613,93.61105890890158,0.05384217143702389,60.364755684145976,79.65142839734769,98.93810111054938,4.288605862973824,,,,,,,"not calculable: missing on-hand, inbound, lead time, shelf life, BOM/yield"
2026-10-05,2026-10-01,Pattaya_Central,Guava,75.36282253437386,57.11458615984613,93.61105890890158,0.05384217143702389,60.364755684145976,79.65142839734769,98.93810111054938,4.288605862973824,,,,,,,"not calculable: missing on-hand, inbound, lead time, shelf life, BOM/yield"
2026-10-06,2026-10-01,Pattaya_Central,Guava,75.36282253437386,57.11458615984613,93.61105890890158,0.05384217143702389,60.364755684145976,79.65142839734769,98.93810111054938,4.288605862973824,,,,,,,"not calculable: missing on-hand, inbound, lead time, shelf life, BOM/yield"
2026-10-07,2026-10-01,Pattaya_Central,Guava,75.36282253437386,57.11458615984613,93.61105890890158,0.05384217143702389,60.364755684145976,79.65142839734769,98.93810111054938,4.288605862973824,,,,,,,"not calculable: missing on-hand, inbound, lead time, shelf life, BOM/yield"
2026-10-08,2026-10-01,Pattaya_Central,Guava,75.36282253437386,57.11458615984613,93.61105890890158,0.05384217143702389,60.364755684145976,79.65142839734769,98.93810111054938,4.288605862973824,,,,,,,"not calculable: missing on-hand, inbound, lead time, shelf life, BOM/yield"
2026-10-09,2026-10-01,Pattaya_Central,Guava,75.36282253437386,57.11458615984613,93.61105890890158,0.05384217143702389,60.364755684145976,79.65142839734769,98.93810111054938,4.288605862973824,,,,,,,"not calculable: missing on-hand, inbound, lead time, shelf life, BOM/yield"
2026-10-10,2026-10-01,Pattaya_Central,Guava,75.36282253437386,57.11458615984613,93.61105890890158,0.05384217143702389,60.364755684145976,79.65142839734769,98.93810111054938,4.288605862973824,,,,,,,"not calculable: missing on-hand, inbound, lead time, shelf life, BOM/yield"
2026-10-11,2026-10-01,Pattaya_Central,Guava,75.36282253437386,57.11458615984613,93.61105890890158,0.05384217143702389,60.364755684145976,79.65142839734769,98.93810111054938,4.288605862973824,,,,,,,"not calculable: missing on-hand, inbound, lead time, shelf life, BOM/yield"
2026-10-12,2026-10-01,Pattaya_Central,Guava,75.36282253437386,57.11458615984613,93.61105890890158,0.05384217143702389,60.364755684145976,79.65142839734769,98.93810111054938,4.288605862973824,,,,,,,"not calculable: missing on-hand, inbound, lead time, shelf life, BOM/yield"
2026-10-13,2026-10-01,Pattaya_Central,Guava,75.36282253437386,57.11458615984613,93.61105890890158,0.05384217143702389,60.364755684145976,79.65142839734769,98.93810111054938,4.288605862973824,,,,,,,"not calculable: missing on-hand, inbound, lead time, shelf life, BOM/yield"
2026-10-14,2026-10-01,Pattaya_Central,Guava,75.36282253437386,57.11458615984613,93.61105890890158,0.05384217143702389,60.364755684145976,79.65142839734769,98.93810111054938,4.288605862973824,,,,,,,"not calculable: missing on-hand, inbound, lead time, shelf life, BOM/yield"
2026-10-15,2026-10-01,Pattaya_Central,Guava,75.36282253437386,57.11458615984613,93.61105890890158,0.05384217143702389,60.364755684145976,79.65142839734769,98.93810111054938,4.288605862973824,,,,,,,"not calculable: missing on-hand, inbound, lead time, shelf life, BOM/yield"
2026-10-16,2026-10-01,Pattaya_Central,Guava,75.36282253437386,57.11458615984613,93.61105890890158,0.05384217143702389,60.364755684145976,79.65142839734769,98.93810111054938,4.288605862973824,,,,,,,"not calculable: missing on-hand, inbound, lead time, shelf life, BOM/yield"
2026-10-17,2026-10-01,Pattaya_Central,Guava,75.36282253437386,57.11458615984613,93.61105890890158,0.05384217143702389,60.364755684145976,79.65142839734769,98.93810111054938,4.288605862973824,,,,,,,"not calculable: missing on-hand, inbound, lead time, shelf life, BOM/yield"
2026-10-18,2026-10-01,Pattaya_Central,Guava,75.36282253437386,57.11458615984613,93.61105890890158,0.05384217143702389,60.364755684145976,79.65142839734769,98.93810111054938,4.288605862973824,,,,,,,"not calculable: missing on-hand, inbound, lead time, shelf life, BOM/yield"
2026-10-19,2026-10-01,Pattaya_Central,Guava,75.36282253437386,57.11458615984613,93.61105890890158,0.05384217143702389,60.364755684145976,79.65142839734769,98.93810111054938,4.288605862973824,,,,,,,"not calculable: missing on-hand, inbound, lead time, shelf life, BOM/yield"
2026-10-20,2026-10-01,Pattaya_Central,Guava,75.36282253437386,57.11458615984613,93.61105890890158,0.05384217143702389,60.364755684145976,79.65142839734769,98.93810111054938,4.288605862973824,,,,,,,"not calculable: missing on-hand, inbound, lead time, shelf life, BOM/yield"
2026-10-21,2026-10-01,Pattaya_Central,Guava,75.36282253437386,57.11458615984613,93.61105890890158,0.05384217143702389,60.364755684145976,79.65142839734769,98.93810111054938,4.288605862973824,,,,,,,"not calculable: missing on-hand, inbound, lead time, shelf life, BOM/yield"
2026-10-22,2026-10-01,Pattaya_Central,Guava,75.36282253437386,57.11458615984613,93.61105890890158,0.05384217143702389,60.364755684145976,79.65142839734769,98.93810111054938,4.288605862973824,,,,,,,"not calculable: missing on-hand, inbound, lead time, shelf life, BOM/yield"
2026-10-23,2026-10-01,Pattaya_Central,Guava,75.36282253437386,57.11458615984613,93.61105890890158,0.05384217143702389,60.364755684145976,79.65142839734769,98.93810111054938,4.288605862973824,,,,,,,"not calculable: missing on-hand, inbound, lead time, shelf life, BOM/yield"
2026-10-24,2026-10-01,Pattaya_Central,Guava,75.36282253437386,57.11458615984613,93.61105890890158,0.05384217143702389,60.364755684145976,79.65142839734769,98.93810111054938,4.288605862973824,,,,,,,"not calculable: missing on-hand, inbound, lead time, shelf life, BOM/yield"
2026-10-25,2026-10-01,Pattaya_Central,Guava,75.36282253437386,57.11458615984613,93.61105890890158,0.05384217143702389,60.364755684145976,79.65142839734769,98.93810111054938,4.288605862973824,,,,,,,"not calculable: missing on-hand, inbound, lead time, shelf life, BOM/yield"
2026-10-26,2026-10-01,Pattaya_Central,Guava,75.36282253437386,57.11458615984613,93.61105890890158,0.05384217143702389,60.364755684145976,79.65142839734769,98.93810111054938,4.288605862973824,,,,,,,"not calculable: missing on-hand, inbound, lead time, shelf life, BOM/yield"
2026-10-27,2026-10-01,Pattaya_Central,Guava,75.36282253437386,57.11458615984613,93.61105890890158,0.05384217143702389,60.364755684145976,79.65142839734769,98.93810111054938,4.288605862973824,,,,,,,"not calculable: missing on-hand, inbound, lead time, shelf life, BOM/yield"
2026-10-28,2026-10-01,Pattaya_Central,Guava,75.36282253437386,57.11458615984613,93.61105890890158,0.05384217143702389,60.364755684145976,79.65142839734769,98.93810111054938,4.288605862973824,,,,,,,"not calculable: missing on-hand, inbound, lead time, shelf life, BOM/yield"
2026-10-29,2026-10-01,Pattaya_Central,Guava,75.36282253437386,57.11458615984613,93.61105890890158,0.05384217143702389,60.364755684145976,79.65142839734769,98.93810111054938,4.288605862973824,,,,,,,"not calculable: missing on-hand, inbound, lead time, shelf life, BOM/yield"
2026-10-30,2026-10-01,Pattaya_Central,Guava,75.36282253437386,57.11458615984613,93.61105890890158,0.05384217143702389,60.364755684145976,79.65142839734769,98.93810111054938,4.288605862973824,,,,,,,"not calculable: missing on-hand, inbound, lead time, shelf life, BOM/yield"
2026-10-31,2026-10-01,Pattaya_Central,Guava,75.36282253437386,57.11458615984613,93.61105890890158,0.05384217143702389,60.364755684145976,79.65142839734769,98.93810111054938,4.288605862973824,,,,,,,"not calculable: missing on-hand, inbound, lead time, shelf life, BOM/yield"
2026-11-01,2026-11-01,Pattaya_Central,Guava,75.36282253437386,57.11458615984613,93.61105890890158,0.05384217143702389,60.364755684145976,79.65142839734769,98.93810111054938,4.288605862973824,,,,,,,"not calculable: missing on-hand, inbound, lead time, shelf life, BOM/yield"
2026-11-02,2026-11-01,Pattaya_Central,Guava,75.36282253437386,57.11458615984613,93.61105890890158,0.05384217143702389,60.364755684145976,79.65142839734769,98.93810111054938,4.288605862973824,,,,,,,"not calculable: missing on-hand, inbound, lead time, shelf life, BOM/yield"
2026-11-03,2026-11-01,Pattaya_Central,Guava,75.36282253437386,57.11458615984613,93.61105890890158,0.05384217143702389,60.364755684145976,79.65142839734769,98.93810111054938,4.288605862973824,,,,,,,"not calculable: missing on-hand, inbound, lead time, shelf life, BOM/yield"
2026-11-04,2026-11-01,Pattaya_Central,Guava,75.36282253437386,57.11458615984613,93.61105890890158,0.05384217143702389,60.364755684145976,79.65142839734769,98.93810111054938,4.288605862973824,,,,,,,"not calculable: missing on-hand, inbound, lead time, shelf life, BOM/yield"
2026-11-05,2026-11-01,Pattaya_Central,Guava,75.36282253437386,57.11458615984613,93.61105890890158,0.05384217143702389,60.364755684145976,79.65142839734769,98.93810111054938,4.288605862973824,,,,,,,"not calculable: missing on-hand, inbound, lead time, shelf life, BOM/yield"
2026-11-06,2026-11-01,Pattaya_Central,Guava,75.36282253437386,57.11458615984613,93.61105890890158,0.05384217143702389,60.364755684145976,79.65142839734769,98.93810111054938,4.288605862973824,,,,,,,"not calculable: missing on-hand, inbound, lead time, shelf life, BOM/yield"
2026-11-07,2026-11-01,Pattaya_Central,Guava,75.36282253437386,57.11458615984613,93.61105890890158,0.05384217143702389,60.364755684145976,79.65142839734769,98.93810111054938,4.288605862973824,,,,,,,"not calculable: missing on-hand, inbound, lead time, shelf life, BOM/yield"
2026-11-08,2026-11-01,Pattaya_Central,Guava,75.36282253437386,57.11458615984613,93.61105890890158,0.05384217143702389,60.364755684145976,79.65142839734769,98.93810111054938,4.288605862973824,,,,,,,"not calculable: missing on-hand, inbound, lead time, shelf life, BOM/yield"
2026-11-09,2026-11-01,Pattaya_Central,Guava,75.36282253437386,57.11458615984613,93.61105890890158,0.05384217143702389,60.364755684145976,79.65142839734769,98.93810111054938,4.288605862973824,,,,,,,"not calculable: missing on-hand, inbound, lead time, shelf life, BOM/yield"
2026-11-10,2026-11-01,Pattaya_Central,Guava,75.36282253437386,57.11458615984613,93.61105890890158,0.05384217143702389,60.364755684145976,79.65142839734769,98.93810111054938,4.288605862973824,,,,,,,"not calculable: missing on-hand, inbound, lead time, shelf life, BOM/yield"
2026-11-11,2026-11-01,Pattaya_Central,Guava,75.36282253437386,57.11458615984613,93.61105890890158,0.05384217143702389,60.364755684145976,79.65142839734769,98.93810111054938,4.288605862973824,,,,,,,"not calculable: missing on-hand, inbound, lead time, shelf life, BOM/yield"
2026-11-12,2026-11-01,Pattaya_Central,Guava,75.36282253437386,57.11458615984613,93.61105890890158,0.05384217143702389,60.364755684145976,79.65142839734769,98.93810111054938,4.288605862973824,,,,,,,"not calculable: missing on-hand, inbound, lead time, shelf life, BOM/yield"
2026-11-13,2026-11-01,Pattaya_Central,Guava,75.36282253437386,57.11458615984613,93.61105890890158,0.05384217143702389,60.364755684145976,79.65142839734769,98.93810111054938,4.288605862973824,,,,,,,"not calculable: missing on-hand, inbound, lead time, shelf life, BOM/yield"
2026-11-14,2026-11-01,Pattaya_Central,Guava,75.36282253437386,57.11458615984613,93.61105890890158,0.05384217143702389,60.364755684145976,79.65142839734769,98.93810111054938,4.288605862973824,,,,,,,"not calculable: missing on-hand, inbound, lead time, shelf life, BOM/yield"
2026-11-15,2026-11-01,Pattaya_Central,Guava,75.36282253437386,57.11458615984613,93.61105890890158,0.05384217143702389,60.364755684145976,79.65142839734769,98.93810111054938,4.288605862973824,,,,,,,"not calculable: missing on-hand, inbound, lead time, shelf life, BOM/yield"
2026-11-16,2026-11-01,Pattaya_Central,Guava,75.36282253437386,57.11458615984613,93.61105890890158,0.05384217143702389,60.364755684145976,79.65142839734769,98.93810111054938,4.288605862973824,,,,,,,"not calculable: missing on-hand, inbound, lead time, shelf life, BOM/yield"
2026-11-17,2026-11-01,Pattaya_Central,Guava,75.36282253437386,57.11458615984613,93.61105890890158,0.05384217143702389,60.364755684145976,79.65142839734769,98.93810111054938,4.288605862973824,,,,,,,"not calculable: missing on-hand, inbound, lead time, shelf life, BOM/yield"
2026-11-18,2026-11-01,Pattaya_Central,Guava,75.36282253437386,57.11458615984613,93.61105890890158,0.05384217143702389,60.364755684145976,79.65142839734769,98.93810111054938,4.288605862973824,,,,,,,"not calculable: missing on-hand, inbound, lead time, shelf life, BOM/yield"
2026-11-19,2026-11-01,Pattaya_Central,Guava,75.36282253437386,57.11458615984613,93.61105890890158,0.05384217143702389,60.364755684145976,79.65142839734769,98.93810111054938,4.288605862973824,,,,,,,"not calculable: missing on-hand, inbound, lead time, shelf life, BOM/yield"
2026-11-20,2026-11-01,Pattaya_Central,Guava,75.36282253437386,57.11458615984613,93.61105890890158,0.05384217143702389,60.364755684145976,79.65142839734769,98.93810111054938,4.288605862973824,,,,,,,"not calculable: missing on-hand, inbound, lead time, shelf life, BOM/yield"
2026-11-21,2026-11-01,Pattaya_Central,Guava,75.36282253437386,57.11458615984613,93.61105890890158,0.05384217143702389,60.364755684145976,79.65142839734769,98.93810111054938,4.288605862973824,,,,,,,"not calculable: missing on-hand, inbound, lead time, shelf life, BOM/yield"
2026-11-22,2026-11-01,Pattaya_Central,Guava,75.36282253437386,57.11458615984613,93.61105890890158,0.05384217143702389,60.364755684145976,79.65142839734769,98.93810111054938,4.288605862973824,,,,,,,"not calculable: missing on-hand, inbound, lead time, shelf life, BOM/yield"
2026-11-23,2026-11-01,Pattaya_Central,Guava,75.36282253437386,57.11458615984613,93.61105890890158,0.05384217143702389,60.364755684145976,79.65142839734769,98.93810111054938,4.288605862973824,,,,,,,"not calculable: missing on-hand, inbound, lead time, shelf life, BOM/yield"
2026-11-24,2026-11-01,Pattaya_Central,Guava,75.36282253437386,57.11458615984613,93.61105890890158,0.05384217143702389,60.364755684145976,79.65142839734769,98.93810111054938,4.288605862973824,,,,,,,"not calculable: missing on-hand, inbound, lead time, shelf life, BOM/yield"
2026-11-25,2026-11-01,Pattaya_Central,Guava,75.36282253437386,57.11458615984613,93.61105890890158,0.05384217143702389,60.364755684145976,79.65142839734769,98.93810111054938,4.288605862973824,,,,,,,"not calculable: missing on-hand, inbound, lead time, shelf life, BOM/yield"
2026-11-26,2026-11-01,Pattaya_Central,Guava,75.36282253437386,57.11458615984613,93.61105890890158,0.05384217143702389,60.364755684145976,79.65142839734769,98.93810111054938,4.288605862973824,,,,,,,"not calculable: missing on-hand, inbound, lead time, shelf life, BOM/yield"
2026-11-27,2026-11-01,Pattaya_Central,Guava,75.36282253437386,57.11458615984613,93.61105890890158,0.05384217143702389,60.364755684145976,79.65142839734769,98.93810111054938,4.288605862973824,,,,,,,"not calculable: missing on-hand, inbound, lead time, shelf life, BOM/yield"
2026-11-28,2026-11-01,Pattaya_Central,Guava,75.36282253437386,57.11458615984613,93.61105890890158,0.05384217143702389,60.364755684145976,79.65142839734769,98.93810111054938,4.288605862973824,,,,,,,"not calculable: missing on-hand, inbound, lead time, shelf life, BOM/yield"
2026-11-29,2026-11-01,Pattaya_Central,Guava,75.36282253437386,57.11458615984613,93.61105890890158,0.05384217143702389,60.364755684145976,79.65142839734769,98.93810111054938,4.288605862973824,,,,,,,"not calculable: missing on-hand, inbound, lead time, shelf life, BOM/yield"
2026-11-30,2026-11-01,Pattaya_Central,Guava,75.36282253437386,57.11458615984613,93.61105890890158,0.05384217143702389,60.364755684145976,79.65142839734769,98.93810111054938,4.288605862973824,,,,,,,"not calculable: missing on-hand, inbound, lead time, shelf life, BOM/yield"
2026-09-01,2026-09-01,Pattaya_Central,MixedBerryPremium,24.227469467776135,18.361067776106722,30.093871159445545,0.20131180625630676,22.98903116376723,30.334077375320465,37.6791235868737,6.10660790754433,,,,,,,"not calculable: missing on-hand, inbound, lead time, shelf life, BOM/yield"
2026-09-02,2026-09-01,Pattaya_Central,MixedBerryPremium,24.227469467776135,18.361067776106722,30.093871159445545,0.20131180625630676,22.98903116376723,30.334077375320465,37.6791235868737,6.10660790754433,,,,,,,"not calculable: missing on-hand, inbound, lead time, shelf life, BOM/yield"
2026-09-03,2026-09-01,Pattaya_Central,MixedBerryPremium,24.227469467776135,18.361067776106722,30.093871159445545,0.20131180625630676,22.98903116376723,30.334077375320465,37.6791235868737,6.10660790754433,,,,,,,"not calculable: missing on-hand, inbound, lead time, shelf life, BOM/yield"
2026-09-04,2026-09-01,Pattaya_Central,MixedBerryPremium,24.227469467776135,18.361067776106722,30.093871159445545,0.20131180625630676,22.98903116376723,30.334077375320465,37.6791235868737,6.10660790754433,,,,,,,"not calculable: missing on-hand, inbound, lead time, shelf life, BOM/yield"
2026-09-05,2026-09-01,Pattaya_Central,MixedBerryPremium,24.227469467776135,18.361067776106722,30.093871159445545,0.20131180625630676,22.98903116376723,30.334077375320465,37.6791235868737,6.10660790754433,,,,,,,"not calculable: missing on-hand, inbound, lead time, shelf life, BOM/yield"
2026-09-06,2026-09-01,Pattaya_Central,MixedBerryPremium,24.227469467776135,18.361067776106722,30.093871159445545,0.20131180625630676,22.98903116376723,30.334077375320465,37.6791235868737,6.10660790754433,,,,,,,"not calculable: missing on-hand, inbound, lead time, shelf life, BOM/yield"
2026-09-07,2026-09-01,Pattaya_Central,MixedBerryPremium,24.227469467776135,18.361067776106722,30.093871159445545,0.20131180625630676,22.98903116376723,30.334077375320465,37.6791235868737,6.10660790754433,,,,,,,"not calculable: missing on-hand, inbound, lead time, shelf life, BOM/yield"
2026-09-08,2026-09-01,Pattaya_Central,MixedBerryPremium,24.227469467776135,18.361067776106722,30.093871159445545,0.20131180625630676,22.98903116376723,30.334077375320465,37.6791235868737,6.10660790754433,,,,,,,"not calculable: missing on-hand, inbound, lead time, shelf life, BOM/yield"
2026-09-09,2026-09-01,Pattaya_Central,MixedBerryPremium,24.227469467776135,18.361067776106722,30.093871159445545,0.20131180625630676,22.98903116376723,30.334077375320465,37.6791235868737,6.10660790754433,,,,,,,"not calculable: missing on-hand, inbound, lead time, shelf life, BOM/yield"
2026-09-10,2026-09-01,Pattaya_Central,MixedBerryPremium,24.227469467776135,18.361067776106722,30.093871159445545,0.20131180625630676,22.98903116376723,30.334077375320465,37.6791235868737,6.10660790754433,,,,,,,"not calculable: missing on-hand, inbound, lead time, shelf life, BOM/yield"
2026-09-11,2026-09-01,Pattaya_Central,MixedBerryPremium,24.227469467776135,18.361067776106722,30.093871159445545,0.20131180625630676,22.98903116376723,30.334077375320465,37.6791235868737,6.10660790754433,,,,,,,"not calculable: missing on-hand, inbound, lead time, shelf life, BOM/yield"
2026-09-12,2026-09-01,Pattaya_Central,MixedBerryPremium,24.227469467776135,18.361067776106722,30.093871159445545,0.20131180625630676,22.98903116376723,30.334077375320465,37.6791235868737,6.10660790754433,,,,,,,"not calculable: missing on-hand, inbound, lead time, shelf life, BOM/yield"
2026-09-13,2026-09-01,Pattaya_Central,MixedBerryPremium,24.227469467776135,18.361067776106722,30.093871159445545,0.20131180625630676,22.98903116376723,30.334077375320465,37.6791235868737,6.10660790754433,,,,,,,"not calculable: missing on-hand, inbound, lead time, shelf life, BOM/yield"
2026-09-14,2026-09-01,Pattaya_Central,MixedBerryPremium,24.227469467776135,18.361067776106722,30.093871159445545,0.20131180625630676,22.98903116376723,30.334077375320465,37.6791235868737,6.10660790754433,,,,,,,"not calculable: missing on-hand, inbound, lead time, shelf life, BOM/yield"
2026-09-15,2026-09-01,Pattaya_Central,MixedBerryPremium,24.227469467776135,18.361067776106722,30.093871159445545,0.20131180625630676,22.98903116376723,30.334077375320465,37.6791235868737,6.10660790754433,,,,,,,"not calculable: missing on-hand, inbound, lead time, shelf life, BOM/yield"
2026-09-16,2026-09-01,Pattaya_Central,MixedBerryPremium,24.227469467776135,18.361067776106722,30.093871159445545,0.20131180625630676,22.98903116376723,30.334077375320465,37.6791235868737,6.10660790754433,,,,,,,"not calculable: missing on-hand, inbound, lead time, shelf life, BOM/yield"
2026-09-17,2026-09-01,Pattaya_Central,MixedBerryPremium,24.227469467776135,18.361067776106722,30.093871159445545,0.20131180625630676,22.98903116376723,30.334077375320465,37.6791235868737,6.10660790754433,,,,,,,"not calculable: missing on-hand, inbound, lead time, shelf life, BOM/yield"
2026-09-18,2026-09-01,Pattaya_Central,MixedBerryPremium,24.227469467776135,18.361067776106722,30.093871159445545,0.20131180625630676,22.98903116376723,30.334077375320465,37.6791235868737,6.10660790754433,,,,,,,"not calculable: missing on-hand, inbound, lead time, shelf life, BOM/yield"
2026-09-19,2026-09-01,Pattaya_Central,MixedBerryPremium,24.227469467776135,18.361067776106722,30.093871159445545,0.20131180625630676,22.98903116376723,30.334077375320465,37.6791235868737,6.10660790754433,,,,,,,"not calculable: missing on-hand, inbound, lead time, shelf life, BOM/yield"
2026-09-20,2026-09-01,Pattaya_Central,MixedBerryPremium,24.227469467776135,18.361067776106722,30.093871159445545,0.20131180625630676,22.98903116376723,30.334077375320465,37.6791235868737,6.10660790754433,,,,,,,"not calculable: missing on-hand, inbound, lead time, shelf life, BOM/yield"
2026-09-21,2026-09-01,Pattaya_Central,MixedBerryPremium,24.227469467776135,18.361067776106722,30.093871159445545,0.20131180625630676,22.98903116376723,30.334077375320465,37.6791235868737,6.10660790754433,,,,,,,"not calculable: missing on-hand, inbound, lead time, shelf life, BOM/yield"
2026-09-22,2026-09-01,Pattaya_Central,MixedBerryPremium,24.227469467776135,18.361067776106722,30.093871159445545,0.20131180625630676,22.98903116376723,30.334077375320465,37.6791235868737,6.10660790754433,,,,,,,"not calculable: missing on-hand, inbound, lead time, shelf life, BOM/yield"
2026-09-23,2026-09-01,Pattaya_Central,MixedBerryPremium,24.227469467776135,18.361067776106722,30.093871159445545,0.20131180625630676,22.98903116376723,30.334077375320465,37.6791235868737,6.10660790754433,,,,,,,"not calculable: missing on-hand, inbound, lead time, shelf life, BOM/yield"
2026-09-24,2026-09-01,Pattaya_Central,MixedBerryPremium,24.227469467776135,18.361067776106722,30.093871159445545,0.20131180625630676,22.98903116376723,30.334077375320465,37.6791235868737,6.10660790754433,,,,,,,"not calculable: missing on-hand, inbound, lead time, shelf life, BOM/yield"
2026-09-25,2026-09-01,Pattaya_Central,MixedBerryPremium,24.227469467776135,18.361067776106722,30.093871159445545,0.20131180625630676,22.98903116376723,30.334077375320465,37.6791235868737,6.10660790754433,,,,,,,"not calculable: missing on-hand, inbound, lead time, shelf life, BOM/yield"
2026-09-26,2026-09-01,Pattaya_Central,MixedBerryPremium,24.227469467776135,18.361067776106722,30.093871159445545,0.20131180625630676,22.98903116376723,30.334077375320465,37.6791235868737,6.10660790754433,,,,,,,"not calculable: missing on-hand, inbound, lead time, shelf life, BOM/yield"
2026-09-27,2026-09-01,Pattaya_Central,MixedBerryPremium,24.227469467776135,18.361067776106722,30.093871159445545,0.20131180625630676,22.98903116376723,30.334077375320465,37.6791235868737,6.10660790754433,,,,,,,"not calculable: missing on-hand, inbound, lead time, shelf life, BOM/yield"
2026-09-28,2026-09-01,Pattaya_Central,MixedBerryPremium,24.227469467776135,18.361067776106722,30.093871159445545,0.20131180625630676,22.98903116376723,30.334077375320465,37.6791235868737,6.10660790754433,,,,,,,"not calculable: missing on-hand, inbound, lead time, shelf life, BOM/yield"
2026-09-29,2026-09-01,Pattaya_Central,MixedBerryPremium,24.227469467776135,18.361067776106722,30.093871159445545,0.20131180625630676,22.98903116376723,30.334077375320465,37.6791235868737,6.10660790754433,,,,,,,"not calculable: missing on-hand, inbound, lead time, shelf life, BOM/yield"
2026-09-30,2026-09-01,Pattaya_Central,MixedBerryPremium,24.227469467776135,18.361067776106722,30.093871159445545,0.20131180625630676,22.98903116376723,30.334077375320465,37.6791235868737,6.10660790754433,,,,,,,"not calculable: missing on-hand, inbound, lead time, shelf life, BOM/yield"
2026-10-01,2026-10-01,Pattaya_Central,MixedBerryPremium,24.227469467776135,18.361067776106722,30.093871159445545,0.20131180625630676,22.98903116376723,30.334077375320465,37.6791235868737,6.10660790754433,,,,,,,"not calculable: missing on-hand, inbound, lead time, shelf life, BOM/yield"
2026-10-02,2026-10-01,Pattaya_Central,MixedBerryPremium,24.227469467776135,18.361067776106722,30.093871159445545,0.20131180625630676,22.98903116376723,30.334077375320465,37.6791235868737,6.10660790754433,,,,,,,"not calculable: missing on-hand, inbound, lead time, shelf life, BOM/yield"
2026-10-03,2026-10-01,Pattaya_Central,MixedBerryPremium,24.227469467776135,18.361067776106722,30.093871159445545,0.20131180625630676,22.98903116376723,30.334077375320465,37.6791235868737,6.10660790754433,,,,,,,"not calculable: missing on-hand, inbound, lead time, shelf life, BOM/yield"
2026-10-04,2026-10-01,Pattaya_Central,MixedBerryPremium,24.227469467776135,18.361067776106722,30.093871159445545,0.20131180625630676,22.98903116376723,30.334077375320465,37.6791235868737,6.10660790754433,,,,,,,"not calculable: missing on-hand, inbound, lead time, shelf life, BOM/yield"
2026-10-05,2026-10-01,Pattaya_Central,MixedBerryPremium,24.227469467776135,18.361067776106722,30.093871159445545,0.20131180625630676,22.98903116376723,30.334077375320465,37.6791235868737,6.10660790754433,,,,,,,"not calculable: missing on-hand, inbound, lead time, shelf life, BOM/yield"
2026-10-06,2026-10-01,Pattaya_Central,MixedBerryPremium,24.227469467776135,18.361067776106722,30.093871159445545,0.20131180625630676,22.98903116376723,30.334077375320465,37.6791235868737,6.10660790754433,,,,,,,"not calculable: missing on-hand, inbound, lead time, shelf life, BOM/yield"
2026-10-07,2026-10-01,Pattaya_Central,MixedBerryPremium,24.227469467776135,18.361067776106722,30.093871159445545,0.20131180625630676,22.98903116376723,30.334077375320465,37.6791235868737,6.10660790754433,,,,,,,"not calculable: missing on-hand, inbound, lead time, shelf life, BOM/yield"
2026-10-08,2026-10-01,Pattaya_Central,MixedBerryPremium,24.227469467776135,18.361067776106722,30.093871159445545,0.20131180625630676,22.98903116376723,30.334077375320465,37.6791235868737,6.10660790754433,,,,,,,"not calculable: missing on-hand, inbound, lead time, shelf life, BOM/yield"
2026-10-09,2026-10-01,Pattaya_Central,MixedBerryPremium,24.227469467776135,18.361067776106722,30.093871159445545,0.20131180625630676,22.98903116376723,30.334077375320465,37.6791235868737,6.10660790754433,,,,,,,"not calculable: missing on-hand, inbound, lead time, shelf life, BOM/yield"
2026-10-10,2026-10-01,Pattaya_Central,MixedBerryPremium,24.227469467776135,18.361067776106722,30.093871159445545,0.20131180625630676,22.98903116376723,30.334077375320465,37.6791235868737,6.10660790754433,,,,,,,"not calculable: missing on-hand, inbound, lead time, shelf life, BOM/yield"
2026-10-11,2026-10-01,Pattaya_Central,MixedBerryPremium,24.227469467776135,18.361067776106722,30.093871159445545,0.20131180625630676,22.98903116376723,30.334077375320465,37.6791235868737,6.10660790754433,,,,,,,"not calculable: missing on-hand, inbound, lead time, shelf life, BOM/yield"
2026-10-12,2026-10-01,Pattaya_Central,MixedBerryPremium,24.227469467776135,18.361067776106722,30.093871159445545,0.20131180625630676,22.98903116376723,30.334077375320465,37.6791235868737,6.10660790754433,,,,,,,"not calculable: missing on-hand, inbound, lead time, shelf life, BOM/yield"
2026-10-13,2026-10-01,Pattaya_Central,MixedBerryPremium,24.227469467776135,18.361067776106722,30.093871159445545,0.20131180625630676,22.98903116376723,30.334077375320465,37.6791235868737,6.10660790754433,,,,,,,"not calculable: missing on-hand, inbound, lead time, shelf life, BOM/yield"
2026-10-14,2026-10-01,Pattaya_Central,MixedBerryPremium,24.227469467776135,18.361067776106722,30.093871159445545,0.20131180625630676,22.98903116376723,30.334077375320465,37.6791235868737,6.10660790754433,,,,,,,"not calculable: missing on-hand, inbound, lead time, shelf life, BOM/yield"
2026-10-15,2026-10-01,Pattaya_Central,MixedBerryPremium,24.227469467776135,18.361067776106722,30.093871159445545,0.20131180625630676,22.98903116376723,30.334077375320465,37.6791235868737,6.10660790754433,,,,,,,"not calculable: missing on-hand, inbound, lead time, shelf life, BOM/yield"
2026-10-16,2026-10-01,Pattaya_Central,MixedBerryPremium,24.227469467776135,18.361067776106722,30.093871159445545,0.20131180625630676,22.98903116376723,30.334077375320465,37.6791235868737,6.10660790754433,,,,,,,"not calculable: missing on-hand, inbound, lead time, shelf life, BOM/yield"
2026-10-17,2026-10-01,Pattaya_Central,MixedBerryPremium,24.227469467776135,18.361067776106722,30.093871159445545,0.20131180625630676,22.98903116376723,30.334077375320465,37.6791235868737,6.10660790754433,,,,,,,"not calculable: missing on-hand, inbound, lead time, shelf life, BOM/yield"
2026-10-18,2026-10-01,Pattaya_Central,MixedBerryPremium,24.227469467776135,18.361067776106722,30.093871159445545,0.20131180625630676,22.98903116376723,30.334077375320465,37.6791235868737,6.10660790754433,,,,,,,"not calculable: missing on-hand, inbound, lead time, shelf life, BOM/yield"
2026-10-19,2026-10-01,Pattaya_Central,MixedBerryPremium,24.227469467776135,18.361067776106722,30.093871159445545,0.20131180625630676,22.98903116376723,30.334077375320465,37.6791235868737,6.10660790754433,,,,,,,"not calculable: missing on-hand, inbound, lead time, shelf life, BOM/yield"
2026-10-20,2026-10-01,Pattaya_Central,MixedBerryPremium,24.227469467776135,18.361067776106722,30.093871159445545,0.20131180625630676,22.98903116376723,30.334077375320465,37.6791235868737,6.10660790754433,,,,,,,"not calculable: missing on-hand, inbound, lead time, shelf life, BOM/yield"
2026-10-21,2026-10-01,Pattaya_Central,MixedBerryPremium,24.227469467776135,18.361067776106722,30.093871159445545,0.20131180625630676,22.98903116376723,30.334077375320465,37.6791235868737,6.10660790754433,,,,,,,"not calculable: missing on-hand, inbound, lead time, shelf life, BOM/yield"
2026-10-22,2026-10-01,Pattaya_Central,MixedBerryPremium,24.227469467776135,18.361067776106722,30.093871159445545,0.20131180625630676,22.98903116376723,30.334077375320465,37.6791235868737,6.10660790754433,,,,,,,"not calculable: missing on-hand, inbound, lead time, shelf life, BOM/yield"
2026-10-23,2026-10-01,Pattaya_Central,MixedBerryPremium,24.227469467776135,18.361067776106722,30.093871159445545,0.20131180625630676,22.98903116376723,30.334077375320465,37.6791235868737,6.10660790754433,,,,,,,"not calculable: missing on-hand, inbound, lead time, shelf life, BOM/yield"
2026-10-24,2026-10-01,Pattaya_Central,MixedBerryPremium,24.227469467776135,18.361067776106722,30.093871159445545,0.20131180625630676,22.98903116376723,30.334077375320465,37.6791235868737,6.10660790754433,,,,,,,"not calculable: missing on-hand, inbound, lead time, shelf life, BOM/yield"
2026-10-25,2026-10-01,Pattaya_Central,MixedBerryPremium,24.227469467776135,18.361067776106722,30.093871159445545,0.20131180625630676,22.98903116376723,30.334077375320465,37.6791235868737,6.10660790754433,,,,,,,"not calculable: missing on-hand, inbound, lead time, shelf life, BOM/yield"
2026-10-26,2026-10-01,Pattaya_Central,MixedBerryPremium,24.227469467776135,18.361067776106722,30.093871159445545,0.20131180625630676,22.98903116376723,30.334077375320465,37.6791235868737,6.10660790754433,,,,,,,"not calculable: missing on-hand, inbound, lead time, shelf life, BOM/yield"
2026-10-27,2026-10-01,Pattaya_Central,MixedBerryPremium,24.227469467776135,18.361067776106722,30.093871159445545,0.20131180625630676,22.98903116376723,30.334077375320465,37.6791235868737,6.10660790754433,,,,,,,"not calculable: missing on-hand, inbound, lead time, shelf life, BOM/yield"
2026-10-28,2026-10-01,Pattaya_Central,MixedBerryPremium,24.227469467776135,18.361067776106722,30.093871159445545,0.20131180625630676,22.98903116376723,30.334077375320465,37.6791235868737,6.10660790754433,,,,,,,"not calculable: missing on-hand, inbound, lead time, shelf life, BOM/yield"
2026-10-29,2026-10-01,Pattaya_Central,MixedBerryPremium,24.227469467776135,18.361067776106722,30.093871159445545,0.20131180625630676,22.98903116376723,30.334077375320465,37.6791235868737,6.10660790754433,,,,,,,"not calculable: missing on-hand, inbound, lead time, shelf life, BOM/yield"
2026-10-30,2026-10-01,Pattaya_Central,MixedBerryPremium,24.227469467776135,18.361067776106722,30.093871159445545,0.20131180625630676,22.98903116376723,30.334077375320465,37.6791235868737,6.10660790754433,,,,,,,"not calculable: missing on-hand, inbound, lead time, shelf life, BOM/yield"
2026-10-31,2026-10-01,Pattaya_Central,MixedBerryPremium,24.227469467776135,18.361067776106722,30.093871159445545,0.20131180625630676,22.98903116376723,30.334077375320465,37.6791235868737,6.10660790754433,,,,,,,"not calculable: missing on-hand, inbound, lead time, shelf life, BOM/yield"
2026-11-01,2026-11-01,Pattaya_Central,MixedBerryPremium,24.227469467776135,18.361067776106722,30.093871159445545,0.20131180625630676,22.98903116376723,30.334077375320465,37.6791235868737,6.10660790754433,,,,,,,"not calculable: missing on-hand, inbound, lead time, shelf life, BOM/yield"
2026-11-02,2026-11-01,Pattaya_Central,MixedBerryPremium,24.227469467776135,18.361067776106722,30.093871159445545,0.20131180625630676,22.98903116376723,30.334077375320465,37.6791235868737,6.10660790754433,,,,,,,"not calculable: missing on-hand, inbound, lead time, shelf life, BOM/yield"
2026-11-03,2026-11-01,Pattaya_Central,MixedBerryPremium,24.227469467776135,18.361067776106722,30.093871159445545,0.20131180625630676,22.98903116376723,30.334077375320465,37.6791235868737,6.10660790754433,,,,,,,"not calculable: missing on-hand, inbound, lead time, shelf life, BOM/yield"
2026-11-04,2026-11-01,Pattaya_Central,MixedBerryPremium,24.227469467776135,18.361067776106722,30.093871159445545,0.20131180625630676,22.98903116376723,30.334077375320465,37.6791235868737,6.10660790754433,,,,,,,"not calculable: missing on-hand, inbound, lead time, shelf life, BOM/yield"
2026-11-05,2026-11-01,Pattaya_Central,MixedBerryPremium,24.227469467776135,18.361067776106722,30.093871159445545,0.20131180625630676,22.98903116376723,30.334077375320465,37.6791235868737,6.10660790754433,,,,,,,"not calculable: missing on-hand, inbound, lead time, shelf life, BOM/yield"
2026-11-06,2026-11-01,Pattaya_Central,MixedBerryPremium,24.227469467776135,18.361067776106722,30.093871159445545,0.20131180625630676,22.98903116376723,30.334077375320465,37.6791235868737,6.10660790754433,,,,,,,"not calculable: missing on-hand, inbound, lead time, shelf life, BOM/yield"
2026-11-07,2026-11-01,Pattaya_Central,MixedBerryPremium,24.227469467776135,18.361067776106722,30.093871159445545,0.20131180625630676,22.98903116376723,30.334077375320465,37.6791235868737,6.10660790754433,,,,,,,"not calculable: missing on-hand, inbound, lead time, shelf life, BOM/yield"
2026-11-08,2026-11-01,Pattaya_Central,MixedBerryPremium,24.227469467776135,18.361067776106722,30.093871159445545,0.20131180625630676,22.98903116376723,30.334077375320465,37.6791235868737,6.10660790754433,,,,,,,"not calculable: missing on-hand, inbound, lead time, shelf life, BOM/yield"
2026-11-09,2026-11-01,Pattaya_Central,MixedBerryPremium,24.227469467776135,18.361067776106722,30.093871159445545,0.20131180625630676,22.98903116376723,30.334077375320465,37.6791235868737,6.10660790754433,,,,,,,"not calculable: missing on-hand, inbound, lead time, shelf life, BOM/yield"
2026-11-10,2026-11-01,Pattaya_Central,MixedBerryPremium,24.227469467776135,18.361067776106722,30.093871159445545,0.20131180625630676,22.98903116376723,30.334077375320465,37.6791235868737,6.10660790754433,,,,,,,"not calculable: missing on-hand, inbound, lead time, shelf life, BOM/yield"
2026-11-11,2026-11-01,Pattaya_Central,MixedBerryPremium,24.227469467776135,18.361067776106722,30.093871159445545,0.20131180625630676,22.98903116376723,30.334077375320465,37.6791235868737,6.10660790754433,,,,,,,"not calculable: missing on-hand, inbound, lead time, shelf life, BOM/yield"
2026-11-12,2026-11-01,Pattaya_Central,MixedBerryPremium,24.227469467776135,18.361067776106722,30.093871159445545,0.20131180625630676,22.98903116376723,30.334077375320465,37.6791235868737,6.10660790754433,,,,,,,"not calculable: missing on-hand, inbound, lead time, shelf life, BOM/yield"
2026-11-13,2026-11-01,Pattaya_Central,MixedBerryPremium,24.227469467776135,18.361067776106722,30.093871159445545,0.20131180625630676,22.98903116376723,30.334077375320465,37.6791235868737,6.10660790754433,,,,,,,"not calculable: missing on-hand, inbound, lead time, shelf life, BOM/yield"
2026-11-14,2026-11-01,Pattaya_Central,MixedBerryPremium,24.227469467776135,18.361067776106722,30.093871159445545,0.20131180625630676,22.98903116376723,30.334077375320465,37.6791235868737,6.10660790754433,,,,,,,"not calculable: missing on-hand, inbound, lead time, shelf life, BOM/yield"
2026-11-15,2026-11-01,Pattaya_Central,MixedBerryPremium,24.227469467776135,18.361067776106722,30.093871159445545,0.20131180625630676,22.98903116376723,30.334077375320465,37.6791235868737,6.10660790754433,,,,,,,"not calculable: missing on-hand, inbound, lead time, shelf life, BOM/yield"
2026-11-16,2026-11-01,Pattaya_Central,MixedBerryPremium,24.227469467776135,18.361067776106722,30.093871159445545,0.20131180625630676,22.98903116376723,30.334077375320465,37.6791235868737,6.10660790754433,,,,,,,"not calculable: missing on-hand, inbound, lead time, shelf life, BOM/yield"
2026-11-17,2026-11-01,Pattaya_Central,MixedBerryPremium,24.227469467776135,18.361067776106722,30.093871159445545,0.20131180625630676,22.98903116376723,30.334077375320465,37.6791235868737,6.10660790754433,,,,,,,"not calculable: missing on-hand, inbound, lead time, shelf life, BOM/yield"
2026-11-18,2026-11-01,Pattaya_Central,MixedBerryPremium,24.227469467776135,18.361067776106722,30.093871159445545,0.20131180625630676,22.98903116376723,30.334077375320465,37.6791235868737,6.10660790754433,,,,,,,"not calculable: missing on-hand, inbound, lead time, shelf life, BOM/yield"
2026-11-19,2026-11-01,Pattaya_Central,MixedBerryPremium,24.227469467776135,18.361067776106722,30.093871159445545,0.20131180625630676,22.98903116376723,30.334077375320465,37.6791235868737,6.10660790754433,,,,,,,"not calculable: missing on-hand, inbound, lead time, shelf life, BOM/yield"
2026-11-20,2026-11-01,Pattaya_Central,MixedBerryPremium,24.227469467776135,18.361067776106722,30.093871159445545,0.20131180625630676,22.98903116376723,30.334077375320465,37.6791235868737,6.10660790754433,,,,,,,"not calculable: missing on-hand, inbound, lead time, shelf life, BOM/yield"
2026-11-21,2026-11-01,Pattaya_Central,MixedBerryPremium,24.227469467776135,18.361067776106722,30.093871159445545,0.20131180625630676,22.98903116376723,30.334077375320465,37.6791235868737,6.10660790754433,,,,,,,"not calculable: missing on-hand, inbound, lead time, shelf life, BOM/yield"
2026-11-22,2026-11-01,Pattaya_Central,MixedBerryPremium,24.227469467776135,18.361067776106722,30.093871159445545,0.20131180625630676,22.98903116376723,30.334077375320465,37.6791235868737,6.10660790754433,,,,,,,"not calculable: missing on-hand, inbound, lead time, shelf life, BOM/yield"
2026-11-23,2026-11-01,Pattaya_Central,MixedBerryPremium,24.227469467776135,18.361067776106722,30.093871159445545,0.20131180625630676,22.98903116376723,30.334077375320465,37.6791235868737,6.10660790754433,,,,,,,"not calculable: missing on-hand, inbound, lead time, shelf life, BOM/yield"
2026-11-24,2026-11-01,Pattaya_Central,MixedBerryPremium,24.227469467776135,18.361067776106722,30.093871159445545,0.20131180625630676,22.98903116376723,30.334077375320465,37.6791235868737,6.10660790754433,,,,,,,"not calculable: missing on-hand, inbound, lead time, shelf life, BOM/yield"
2026-11-25,2026-11-01,Pattaya_Central,MixedBerryPremium,24.227469467776135,18.361067776106722,30.093871159445545,0.20131180625630676,22.98903116376723,30.334077375320465,37.6791235868737,6.10660790754433,,,,,,,"not calculable: missing on-hand, inbound, lead time, shelf life, BOM/yield"
2026-11-26,2026-11-01,Pattaya_Central,MixedBerryPremium,24.227469467776135,18.361067776106722,30.093871159445545,0.20131180625630676,22.98903116376723,30.334077375320465,37.6791235868737,6.10660790754433,,,,,,,"not calculable: missing on-hand, inbound, lead time, shelf life, BOM/yield"
2026-11-27,2026-11-01,Pattaya_Central,MixedBerryPremium,24.227469467776135,18.361067776106722,30.093871159445545,0.20131180625630676,22.98903116376723,30.334077375320465,37.6791235868737,6.10660790754433,,,,,,,"not calculable: missing on-hand, inbound, lead time, shelf life, BOM/yield"
2026-11-28,2026-11-01,Pattaya_Central,MixedBerryPremium,24.227469467776135,18.361067776106722,30.093871159445545,0.20131180625630676,22.98903116376723,30.334077375320465,37.6791235868737,6.10660790754433,,,,,,,"not calculable: missing on-hand, inbound, lead time, shelf life, BOM/yield"
2026-11-29,2026-11-01,Pattaya_Central,MixedBerryPremium,24.227469467776135,18.361067776106722,30.093871159445545,0.20131180625630676,22.98903116376723,30.334077375320465,37.6791235868737,6.10660790754433,,,,,,,"not calculable: missing on-hand, inbound, lead time, shelf life, BOM/yield"
2026-11-30,2026-11-01,Pattaya_Central,MixedBerryPremium,24.227469467776135,18.361067776106722,30.093871159445545,0.20131180625630676,22.98903116376723,30.334077375320465,37.6791235868737,6.10660790754433,,,,,,,"not calculable: missing on-hand, inbound, lead time, shelf life, BOM/yield"
2026-09-01,2026-09-01,Pattaya_Central,PassionFruit,60.13388721798228,45.57316150242904,74.69461293353551,0.08900756564307966,50.025839714683954,66.00920594958778,81.99257218449159,5.875318731605503,,,,,,,"not calculable: missing on-hand, inbound, lead time, shelf life, BOM/yield"
2026-09-02,2026-09-01,Pattaya_Central,PassionFruit,60.13388721798228,45.57316150242904,74.69461293353551,0.08900756564307966,50.025839714683954,66.00920594958778,81.99257218449159,5.875318731605503,,,,,,,"not calculable: missing on-hand, inbound, lead time, shelf life, BOM/yield"
2026-09-03,2026-09-01,Pattaya_Central,PassionFruit,60.13388721798228,45.57316150242904,74.69461293353551,0.08900756564307966,50.025839714683954,66.00920594958778,81.99257218449159,5.875318731605503,,,,,,,"not calculable: missing on-hand, inbound, lead time, shelf life, BOM/yield"
2026-09-04,2026-09-01,Pattaya_Central,PassionFruit,60.13388721798228,45.57316150242904,74.69461293353551,0.08900756564307966,50.025839714683954,66.00920594958778,81.99257218449159,5.875318731605503,,,,,,,"not calculable: missing on-hand, inbound, lead time, shelf life, BOM/yield"
2026-09-05,2026-09-01,Pattaya_Central,PassionFruit,60.13388721798228,45.57316150242904,74.69461293353551,0.08900756564307966,50.025839714683954,66.00920594958778,81.99257218449159,5.875318731605503,,,,,,,"not calculable: missing on-hand, inbound, lead time, shelf life, BOM/yield"
2026-09-06,2026-09-01,Pattaya_Central,PassionFruit,60.13388721798228,45.57316150242904,74.69461293353551,0.08900756564307966,50.025839714683954,66.00920594958778,81.99257218449159,5.875318731605503,,,,,,,"not calculable: missing on-hand, inbound, lead time, shelf life, BOM/yield"
2026-09-07,2026-09-01,Pattaya_Central,PassionFruit,60.13388721798228,45.57316150242904,74.69461293353551,0.08900756564307966,50.025839714683954,66.00920594958778,81.99257218449159,5.875318731605503,,,,,,,"not calculable: missing on-hand, inbound, lead time, shelf life, BOM/yield"
2026-09-08,2026-09-01,Pattaya_Central,PassionFruit,60.13388721798228,45.57316150242904,74.69461293353551,0.08900756564307966,50.025839714683954,66.00920594958778,81.99257218449159,5.875318731605503,,,,,,,"not calculable: missing on-hand, inbound, lead time, shelf life, BOM/yield"
2026-09-09,2026-09-01,Pattaya_Central,PassionFruit,60.13388721798228,45.57316150242904,74.69461293353551,0.08900756564307966,50.025839714683954,66.00920594958778,81.99257218449159,5.875318731605503,,,,,,,"not calculable: missing on-hand, inbound, lead time, shelf life, BOM/yield"
2026-09-10,2026-09-01,Pattaya_Central,PassionFruit,60.13388721798228,45.57316150242904,74.69461293353551,0.08900756564307966,50.025839714683954,66.00920594958778,81.99257218449159,5.875318731605503,,,,,,,"not calculable: missing on-hand, inbound, lead time, shelf life, BOM/yield"
2026-09-11,2026-09-01,Pattaya_Central,PassionFruit,60.13388721798228,45.57316150242904,74.69461293353551,0.08900756564307966,50.025839714683954,66.00920594958778,81.99257218449159,5.875318731605503,,,,,,,"not calculable: missing on-hand, inbound, lead time, shelf life, BOM/yield"
2026-09-12,2026-09-01,Pattaya_Central,PassionFruit,60.13388721798228,45.57316150242904,74.69461293353551,0.08900756564307966,50.025839714683954,66.00920594958778,81.99257218449159,5.875318731605503,,,,,,,"not calculable: missing on-hand, inbound, lead time, shelf life, BOM/yield"
2026-09-13,2026-09-01,Pattaya_Central,PassionFruit,60.13388721798228,45.57316150242904,74.69461293353551,0.08900756564307966,50.025839714683954,66.00920594958778,81.99257218449159,5.875318731605503,,,,,,,"not calculable: missing on-hand, inbound, lead time, shelf life, BOM/yield"
2026-09-14,2026-09-01,Pattaya_Central,PassionFruit,60.13388721798228,45.57316150242904,74.69461293353551,0.08900756564307966,50.025839714683954,66.00920594958778,81.99257218449159,5.875318731605503,,,,,,,"not calculable: missing on-hand, inbound, lead time, shelf life, BOM/yield"
2026-09-15,2026-09-01,Pattaya_Central,PassionFruit,60.13388721798228,45.57316150242904,74.69461293353551,0.08900756564307966,50.025839714683954,66.00920594958778,81.99257218449159,5.875318731605503,,,,,,,"not calculable: missing on-hand, inbound, lead time, shelf life, BOM/yield"
2026-09-16,2026-09-01,Pattaya_Central,PassionFruit,60.13388721798228,45.57316150242904,74.69461293353551,0.08900756564307966,50.025839714683954,66.00920594958778,81.99257218449159,5.875318731605503,,,,,,,"not calculable: missing on-hand, inbound, lead time, shelf life, BOM/yield"
2026-09-17,2026-09-01,Pattaya_Central,PassionFruit,60.13388721798228,45.57316150242904,74.69461293353551,0.08900756564307966,50.025839714683954,66.00920594958778,81.99257218449159,5.875318731605503,,,,,,,"not calculable: missing on-hand, inbound, lead time, shelf life, BOM/yield"
2026-09-18,2026-09-01,Pattaya_Central,PassionFruit,60.13388721798228,45.57316150242904,74.69461293353551,0.08900756564307966,50.025839714683954,66.00920594958778,81.99257218449159,5.875318731605503,,,,,,,"not calculable: missing on-hand, inbound, lead time, shelf life, BOM/yield"
2026-09-19,2026-09-01,Pattaya_Central,PassionFruit,60.13388721798228,45.57316150242904,74.69461293353551,0.08900756564307966,50.025839714683954,66.00920594958778,81.99257218449159,5.875318731605503,,,,,,,"not calculable: missing on-hand, inbound, lead time, shelf life, BOM/yield"
2026-09-20,2026-09-01,Pattaya_Central,PassionFruit,60.13388721798228,45.57316150242904,74.69461293353551,0.08900756564307966,50.025839714683954,66.00920594958778,81.99257218449159,5.875318731605503,,,,,,,"not calculable: missing on-hand, inbound, lead time, shelf life, BOM/yield"
2026-09-21,2026-09-01,Pattaya_Central,PassionFruit,60.13388721798228,45.57316150242904,74.69461293353551,0.08900756564307966,50.025839714683954,66.00920594958778,81.99257218449159,5.875318731605503,,,,,,,"not calculable: missing on-hand, inbound, lead time, shelf life, BOM/yield"
2026-09-22,2026-09-01,Pattaya_Central,PassionFruit,60.13388721798228,45.57316150242904,74.69461293353551,0.08900756564307966,50.025839714683954,66.00920594958778,81.99257218449159,5.875318731605503,,,,,,,"not calculable: missing on-hand, inbound, lead time, shelf life, BOM/yield"
2026-09-23,2026-09-01,Pattaya_Central,PassionFruit,60.13388721798228,45.57316150242904,74.69461293353551,0.08900756564307966,50.025839714683954,66.00920594958778,81.99257218449159,5.875318731605503,,,,,,,"not calculable: missing on-hand, inbound, lead time, shelf life, BOM/yield"
2026-09-24,2026-09-01,Pattaya_Central,PassionFruit,60.13388721798228,45.57316150242904,74.69461293353551,0.08900756564307966,50.025839714683954,66.00920594958778,81.99257218449159,5.875318731605503,,,,,,,"not calculable: missing on-hand, inbound, lead time, shelf life, BOM/yield"
2026-09-25,2026-09-01,Pattaya_Central,PassionFruit,60.13388721798228,45.57316150242904,74.69461293353551,0.08900756564307966,50.025839714683954,66.00920594958778,81.99257218449159,5.875318731605503,,,,,,,"not calculable: missing on-hand, inbound, lead time, shelf life, BOM/yield"
2026-09-26,2026-09-01,Pattaya_Central,PassionFruit,60.13388721798228,45.57316150242904,74.69461293353551,0.08900756564307966,50.025839714683954,66.00920594958778,81.99257218449159,5.875318731605503,,,,,,,"not calculable: missing on-hand, inbound, lead time, shelf life, BOM/yield"
2026-09-27,2026-09-01,Pattaya_Central,PassionFruit,60.13388721798228,45.57316150242904,74.69461293353551,0.08900756564307966,50.025839714683954,66.00920594958778,81.99257218449159,5.875318731605503,,,,,,,"not calculable: missing on-hand, inbound, lead time, shelf life, BOM/yield"
2026-09-28,2026-09-01,Pattaya_Central,PassionFruit,60.13388721798228,45.57316150242904,74.69461293353551,0.08900756564307966,50.025839714683954,66.00920594958778,81.99257218449159,5.875318731605503,,,,,,,"not calculable: missing on-hand, inbound, lead time, shelf life, BOM/yield"
2026-09-29,2026-09-01,Pattaya_Central,PassionFruit,60.13388721798228,45.57316150242904,74.69461293353551,0.08900756564307966,50.025839714683954,66.00920594958778,81.99257218449159,5.875318731605503,,,,,,,"not calculable: missing on-hand, inbound, lead time, shelf life, BOM/yield"
2026-09-30,2026-09-01,Pattaya_Central,PassionFruit,60.13388721798228,45.57316150242904,74.69461293353551,0.08900756564307966,50.025839714683954,66.00920594958778,81.99257218449159,5.875318731605503,,,,,,,"not calculable: missing on-hand, inbound, lead time, shelf life, BOM/yield"
2026-10-01,2026-10-01,Pattaya_Central,PassionFruit,60.13388721798228,45.57316150242904,74.69461293353551,0.08900756564307966,50.025839714683954,66.00920594958778,81.99257218449159,5.875318731605503,,,,,,,"not calculable: missing on-hand, inbound, lead time, shelf life, BOM/yield"
2026-10-02,2026-10-01,Pattaya_Central,PassionFruit,60.13388721798228,45.57316150242904,74.69461293353551,0.08900756564307966,50.025839714683954,66.00920594958778,81.99257218449159,5.875318731605503,,,,,,,"not calculable: missing on-hand, inbound, lead time, shelf life, BOM/yield"
2026-10-03,2026-10-01,Pattaya_Central,PassionFruit,60.13388721798228,45.57316150242904,74.69461293353551,0.08900756564307966,50.025839714683954,66.00920594958778,81.99257218449159,5.875318731605503,,,,,,,"not calculable: missing on-hand, inbound, lead time, shelf life, BOM/yield"
2026-10-04,2026-10-01,Pattaya_Central,PassionFruit,60.13388721798228,45.57316150242904,74.69461293353551,0.08900756564307966,50.025839714683954,66.00920594958778,81.99257218449159,5.875318731605503,,,,,,,"not calculable: missing on-hand, inbound, lead time, shelf life, BOM/yield"
2026-10-05,2026-10-01,Pattaya_Central,PassionFruit,60.13388721798228,45.57316150242904,74.69461293353551,0.08900756564307966,50.025839714683954,66.00920594958778,81.99257218449159,5.875318731605503,,,,,,,"not calculable: missing on-hand, inbound, lead time, shelf life, BOM/yield"
2026-10-06,2026-10-01,Pattaya_Central,PassionFruit,60.13388721798228,45.57316150242904,74.69461293353551,0.08900756564307966,50.025839714683954,66.00920594958778,81.99257218449159,5.875318731605503,,,,,,,"not calculable: missing on-hand, inbound, lead time, shelf life, BOM/yield"
2026-10-07,2026-10-01,Pattaya_Central,PassionFruit,60.13388721798228,45.57316150242904,74.69461293353551,0.08900756564307966,50.025839714683954,66.00920594958778,81.99257218449159,5.875318731605503,,,,,,,"not calculable: missing on-hand, inbound, lead time, shelf life, BOM/yield"
2026-10-08,2026-10-01,Pattaya_Central,PassionFruit,60.13388721798228,45.57316150242904,74.69461293353551,0.08900756564307966,50.025839714683954,66.00920594958778,81.99257218449159,5.875318731605503,,,,,,,"not calculable: missing on-hand, inbound, lead time, shelf life, BOM/yield"
2026-10-09,2026-10-01,Pattaya_Central,PassionFruit,60.13388721798228,45.57316150242904,74.69461293353551,0.08900756564307966,50.025839714683954,66.00920594958778,81.99257218449159,5.875318731605503,,,,,,,"not calculable: missing on-hand, inbound, lead time, shelf life, BOM/yield"
2026-10-10,2026-10-01,Pattaya_Central,PassionFruit,60.13388721798228,45.57316150242904,74.69461293353551,0.08900756564307966,50.025839714683954,66.00920594958778,81.99257218449159,5.875318731605503,,,,,,,"not calculable: missing on-hand, inbound, lead time, shelf life, BOM/yield"
2026-10-11,2026-10-01,Pattaya_Central,PassionFruit,60.13388721798228,45.57316150242904,74.69461293353551,0.08900756564307966,50.025839714683954,66.00920594958778,81.99257218449159,5.875318731605503,,,,,,,"not calculable: missing on-hand, inbound, lead time, shelf life, BOM/yield"
2026-10-12,2026-10-01,Pattaya_Central,PassionFruit,60.13388721798228,45.57316150242904,74.69461293353551,0.08900756564307966,50.025839714683954,66.00920594958778,81.99257218449159,5.875318731605503,,,,,,,"not calculable: missing on-hand, inbound, lead time, shelf life, BOM/yield"
2026-10-13,2026-10-01,Pattaya_Central,PassionFruit,60.13388721798228,45.57316150242904,74.69461293353551,0.08900756564307966,50.025839714683954,66.00920594958778,81.99257218449159,5.875318731605503,,,,,,,"not calculable: missing on-hand, inbound, lead time, shelf life, BOM/yield"
2026-10-14,2026-10-01,Pattaya_Central,PassionFruit,60.13388721798228,45.57316150242904,74.69461293353551,0.08900756564307966,50.025839714683954,66.00920594958778,81.99257218449159,5.875318731605503,,,,,,,"not calculable: missing on-hand, inbound, lead time, shelf life, BOM/yield"
2026-10-15,2026-10-01,Pattaya_Central,PassionFruit,60.13388721798228,45.57316150242904,74.69461293353551,0.08900756564307966,50.025839714683954,66.00920594958778,81.99257218449159,5.875318731605503,,,,,,,"not calculable: missing on-hand, inbound, lead time, shelf life, BOM/yield"
2026-10-16,2026-10-01,Pattaya_Central,PassionFruit,60.13388721798228,45.57316150242904,74.69461293353551,0.08900756564307966,50.025839714683954,66.00920594958778,81.99257218449159,5.875318731605503,,,,,,,"not calculable: missing on-hand, inbound, lead time, shelf life, BOM/yield"
2026-10-17,2026-10-01,Pattaya_Central,PassionFruit,60.13388721798228,45.57316150242904,74.69461293353551,0.08900756564307966,50.025839714683954,66.00920594958778,81.99257218449159,5.875318731605503,,,,,,,"not calculable: missing on-hand, inbound, lead time, shelf life, BOM/yield"
2026-10-18,2026-10-01,Pattaya_Central,PassionFruit,60.13388721798228,45.57316150242904,74.69461293353551,0.08900756564307966,50.025839714683954,66.00920594958778,81.99257218449159,5.875318731605503,,,,,,,"not calculable: missing on-hand, inbound, lead time, shelf life, BOM/yield"
2026-10-19,2026-10-01,Pattaya_Central,PassionFruit,60.13388721798228,45.57316150242904,74.69461293353551,0.08900756564307966,50.025839714683954,66.00920594958778,81.99257218449159,5.875318731605503,,,,,,,"not calculable: missing on-hand, inbound, lead time, shelf life, BOM/yield"
2026-10-20,2026-10-01,Pattaya_Central,PassionFruit,60.13388721798228,45.57316150242904,74.69461293353551,0.08900756564307966,50.025839714683954,66.00920594958778,81.99257218449159,5.875318731605503,,,,,,,"not calculable: missing on-hand, inbound, lead time, shelf life, BOM/yield"
2026-10-21,2026-10-01,Pattaya_Central,PassionFruit,60.13388721798228,45.57316150242904,74.69461293353551,0.08900756564307966,50.025839714683954,66.00920594958778,81.99257218449159,5.875318731605503,,,,,,,"not calculable: missing on-hand, inbound, lead time, shelf life, BOM/yield"
2026-10-22,2026-10-01,Pattaya_Central,PassionFruit,60.13388721798228,45.57316150242904,74.69461293353551,0.08900756564307966,50.025839714683954,66.00920594958778,81.99257218449159,5.875318731605503,,,,,,,"not calculable: missing on-hand, inbound, lead time, shelf life, BOM/yield"
2026-10-23,2026-10-01,Pattaya_Central,PassionFruit,60.13388721798228,45.57316150242904,74.69461293353551,0.08900756564307966,50.025839714683954,66.00920594958778,81.99257218449159,5.875318731605503,,,,,,,"not calculable: missing on-hand, inbound, lead time, shelf life, BOM/yield"
2026-10-24,2026-10-01,Pattaya_Central,PassionFruit,60.13388721798228,45.57316150242904,74.69461293353551,0.08900756564307966,50.025839714683954,66.00920594958778,81.99257218449159,5.875318731605503,,,,,,,"not calculable: missing on-hand, inbound, lead time, shelf life, BOM/yield"
2026-10-25,2026-10-01,Pattaya_Central,PassionFruit,60.13388721798228,45.57316150242904,74.69461293353551,0.08900756564307966,50.025839714683954,66.00920594958778,81.99257218449159,5.875318731605503,,,,,,,"not calculable: missing on-hand, inbound, lead time, shelf life, BOM/yield"
2026-10-26,2026-10-01,Pattaya_Central,PassionFruit,60.13388721798228,45.57316150242904,74.69461293353551,0.08900756564307966,50.025839714683954,66.00920594958778,81.99257218449159,5.875318731605503,,,,,,,"not calculable: missing on-hand, inbound, lead time, shelf life, BOM/yield"
2026-10-27,2026-10-01,Pattaya_Central,PassionFruit,60.13388721798228,45.57316150242904,74.69461293353551,0.08900756564307966,50.025839714683954,66.00920594958778,81.99257218449159,5.875318731605503,,,,,,,"not calculable: missing on-hand, inbound, lead time, shelf life, BOM/yield"
2026-10-28,2026-10-01,Pattaya_Central,PassionFruit,60.13388721798228,45.57316150242904,74.69461293353551,0.08900756564307966,50.025839714683954,66.00920594958778,81.99257218449159,5.875318731605503,,,,,,,"not calculable: missing on-hand, inbound, lead time, shelf life, BOM/yield"
2026-10-29,2026-10-01,Pattaya_Central,PassionFruit,60.13388721798228,45.57316150242904,74.69461293353551,0.08900756564307966,50.025839714683954,66.00920594958778,81.99257218449159,5.875318731605503,,,,,,,"not calculable: missing on-hand, inbound, lead time, shelf life, BOM/yield"
2026-10-30,2026-10-01,Pattaya_Central,PassionFruit,60.13388721798228,45.57316150242904,74.69461293353551,0.08900756564307966,50.025839714683954,66.00920594958778,81.99257218449159,5.875318731605503,,,,,,,"not calculable: missing on-hand, inbound, lead time, shelf life, BOM/yield"
2026-10-31,2026-10-01,Pattaya_Central,PassionFruit,60.13388721798228,45.57316150242904,74.69461293353551,0.08900756564307966,50.025839714683954,66.00920594958778,81.99257218449159,5.875318731605503,,,,,,,"not calculable: missing on-hand, inbound, lead time, shelf life, BOM/yield"
2026-11-01,2026-11-01,Pattaya_Central,PassionFruit,60.13388721798228,45.57316150242904,74.69461293353551,0.08900756564307966,50.025839714683954,66.00920594958778,81.99257218449159,5.875318731605503,,,,,,,"not calculable: missing on-hand, inbound, lead time, shelf life, BOM/yield"
2026-11-02,2026-11-01,Pattaya_Central,PassionFruit,60.13388721798228,45.57316150242904,74.69461293353551,0.08900756564307966,50.025839714683954,66.00920594958778,81.99257218449159,5.875318731605503,,,,,,,"not calculable: missing on-hand, inbound, lead time, shelf life, BOM/yield"
2026-11-03,2026-11-01,Pattaya_Central,PassionFruit,60.13388721798228,45.57316150242904,74.69461293353551,0.08900756564307966,50.025839714683954,66.00920594958778,81.99257218449159,5.875318731605503,,,,,,,"not calculable: missing on-hand, inbound, lead time, shelf life, BOM/yield"
2026-11-04,2026-11-01,Pattaya_Central,PassionFruit,60.13388721798228,45.57316150242904,74.69461293353551,0.08900756564307966,50.025839714683954,66.00920594958778,81.99257218449159,5.875318731605503,,,,,,,"not calculable: missing on-hand, inbound, lead time, shelf life, BOM/yield"
2026-11-05,2026-11-01,Pattaya_Central,PassionFruit,60.13388721798228,45.57316150242904,74.69461293353551,0.08900756564307966,50.025839714683954,66.00920594958778,81.99257218449159,5.875318731605503,,,,,,,"not calculable: missing on-hand, inbound, lead time, shelf life, BOM/yield"
2026-11-06,2026-11-01,Pattaya_Central,PassionFruit,60.13388721798228,45.57316150242904,74.69461293353551,0.08900756564307966,50.025839714683954,66.00920594958778,81.99257218449159,5.875318731605503,,,,,,,"not calculable: missing on-hand, inbound, lead time, shelf life, BOM/yield"
2026-11-07,2026-11-01,Pattaya_Central,PassionFruit,60.13388721798228,45.57316150242904,74.69461293353551,0.08900756564307966,50.025839714683954,66.00920594958778,81.99257218449159,5.875318731605503,,,,,,,"not calculable: missing on-hand, inbound, lead time, shelf life, BOM/yield"
2026-11-08,2026-11-01,Pattaya_Central,PassionFruit,60.13388721798228,45.57316150242904,74.69461293353551,0.08900756564307966,50.025839714683954,66.00920594958778,81.99257218449159,5.875318731605503,,,,,,,"not calculable: missing on-hand, inbound, lead time, shelf life, BOM/yield"
2026-11-09,2026-11-01,Pattaya_Central,PassionFruit,60.13388721798228,45.57316150242904,74.69461293353551,0.08900756564307966,50.025839714683954,66.00920594958778,81.99257218449159,5.875318731605503,,,,,,,"not calculable: missing on-hand, inbound, lead time, shelf life, BOM/yield"
2026-11-10,2026-11-01,Pattaya_Central,PassionFruit,60.13388721798228,45.57316150242904,74.69461293353551,0.08900756564307966,50.025839714683954,66.00920594958778,81.99257218449159,5.875318731605503,,,,,,,"not calculable: missing on-hand, inbound, lead time, shelf life, BOM/yield"
2026-11-11,2026-11-01,Pattaya_Central,PassionFruit,60.13388721798228,45.57316150242904,74.69461293353551,0.08900756564307966,50.025839714683954,66.00920594958778,81.99257218449159,5.875318731605503,,,,,,,"not calculable: missing on-hand, inbound, lead time, shelf life, BOM/yield"
2026-11-12,2026-11-01,Pattaya_Central,PassionFruit,60.13388721798228,45.57316150242904,74.69461293353551,0.08900756564307966,50.025839714683954,66.00920594958778,81.99257218449159,5.875318731605503,,,,,,,"not calculable: missing on-hand, inbound, lead time, shelf life, BOM/yield"
2026-11-13,2026-11-01,Pattaya_Central,PassionFruit,60.13388721798228,45.57316150242904,74.69461293353551,0.08900756564307966,50.025839714683954,66.00920594958778,81.99257218449159,5.875318731605503,,,,,,,"not calculable: missing on-hand, inbound, lead time, shelf life, BOM/yield"
2026-11-14,2026-11-01,Pattaya_Central,PassionFruit,60.13388721798228,45.57316150242904,74.69461293353551,0.08900756564307966,50.025839714683954,66.00920594958778,81.99257218449159,5.875318731605503,,,,,,,"not calculable: missing on-hand, inbound, lead time, shelf life, BOM/yield"
2026-11-15,2026-11-01,Pattaya_Central,PassionFruit,60.13388721798228,45.57316150242904,74.69461293353551,0.08900756564307966,50.025839714683954,66.00920594958778,81.99257218449159,5.875318731605503,,,,,,,"not calculable: missing on-hand, inbound, lead time, shelf life, BOM/yield"
2026-11-16,2026-11-01,Pattaya_Central,PassionFruit,60.13388721798228,45.57316150242904,74.69461293353551,0.08900756564307966,50.025839714683954,66.00920594958778,81.99257218449159,5.875318731605503,,,,,,,"not calculable: missing on-hand, inbound, lead time, shelf life, BOM/yield"
2026-11-17,2026-11-01,Pattaya_Central,PassionFruit,60.13388721798228,45.57316150242904,74.69461293353551,0.08900756564307966,50.025839714683954,66.00920594958778,81.99257218449159,5.875318731605503,,,,,,,"not calculable: missing on-hand, inbound, lead time, shelf life, BOM/yield"
2026-11-18,2026-11-01,Pattaya_Central,PassionFruit,60.13388721798228,45.57316150242904,74.69461293353551,0.08900756564307966,50.025839714683954,66.00920594958778,81.99257218449159,5.875318731605503,,,,,,,"not calculable: missing on-hand, inbound, lead time, shelf life, BOM/yield"
2026-11-19,2026-11-01,Pattaya_Central,PassionFruit,60.13388721798228,45.57316150242904,74.69461293353551,0.08900756564307966,50.025839714683954,66.00920594958778,81.99257218449159,5.875318731605503,,,,,,,"not calculable: missing on-hand, inbound, lead time, shelf life, BOM/yield"
2026-11-20,2026-11-01,Pattaya_Central,PassionFruit,60.13388721798228,45.57316150242904,74.69461293353551,0.08900756564307966,50.025839714683954,66.00920594958778,81.99257218449159,5.875318731605503,,,,,,,"not calculable: missing on-hand, inbound, lead time, shelf life, BOM/yield"
2026-11-21,2026-11-01,Pattaya_Central,PassionFruit,60.13388721798228,45.57316150242904,74.69461293353551,0.08900756564307966,50.025839714683954,66.00920594958778,81.99257218449159,5.875318731605503,,,,,,,"not calculable: missing on-hand, inbound, lead time, shelf life, BOM/yield"
2026-11-22,2026-11-01,Pattaya_Central,PassionFruit,60.13388721798228,45.57316150242904,74.69461293353551,0.08900756564307966,50.025839714683954,66.00920594958778,81.99257218449159,5.875318731605503,,,,,,,"not calculable: missing on-hand, inbound, lead time, shelf life, BOM/yield"
2026-11-23,2026-11-01,Pattaya_Central,PassionFruit,60.13388721798228,45.57316150242904,74.69461293353551,0.08900756564307966,50.025839714683954,66.00920594958778,81.99257218449159,5.875318731605503,,,,,,,"not calculable: missing on-hand, inbound, lead time, shelf life, BOM/yield"
2026-11-24,2026-11-01,Pattaya_Central,PassionFruit,60.13388721798228,45.57316150242904,74.69461293353551,0.08900756564307966,50.025839714683954,66.00920594958778,81.99257218449159,5.875318731605503,,,,,,,"not calculable: missing on-hand, inbound, lead time, shelf life, BOM/yield"
2026-11-25,2026-11-01,Pattaya_Central,PassionFruit,60.13388721798228,45.57316150242904,74.69461293353551,0.08900756564307966,50.025839714683954,66.00920594958778,81.99257218449159,5.875318731605503,,,,,,,"not calculable: missing on-hand, inbound, lead time, shelf life, BOM/yield"
2026-11-26,2026-11-01,Pattaya_Central,PassionFruit,60.13388721798228,45.57316150242904,74.69461293353551,0.08900756564307966,50.025839714683954,66.00920594958778,81.99257218449159,5.875318731605503,,,,,,,"not calculable: missing on-hand, inbound, lead time, shelf life, BOM/yield"
2026-11-27,2026-11-01,Pattaya_Central,PassionFruit,60.13388721798228,45.57316150242904,74.69461293353551,0.08900756564307966,50.025839714683954,66.00920594958778,81.99257218449159,5.875318731605503,,,,,,,"not calculable: missing on-hand, inbound, lead time, shelf life, BOM/yield"
2026-11-28,2026-11-01,Pattaya_Central,PassionFruit,60.13388721798228,45.57316150242904,74.69461293353551,0.08900756564307966,50.025839714683954,66.00920594958778,81.99257218449159,5.875318731605503,,,,,,,"not calculable: missing on-hand, inbound, lead time, shelf life, BOM/yield"
2026-11-29,2026-11-01,Pattaya_Central,PassionFruit,60.13388721798228,45.57316150242904,74.69461293353551,0.08900756564307966,50.025839714683954,66.00920594958778,81.99257218449159,5.875318731605503,,,,,,,"not calculable: missing on-hand, inbound, lead time, shelf life, BOM/yield"
2026-11-30,2026-11-01,Pattaya_Central,PassionFruit,60.13388721798228,45.57316150242904,74.69461293353551,0.08900756564307966,50.025839714683954,66.00920594958778,81.99257218449159,5.875318731605503,,,,,,,"not calculable: missing on-hand, inbound, lead time, shelf life, BOM/yield"
2026-09-01,2026-09-01,Pattaya_Central,Pineapple,115.9131082802731,87.84608892414587,143.98012763640028,0.042233425282982975,91.71972716849197,121.02438249582988,150.32903782316777,5.11127421555679,,,,,,,"not calculable: missing on-hand, inbound, lead time, shelf life, BOM/yield"
2026-09-02,2026-09-01,Pattaya_Central,Pineapple,115.9131082802731,87.84608892414587,143.98012763640028,0.042233425282982975,91.71972716849197,121.02438249582988,150.32903782316777,5.11127421555679,,,,,,,"not calculable: missing on-hand, inbound, lead time, shelf life, BOM/yield"
2026-09-03,2026-09-01,Pattaya_Central,Pineapple,115.9131082802731,87.84608892414587,143.98012763640028,0.042233425282982975,91.71972716849197,121.02438249582988,150.32903782316777,5.11127421555679,,,,,,,"not calculable: missing on-hand, inbound, lead time, shelf life, BOM/yield"
2026-09-04,2026-09-01,Pattaya_Central,Pineapple,115.9131082802731,87.84608892414587,143.98012763640028,0.042233425282982975,91.71972716849197,121.02438249582988,150.32903782316777,5.11127421555679,,,,,,,"not calculable: missing on-hand, inbound, lead time, shelf life, BOM/yield"
2026-09-05,2026-09-01,Pattaya_Central,Pineapple,115.9131082802731,87.84608892414587,143.98012763640028,0.042233425282982975,91.71972716849197,121.02438249582988,150.32903782316777,5.11127421555679,,,,,,,"not calculable: missing on-hand, inbound, lead time, shelf life, BOM/yield"
2026-09-06,2026-09-01,Pattaya_Central,Pineapple,115.9131082802731,87.84608892414587,143.98012763640028,0.042233425282982975,91.71972716849197,121.02438249582988,150.32903782316777,5.11127421555679,,,,,,,"not calculable: missing on-hand, inbound, lead time, shelf life, BOM/yield"
2026-09-07,2026-09-01,Pattaya_Central,Pineapple,115.9131082802731,87.84608892414587,143.98012763640028,0.042233425282982975,91.71972716849197,121.02438249582988,150.32903782316777,5.11127421555679,,,,,,,"not calculable: missing on-hand, inbound, lead time, shelf life, BOM/yield"
2026-09-08,2026-09-01,Pattaya_Central,Pineapple,115.9131082802731,87.84608892414587,143.98012763640028,0.042233425282982975,91.71972716849197,121.02438249582988,150.32903782316777,5.11127421555679,,,,,,,"not calculable: missing on-hand, inbound, lead time, shelf life, BOM/yield"
2026-09-09,2026-09-01,Pattaya_Central,Pineapple,115.9131082802731,87.84608892414587,143.98012763640028,0.042233425282982975,91.71972716849197,121.02438249582988,150.32903782316777,5.11127421555679,,,,,,,"not calculable: missing on-hand, inbound, lead time, shelf life, BOM/yield"
2026-09-10,2026-09-01,Pattaya_Central,Pineapple,115.9131082802731,87.84608892414587,143.98012763640028,0.042233425282982975,91.71972716849197,121.02438249582988,150.32903782316777,5.11127421555679,,,,,,,"not calculable: missing on-hand, inbound, lead time, shelf life, BOM/yield"
2026-09-11,2026-09-01,Pattaya_Central,Pineapple,115.9131082802731,87.84608892414587,143.98012763640028,0.042233425282982975,91.71972716849197,121.02438249582988,150.32903782316777,5.11127421555679,,,,,,,"not calculable: missing on-hand, inbound, lead time, shelf life, BOM/yield"
2026-09-12,2026-09-01,Pattaya_Central,Pineapple,115.9131082802731,87.84608892414587,143.98012763640028,0.042233425282982975,91.71972716849197,121.02438249582988,150.32903782316777,5.11127421555679,,,,,,,"not calculable: missing on-hand, inbound, lead time, shelf life, BOM/yield"
2026-09-13,2026-09-01,Pattaya_Central,Pineapple,115.9131082802731,87.84608892414587,143.98012763640028,0.042233425282982975,91.71972716849197,121.02438249582988,150.32903782316777,5.11127421555679,,,,,,,"not calculable: missing on-hand, inbound, lead time, shelf life, BOM/yield"
2026-09-14,2026-09-01,Pattaya_Central,Pineapple,115.9131082802731,87.84608892414587,143.98012763640028,0.042233425282982975,91.71972716849197,121.02438249582988,150.32903782316777,5.11127421555679,,,,,,,"not calculable: missing on-hand, inbound, lead time, shelf life, BOM/yield"
2026-09-15,2026-09-01,Pattaya_Central,Pineapple,115.9131082802731,87.84608892414587,143.98012763640028,0.042233425282982975,91.71972716849197,121.02438249582988,150.32903782316777,5.11127421555679,,,,,,,"not calculable: missing on-hand, inbound, lead time, shelf life, BOM/yield"
2026-09-16,2026-09-01,Pattaya_Central,Pineapple,115.9131082802731,87.84608892414587,143.98012763640028,0.042233425282982975,91.71972716849197,121.02438249582988,150.32903782316777,5.11127421555679,,,,,,,"not calculable: missing on-hand, inbound, lead time, shelf life, BOM/yield"
2026-09-17,2026-09-01,Pattaya_Central,Pineapple,115.9131082802731,87.84608892414587,143.98012763640028,0.042233425282982975,91.71972716849197,121.02438249582988,150.32903782316777,5.11127421555679,,,,,,,"not calculable: missing on-hand, inbound, lead time, shelf life, BOM/yield"
2026-09-18,2026-09-01,Pattaya_Central,Pineapple,115.9131082802731,87.84608892414587,143.98012763640028,0.042233425282982975,91.71972716849197,121.02438249582988,150.32903782316777,5.11127421555679,,,,,,,"not calculable: missing on-hand, inbound, lead time, shelf life, BOM/yield"
2026-09-19,2026-09-01,Pattaya_Central,Pineapple,115.9131082802731,87.84608892414587,143.98012763640028,0.042233425282982975,91.71972716849197,121.02438249582988,150.32903782316777,5.11127421555679,,,,,,,"not calculable: missing on-hand, inbound, lead time, shelf life, BOM/yield"
2026-09-20,2026-09-01,Pattaya_Central,Pineapple,115.9131082802731,87.84608892414587,143.98012763640028,0.042233425282982975,91.71972716849197,121.02438249582988,150.32903782316777,5.11127421555679,,,,,,,"not calculable: missing on-hand, inbound, lead time, shelf life, BOM/yield"
2026-09-21,2026-09-01,Pattaya_Central,Pineapple,115.9131082802731,87.84608892414587,143.98012763640028,0.042233425282982975,91.71972716849197,121.02438249582988,150.32903782316777,5.11127421555679,,,,,,,"not calculable: missing on-hand, inbound, lead time, shelf life, BOM/yield"
2026-09-22,2026-09-01,Pattaya_Central,Pineapple,115.9131082802731,87.84608892414587,143.98012763640028,0.042233425282982975,91.71972716849197,121.02438249582988,150.32903782316777,5.11127421555679,,,,,,,"not calculable: missing on-hand, inbound, lead time, shelf life, BOM/yield"
2026-09-23,2026-09-01,Pattaya_Central,Pineapple,115.9131082802731,87.84608892414587,143.98012763640028,0.042233425282982975,91.71972716849197,121.02438249582988,150.32903782316777,5.11127421555679,,,,,,,"not calculable: missing on-hand, inbound, lead time, shelf life, BOM/yield"
2026-09-24,2026-09-01,Pattaya_Central,Pineapple,115.9131082802731,87.84608892414587,143.98012763640028,0.042233425282982975,91.71972716849197,121.02438249582988,150.32903782316777,5.11127421555679,,,,,,,"not calculable: missing on-hand, inbound, lead time, shelf life, BOM/yield"
2026-09-25,2026-09-01,Pattaya_Central,Pineapple,115.9131082802731,87.84608892414587,143.98012763640028,0.042233425282982975,91.71972716849197,121.02438249582988,150.32903782316777,5.11127421555679,,,,,,,"not calculable: missing on-hand, inbound, lead time, shelf life, BOM/yield"
2026-09-26,2026-09-01,Pattaya_Central,Pineapple,115.9131082802731,87.84608892414587,143.98012763640028,0.042233425282982975,91.71972716849197,121.02438249582988,150.32903782316777,5.11127421555679,,,,,,,"not calculable: missing on-hand, inbound, lead time, shelf life, BOM/yield"
2026-09-27,2026-09-01,Pattaya_Central,Pineapple,115.9131082802731,87.84608892414587,143.98012763640028,0.042233425282982975,91.71972716849197,121.02438249582988,150.32903782316777,5.11127421555679,,,,,,,"not calculable: missing on-hand, inbound, lead time, shelf life, BOM/yield"
2026-09-28,2026-09-01,Pattaya_Central,Pineapple,115.9131082802731,87.84608892414587,143.98012763640028,0.042233425282982975,91.71972716849197,121.02438249582988,150.32903782316777,5.11127421555679,,,,,,,"not calculable: missing on-hand, inbound, lead time, shelf life, BOM/yield"
2026-09-29,2026-09-01,Pattaya_Central,Pineapple,115.9131082802731,87.84608892414587,143.98012763640028,0.042233425282982975,91.71972716849197,121.02438249582988,150.32903782316777,5.11127421555679,,,,,,,"not calculable: missing on-hand, inbound, lead time, shelf life, BOM/yield"
2026-09-30,2026-09-01,Pattaya_Central,Pineapple,115.9131082802731,87.84608892414587,143.98012763640028,0.042233425282982975,91.71972716849197,121.02438249582988,150.32903782316777,5.11127421555679,,,,,,,"not calculable: missing on-hand, inbound, lead time, shelf life, BOM/yield"
2026-10-01,2026-10-01,Pattaya_Central,Pineapple,115.9131082802731,87.84608892414587,143.98012763640028,0.042233425282982975,91.71972716849197,121.02438249582988,150.32903782316777,5.11127421555679,,,,,,,"not calculable: missing on-hand, inbound, lead time, shelf life, BOM/yield"
2026-10-02,2026-10-01,Pattaya_Central,Pineapple,115.9131082802731,87.84608892414587,143.98012763640028,0.042233425282982975,91.71972716849197,121.02438249582988,150.32903782316777,5.11127421555679,,,,,,,"not calculable: missing on-hand, inbound, lead time, shelf life, BOM/yield"
2026-10-03,2026-10-01,Pattaya_Central,Pineapple,115.9131082802731,87.84608892414587,143.98012763640028,0.042233425282982975,91.71972716849197,121.02438249582988,150.32903782316777,5.11127421555679,,,,,,,"not calculable: missing on-hand, inbound, lead time, shelf life, BOM/yield"
2026-10-04,2026-10-01,Pattaya_Central,Pineapple,115.9131082802731,87.84608892414587,143.98012763640028,0.042233425282982975,91.71972716849197,121.02438249582988,150.32903782316777,5.11127421555679,,,,,,,"not calculable: missing on-hand, inbound, lead time, shelf life, BOM/yield"
2026-10-05,2026-10-01,Pattaya_Central,Pineapple,115.9131082802731,87.84608892414587,143.98012763640028,0.042233425282982975,91.71972716849197,121.02438249582988,150.32903782316777,5.11127421555679,,,,,,,"not calculable: missing on-hand, inbound, lead time, shelf life, BOM/yield"
2026-10-06,2026-10-01,Pattaya_Central,Pineapple,115.9131082802731,87.84608892414587,143.98012763640028,0.042233425282982975,91.71972716849197,121.02438249582988,150.32903782316777,5.11127421555679,,,,,,,"not calculable: missing on-hand, inbound, lead time, shelf life, BOM/yield"
2026-10-07,2026-10-01,Pattaya_Central,Pineapple,115.9131082802731,87.84608892414587,143.98012763640028,0.042233425282982975,91.71972716849197,121.02438249582988,150.32903782316777,5.11127421555679,,,,,,,"not calculable: missing on-hand, inbound, lead time, shelf life, BOM/yield"
2026-10-08,2026-10-01,Pattaya_Central,Pineapple,115.9131082802731,87.84608892414587,143.98012763640028,0.042233425282982975,91.71972716849197,121.02438249582988,150.32903782316777,5.11127421555679,,,,,,,"not calculable: missing on-hand, inbound, lead time, shelf life, BOM/yield"
2026-10-09,2026-10-01,Pattaya_Central,Pineapple,115.9131082802731,87.84608892414587,143.98012763640028,0.042233425282982975,91.71972716849197,121.02438249582988,150.32903782316777,5.11127421555679,,,,,,,"not calculable: missing on-hand, inbound, lead time, shelf life, BOM/yield"
2026-10-10,2026-10-01,Pattaya_Central,Pineapple,115.9131082802731,87.84608892414587,143.98012763640028,0.042233425282982975,91.71972716849197,121.02438249582988,150.32903782316777,5.11127421555679,,,,,,,"not calculable: missing on-hand, inbound, lead time, shelf life, BOM/yield"
2026-10-11,2026-10-01,Pattaya_Central,Pineapple,115.9131082802731,87.84608892414587,143.98012763640028,0.042233425282982975,91.71972716849197,121.02438249582988,150.32903782316777,5.11127421555679,,,,,,,"not calculable: missing on-hand, inbound, lead time, shelf life, BOM/yield"
2026-10-12,2026-10-01,Pattaya_Central,Pineapple,115.9131082802731,87.84608892414587,143.98012763640028,0.042233425282982975,91.71972716849197,121.02438249582988,150.32903782316777,5.11127421555679,,,,,,,"not calculable: missing on-hand, inbound, lead time, shelf life, BOM/yield"
2026-10-13,2026-10-01,Pattaya_Central,Pineapple,115.9131082802731,87.84608892414587,143.98012763640028,0.042233425282982975,91.71972716849197,121.02438249582988,150.32903782316777,5.11127421555679,,,,,,,"not calculable: missing on-hand, inbound, lead time, shelf life, BOM/yield"
2026-10-14,2026-10-01,Pattaya_Central,Pineapple,115.9131082802731,87.84608892414587,143.98012763640028,0.042233425282982975,91.71972716849197,121.02438249582988,150.32903782316777,5.11127421555679,,,,,,,"not calculable: missing on-hand, inbound, lead time, shelf life, BOM/yield"
2026-10-15,2026-10-01,Pattaya_Central,Pineapple,115.9131082802731,87.84608892414587,143.98012763640028,0.042233425282982975,91.71972716849197,121.02438249582988,150.32903782316777,5.11127421555679,,,,,,,"not calculable: missing on-hand, inbound, lead time, shelf life, BOM/yield"
2026-10-16,2026-10-01,Pattaya_Central,Pineapple,115.9131082802731,87.84608892414587,143.98012763640028,0.042233425282982975,91.71972716849197,121.02438249582988,150.32903782316777,5.11127421555679,,,,,,,"not calculable: missing on-hand, inbound, lead time, shelf life, BOM/yield"
2026-10-17,2026-10-01,Pattaya_Central,Pineapple,115.9131082802731,87.84608892414587,143.98012763640028,0.042233425282982975,91.71972716849197,121.02438249582988,150.32903782316777,5.11127421555679,,,,,,,"not calculable: missing on-hand, inbound, lead time, shelf life, BOM/yield"
2026-10-18,2026-10-01,Pattaya_Central,Pineapple,115.9131082802731,87.84608892414587,143.98012763640028,0.042233425282982975,91.71972716849197,121.02438249582988,150.32903782316777,5.11127421555679,,,,,,,"not calculable: missing on-hand, inbound, lead time, shelf life, BOM/yield"
2026-10-19,2026-10-01,Pattaya_Central,Pineapple,115.9131082802731,87.84608892414587,143.98012763640028,0.042233425282982975,91.71972716849197,121.02438249582988,150.32903782316777,5.11127421555679,,,,,,,"not calculable: missing on-hand, inbound, lead time, shelf life, BOM/yield"
2026-10-20,2026-10-01,Pattaya_Central,Pineapple,115.9131082802731,87.84608892414587,143.98012763640028,0.042233425282982975,91.71972716849197,121.02438249582988,150.32903782316777,5.11127421555679,,,,,,,"not calculable: missing on-hand, inbound, lead time, shelf life, BOM/yield"
2026-10-21,2026-10-01,Pattaya_Central,Pineapple,115.9131082802731,87.84608892414587,143.98012763640028,0.042233425282982975,91.71972716849197,121.02438249582988,150.32903782316777,5.11127421555679,,,,,,,"not calculable: missing on-hand, inbound, lead time, shelf life, BOM/yield"
2026-10-22,2026-10-01,Pattaya_Central,Pineapple,115.9131082802731,87.84608892414587,143.98012763640028,0.042233425282982975,91.71972716849197,121.02438249582988,150.32903782316777,5.11127421555679,,,,,,,"not calculable: missing on-hand, inbound, lead time, shelf life, BOM/yield"
2026-10-23,2026-10-01,Pattaya_Central,Pineapple,115.9131082802731,87.84608892414587,143.98012763640028,0.042233425282982975,91.71972716849197,121.02438249582988,150.32903782316777,5.11127421555679,,,,,,,"not calculable: missing on-hand, inbound, lead time, shelf life, BOM/yield"
2026-10-24,2026-10-01,Pattaya_Central,Pineapple,115.9131082802731,87.84608892414587,143.98012763640028,0.042233425282982975,91.71972716849197,121.02438249582988,150.32903782316777,5.11127421555679,,,,,,,"not calculable: missing on-hand, inbound, lead time, shelf life, BOM/yield"
2026-10-25,2026-10-01,Pattaya_Central,Pineapple,115.9131082802731,87.84608892414587,143.98012763640028,0.042233425282982975,91.71972716849197,121.02438249582988,150.32903782316777,5.11127421555679,,,,,,,"not calculable: missing on-hand, inbound, lead time, shelf life, BOM/yield"
2026-10-26,2026-10-01,Pattaya_Central,Pineapple,115.9131082802731,87.84608892414587,143.98012763640028,0.042233425282982975,91.71972716849197,121.02438249582988,150.32903782316777,5.11127421555679,,,,,,,"not calculable: missing on-hand, inbound, lead time, shelf life, BOM/yield"
2026-10-27,2026-10-01,Pattaya_Central,Pineapple,115.9131082802731,87.84608892414587,143.98012763640028,0.042233425282982975,91.71972716849197,121.02438249582988,150.32903782316777,5.11127421555679,,,,,,,"not calculable: missing on-hand, inbound, lead time, shelf life, BOM/yield"
2026-10-28,2026-10-01,Pattaya_Central,Pineapple,115.9131082802731,87.84608892414587,143.98012763640028,0.042233425282982975,91.71972716849197,121.02438249582988,150.32903782316777,5.11127421555679,,,,,,,"not calculable: missing on-hand, inbound, lead time, shelf life, BOM/yield"
2026-10-29,2026-10-01,Pattaya_Central,Pineapple,115.9131082802731,87.84608892414587,143.98012763640028,0.042233425282982975,91.71972716849197,121.02438249582988,150.32903782316777,5.11127421555679,,,,,,,"not calculable: missing on-hand, inbound, lead time, shelf life, BOM/yield"
2026-10-30,2026-10-01,Pattaya_Central,Pineapple,115.9131082802731,87.84608892414587,143.98012763640028,0.042233425282982975,91.71972716849197,121.02438249582988,150.32903782316777,5.11127421555679,,,,,,,"not calculable: missing on-hand, inbound, lead time, shelf life, BOM/yield"
2026-10-31,2026-10-01,Pattaya_Central,Pineapple,115.9131082802731,87.84608892414587,143.98012763640028,0.042233425282982975,91.71972716849197,121.02438249582988,150.32903782316777,5.11127421555679,,,,,,,"not calculable: missing on-hand, inbound, lead time, shelf life, BOM/yield"
2026-11-01,2026-11-01,Pattaya_Central,Pineapple,115.9131082802731,87.84608892414587,143.98012763640028,0.042233425282982975,91.71972716849197,121.02438249582988,150.32903782316777,5.11127421555679,,,,,,,"not calculable: missing on-hand, inbound, lead time, shelf life, BOM/yield"
2026-11-02,2026-11-01,Pattaya_Central,Pineapple,115.9131082802731,87.84608892414587,143.98012763640028,0.042233425282982975,91.71972716849197,121.02438249582988,150.32903782316777,5.11127421555679,,,,,,,"not calculable: missing on-hand, inbound, lead time, shelf life, BOM/yield"
2026-11-03,2026-11-01,Pattaya_Central,Pineapple,115.9131082802731,87.84608892414587,143.98012763640028,0.042233425282982975,91.71972716849197,121.02438249582988,150.32903782316777,5.11127421555679,,,,,,,"not calculable: missing on-hand, inbound, lead time, shelf life, BOM/yield"
2026-11-04,2026-11-01,Pattaya_Central,Pineapple,115.9131082802731,87.84608892414587,143.98012763640028,0.042233425282982975,91.71972716849197,121.02438249582988,150.32903782316777,5.11127421555679,,,,,,,"not calculable: missing on-hand, inbound, lead time, shelf life, BOM/yield"
2026-11-05,2026-11-01,Pattaya_Central,Pineapple,115.9131082802731,87.84608892414587,143.98012763640028,0.042233425282982975,91.71972716849197,121.02438249582988,150.32903782316777,5.11127421555679,,,,,,,"not calculable: missing on-hand, inbound, lead time, shelf life, BOM/yield"
2026-11-06,2026-11-01,Pattaya_Central,Pineapple,115.9131082802731,87.84608892414587,143.98012763640028,0.042233425282982975,91.71972716849197,121.02438249582988,150.32903782316777,5.11127421555679,,,,,,,"not calculable: missing on-hand, inbound, lead time, shelf life, BOM/yield"
2026-11-07,2026-11-01,Pattaya_Central,Pineapple,115.9131082802731,87.84608892414587,143.98012763640028,0.042233425282982975,91.71972716849197,121.02438249582988,150.32903782316777,5.11127421555679,,,,,,,"not calculable: missing on-hand, inbound, lead time, shelf life, BOM/yield"
2026-11-08,2026-11-01,Pattaya_Central,Pineapple,115.9131082802731,87.84608892414587,143.98012763640028,0.042233425282982975,91.71972716849197,121.02438249582988,150.32903782316777,5.11127421555679,,,,,,,"not calculable: missing on-hand, inbound, lead time, shelf life, BOM/yield"
2026-11-09,2026-11-01,Pattaya_Central,Pineapple,115.9131082802731,87.84608892414587,143.98012763640028,0.042233425282982975,91.71972716849197,121.02438249582988,150.32903782316777,5.11127421555679,,,,,,,"not calculable: missing on-hand, inbound, lead time, shelf life, BOM/yield"
2026-11-10,2026-11-01,Pattaya_Central,Pineapple,115.9131082802731,87.84608892414587,143.98012763640028,0.042233425282982975,91.71972716849197,121.02438249582988,150.32903782316777,5.11127421555679,,,,,,,"not calculable: missing on-hand, inbound, lead time, shelf life, BOM/yield"
2026-11-11,2026-11-01,Pattaya_Central,Pineapple,115.9131082802731,87.84608892414587,143.98012763640028,0.042233425282982975,91.71972716849197,121.02438249582988,150.32903782316777,5.11127421555679,,,,,,,"not calculable: missing on-hand, inbound, lead time, shelf life, BOM/yield"
2026-11-12,2026-11-01,Pattaya_Central,Pineapple,115.9131082802731,87.84608892414587,143.98012763640028,0.042233425282982975,91.71972716849197,121.02438249582988,150.32903782316777,5.11127421555679,,,,,,,"not calculable: missing on-hand, inbound, lead time, shelf life, BOM/yield"
2026-11-13,2026-11-01,Pattaya_Central,Pineapple,115.9131082802731,87.84608892414587,143.98012763640028,0.042233425282982975,91.71972716849197,121.02438249582988,150.32903782316777,5.11127421555679,,,,,,,"not calculable: missing on-hand, inbound, lead time, shelf life, BOM/yield"
2026-11-14,2026-11-01,Pattaya_Central,Pineapple,115.9131082802731,87.84608892414587,143.98012763640028,0.042233425282982975,91.71972716849197,121.02438249582988,150.32903782316777,5.11127421555679,,,,,,,"not calculable: missing on-hand, inbound, lead time, shelf life, BOM/yield"
2026-11-15,2026-11-01,Pattaya_Central,Pineapple,115.9131082802731,87.84608892414587,143.98012763640028,0.042233425282982975,91.71972716849197,121.02438249582988,150.32903782316777,5.11127421555679,,,,,,,"not calculable: missing on-hand, inbound, lead time, shelf life, BOM/yield"
2026-11-16,2026-11-01,Pattaya_Central,Pineapple,115.9131082802731,87.84608892414587,143.98012763640028,0.042233425282982975,91.71972716849197,121.02438249582988,150.32903782316777,5.11127421555679,,,,,,,"not calculable: missing on-hand, inbound, lead time, shelf life, BOM/yield"
2026-11-17,2026-11-01,Pattaya_Central,Pineapple,115.9131082802731,87.84608892414587,143.98012763640028,0.042233425282982975,91.71972716849197,121.02438249582988,150.32903782316777,5.11127421555679,,,,,,,"not calculable: missing on-hand, inbound, lead time, shelf life, BOM/yield"
2026-11-18,2026-11-01,Pattaya_Central,Pineapple,115.9131082802731,87.84608892414587,143.98012763640028,0.042233425282982975,91.71972716849197,121.02438249582988,150.32903782316777,5.11127421555679,,,,,,,"not calculable: missing on-hand, inbound, lead time, shelf life, BOM/yield"
2026-11-19,2026-11-01,Pattaya_Central,Pineapple,115.9131082802731,87.84608892414587,143.98012763640028,0.042233425282982975,91.71972716849197,121.02438249582988,150.32903782316777,5.11127421555679,,,,,,,"not calculable: missing on-hand, inbound, lead time, shelf life, BOM/yield"
2026-11-20,2026-11-01,Pattaya_Central,Pineapple,115.9131082802731,87.84608892414587,143.98012763640028,0.042233425282982975,91.71972716849197,121.02438249582988,150.32903782316777,5.11127421555679,,,,,,,"not calculable: missing on-hand, inbound, lead time, shelf life, BOM/yield"
2026-11-21,2026-11-01,Pattaya_Central,Pineapple,115.9131082802731,87.84608892414587,143.98012763640028,0.042233425282982975,91.71972716849197,121.02438249582988,150.32903782316777,5.11127421555679,,,,,,,"not calculable: missing on-hand, inbound, lead time, shelf life, BOM/yield"
2026-11-22,2026-11-01,Pattaya_Central,Pineapple,115.9131082802731,87.84608892414587,143.98012763640028,0.042233425282982975,91.71972716849197,121.02438249582988,150.32903782316777,5.11127421555679,,,,,,,"not calculable: missing on-hand, inbound, lead time, shelf life, BOM/yield"
2026-11-23,2026-11-01,Pattaya_Central,Pineapple,115.9131082802731,87.84608892414587,143.98012763640028,0.042233425282982975,91.71972716849197,121.02438249582988,150.32903782316777,5.11127421555679,,,,,,,"not calculable: missing on-hand, inbound, lead time, shelf life, BOM/yield"
2026-11-24,2026-11-01,Pattaya_Central,Pineapple,115.9131082802731,87.84608892414587,143.98012763640028,0.042233425282982975,91.71972716849197,121.02438249582988,150.32903782316777,5.11127421555679,,,,,,,"not calculable: missing on-hand, inbound, lead time, shelf life, BOM/yield"
2026-11-25,2026-11-01,Pattaya_Central,Pineapple,115.9131082802731,87.84608892414587,143.98012763640028,0.042233425282982975,91.71972716849197,121.02438249582988,150.32903782316777,5.11127421555679,,,,,,,"not calculable: missing on-hand, inbound, lead time, shelf life, BOM/yield"
2026-11-26,2026-11-01,Pattaya_Central,Pineapple,115.9131082802731,87.84608892414587,143.98012763640028,0.042233425282982975,91.71972716849197,121.02438249582988,150.32903782316777,5.11127421555679,,,,,,,"not calculable: missing on-hand, inbound, lead time, shelf life, BOM/yield"
2026-11-27,2026-11-01,Pattaya_Central,Pineapple,115.9131082802731,87.84608892414587,143.98012763640028,0.042233425282982975,91.71972716849197,121.02438249582988,150.32903782316777,5.11127421555679,,,,,,,"not calculable: missing on-hand, inbound, lead time, shelf life, BOM/yield"
2026-11-28,2026-11-01,Pattaya_Central,Pineapple,115.9131082802731,87.84608892414587,143.98012763640028,0.042233425282982975,91.71972716849197,121.02438249582988,150.32903782316777,5.11127421555679,,,,,,,"not calculable: missing on-hand, inbound, lead time, shelf life, BOM/yield"
2026-11-29,2026-11-01,Pattaya_Central,Pineapple,115.9131082802731,87.84608892414587,143.98012763640028,0.042233425282982975,91.71972716849197,121.02438249582988,150.32903782316777,5.11127421555679,,,,,,,"not calculable: missing on-hand, inbound, lead time, shelf life, BOM/yield"
2026-11-30,2026-11-01,Pattaya_Central,Pineapple,115.9131082802731,87.84608892414587,143.98012763640028,0.042233425282982975,91.71972716849197,121.02438249582988,150.32903782316777,5.11127421555679,,,,,,,"not calculable: missing on-hand, inbound, lead time, shelf life, BOM/yield"
2026-09-01,2026-09-01,Pattaya_Central,Watermelon,182.49738993248977,138.3077564072398,226.6870234577397,0.03236144275480709,142.93328368496748,188.60078338759934,234.26828309023117,6.103393455109568,,,,,,,"not calculable: missing on-hand, inbound, lead time, shelf life, BOM/yield"
2026-09-02,2026-09-01,Pattaya_Central,Watermelon,182.49738993248977,138.3077564072398,226.6870234577397,0.03236144275480709,142.93328368496748,188.60078338759934,234.26828309023117,6.103393455109568,,,,,,,"not calculable: missing on-hand, inbound, lead time, shelf life, BOM/yield"
2026-09-03,2026-09-01,Pattaya_Central,Watermelon,182.49738993248977,138.3077564072398,226.6870234577397,0.03236144275480709,142.93328368496748,188.60078338759934,234.26828309023117,6.103393455109568,,,,,,,"not calculable: missing on-hand, inbound, lead time, shelf life, BOM/yield"
2026-09-04,2026-09-01,Pattaya_Central,Watermelon,182.49738993248977,138.3077564072398,226.6870234577397,0.03236144275480709,142.93328368496748,188.60078338759934,234.26828309023117,6.103393455109568,,,,,,,"not calculable: missing on-hand, inbound, lead time, shelf life, BOM/yield"
2026-09-05,2026-09-01,Pattaya_Central,Watermelon,182.49738993248977,138.3077564072398,226.6870234577397,0.03236144275480709,142.93328368496748,188.60078338759934,234.26828309023117,6.103393455109568,,,,,,,"not calculable: missing on-hand, inbound, lead time, shelf life, BOM/yield"
2026-09-06,2026-09-01,Pattaya_Central,Watermelon,182.49738993248977,138.3077564072398,226.6870234577397,0.03236144275480709,142.93328368496748,188.60078338759934,234.26828309023117,6.103393455109568,,,,,,,"not calculable: missing on-hand, inbound, lead time, shelf life, BOM/yield"
2026-09-07,2026-09-01,Pattaya_Central,Watermelon,182.49738993248977,138.3077564072398,226.6870234577397,0.03236144275480709,142.93328368496748,188.60078338759934,234.26828309023117,6.103393455109568,,,,,,,"not calculable: missing on-hand, inbound, lead time, shelf life, BOM/yield"
2026-09-08,2026-09-01,Pattaya_Central,Watermelon,182.49738993248977,138.3077564072398,226.6870234577397,0.03236144275480709,142.93328368496748,188.60078338759934,234.26828309023117,6.103393455109568,,,,,,,"not calculable: missing on-hand, inbound, lead time, shelf life, BOM/yield"
2026-09-09,2026-09-01,Pattaya_Central,Watermelon,182.49738993248977,138.3077564072398,226.6870234577397,0.03236144275480709,142.93328368496748,188.60078338759934,234.26828309023117,6.103393455109568,,,,,,,"not calculable: missing on-hand, inbound, lead time, shelf life, BOM/yield"
2026-09-10,2026-09-01,Pattaya_Central,Watermelon,182.49738993248977,138.3077564072398,226.6870234577397,0.03236144275480709,142.93328368496748,188.60078338759934,234.26828309023117,6.103393455109568,,,,,,,"not calculable: missing on-hand, inbound, lead time, shelf life, BOM/yield"
2026-09-11,2026-09-01,Pattaya_Central,Watermelon,182.49738993248977,138.3077564072398,226.6870234577397,0.03236144275480709,142.93328368496748,188.60078338759934,234.26828309023117,6.103393455109568,,,,,,,"not calculable: missing on-hand, inbound, lead time, shelf life, BOM/yield"
2026-09-12,2026-09-01,Pattaya_Central,Watermelon,182.49738993248977,138.3077564072398,226.6870234577397,0.03236144275480709,142.93328368496748,188.60078338759934,234.26828309023117,6.103393455109568,,,,,,,"not calculable: missing on-hand, inbound, lead time, shelf life, BOM/yield"
2026-09-13,2026-09-01,Pattaya_Central,Watermelon,182.49738993248977,138.3077564072398,226.6870234577397,0.03236144275480709,142.93328368496748,188.60078338759934,234.26828309023117,6.103393455109568,,,,,,,"not calculable: missing on-hand, inbound, lead time, shelf life, BOM/yield"
2026-09-14,2026-09-01,Pattaya_Central,Watermelon,182.49738993248977,138.3077564072398,226.6870234577397,0.03236144275480709,142.93328368496748,188.60078338759934,234.26828309023117,6.103393455109568,,,,,,,"not calculable: missing on-hand, inbound, lead time, shelf life, BOM/yield"
2026-09-15,2026-09-01,Pattaya_Central,Watermelon,182.49738993248977,138.3077564072398,226.6870234577397,0.03236144275480709,142.93328368496748,188.60078338759934,234.26828309023117,6.103393455109568,,,,,,,"not calculable: missing on-hand, inbound, lead time, shelf life, BOM/yield"
2026-09-16,2026-09-01,Pattaya_Central,Watermelon,182.49738993248977,138.3077564072398,226.6870234577397,0.03236144275480709,142.93328368496748,188.60078338759934,234.26828309023117,6.103393455109568,,,,,,,"not calculable: missing on-hand, inbound, lead time, shelf life, BOM/yield"
2026-09-17,2026-09-01,Pattaya_Central,Watermelon,182.49738993248977,138.3077564072398,226.6870234577397,0.03236144275480709,142.93328368496748,188.60078338759934,234.26828309023117,6.103393455109568,,,,,,,"not calculable: missing on-hand, inbound, lead time, shelf life, BOM/yield"
2026-09-18,2026-09-01,Pattaya_Central,Watermelon,182.49738993248977,138.3077564072398,226.6870234577397,0.03236144275480709,142.93328368496748,188.60078338759934,234.26828309023117,6.103393455109568,,,,,,,"not calculable: missing on-hand, inbound, lead time, shelf life, BOM/yield"
2026-09-19,2026-09-01,Pattaya_Central,Watermelon,182.49738993248977,138.3077564072398,226.6870234577397,0.03236144275480709,142.93328368496748,188.60078338759934,234.26828309023117,6.103393455109568,,,,,,,"not calculable: missing on-hand, inbound, lead time, shelf life, BOM/yield"
2026-09-20,2026-09-01,Pattaya_Central,Watermelon,182.49738993248977,138.3077564072398,226.6870234577397,0.03236144275480709,142.93328368496748,188.60078338759934,234.26828309023117,6.103393455109568,,,,,,,"not calculable: missing on-hand, inbound, lead time, shelf life, BOM/yield"
2026-09-21,2026-09-01,Pattaya_Central,Watermelon,182.49738993248977,138.3077564072398,226.6870234577397,0.03236144275480709,142.93328368496748,188.60078338759934,234.26828309023117,6.103393455109568,,,,,,,"not calculable: missing on-hand, inbound, lead time, shelf life, BOM/yield"
2026-09-22,2026-09-01,Pattaya_Central,Watermelon,182.49738993248977,138.3077564072398,226.6870234577397,0.03236144275480709,142.93328368496748,188.60078338759934,234.26828309023117,6.103393455109568,,,,,,,"not calculable: missing on-hand, inbound, lead time, shelf life, BOM/yield"
2026-09-23,2026-09-01,Pattaya_Central,Watermelon,182.49738993248977,138.3077564072398,226.6870234577397,0.03236144275480709,142.93328368496748,188.60078338759934,234.26828309023117,6.103393455109568,,,,,,,"not calculable: missing on-hand, inbound, lead time, shelf life, BOM/yield"
2026-09-24,2026-09-01,Pattaya_Central,Watermelon,182.49738993248977,138.3077564072398,226.6870234577397,0.03236144275480709,142.93328368496748,188.60078338759934,234.26828309023117,6.103393455109568,,,,,,,"not calculable: missing on-hand, inbound, lead time, shelf life, BOM/yield"
2026-09-25,2026-09-01,Pattaya_Central,Watermelon,182.49738993248977,138.3077564072398,226.6870234577397,0.03236144275480709,142.93328368496748,188.60078338759934,234.26828309023117,6.103393455109568,,,,,,,"not calculable: missing on-hand, inbound, lead time, shelf life, BOM/yield"
2026-09-26,2026-09-01,Pattaya_Central,Watermelon,182.49738993248977,138.3077564072398,226.6870234577397,0.03236144275480709,142.93328368496748,188.60078338759934,234.26828309023117,6.103393455109568,,,,,,,"not calculable: missing on-hand, inbound, lead time, shelf life, BOM/yield"
2026-09-27,2026-09-01,Pattaya_Central,Watermelon,182.49738993248977,138.3077564072398,226.6870234577397,0.03236144275480709,142.93328368496748,188.60078338759934,234.26828309023117,6.103393455109568,,,,,,,"not calculable: missing on-hand, inbound, lead time, shelf life, BOM/yield"
2026-09-28,2026-09-01,Pattaya_Central,Watermelon,182.49738993248977,138.3077564072398,226.6870234577397,0.03236144275480709,142.93328368496748,188.60078338759934,234.26828309023117,6.103393455109568,,,,,,,"not calculable: missing on-hand, inbound, lead time, shelf life, BOM/yield"
2026-09-29,2026-09-01,Pattaya_Central,Watermelon,182.49738993248977,138.3077564072398,226.6870234577397,0.03236144275480709,142.93328368496748,188.60078338759934,234.26828309023117,6.103393455109568,,,,,,,"not calculable: missing on-hand, inbound, lead time, shelf life, BOM/yield"
2026-09-30,2026-09-01,Pattaya_Central,Watermelon,182.49738993248977,138.3077564072398,226.6870234577397,0.03236144275480709,142.93328368496748,188.60078338759934,234.26828309023117,6.103393455109568,,,,,,,"not calculable: missing on-hand, inbound, lead time, shelf life, BOM/yield"
2026-10-01,2026-10-01,Pattaya_Central,Watermelon,182.49738993248977,138.3077564072398,226.6870234577397,0.03236144275480709,142.93328368496748,188.60078338759934,234.26828309023117,6.103393455109568,,,,,,,"not calculable: missing on-hand, inbound, lead time, shelf life, BOM/yield"
2026-10-02,2026-10-01,Pattaya_Central,Watermelon,182.49738993248977,138.3077564072398,226.6870234577397,0.03236144275480709,142.93328368496748,188.60078338759934,234.26828309023117,6.103393455109568,,,,,,,"not calculable: missing on-hand, inbound, lead time, shelf life, BOM/yield"
2026-10-03,2026-10-01,Pattaya_Central,Watermelon,182.49738993248977,138.3077564072398,226.6870234577397,0.03236144275480709,142.93328368496748,188.60078338759934,234.26828309023117,6.103393455109568,,,,,,,"not calculable: missing on-hand, inbound, lead time, shelf life, BOM/yield"
2026-10-04,2026-10-01,Pattaya_Central,Watermelon,182.49738993248977,138.3077564072398,226.6870234577397,0.03236144275480709,142.93328368496748,188.60078338759934,234.26828309023117,6.103393455109568,,,,,,,"not calculable: missing on-hand, inbound, lead time, shelf life, BOM/yield"
2026-10-05,2026-10-01,Pattaya_Central,Watermelon,182.49738993248977,138.3077564072398,226.6870234577397,0.03236144275480709,142.93328368496748,188.60078338759934,234.26828309023117,6.103393455109568,,,,,,,"not calculable: missing on-hand, inbound, lead time, shelf life, BOM/yield"
2026-10-06,2026-10-01,Pattaya_Central,Watermelon,182.49738993248977,138.3077564072398,226.6870234577397,0.03236144275480709,142.93328368496748,188.60078338759934,234.26828309023117,6.103393455109568,,,,,,,"not calculable: missing on-hand, inbound, lead time, shelf life, BOM/yield"
2026-10-07,2026-10-01,Pattaya_Central,Watermelon,182.49738993248977,138.3077564072398,226.6870234577397,0.03236144275480709,142.93328368496748,188.60078338759934,234.26828309023117,6.103393455109568,,,,,,,"not calculable: missing on-hand, inbound, lead time, shelf life, BOM/yield"
2026-10-08,2026-10-01,Pattaya_Central,Watermelon,182.49738993248977,138.3077564072398,226.6870234577397,0.03236144275480709,142.93328368496748,188.60078338759934,234.26828309023117,6.103393455109568,,,,,,,"not calculable: missing on-hand, inbound, lead time, shelf life, BOM/yield"
2026-10-09,2026-10-01,Pattaya_Central,Watermelon,182.49738993248977,138.3077564072398,226.6870234577397,0.03236144275480709,142.93328368496748,188.60078338759934,234.26828309023117,6.103393455109568,,,,,,,"not calculable: missing on-hand, inbound, lead time, shelf life, BOM/yield"
2026-10-10,2026-10-01,Pattaya_Central,Watermelon,182.49738993248977,138.3077564072398,226.6870234577397,0.03236144275480709,142.93328368496748,188.60078338759934,234.26828309023117,6.103393455109568,,,,,,,"not calculable: missing on-hand, inbound, lead time, shelf life, BOM/yield"
2026-10-11,2026-10-01,Pattaya_Central,Watermelon,182.49738993248977,138.3077564072398,226.6870234577397,0.03236144275480709,142.93328368496748,188.60078338759934,234.26828309023117,6.103393455109568,,,,,,,"not calculable: missing on-hand, inbound, lead time, shelf life, BOM/yield"
2026-10-12,2026-10-01,Pattaya_Central,Watermelon,182.49738993248977,138.3077564072398,226.6870234577397,0.03236144275480709,142.93328368496748,188.60078338759934,234.26828309023117,6.103393455109568,,,,,,,"not calculable: missing on-hand, inbound, lead time, shelf life, BOM/yield"
2026-10-13,2026-10-01,Pattaya_Central,Watermelon,182.49738993248977,138.3077564072398,226.6870234577397,0.03236144275480709,142.93328368496748,188.60078338759934,234.26828309023117,6.103393455109568,,,,,,,"not calculable: missing on-hand, inbound, lead time, shelf life, BOM/yield"
2026-10-14,2026-10-01,Pattaya_Central,Watermelon,182.49738993248977,138.3077564072398,226.6870234577397,0.03236144275480709,142.93328368496748,188.60078338759934,234.26828309023117,6.103393455109568,,,,,,,"not calculable: missing on-hand, inbound, lead time, shelf life, BOM/yield"
2026-10-15,2026-10-01,Pattaya_Central,Watermelon,182.49738993248977,138.3077564072398,226.6870234577397,0.03236144275480709,142.93328368496748,188.60078338759934,234.26828309023117,6.103393455109568,,,,,,,"not calculable: missing on-hand, inbound, lead time, shelf life, BOM/yield"
2026-10-16,2026-10-01,Pattaya_Central,Watermelon,182.49738993248977,138.3077564072398,226.6870234577397,0.03236144275480709,142.93328368496748,188.60078338759934,234.26828309023117,6.103393455109568,,,,,,,"not calculable: missing on-hand, inbound, lead time, shelf life, BOM/yield"
2026-10-17,2026-10-01,Pattaya_Central,Watermelon,182.49738993248977,138.3077564072398,226.6870234577397,0.03236144275480709,142.93328368496748,188.60078338759934,234.26828309023117,6.103393455109568,,,,,,,"not calculable: missing on-hand, inbound, lead time, shelf life, BOM/yield"
2026-10-18,2026-10-01,Pattaya_Central,Watermelon,182.49738993248977,138.3077564072398,226.6870234577397,0.03236144275480709,142.93328368496748,188.60078338759934,234.26828309023117,6.103393455109568,,,,,,,"not calculable: missing on-hand, inbound, lead time, shelf life, BOM/yield"
2026-10-19,2026-10-01,Pattaya_Central,Watermelon,182.49738993248977,138.3077564072398,226.6870234577397,0.03236144275480709,142.93328368496748,188.60078338759934,234.26828309023117,6.103393455109568,,,,,,,"not calculable: missing on-hand, inbound, lead time, shelf life, BOM/yield"
2026-10-20,2026-10-01,Pattaya_Central,Watermelon,182.49738993248977,138.3077564072398,226.6870234577397,0.03236144275480709,142.93328368496748,188.60078338759934,234.26828309023117,6.103393455109568,,,,,,,"not calculable: missing on-hand, inbound, lead time, shelf life, BOM/yield"
2026-10-21,2026-10-01,Pattaya_Central,Watermelon,182.49738993248977,138.3077564072398,226.6870234577397,0.03236144275480709,142.93328368496748,188.60078338759934,234.26828309023117,6.103393455109568,,,,,,,"not calculable: missing on-hand, inbound, lead time, shelf life, BOM/yield"
2026-10-22,2026-10-01,Pattaya_Central,Watermelon,182.49738993248977,138.3077564072398,226.6870234577397,0.03236144275480709,142.93328368496748,188.60078338759934,234.26828309023117,6.103393455109568,,,,,,,"not calculable: missing on-hand, inbound, lead time, shelf life, BOM/yield"
2026-10-23,2026-10-01,Pattaya_Central,Watermelon,182.49738993248977,138.3077564072398,226.6870234577397,0.03236144275480709,142.93328368496748,188.60078338759934,234.26828309023117,6.103393455109568,,,,,,,"not calculable: missing on-hand, inbound, lead time, shelf life, BOM/yield"
2026-10-24,2026-10-01,Pattaya_Central,Watermelon,182.49738993248977,138.3077564072398,226.6870234577397,0.03236144275480709,142.93328368496748,188.60078338759934,234.26828309023117,6.103393455109568,,,,,,,"not calculable: missing on-hand, inbound, lead time, shelf life, BOM/yield"
2026-10-25,2026-10-01,Pattaya_Central,Watermelon,182.49738993248977,138.3077564072398,226.6870234577397,0.03236144275480709,142.93328368496748,188.60078338759934,234.26828309023117,6.103393455109568,,,,,,,"not calculable: missing on-hand, inbound, lead time, shelf life, BOM/yield"
2026-10-26,2026-10-01,Pattaya_Central,Watermelon,182.49738993248977,138.3077564072398,226.6870234577397,0.03236144275480709,142.93328368496748,188.60078338759934,234.26828309023117,6.103393455109568,,,,,,,"not calculable: missing on-hand, inbound, lead time, shelf life, BOM/yield"
2026-10-27,2026-10-01,Pattaya_Central,Watermelon,182.49738993248977,138.3077564072398,226.6870234577397,0.03236144275480709,142.93328368496748,188.60078338759934,234.26828309023117,6.103393455109568,,,,,,,"not calculable: missing on-hand, inbound, lead time, shelf life, BOM/yield"
2026-10-28,2026-10-01,Pattaya_Central,Watermelon,182.49738993248977,138.3077564072398,226.6870234577397,0.03236144275480709,142.93328368496748,188.60078338759934,234.26828309023117,6.103393455109568,,,,,,,"not calculable: missing on-hand, inbound, lead time, shelf life, BOM/yield"
2026-10-29,2026-10-01,Pattaya_Central,Watermelon,182.49738993248977,138.3077564072398,226.6870234577397,0.03236144275480709,142.93328368496748,188.60078338759934,234.26828309023117,6.103393455109568,,,,,,,"not calculable: missing on-hand, inbound, lead time, shelf life, BOM/yield"
2026-10-30,2026-10-01,Pattaya_Central,Watermelon,182.49738993248977,138.3077564072398,226.6870234577397,0.03236144275480709,142.93328368496748,188.60078338759934,234.26828309023117,6.103393455109568,,,,,,,"not calculable: missing on-hand, inbound, lead time, shelf life, BOM/yield"
2026-10-31,2026-10-01,Pattaya_Central,Watermelon,182.49738993248977,138.3077564072398,226.6870234577397,0.03236144275480709,142.93328368496748,188.60078338759934,234.26828309023117,6.103393455109568,,,,,,,"not calculable: missing on-hand, inbound, lead time, shelf life, BOM/yield"
2026-11-01,2026-11-01,Pattaya_Central,Watermelon,182.49738993248977,138.3077564072398,226.6870234577397,0.03236144275480709,142.93328368496748,188.60078338759934,234.26828309023117,6.103393455109568,,,,,,,"not calculable: missing on-hand, inbound, lead time, shelf life, BOM/yield"
2026-11-02,2026-11-01,Pattaya_Central,Watermelon,182.49738993248977,138.3077564072398,226.6870234577397,0.03236144275480709,142.93328368496748,188.60078338759934,234.26828309023117,6.103393455109568,,,,,,,"not calculable: missing on-hand, inbound, lead time, shelf life, BOM/yield"
2026-11-03,2026-11-01,Pattaya_Central,Watermelon,182.49738993248977,138.3077564072398,226.6870234577397,0.03236144275480709,142.93328368496748,188.60078338759934,234.26828309023117,6.103393455109568,,,,,,,"not calculable: missing on-hand, inbound, lead time, shelf life, BOM/yield"
2026-11-04,2026-11-01,Pattaya_Central,Watermelon,182.49738993248977,138.3077564072398,226.6870234577397,0.03236144275480709,142.93328368496748,188.60078338759934,234.26828309023117,6.103393455109568,,,,,,,"not calculable: missing on-hand, inbound, lead time, shelf life, BOM/yield"
2026-11-05,2026-11-01,Pattaya_Central,Watermelon,182.49738993248977,138.3077564072398,226.6870234577397,0.03236144275480709,142.93328368496748,188.60078338759934,234.26828309023117,6.103393455109568,,,,,,,"not calculable: missing on-hand, inbound, lead time, shelf life, BOM/yield"
2026-11-06,2026-11-01,Pattaya_Central,Watermelon,182.49738993248977,138.3077564072398,226.6870234577397,0.03236144275480709,142.93328368496748,188.60078338759934,234.26828309023117,6.103393455109568,,,,,,,"not calculable: missing on-hand, inbound, lead time, shelf life, BOM/yield"
2026-11-07,2026-11-01,Pattaya_Central,Watermelon,182.49738993248977,138.3077564072398,226.6870234577397,0.03236144275480709,142.93328368496748,188.60078338759934,234.26828309023117,6.103393455109568,,,,,,,"not calculable: missing on-hand, inbound, lead time, shelf life, BOM/yield"
2026-11-08,2026-11-01,Pattaya_Central,Watermelon,182.49738993248977,138.3077564072398,226.6870234577397,0.03236144275480709,142.93328368496748,188.60078338759934,234.26828309023117,6.103393455109568,,,,,,,"not calculable: missing on-hand, inbound, lead time, shelf life, BOM/yield"
2026-11-09,2026-11-01,Pattaya_Central,Watermelon,182.49738993248977,138.3077564072398,226.6870234577397,0.03236144275480709,142.93328368496748,188.60078338759934,234.26828309023117,6.103393455109568,,,,,,,"not calculable: missing on-hand, inbound, lead time, shelf life, BOM/yield"
2026-11-10,2026-11-01,Pattaya_Central,Watermelon,182.49738993248977,138.3077564072398,226.6870234577397,0.03236144275480709,142.93328368496748,188.60078338759934,234.26828309023117,6.103393455109568,,,,,,,"not calculable: missing on-hand, inbound, lead time, shelf life, BOM/yield"
2026-11-11,2026-11-01,Pattaya_Central,Watermelon,182.49738993248977,138.3077564072398,226.6870234577397,0.03236144275480709,142.93328368496748,188.60078338759934,234.26828309023117,6.103393455109568,,,,,,,"not calculable: missing on-hand, inbound, lead time, shelf life, BOM/yield"
2026-11-12,2026-11-01,Pattaya_Central,Watermelon,182.49738993248977,138.3077564072398,226.6870234577397,0.03236144275480709,142.93328368496748,188.60078338759934,234.26828309023117,6.103393455109568,,,,,,,"not calculable: missing on-hand, inbound, lead time, shelf life, BOM/yield"
2026-11-13,2026-11-01,Pattaya_Central,Watermelon,182.49738993248977,138.3077564072398,226.6870234577397,0.03236144275480709,142.93328368496748,188.60078338759934,234.26828309023117,6.103393455109568,,,,,,,"not calculable: missing on-hand, inbound, lead time, shelf life, BOM/yield"
2026-11-14,2026-11-01,Pattaya_Central,Watermelon,182.49738993248977,138.3077564072398,226.6870234577397,0.03236144275480709,142.93328368496748,188.60078338759934,234.26828309023117,6.103393455109568,,,,,,,"not calculable: missing on-hand, inbound, lead time, shelf life, BOM/yield"
2026-11-15,2026-11-01,Pattaya_Central,Watermelon,182.49738993248977,138.3077564072398,226.6870234577397,0.03236144275480709,142.93328368496748,188.60078338759934,234.26828309023117,6.103393455109568,,,,,,,"not calculable: missing on-hand, inbound, lead time, shelf life, BOM/yield"
2026-11-16,2026-11-01,Pattaya_Central,Watermelon,182.49738993248977,138.3077564072398,226.6870234577397,0.03236144275480709,142.93328368496748,188.60078338759934,234.26828309023117,6.103393455109568,,,,,,,"not calculable: missing on-hand, inbound, lead time, shelf life, BOM/yield"
2026-11-17,2026-11-01,Pattaya_Central,Watermelon,182.49738993248977,138.3077564072398,226.6870234577397,0.03236144275480709,142.93328368496748,188.60078338759934,234.26828309023117,6.103393455109568,,,,,,,"not calculable: missing on-hand, inbound, lead time, shelf life, BOM/yield"
2026-11-18,2026-11-01,Pattaya_Central,Watermelon,182.49738993248977,138.3077564072398,226.6870234577397,0.03236144275480709,142.93328368496748,188.60078338759934,234.26828309023117,6.103393455109568,,,,,,,"not calculable: missing on-hand, inbound, lead time, shelf life, BOM/yield"
2026-11-19,2026-11-01,Pattaya_Central,Watermelon,182.49738993248977,138.3077564072398,226.6870234577397,0.03236144275480709,142.93328368496748,188.60078338759934,234.26828309023117,6.103393455109568,,,,,,,"not calculable: missing on-hand, inbound, lead time, shelf life, BOM/yield"
2026-11-20,2026-11-01,Pattaya_Central,Watermelon,182.49738993248977,138.3077564072398,226.6870234577397,0.03236144275480709,142.93328368496748,188.60078338759934,234.26828309023117,6.103393455109568,,,,,,,"not calculable: missing on-hand, inbound, lead time, shelf life, BOM/yield"
2026-11-21,2026-11-01,Pattaya_Central,Watermelon,182.49738993248977,138.3077564072398,226.6870234577397,0.03236144275480709,142.93328368496748,188.60078338759934,234.26828309023117,6.103393455109568,,,,,,,"not calculable: missing on-hand, inbound, lead time, shelf life, BOM/yield"
2026-11-22,2026-11-01,Pattaya_Central,Watermelon,182.49738993248977,138.3077564072398,226.6870234577397,0.03236144275480709,142.93328368496748,188.60078338759934,234.26828309023117,6.103393455109568,,,,,,,"not calculable: missing on-hand, inbound, lead time, shelf life, BOM/yield"
2026-11-23,2026-11-01,Pattaya_Central,Watermelon,182.49738993248977,138.3077564072398,226.6870234577397,0.03236144275480709,142.93328368496748,188.60078338759934,234.26828309023117,6.103393455109568,,,,,,,"not calculable: missing on-hand, inbound, lead time, shelf life, BOM/yield"
2026-11-24,2026-11-01,Pattaya_Central,Watermelon,182.49738993248977,138.3077564072398,226.6870234577397,0.03236144275480709,142.93328368496748,188.60078338759934,234.26828309023117,6.103393455109568,,,,,,,"not calculable: missing on-hand, inbound, lead time, shelf life, BOM/yield"
2026-11-25,2026-11-01,Pattaya_Central,Watermelon,182.49738993248977,138.3077564072398,226.6870234577397,0.03236144275480709,142.93328368496748,188.60078338759934,234.26828309023117,6.103393455109568,,,,,,,"not calculable: missing on-hand, inbound, lead time, shelf life, BOM/yield"
2026-11-26,2026-11-01,Pattaya_Central,Watermelon,182.49738993248977,138.3077564072398,226.6870234577397,0.03236144275480709,142.93328368496748,188.60078338759934,234.26828309023117,6.103393455109568,,,,,,,"not calculable: missing on-hand, inbound, lead time, shelf life, BOM/yield"
2026-11-27,2026-11-01,Pattaya_Central,Watermelon,182.49738993248977,138.3077564072398,226.6870234577397,0.03236144275480709,142.93328368496748,188.60078338759934,234.26828309023117,6.103393455109568,,,,,,,"not calculable: missing on-hand, inbound, lead time, shelf life, BOM/yield"
2026-11-28,2026-11-01,Pattaya_Central,Watermelon,182.49738993248977,138.3077564072398,226.6870234577397,0.03236144275480709,142.93328368496748,188.60078338759934,234.26828309023117,6.103393455109568,,,,,,,"not calculable: missing on-hand, inbound, lead time, shelf life, BOM/yield"
2026-11-29,2026-11-01,Pattaya_Central,Watermelon,182.49738993248977,138.3077564072398,226.6870234577397,0.03236144275480709,142.93328368496748,188.60078338759934,234.26828309023117,6.103393455109568,,,,,,,"not calculable: missing on-hand, inbound, lead time, shelf life, BOM/yield"
2026-11-30,2026-11-01,Pattaya_Central,Watermelon,182.49738993248977,138.3077564072398,226.6870234577397,0.03236144275480709,142.93328368496748,188.60078338759934,234.26828309023117,6.103393455109568,,,,,,,"not calculable: missing on-hand, inbound, lead time, shelf life, BOM/yield"
