date,month,kitchen,sku,forecast_units_base,method,coverage_rule,recent_realized_price_thb,standard_price_thb,commission_rate_weighted,cost_median,cost_p90,waste_rate_base,waste_rate_action,packaging_cost_per_cup_thb,labor_cost_per_cup_thb,cost_up_pct,forecast_lower_units,forecast_upper_units,prep_target_cups_base,prep_target_cups_lower,prep_target_cups_upper,expected_waste_units_base
2026-09-01,2026-09-01,BKK_Ladprao,Guava,35.000186179536364,exp_smoothing_4w,active SKU window only; historical active windows have complete daily rows; no pre-launch zero fill,47.85507074181193,49.0,0.2740250742751767,10.23,10.763,0.05384217143702389,0.04038162857776792,6,5.5,0.05210166177908104,26.525295655560253,43.47507670351247,36.99191099300486,28.03474732735325,45.949074658656464,1.991724813468494
2026-09-02,2026-09-01,BKK_Ladprao,Guava,35.000186179536364,exp_smoothing_4w,active SKU window only; historical active windows have complete daily rows; no pre-launch zero fill,47.85507074181193,49.0,0.2740250742751767,10.23,10.763,0.05384217143702389,0.04038162857776792,6,5.5,0.05210166177908104,26.525295655560253,43.47507670351247,36.99191099300486,28.03474732735325,45.949074658656464,1.991724813468494
2026-09-03,2026-09-01,BKK_Ladprao,Guava,35.000186179536364,exp_smoothing_4w,active SKU window only; historical active windows have complete daily rows; no pre-launch zero fill,47.85507074181193,49.0,0.2740250742751767,10.23,10.763,0.05384217143702389,0.04038162857776792,6,5.5,0.05210166177908104,26.525295655560253,43.47507670351247,36.99191099300486,28.03474732735325,45.949074658656464,1.991724813468494
2026-09-04,2026-09-01,BKK_Ladprao,Guava,35.000186179536364,exp_smoothing_4w,active SKU window only; historical active windows have complete daily rows; no pre-launch zero fill,47.85507074181193,49.0,0.2740250742751767,10.23,10.763,0.05384217143702389,0.04038162857776792,6,5.5,0.05210166177908104,26.525295655560253,43.47507670351247,36.99191099300486,28.03474732735325,45.949074658656464,1.991724813468494
2026-09-05,2026-09-01,BKK_Ladprao,Guava,35.000186179536364,exp_smoothing_4w,active SKU window only; historical active windows have complete daily rows; no pre-launch zero fill,47.85507074181193,49.0,0.2740250742751767,10.23,10.763,0.05384217143702389,0.04038162857776792,6,5.5,0.05210166177908104,26.525295655560253,43.47507670351247,36.99191099300486,28.03474732735325,45.949074658656464,1.991724813468494
2026-09-06,2026-09-01,BKK_Ladprao,Guava,35.000186179536364,exp_smoothing_4w,active SKU window only; historical active windows have complete daily rows; no pre-launch zero fill,47.85507074181193,49.0,0.2740250742751767,10.23,10.763,0.05384217143702389,0.04038162857776792,6,5.5,0.05210166177908104,26.525295655560253,43.47507670351247,36.99191099300486,28.03474732735325,45.949074658656464,1.991724813468494
2026-09-07,2026-09-01,BKK_Ladprao,Guava,35.000186179536364,exp_smoothing_4w,active SKU window only; historical active windows have complete daily rows; no pre-launch zero fill,47.85507074181193,49.0,0.2740250742751767,10.23,10.763,0.05384217143702389,0.04038162857776792,6,5.5,0.05210166177908104,26.525295655560253,43.47507670351247,36.99191099300486,28.03474732735325,45.949074658656464,1.991724813468494
2026-09-08,2026-09-01,BKK_Ladprao,Guava,35.000186179536364,exp_smoothing_4w,active SKU window only; historical active windows have complete daily rows; no pre-launch zero fill,47.85507074181193,49.0,0.2740250742751767,10.23,10.763,0.05384217143702389,0.04038162857776792,6,5.5,0.05210166177908104,26.525295655560253,43.47507670351247,36.99191099300486,28.03474732735325,45.949074658656464,1.991724813468494
2026-09-09,2026-09-01,BKK_Ladprao,Guava,35.000186179536364,exp_smoothing_4w,active SKU window only; historical active windows have complete daily rows; no pre-launch zero fill,47.85507074181193,49.0,0.2740250742751767,10.23,10.763,0.05384217143702389,0.04038162857776792,6,5.5,0.05210166177908104,26.525295655560253,43.47507670351247,36.99191099300486,28.03474732735325,45.949074658656464,1.991724813468494
2026-09-10,2026-09-01,BKK_Ladprao,Guava,35.000186179536364,exp_smoothing_4w,active SKU window only; historical active windows have complete daily rows; no pre-launch zero fill,47.85507074181193,49.0,0.2740250742751767,10.23,10.763,0.05384217143702389,0.04038162857776792,6,5.5,0.05210166177908104,26.525295655560253,43.47507670351247,36.99191099300486,28.03474732735325,45.949074658656464,1.991724813468494
2026-09-11,2026-09-01,BKK_Ladprao,Guava,35.000186179536364,exp_smoothing_4w,active SKU window only; historical active windows have complete daily rows; no pre-launch zero fill,47.85507074181193,49.0,0.2740250742751767,10.23,10.763,0.05384217143702389,0.04038162857776792,6,5.5,0.05210166177908104,26.525295655560253,43.47507670351247,36.99191099300486,28.03474732735325,45.949074658656464,1.991724813468494
2026-09-12,2026-09-01,BKK_Ladprao,Guava,35.000186179536364,exp_smoothing_4w,active SKU window only; historical active windows have complete daily rows; no pre-launch zero fill,47.85507074181193,49.0,0.2740250742751767,10.23,10.763,0.05384217143702389,0.04038162857776792,6,5.5,0.05210166177908104,26.525295655560253,43.47507670351247,36.99191099300486,28.03474732735325,45.949074658656464,1.991724813468494
2026-09-13,2026-09-01,BKK_Ladprao,Guava,35.000186179536364,exp_smoothing_4w,active SKU window only; historical active windows have complete daily rows; no pre-launch zero fill,47.85507074181193,49.0,0.2740250742751767,10.23,10.763,0.05384217143702389,0.04038162857776792,6,5.5,0.05210166177908104,26.525295655560253,43.47507670351247,36.99191099300486,28.03474732735325,45.949074658656464,1.991724813468494
2026-09-14,2026-09-01,BKK_Ladprao,Guava,35.000186179536364,exp_smoothing_4w,active SKU window only; historical active windows have complete daily rows; no pre-launch zero fill,47.85507074181193,49.0,0.2740250742751767,10.23,10.763,0.05384217143702389,0.04038162857776792,6,5.5,0.05210166177908104,26.525295655560253,43.47507670351247,36.99191099300486,28.03474732735325,45.949074658656464,1.991724813468494
2026-09-15,2026-09-01,BKK_Ladprao,Guava,35.000186179536364,exp_smoothing_4w,active SKU window only; historical active windows have complete daily rows; no pre-launch zero fill,47.85507074181193,49.0,0.2740250742751767,10.23,10.763,0.05384217143702389,0.04038162857776792,6,5.5,0.05210166177908104,26.525295655560253,43.47507670351247,36.99191099300486,28.03474732735325,45.949074658656464,1.991724813468494
2026-09-16,2026-09-01,BKK_Ladprao,Guava,35.000186179536364,exp_smoothing_4w,active SKU window only; historical active windows have complete daily rows; no pre-launch zero fill,47.85507074181193,49.0,0.2740250742751767,10.23,10.763,0.05384217143702389,0.04038162857776792,6,5.5,0.05210166177908104,26.525295655560253,43.47507670351247,36.99191099300486,28.03474732735325,45.949074658656464,1.991724813468494
2026-09-17,2026-09-01,BKK_Ladprao,Guava,35.000186179536364,exp_smoothing_4w,active SKU window only; historical active windows have complete daily rows; no pre-launch zero fill,47.85507074181193,49.0,0.2740250742751767,10.23,10.763,0.05384217143702389,0.04038162857776792,6,5.5,0.05210166177908104,26.525295655560253,43.47507670351247,36.99191099300486,28.03474732735325,45.949074658656464,1.991724813468494
2026-09-18,2026-09-01,BKK_Ladprao,Guava,35.000186179536364,exp_smoothing_4w,active SKU window only; historical active windows have complete daily rows; no pre-launch zero fill,47.85507074181193,49.0,0.2740250742751767,10.23,10.763,0.05384217143702389,0.04038162857776792,6,5.5,0.05210166177908104,26.525295655560253,43.47507670351247,36.99191099300486,28.03474732735325,45.949074658656464,1.991724813468494
2026-09-19,2026-09-01,BKK_Ladprao,Guava,35.000186179536364,exp_smoothing_4w,active SKU window only; historical active windows have complete daily rows; no pre-launch zero fill,47.85507074181193,49.0,0.2740250742751767,10.23,10.763,0.05384217143702389,0.04038162857776792,6,5.5,0.05210166177908104,26.525295655560253,43.47507670351247,36.99191099300486,28.03474732735325,45.949074658656464,1.991724813468494
2026-09-20,2026-09-01,BKK_Ladprao,Guava,35.000186179536364,exp_smoothing_4w,active SKU window only; historical active windows have complete daily rows; no pre-launch zero fill,47.85507074181193,49.0,0.2740250742751767,10.23,10.763,0.05384217143702389,0.04038162857776792,6,5.5,0.05210166177908104,26.525295655560253,43.47507670351247,36.99191099300486,28.03474732735325,45.949074658656464,1.991724813468494
2026-09-21,2026-09-01,BKK_Ladprao,Guava,35.000186179536364,exp_smoothing_4w,active SKU window only; historical active windows have complete daily rows; no pre-launch zero fill,47.85507074181193,49.0,0.2740250742751767,10.23,10.763,0.05384217143702389,0.04038162857776792,6,5.5,0.05210166177908104,26.525295655560253,43.47507670351247,36.99191099300486,28.03474732735325,45.949074658656464,1.991724813468494
2026-09-22,2026-09-01,BKK_Ladprao,Guava,35.000186179536364,exp_smoothing_4w,active SKU window only; historical active windows have complete daily rows; no pre-launch zero fill,47.85507074181193,49.0,0.2740250742751767,10.23,10.763,0.05384217143702389,0.04038162857776792,6,5.5,0.05210166177908104,26.525295655560253,43.47507670351247,36.99191099300486,28.03474732735325,45.949074658656464,1.991724813468494
2026-09-23,2026-09-01,BKK_Ladprao,Guava,35.000186179536364,exp_smoothing_4w,active SKU window only; historical active windows have complete daily rows; no pre-launch zero fill,47.85507074181193,49.0,0.2740250742751767,10.23,10.763,0.05384217143702389,0.04038162857776792,6,5.5,0.05210166177908104,26.525295655560253,43.47507670351247,36.99191099300486,28.03474732735325,45.949074658656464,1.991724813468494
2026-09-24,2026-09-01,BKK_Ladprao,Guava,35.000186179536364,exp_smoothing_4w,active SKU window only; historical active windows have complete daily rows; no pre-launch zero fill,47.85507074181193,49.0,0.2740250742751767,10.23,10.763,0.05384217143702389,0.04038162857776792,6,5.5,0.05210166177908104,26.525295655560253,43.47507670351247,36.99191099300486,28.03474732735325,45.949074658656464,1.991724813468494
2026-09-25,2026-09-01,BKK_Ladprao,Guava,35.000186179536364,exp_smoothing_4w,active SKU window only; historical active windows have complete daily rows; no pre-launch zero fill,47.85507074181193,49.0,0.2740250742751767,10.23,10.763,0.05384217143702389,0.04038162857776792,6,5.5,0.05210166177908104,26.525295655560253,43.47507670351247,36.99191099300486,28.03474732735325,45.949074658656464,1.991724813468494
2026-09-26,2026-09-01,BKK_Ladprao,Guava,35.000186179536364,exp_smoothing_4w,active SKU window only; historical active windows have complete daily rows; no pre-launch zero fill,47.85507074181193,49.0,0.2740250742751767,10.23,10.763,0.05384217143702389,0.04038162857776792,6,5.5,0.05210166177908104,26.525295655560253,43.47507670351247,36.99191099300486,28.03474732735325,45.949074658656464,1.991724813468494
2026-09-27,2026-09-01,BKK_Ladprao,Guava,35.000186179536364,exp_smoothing_4w,active SKU window only; historical active windows have complete daily rows; no pre-launch zero fill,47.85507074181193,49.0,0.2740250742751767,10.23,10.763,0.05384217143702389,0.04038162857776792,6,5.5,0.05210166177908104,26.525295655560253,43.47507670351247,36.99191099300486,28.03474732735325,45.949074658656464,1.991724813468494
2026-09-28,2026-09-01,BKK_Ladprao,Guava,35.000186179536364,exp_smoothing_4w,active SKU window only; historical active windows have complete daily rows; no pre-launch zero fill,47.85507074181193,49.0,0.2740250742751767,10.23,10.763,0.05384217143702389,0.04038162857776792,6,5.5,0.05210166177908104,26.525295655560253,43.47507670351247,36.99191099300486,28.03474732735325,45.949074658656464,1.991724813468494
2026-09-29,2026-09-01,BKK_Ladprao,Guava,35.000186179536364,exp_smoothing_4w,active SKU window only; historical active windows have complete daily rows; no pre-launch zero fill,47.85507074181193,49.0,0.2740250742751767,10.23,10.763,0.05384217143702389,0.04038162857776792,6,5.5,0.05210166177908104,26.525295655560253,43.47507670351247,36.99191099300486,28.03474732735325,45.949074658656464,1.991724813468494
2026-09-30,2026-09-01,BKK_Ladprao,Guava,35.000186179536364,exp_smoothing_4w,active SKU window only; historical active windows have complete daily rows; no pre-launch zero fill,47.85507074181193,49.0,0.2740250742751767,10.23,10.763,0.05384217143702389,0.04038162857776792,6,5.5,0.05210166177908104,26.525295655560253,43.47507670351247,36.99191099300486,28.03474732735325,45.949074658656464,1.991724813468494
2026-10-01,2026-10-01,BKK_Ladprao,Guava,35.000186179536364,exp_smoothing_4w,active SKU window only; historical active windows have complete daily rows; no pre-launch zero fill,47.85507074181193,49.0,0.2740250742751767,10.23,10.763,0.05384217143702389,0.04038162857776792,6,5.5,0.05210166177908104,26.525295655560253,43.47507670351247,36.99191099300486,28.03474732735325,45.949074658656464,1.991724813468494
2026-10-02,2026-10-01,BKK_Ladprao,Guava,35.000186179536364,exp_smoothing_4w,active SKU window only; historical active windows have complete daily rows; no pre-launch zero fill,47.85507074181193,49.0,0.2740250742751767,10.23,10.763,0.05384217143702389,0.04038162857776792,6,5.5,0.05210166177908104,26.525295655560253,43.47507670351247,36.99191099300486,28.03474732735325,45.949074658656464,1.991724813468494
2026-10-03,2026-10-01,BKK_Ladprao,Guava,35.000186179536364,exp_smoothing_4w,active SKU window only; historical active windows have complete daily rows; no pre-launch zero fill,47.85507074181193,49.0,0.2740250742751767,10.23,10.763,0.05384217143702389,0.04038162857776792,6,5.5,0.05210166177908104,26.525295655560253,43.47507670351247,36.99191099300486,28.03474732735325,45.949074658656464,1.991724813468494
2026-10-04,2026-10-01,BKK_Ladprao,Guava,35.000186179536364,exp_smoothing_4w,active SKU window only; historical active windows have complete daily rows; no pre-launch zero fill,47.85507074181193,49.0,0.2740250742751767,10.23,10.763,0.05384217143702389,0.04038162857776792,6,5.5,0.05210166177908104,26.525295655560253,43.47507670351247,36.99191099300486,28.03474732735325,45.949074658656464,1.991724813468494
2026-10-05,2026-10-01,BKK_Ladprao,Guava,35.000186179536364,exp_smoothing_4w,active SKU window only; historical active windows have complete daily rows; no pre-launch zero fill,47.85507074181193,49.0,0.2740250742751767,10.23,10.763,0.05384217143702389,0.04038162857776792,6,5.5,0.05210166177908104,26.525295655560253,43.47507670351247,36.99191099300486,28.03474732735325,45.949074658656464,1.991724813468494
2026-10-06,2026-10-01,BKK_Ladprao,Guava,35.000186179536364,exp_smoothing_4w,active SKU window only; historical active windows have complete daily rows; no pre-launch zero fill,47.85507074181193,49.0,0.2740250742751767,10.23,10.763,0.05384217143702389,0.04038162857776792,6,5.5,0.05210166177908104,26.525295655560253,43.47507670351247,36.99191099300486,28.03474732735325,45.949074658656464,1.991724813468494
2026-10-07,2026-10-01,BKK_Ladprao,Guava,35.000186179536364,exp_smoothing_4w,active SKU window only; historical active windows have complete daily rows; no pre-launch zero fill,47.85507074181193,49.0,0.2740250742751767,10.23,10.763,0.05384217143702389,0.04038162857776792,6,5.5,0.05210166177908104,26.525295655560253,43.47507670351247,36.99191099300486,28.03474732735325,45.949074658656464,1.991724813468494
2026-10-08,2026-10-01,BKK_Ladprao,Guava,35.000186179536364,exp_smoothing_4w,active SKU window only; historical active windows have complete daily rows; no pre-launch zero fill,47.85507074181193,49.0,0.2740250742751767,10.23,10.763,0.05384217143702389,0.04038162857776792,6,5.5,0.05210166177908104,26.525295655560253,43.47507670351247,36.99191099300486,28.03474732735325,45.949074658656464,1.991724813468494
2026-10-09,2026-10-01,BKK_Ladprao,Guava,35.000186179536364,exp_smoothing_4w,active SKU window only; historical active windows have complete daily rows; no pre-launch zero fill,47.85507074181193,49.0,0.2740250742751767,10.23,10.763,0.05384217143702389,0.04038162857776792,6,5.5,0.05210166177908104,26.525295655560253,43.47507670351247,36.99191099300486,28.03474732735325,45.949074658656464,1.991724813468494
2026-10-10,2026-10-01,BKK_Ladprao,Guava,35.000186179536364,exp_smoothing_4w,active SKU window only; historical active windows have complete daily rows; no pre-launch zero fill,47.85507074181193,49.0,0.2740250742751767,10.23,10.763,0.05384217143702389,0.04038162857776792,6,5.5,0.05210166177908104,26.525295655560253,43.47507670351247,36.99191099300486,28.03474732735325,45.949074658656464,1.991724813468494
2026-10-11,2026-10-01,BKK_Ladprao,Guava,35.000186179536364,exp_smoothing_4w,active SKU window only; historical active windows have complete daily rows; no pre-launch zero fill,47.85507074181193,49.0,0.2740250742751767,10.23,10.763,0.05384217143702389,0.04038162857776792,6,5.5,0.05210166177908104,26.525295655560253,43.47507670351247,36.99191099300486,28.03474732735325,45.949074658656464,1.991724813468494
2026-10-12,2026-10-01,BKK_Ladprao,Guava,35.000186179536364,exp_smoothing_4w,active SKU window only; historical active windows have complete daily rows; no pre-launch zero fill,47.85507074181193,49.0,0.2740250742751767,10.23,10.763,0.05384217143702389,0.04038162857776792,6,5.5,0.05210166177908104,26.525295655560253,43.47507670351247,36.99191099300486,28.03474732735325,45.949074658656464,1.991724813468494
2026-10-13,2026-10-01,BKK_Ladprao,Guava,35.000186179536364,exp_smoothing_4w,active SKU window only; historical active windows have complete daily rows; no pre-launch zero fill,47.85507074181193,49.0,0.2740250742751767,10.23,10.763,0.05384217143702389,0.04038162857776792,6,5.5,0.05210166177908104,26.525295655560253,43.47507670351247,36.99191099300486,28.03474732735325,45.949074658656464,1.991724813468494
2026-10-14,2026-10-01,BKK_Ladprao,Guava,35.000186179536364,exp_smoothing_4w,active SKU window only; historical active windows have complete daily rows; no pre-launch zero fill,47.85507074181193,49.0,0.2740250742751767,10.23,10.763,0.05384217143702389,0.04038162857776792,6,5.5,0.05210166177908104,26.525295655560253,43.47507670351247,36.99191099300486,28.03474732735325,45.949074658656464,1.991724813468494
2026-10-15,2026-10-01,BKK_Ladprao,Guava,35.000186179536364,exp_smoothing_4w,active SKU window only; historical active windows have complete daily rows; no pre-launch zero fill,47.85507074181193,49.0,0.2740250742751767,10.23,10.763,0.05384217143702389,0.04038162857776792,6,5.5,0.05210166177908104,26.525295655560253,43.47507670351247,36.99191099300486,28.03474732735325,45.949074658656464,1.991724813468494
2026-10-16,2026-10-01,BKK_Ladprao,Guava,35.000186179536364,exp_smoothing_4w,active SKU window only; historical active windows have complete daily rows; no pre-launch zero fill,47.85507074181193,49.0,0.2740250742751767,10.23,10.763,0.05384217143702389,0.04038162857776792,6,5.5,0.05210166177908104,26.525295655560253,43.47507670351247,36.99191099300486,28.03474732735325,45.949074658656464,1.991724813468494
2026-10-17,2026-10-01,BKK_Ladprao,Guava,35.000186179536364,exp_smoothing_4w,active SKU window only; historical active windows have complete daily rows; no pre-launch zero fill,47.85507074181193,49.0,0.2740250742751767,10.23,10.763,0.05384217143702389,0.04038162857776792,6,5.5,0.05210166177908104,26.525295655560253,43.47507670351247,36.99191099300486,28.03474732735325,45.949074658656464,1.991724813468494
2026-10-18,2026-10-01,BKK_Ladprao,Guava,35.000186179536364,exp_smoothing_4w,active SKU window only; historical active windows have complete daily rows; no pre-launch zero fill,47.85507074181193,49.0,0.2740250742751767,10.23,10.763,0.05384217143702389,0.04038162857776792,6,5.5,0.05210166177908104,26.525295655560253,43.47507670351247,36.99191099300486,28.03474732735325,45.949074658656464,1.991724813468494
2026-10-19,2026-10-01,BKK_Ladprao,Guava,35.000186179536364,exp_smoothing_4w,active SKU window only; historical active windows have complete daily rows; no pre-launch zero fill,47.85507074181193,49.0,0.2740250742751767,10.23,10.763,0.05384217143702389,0.04038162857776792,6,5.5,0.05210166177908104,26.525295655560253,43.47507670351247,36.99191099300486,28.03474732735325,45.949074658656464,1.991724813468494
2026-10-20,2026-10-01,BKK_Ladprao,Guava,35.000186179536364,exp_smoothing_4w,active SKU window only; historical active windows have complete daily rows; no pre-launch zero fill,47.85507074181193,49.0,0.2740250742751767,10.23,10.763,0.05384217143702389,0.04038162857776792,6,5.5,0.05210166177908104,26.525295655560253,43.47507670351247,36.99191099300486,28.03474732735325,45.949074658656464,1.991724813468494
2026-10-21,2026-10-01,BKK_Ladprao,Guava,35.000186179536364,exp_smoothing_4w,active SKU window only; historical active windows have complete daily rows; no pre-launch zero fill,47.85507074181193,49.0,0.2740250742751767,10.23,10.763,0.05384217143702389,0.04038162857776792,6,5.5,0.05210166177908104,26.525295655560253,43.47507670351247,36.99191099300486,28.03474732735325,45.949074658656464,1.991724813468494
2026-10-22,2026-10-01,BKK_Ladprao,Guava,35.000186179536364,exp_smoothing_4w,active SKU window only; historical active windows have complete daily rows; no pre-launch zero fill,47.85507074181193,49.0,0.2740250742751767,10.23,10.763,0.05384217143702389,0.04038162857776792,6,5.5,0.05210166177908104,26.525295655560253,43.47507670351247,36.99191099300486,28.03474732735325,45.949074658656464,1.991724813468494
2026-10-23,2026-10-01,BKK_Ladprao,Guava,35.000186179536364,exp_smoothing_4w,active SKU window only; historical active windows have complete daily rows; no pre-launch zero fill,47.85507074181193,49.0,0.2740250742751767,10.23,10.763,0.05384217143702389,0.04038162857776792,6,5.5,0.05210166177908104,26.525295655560253,43.47507670351247,36.99191099300486,28.03474732735325,45.949074658656464,1.991724813468494
2026-10-24,2026-10-01,BKK_Ladprao,Guava,35.000186179536364,exp_smoothing_4w,active SKU window only; historical active windows have complete daily rows; no pre-launch zero fill,47.85507074181193,49.0,0.2740250742751767,10.23,10.763,0.05384217143702389,0.04038162857776792,6,5.5,0.05210166177908104,26.525295655560253,43.47507670351247,36.99191099300486,28.03474732735325,45.949074658656464,1.991724813468494
2026-10-25,2026-10-01,BKK_Ladprao,Guava,35.000186179536364,exp_smoothing_4w,active SKU window only; historical active windows have complete daily rows; no pre-launch zero fill,47.85507074181193,49.0,0.2740250742751767,10.23,10.763,0.05384217143702389,0.04038162857776792,6,5.5,0.05210166177908104,26.525295655560253,43.47507670351247,36.99191099300486,28.03474732735325,45.949074658656464,1.991724813468494
2026-10-26,2026-10-01,BKK_Ladprao,Guava,35.000186179536364,exp_smoothing_4w,active SKU window only; historical active windows have complete daily rows; no pre-launch zero fill,47.85507074181193,49.0,0.2740250742751767,10.23,10.763,0.05384217143702389,0.04038162857776792,6,5.5,0.05210166177908104,26.525295655560253,43.47507670351247,36.99191099300486,28.03474732735325,45.949074658656464,1.991724813468494
2026-10-27,2026-10-01,BKK_Ladprao,Guava,35.000186179536364,exp_smoothing_4w,active SKU window only; historical active windows have complete daily rows; no pre-launch zero fill,47.85507074181193,49.0,0.2740250742751767,10.23,10.763,0.05384217143702389,0.04038162857776792,6,5.5,0.05210166177908104,26.525295655560253,43.47507670351247,36.99191099300486,28.03474732735325,45.949074658656464,1.991724813468494
2026-10-28,2026-10-01,BKK_Ladprao,Guava,35.000186179536364,exp_smoothing_4w,active SKU window only; historical active windows have complete daily rows; no pre-launch zero fill,47.85507074181193,49.0,0.2740250742751767,10.23,10.763,0.05384217143702389,0.04038162857776792,6,5.5,0.05210166177908104,26.525295655560253,43.47507670351247,36.99191099300486,28.03474732735325,45.949074658656464,1.991724813468494
2026-10-29,2026-10-01,BKK_Ladprao,Guava,35.000186179536364,exp_smoothing_4w,active SKU window only; historical active windows have complete daily rows; no pre-launch zero fill,47.85507074181193,49.0,0.2740250742751767,10.23,10.763,0.05384217143702389,0.04038162857776792,6,5.5,0.05210166177908104,26.525295655560253,43.47507670351247,36.99191099300486,28.03474732735325,45.949074658656464,1.991724813468494
2026-10-30,2026-10-01,BKK_Ladprao,Guava,35.000186179536364,exp_smoothing_4w,active SKU window only; historical active windows have complete daily rows; no pre-launch zero fill,47.85507074181193,49.0,0.2740250742751767,10.23,10.763,0.05384217143702389,0.04038162857776792,6,5.5,0.05210166177908104,26.525295655560253,43.47507670351247,36.99191099300486,28.03474732735325,45.949074658656464,1.991724813468494
2026-10-31,2026-10-01,BKK_Ladprao,Guava,35.000186179536364,exp_smoothing_4w,active SKU window only; historical active windows have complete daily rows; no pre-launch zero fill,47.85507074181193,49.0,0.2740250742751767,10.23,10.763,0.05384217143702389,0.04038162857776792,6,5.5,0.05210166177908104,26.525295655560253,43.47507670351247,36.99191099300486,28.03474732735325,45.949074658656464,1.991724813468494
2026-11-01,2026-11-01,BKK_Ladprao,Guava,35.000186179536364,exp_smoothing_4w,active SKU window only; historical active windows have complete daily rows; no pre-launch zero fill,47.85507074181193,49.0,0.2740250742751767,10.23,10.763,0.05384217143702389,0.04038162857776792,6,5.5,0.05210166177908104,26.525295655560253,43.47507670351247,36.99191099300486,28.03474732735325,45.949074658656464,1.991724813468494
2026-11-02,2026-11-01,BKK_Ladprao,Guava,35.000186179536364,exp_smoothing_4w,active SKU window only; historical active windows have complete daily rows; no pre-launch zero fill,47.85507074181193,49.0,0.2740250742751767,10.23,10.763,0.05384217143702389,0.04038162857776792,6,5.5,0.05210166177908104,26.525295655560253,43.47507670351247,36.99191099300486,28.03474732735325,45.949074658656464,1.991724813468494
2026-11-03,2026-11-01,BKK_Ladprao,Guava,35.000186179536364,exp_smoothing_4w,active SKU window only; historical active windows have complete daily rows; no pre-launch zero fill,47.85507074181193,49.0,0.2740250742751767,10.23,10.763,0.05384217143702389,0.04038162857776792,6,5.5,0.05210166177908104,26.525295655560253,43.47507670351247,36.99191099300486,28.03474732735325,45.949074658656464,1.991724813468494
2026-11-04,2026-11-01,BKK_Ladprao,Guava,35.000186179536364,exp_smoothing_4w,active SKU window only; historical active windows have complete daily rows; no pre-launch zero fill,47.85507074181193,49.0,0.2740250742751767,10.23,10.763,0.05384217143702389,0.04038162857776792,6,5.5,0.05210166177908104,26.525295655560253,43.47507670351247,36.99191099300486,28.03474732735325,45.949074658656464,1.991724813468494
2026-11-05,2026-11-01,BKK_Ladprao,Guava,35.000186179536364,exp_smoothing_4w,active SKU window only; historical active windows have complete daily rows; no pre-launch zero fill,47.85507074181193,49.0,0.2740250742751767,10.23,10.763,0.05384217143702389,0.04038162857776792,6,5.5,0.05210166177908104,26.525295655560253,43.47507670351247,36.99191099300486,28.03474732735325,45.949074658656464,1.991724813468494
2026-11-06,2026-11-01,BKK_Ladprao,Guava,35.000186179536364,exp_smoothing_4w,active SKU window only; historical active windows have complete daily rows; no pre-launch zero fill,47.85507074181193,49.0,0.2740250742751767,10.23,10.763,0.05384217143702389,0.04038162857776792,6,5.5,0.05210166177908104,26.525295655560253,43.47507670351247,36.99191099300486,28.03474732735325,45.949074658656464,1.991724813468494
2026-11-07,2026-11-01,BKK_Ladprao,Guava,35.000186179536364,exp_smoothing_4w,active SKU window only; historical active windows have complete daily rows; no pre-launch zero fill,47.85507074181193,49.0,0.2740250742751767,10.23,10.763,0.05384217143702389,0.04038162857776792,6,5.5,0.05210166177908104,26.525295655560253,43.47507670351247,36.99191099300486,28.03474732735325,45.949074658656464,1.991724813468494
2026-11-08,2026-11-01,BKK_Ladprao,Guava,35.000186179536364,exp_smoothing_4w,active SKU window only; historical active windows have complete daily rows; no pre-launch zero fill,47.85507074181193,49.0,0.2740250742751767,10.23,10.763,0.05384217143702389,0.04038162857776792,6,5.5,0.05210166177908104,26.525295655560253,43.47507670351247,36.99191099300486,28.03474732735325,45.949074658656464,1.991724813468494
2026-11-09,2026-11-01,BKK_Ladprao,Guava,35.000186179536364,exp_smoothing_4w,active SKU window only; historical active windows have complete daily rows; no pre-launch zero fill,47.85507074181193,49.0,0.2740250742751767,10.23,10.763,0.05384217143702389,0.04038162857776792,6,5.5,0.05210166177908104,26.525295655560253,43.47507670351247,36.99191099300486,28.03474732735325,45.949074658656464,1.991724813468494
2026-11-10,2026-11-01,BKK_Ladprao,Guava,35.000186179536364,exp_smoothing_4w,active SKU window only; historical active windows have complete daily rows; no pre-launch zero fill,47.85507074181193,49.0,0.2740250742751767,10.23,10.763,0.05384217143702389,0.04038162857776792,6,5.5,0.05210166177908104,26.525295655560253,43.47507670351247,36.99191099300486,28.03474732735325,45.949074658656464,1.991724813468494
2026-11-11,2026-11-01,BKK_Ladprao,Guava,35.000186179536364,exp_smoothing_4w,active SKU window only; historical active windows have complete daily rows; no pre-launch zero fill,47.85507074181193,49.0,0.2740250742751767,10.23,10.763,0.05384217143702389,0.04038162857776792,6,5.5,0.05210166177908104,26.525295655560253,43.47507670351247,36.99191099300486,28.03474732735325,45.949074658656464,1.991724813468494
2026-11-12,2026-11-01,BKK_Ladprao,Guava,35.000186179536364,exp_smoothing_4w,active SKU window only; historical active windows have complete daily rows; no pre-launch zero fill,47.85507074181193,49.0,0.2740250742751767,10.23,10.763,0.05384217143702389,0.04038162857776792,6,5.5,0.05210166177908104,26.525295655560253,43.47507670351247,36.99191099300486,28.03474732735325,45.949074658656464,1.991724813468494
2026-11-13,2026-11-01,BKK_Ladprao,Guava,35.000186179536364,exp_smoothing_4w,active SKU window only; historical active windows have complete daily rows; no pre-launch zero fill,47.85507074181193,49.0,0.2740250742751767,10.23,10.763,0.05384217143702389,0.04038162857776792,6,5.5,0.05210166177908104,26.525295655560253,43.47507670351247,36.99191099300486,28.03474732735325,45.949074658656464,1.991724813468494
2026-11-14,2026-11-01,BKK_Ladprao,Guava,35.000186179536364,exp_smoothing_4w,active SKU window only; historical active windows have complete daily rows; no pre-launch zero fill,47.85507074181193,49.0,0.2740250742751767,10.23,10.763,0.05384217143702389,0.04038162857776792,6,5.5,0.05210166177908104,26.525295655560253,43.47507670351247,36.99191099300486,28.03474732735325,45.949074658656464,1.991724813468494
2026-11-15,2026-11-01,BKK_Ladprao,Guava,35.000186179536364,exp_smoothing_4w,active SKU window only; historical active windows have complete daily rows; no pre-launch zero fill,47.85507074181193,49.0,0.2740250742751767,10.23,10.763,0.05384217143702389,0.04038162857776792,6,5.5,0.05210166177908104,26.525295655560253,43.47507670351247,36.99191099300486,28.03474732735325,45.949074658656464,1.991724813468494
2026-11-16,2026-11-01,BKK_Ladprao,Guava,35.000186179536364,exp_smoothing_4w,active SKU window only; historical active windows have complete daily rows; no pre-launch zero fill,47.85507074181193,49.0,0.2740250742751767,10.23,10.763,0.05384217143702389,0.04038162857776792,6,5.5,0.05210166177908104,26.525295655560253,43.47507670351247,36.99191099300486,28.03474732735325,45.949074658656464,1.991724813468494
2026-11-17,2026-11-01,BKK_Ladprao,Guava,35.000186179536364,exp_smoothing_4w,active SKU window only; historical active windows have complete daily rows; no pre-launch zero fill,47.85507074181193,49.0,0.2740250742751767,10.23,10.763,0.05384217143702389,0.04038162857776792,6,5.5,0.05210166177908104,26.525295655560253,43.47507670351247,36.99191099300486,28.03474732735325,45.949074658656464,1.991724813468494
2026-11-18,2026-11-01,BKK_Ladprao,Guava,35.000186179536364,exp_smoothing_4w,active SKU window only; historical active windows have complete daily rows; no pre-launch zero fill,47.85507074181193,49.0,0.2740250742751767,10.23,10.763,0.05384217143702389,0.04038162857776792,6,5.5,0.05210166177908104,26.525295655560253,43.47507670351247,36.99191099300486,28.03474732735325,45.949074658656464,1.991724813468494
2026-11-19,2026-11-01,BKK_Ladprao,Guava,35.000186179536364,exp_smoothing_4w,active SKU window only; historical active windows have complete daily rows; no pre-launch zero fill,47.85507074181193,49.0,0.2740250742751767,10.23,10.763,0.05384217143702389,0.04038162857776792,6,5.5,0.05210166177908104,26.525295655560253,43.47507670351247,36.99191099300486,28.03474732735325,45.949074658656464,1.991724813468494
2026-11-20,2026-11-01,BKK_Ladprao,Guava,35.000186179536364,exp_smoothing_4w,active SKU window only; historical active windows have complete daily rows; no pre-launch zero fill,47.85507074181193,49.0,0.2740250742751767,10.23,10.763,0.05384217143702389,0.04038162857776792,6,5.5,0.05210166177908104,26.525295655560253,43.47507670351247,36.99191099300486,28.03474732735325,45.949074658656464,1.991724813468494
2026-11-21,2026-11-01,BKK_Ladprao,Guava,35.000186179536364,exp_smoothing_4w,active SKU window only; historical active windows have complete daily rows; no pre-launch zero fill,47.85507074181193,49.0,0.2740250742751767,10.23,10.763,0.05384217143702389,0.04038162857776792,6,5.5,0.05210166177908104,26.525295655560253,43.47507670351247,36.99191099300486,28.03474732735325,45.949074658656464,1.991724813468494
2026-11-22,2026-11-01,BKK_Ladprao,Guava,35.000186179536364,exp_smoothing_4w,active SKU window only; historical active windows have complete daily rows; no pre-launch zero fill,47.85507074181193,49.0,0.2740250742751767,10.23,10.763,0.05384217143702389,0.04038162857776792,6,5.5,0.05210166177908104,26.525295655560253,43.47507670351247,36.99191099300486,28.03474732735325,45.949074658656464,1.991724813468494
2026-11-23,2026-11-01,BKK_Ladprao,Guava,35.000186179536364,exp_smoothing_4w,active SKU window only; historical active windows have complete daily rows; no pre-launch zero fill,47.85507074181193,49.0,0.2740250742751767,10.23,10.763,0.05384217143702389,0.04038162857776792,6,5.5,0.05210166177908104,26.525295655560253,43.47507670351247,36.99191099300486,28.03474732735325,45.949074658656464,1.991724813468494
2026-11-24,2026-11-01,BKK_Ladprao,Guava,35.000186179536364,exp_smoothing_4w,active SKU window only; historical active windows have complete daily rows; no pre-launch zero fill,47.85507074181193,49.0,0.2740250742751767,10.23,10.763,0.05384217143702389,0.04038162857776792,6,5.5,0.05210166177908104,26.525295655560253,43.47507670351247,36.99191099300486,28.03474732735325,45.949074658656464,1.991724813468494
2026-11-25,2026-11-01,BKK_Ladprao,Guava,35.000186179536364,exp_smoothing_4w,active SKU window only; historical active windows have complete daily rows; no pre-launch zero fill,47.85507074181193,49.0,0.2740250742751767,10.23,10.763,0.05384217143702389,0.04038162857776792,6,5.5,0.05210166177908104,26.525295655560253,43.47507670351247,36.99191099300486,28.03474732735325,45.949074658656464,1.991724813468494
2026-11-26,2026-11-01,BKK_Ladprao,Guava,35.000186179536364,exp_smoothing_4w,active SKU window only; historical active windows have complete daily rows; no pre-launch zero fill,47.85507074181193,49.0,0.2740250742751767,10.23,10.763,0.05384217143702389,0.04038162857776792,6,5.5,0.05210166177908104,26.525295655560253,43.47507670351247,36.99191099300486,28.03474732735325,45.949074658656464,1.991724813468494
2026-11-27,2026-11-01,BKK_Ladprao,Guava,35.000186179536364,exp_smoothing_4w,active SKU window only; historical active windows have complete daily rows; no pre-launch zero fill,47.85507074181193,49.0,0.2740250742751767,10.23,10.763,0.05384217143702389,0.04038162857776792,6,5.5,0.05210166177908104,26.525295655560253,43.47507670351247,36.99191099300486,28.03474732735325,45.949074658656464,1.991724813468494
2026-11-28,2026-11-01,BKK_Ladprao,Guava,35.000186179536364,exp_smoothing_4w,active SKU window only; historical active windows have complete daily rows; no pre-launch zero fill,47.85507074181193,49.0,0.2740250742751767,10.23,10.763,0.05384217143702389,0.04038162857776792,6,5.5,0.05210166177908104,26.525295655560253,43.47507670351247,36.99191099300486,28.03474732735325,45.949074658656464,1.991724813468494
2026-11-29,2026-11-01,BKK_Ladprao,Guava,35.000186179536364,exp_smoothing_4w,active SKU window only; historical active windows have complete daily rows; no pre-launch zero fill,47.85507074181193,49.0,0.2740250742751767,10.23,10.763,0.05384217143702389,0.04038162857776792,6,5.5,0.05210166177908104,26.525295655560253,43.47507670351247,36.99191099300486,28.03474732735325,45.949074658656464,1.991724813468494
2026-11-30,2026-11-01,BKK_Ladprao,Guava,35.000186179536364,exp_smoothing_4w,active SKU window only; historical active windows have complete daily rows; no pre-launch zero fill,47.85507074181193,49.0,0.2740250742751767,10.23,10.763,0.05384217143702389,0.04038162857776792,6,5.5,0.05210166177908104,26.525295655560253,43.47507670351247,36.99191099300486,28.03474732735325,45.949074658656464,1.991724813468494
2026-09-01,2026-09-01,BKK_Ladprao,MixedBerryPremium,11.45981578347917,exp_smoothing_4w,active SKU window only; historical active windows have complete daily rows; no pre-launch zero fill,86.5322130974942,89.0,0.27024767614113815,49.16,53.002,0.20131180625630676,0.15098385469223008,8,7.0,0.07815296989422316,8.68495385298169,14.23467771397665,14.348297462321993,10.874023080612577,17.82257184403141,2.8884816788428225
2026-09-02,2026-09-01,BKK_Ladprao,MixedBerryPremium,11.45981578347917,exp_smoothing_4w,active SKU window only; historical active windows have complete daily rows; no pre-launch zero fill,86.5322130974942,89.0,0.27024767614113815,49.16,53.002,0.20131180625630676,0.15098385469223008,8,7.0,0.07815296989422316,8.68495385298169,14.23467771397665,14.348297462321993,10.874023080612577,17.82257184403141,2.8884816788428225
2026-09-03,2026-09-01,BKK_Ladprao,MixedBerryPremium,11.45981578347917,exp_smoothing_4w,active SKU window only; historical active windows have complete daily rows; no pre-launch zero fill,86.5322130974942,89.0,0.27024767614113815,49.16,53.002,0.20131180625630676,0.15098385469223008,8,7.0,0.07815296989422316,8.68495385298169,14.23467771397665,14.348297462321993,10.874023080612577,17.82257184403141,2.8884816788428225
2026-09-04,2026-09-01,BKK_Ladprao,MixedBerryPremium,11.45981578347917,exp_smoothing_4w,active SKU window only; historical active windows have complete daily rows; no pre-launch zero fill,86.5322130974942,89.0,0.27024767614113815,49.16,53.002,0.20131180625630676,0.15098385469223008,8,7.0,0.07815296989422316,8.68495385298169,14.23467771397665,14.348297462321993,10.874023080612577,17.82257184403141,2.8884816788428225
2026-09-05,2026-09-01,BKK_Ladprao,MixedBerryPremium,11.45981578347917,exp_smoothing_4w,active SKU window only; historical active windows have complete daily rows; no pre-launch zero fill,86.5322130974942,89.0,0.27024767614113815,49.16,53.002,0.20131180625630676,0.15098385469223008,8,7.0,0.07815296989422316,8.68495385298169,14.23467771397665,14.348297462321993,10.874023080612577,17.82257184403141,2.8884816788428225
2026-09-06,2026-09-01,BKK_Ladprao,MixedBerryPremium,11.45981578347917,exp_smoothing_4w,active SKU window only; historical active windows have complete daily rows; no pre-launch zero fill,86.5322130974942,89.0,0.27024767614113815,49.16,53.002,0.20131180625630676,0.15098385469223008,8,7.0,0.07815296989422316,8.68495385298169,14.23467771397665,14.348297462321993,10.874023080612577,17.82257184403141,2.8884816788428225
2026-09-07,2026-09-01,BKK_Ladprao,MixedBerryPremium,11.45981578347917,exp_smoothing_4w,active SKU window only; historical active windows have complete daily rows; no pre-launch zero fill,86.5322130974942,89.0,0.27024767614113815,49.16,53.002,0.20131180625630676,0.15098385469223008,8,7.0,0.07815296989422316,8.68495385298169,14.23467771397665,14.348297462321993,10.874023080612577,17.82257184403141,2.8884816788428225
2026-09-08,2026-09-01,BKK_Ladprao,MixedBerryPremium,11.45981578347917,exp_smoothing_4w,active SKU window only; historical active windows have complete daily rows; no pre-launch zero fill,86.5322130974942,89.0,0.27024767614113815,49.16,53.002,0.20131180625630676,0.15098385469223008,8,7.0,0.07815296989422316,8.68495385298169,14.23467771397665,14.348297462321993,10.874023080612577,17.82257184403141,2.8884816788428225
2026-09-09,2026-09-01,BKK_Ladprao,MixedBerryPremium,11.45981578347917,exp_smoothing_4w,active SKU window only; historical active windows have complete daily rows; no pre-launch zero fill,86.5322130974942,89.0,0.27024767614113815,49.16,53.002,0.20131180625630676,0.15098385469223008,8,7.0,0.07815296989422316,8.68495385298169,14.23467771397665,14.348297462321993,10.874023080612577,17.82257184403141,2.8884816788428225
2026-09-10,2026-09-01,BKK_Ladprao,MixedBerryPremium,11.45981578347917,exp_smoothing_4w,active SKU window only; historical active windows have complete daily rows; no pre-launch zero fill,86.5322130974942,89.0,0.27024767614113815,49.16,53.002,0.20131180625630676,0.15098385469223008,8,7.0,0.07815296989422316,8.68495385298169,14.23467771397665,14.348297462321993,10.874023080612577,17.82257184403141,2.8884816788428225
2026-09-11,2026-09-01,BKK_Ladprao,MixedBerryPremium,11.45981578347917,exp_smoothing_4w,active SKU window only; historical active windows have complete daily rows; no pre-launch zero fill,86.5322130974942,89.0,0.27024767614113815,49.16,53.002,0.20131180625630676,0.15098385469223008,8,7.0,0.07815296989422316,8.68495385298169,14.23467771397665,14.348297462321993,10.874023080612577,17.82257184403141,2.8884816788428225
2026-09-12,2026-09-01,BKK_Ladprao,MixedBerryPremium,11.45981578347917,exp_smoothing_4w,active SKU window only; historical active windows have complete daily rows; no pre-launch zero fill,86.5322130974942,89.0,0.27024767614113815,49.16,53.002,0.20131180625630676,0.15098385469223008,8,7.0,0.07815296989422316,8.68495385298169,14.23467771397665,14.348297462321993,10.874023080612577,17.82257184403141,2.8884816788428225
2026-09-13,2026-09-01,BKK_Ladprao,MixedBerryPremium,11.45981578347917,exp_smoothing_4w,active SKU window only; historical active windows have complete daily rows; no pre-launch zero fill,86.5322130974942,89.0,0.27024767614113815,49.16,53.002,0.20131180625630676,0.15098385469223008,8,7.0,0.07815296989422316,8.68495385298169,14.23467771397665,14.348297462321993,10.874023080612577,17.82257184403141,2.8884816788428225
2026-09-14,2026-09-01,BKK_Ladprao,MixedBerryPremium,11.45981578347917,exp_smoothing_4w,active SKU window only; historical active windows have complete daily rows; no pre-launch zero fill,86.5322130974942,89.0,0.27024767614113815,49.16,53.002,0.20131180625630676,0.15098385469223008,8,7.0,0.07815296989422316,8.68495385298169,14.23467771397665,14.348297462321993,10.874023080612577,17.82257184403141,2.8884816788428225
2026-09-15,2026-09-01,BKK_Ladprao,MixedBerryPremium,11.45981578347917,exp_smoothing_4w,active SKU window only; historical active windows have complete daily rows; no pre-launch zero fill,86.5322130974942,89.0,0.27024767614113815,49.16,53.002,0.20131180625630676,0.15098385469223008,8,7.0,0.07815296989422316,8.68495385298169,14.23467771397665,14.348297462321993,10.874023080612577,17.82257184403141,2.8884816788428225
2026-09-16,2026-09-01,BKK_Ladprao,MixedBerryPremium,11.45981578347917,exp_smoothing_4w,active SKU window only; historical active windows have complete daily rows; no pre-launch zero fill,86.5322130974942,89.0,0.27024767614113815,49.16,53.002,0.20131180625630676,0.15098385469223008,8,7.0,0.07815296989422316,8.68495385298169,14.23467771397665,14.348297462321993,10.874023080612577,17.82257184403141,2.8884816788428225
2026-09-17,2026-09-01,BKK_Ladprao,MixedBerryPremium,11.45981578347917,exp_smoothing_4w,active SKU window only; historical active windows have complete daily rows; no pre-launch zero fill,86.5322130974942,89.0,0.27024767614113815,49.16,53.002,0.20131180625630676,0.15098385469223008,8,7.0,0.07815296989422316,8.68495385298169,14.23467771397665,14.348297462321993,10.874023080612577,17.82257184403141,2.8884816788428225
2026-09-18,2026-09-01,BKK_Ladprao,MixedBerryPremium,11.45981578347917,exp_smoothing_4w,active SKU window only; historical active windows have complete daily rows; no pre-launch zero fill,86.5322130974942,89.0,0.27024767614113815,49.16,53.002,0.20131180625630676,0.15098385469223008,8,7.0,0.07815296989422316,8.68495385298169,14.23467771397665,14.348297462321993,10.874023080612577,17.82257184403141,2.8884816788428225
2026-09-19,2026-09-01,BKK_Ladprao,MixedBerryPremium,11.45981578347917,exp_smoothing_4w,active SKU window only; historical active windows have complete daily rows; no pre-launch zero fill,86.5322130974942,89.0,0.27024767614113815,49.16,53.002,0.20131180625630676,0.15098385469223008,8,7.0,0.07815296989422316,8.68495385298169,14.23467771397665,14.348297462321993,10.874023080612577,17.82257184403141,2.8884816788428225
2026-09-20,2026-09-01,BKK_Ladprao,MixedBerryPremium,11.45981578347917,exp_smoothing_4w,active SKU window only; historical active windows have complete daily rows; no pre-launch zero fill,86.5322130974942,89.0,0.27024767614113815,49.16,53.002,0.20131180625630676,0.15098385469223008,8,7.0,0.07815296989422316,8.68495385298169,14.23467771397665,14.348297462321993,10.874023080612577,17.82257184403141,2.8884816788428225
2026-09-21,2026-09-01,BKK_Ladprao,MixedBerryPremium,11.45981578347917,exp_smoothing_4w,active SKU window only; historical active windows have complete daily rows; no pre-launch zero fill,86.5322130974942,89.0,0.27024767614113815,49.16,53.002,0.20131180625630676,0.15098385469223008,8,7.0,0.07815296989422316,8.68495385298169,14.23467771397665,14.348297462321993,10.874023080612577,17.82257184403141,2.8884816788428225
2026-09-22,2026-09-01,BKK_Ladprao,MixedBerryPremium,11.45981578347917,exp_smoothing_4w,active SKU window only; historical active windows have complete daily rows; no pre-launch zero fill,86.5322130974942,89.0,0.27024767614113815,49.16,53.002,0.20131180625630676,0.15098385469223008,8,7.0,0.07815296989422316,8.68495385298169,14.23467771397665,14.348297462321993,10.874023080612577,17.82257184403141,2.8884816788428225
2026-09-23,2026-09-01,BKK_Ladprao,MixedBerryPremium,11.45981578347917,exp_smoothing_4w,active SKU window only; historical active windows have complete daily rows; no pre-launch zero fill,86.5322130974942,89.0,0.27024767614113815,49.16,53.002,0.20131180625630676,0.15098385469223008,8,7.0,0.07815296989422316,8.68495385298169,14.23467771397665,14.348297462321993,10.874023080612577,17.82257184403141,2.8884816788428225
2026-09-24,2026-09-01,BKK_Ladprao,MixedBerryPremium,11.45981578347917,exp_smoothing_4w,active SKU window only; historical active windows have complete daily rows; no pre-launch zero fill,86.5322130974942,89.0,0.27024767614113815,49.16,53.002,0.20131180625630676,0.15098385469223008,8,7.0,0.07815296989422316,8.68495385298169,14.23467771397665,14.348297462321993,10.874023080612577,17.82257184403141,2.8884816788428225
2026-09-25,2026-09-01,BKK_Ladprao,MixedBerryPremium,11.45981578347917,exp_smoothing_4w,active SKU window only; historical active windows have complete daily rows; no pre-launch zero fill,86.5322130974942,89.0,0.27024767614113815,49.16,53.002,0.20131180625630676,0.15098385469223008,8,7.0,0.07815296989422316,8.68495385298169,14.23467771397665,14.348297462321993,10.874023080612577,17.82257184403141,2.8884816788428225
2026-09-26,2026-09-01,BKK_Ladprao,MixedBerryPremium,11.45981578347917,exp_smoothing_4w,active SKU window only; historical active windows have complete daily rows; no pre-launch zero fill,86.5322130974942,89.0,0.27024767614113815,49.16,53.002,0.20131180625630676,0.15098385469223008,8,7.0,0.07815296989422316,8.68495385298169,14.23467771397665,14.348297462321993,10.874023080612577,17.82257184403141,2.8884816788428225
2026-09-27,2026-09-01,BKK_Ladprao,MixedBerryPremium,11.45981578347917,exp_smoothing_4w,active SKU window only; historical active windows have complete daily rows; no pre-launch zero fill,86.5322130974942,89.0,0.27024767614113815,49.16,53.002,0.20131180625630676,0.15098385469223008,8,7.0,0.07815296989422316,8.68495385298169,14.23467771397665,14.348297462321993,10.874023080612577,17.82257184403141,2.8884816788428225
2026-09-28,2026-09-01,BKK_Ladprao,MixedBerryPremium,11.45981578347917,exp_smoothing_4w,active SKU window only; historical active windows have complete daily rows; no pre-launch zero fill,86.5322130974942,89.0,0.27024767614113815,49.16,53.002,0.20131180625630676,0.15098385469223008,8,7.0,0.07815296989422316,8.68495385298169,14.23467771397665,14.348297462321993,10.874023080612577,17.82257184403141,2.8884816788428225
2026-09-29,2026-09-01,BKK_Ladprao,MixedBerryPremium,11.45981578347917,exp_smoothing_4w,active SKU window only; historical active windows have complete daily rows; no pre-launch zero fill,86.5322130974942,89.0,0.27024767614113815,49.16,53.002,0.20131180625630676,0.15098385469223008,8,7.0,0.07815296989422316,8.68495385298169,14.23467771397665,14.348297462321993,10.874023080612577,17.82257184403141,2.8884816788428225
2026-09-30,2026-09-01,BKK_Ladprao,MixedBerryPremium,11.45981578347917,exp_smoothing_4w,active SKU window only; historical active windows have complete daily rows; no pre-launch zero fill,86.5322130974942,89.0,0.27024767614113815,49.16,53.002,0.20131180625630676,0.15098385469223008,8,7.0,0.07815296989422316,8.68495385298169,14.23467771397665,14.348297462321993,10.874023080612577,17.82257184403141,2.8884816788428225
2026-10-01,2026-10-01,BKK_Ladprao,MixedBerryPremium,11.45981578347917,exp_smoothing_4w,active SKU window only; historical active windows have complete daily rows; no pre-launch zero fill,86.5322130974942,89.0,0.27024767614113815,49.16,53.002,0.20131180625630676,0.15098385469223008,8,7.0,0.07815296989422316,8.68495385298169,14.23467771397665,14.348297462321993,10.874023080612577,17.82257184403141,2.8884816788428225
2026-10-02,2026-10-01,BKK_Ladprao,MixedBerryPremium,11.45981578347917,exp_smoothing_4w,active SKU window only; historical active windows have complete daily rows; no pre-launch zero fill,86.5322130974942,89.0,0.27024767614113815,49.16,53.002,0.20131180625630676,0.15098385469223008,8,7.0,0.07815296989422316,8.68495385298169,14.23467771397665,14.348297462321993,10.874023080612577,17.82257184403141,2.8884816788428225
2026-10-03,2026-10-01,BKK_Ladprao,MixedBerryPremium,11.45981578347917,exp_smoothing_4w,active SKU window only; historical active windows have complete daily rows; no pre-launch zero fill,86.5322130974942,89.0,0.27024767614113815,49.16,53.002,0.20131180625630676,0.15098385469223008,8,7.0,0.07815296989422316,8.68495385298169,14.23467771397665,14.348297462321993,10.874023080612577,17.82257184403141,2.8884816788428225
2026-10-04,2026-10-01,BKK_Ladprao,MixedBerryPremium,11.45981578347917,exp_smoothing_4w,active SKU window only; historical active windows have complete daily rows; no pre-launch zero fill,86.5322130974942,89.0,0.27024767614113815,49.16,53.002,0.20131180625630676,0.15098385469223008,8,7.0,0.07815296989422316,8.68495385298169,14.23467771397665,14.348297462321993,10.874023080612577,17.82257184403141,2.8884816788428225
2026-10-05,2026-10-01,BKK_Ladprao,MixedBerryPremium,11.45981578347917,exp_smoothing_4w,active SKU window only; historical active windows have complete daily rows; no pre-launch zero fill,86.5322130974942,89.0,0.27024767614113815,49.16,53.002,0.20131180625630676,0.15098385469223008,8,7.0,0.07815296989422316,8.68495385298169,14.23467771397665,14.348297462321993,10.874023080612577,17.82257184403141,2.8884816788428225
2026-10-06,2026-10-01,BKK_Ladprao,MixedBerryPremium,11.45981578347917,exp_smoothing_4w,active SKU window only; historical active windows have complete daily rows; no pre-launch zero fill,86.5322130974942,89.0,0.27024767614113815,49.16,53.002,0.20131180625630676,0.15098385469223008,8,7.0,0.07815296989422316,8.68495385298169,14.23467771397665,14.348297462321993,10.874023080612577,17.82257184403141,2.8884816788428225
2026-10-07,2026-10-01,BKK_Ladprao,MixedBerryPremium,11.45981578347917,exp_smoothing_4w,active SKU window only; historical active windows have complete daily rows; no pre-launch zero fill,86.5322130974942,89.0,0.27024767614113815,49.16,53.002,0.20131180625630676,0.15098385469223008,8,7.0,0.07815296989422316,8.68495385298169,14.23467771397665,14.348297462321993,10.874023080612577,17.82257184403141,2.8884816788428225
2026-10-08,2026-10-01,BKK_Ladprao,MixedBerryPremium,11.45981578347917,exp_smoothing_4w,active SKU window only; historical active windows have complete daily rows; no pre-launch zero fill,86.5322130974942,89.0,0.27024767614113815,49.16,53.002,0.20131180625630676,0.15098385469223008,8,7.0,0.07815296989422316,8.68495385298169,14.23467771397665,14.348297462321993,10.874023080612577,17.82257184403141,2.8884816788428225
2026-10-09,2026-10-01,BKK_Ladprao,MixedBerryPremium,11.45981578347917,exp_smoothing_4w,active SKU window only; historical active windows have complete daily rows; no pre-launch zero fill,86.5322130974942,89.0,0.27024767614113815,49.16,53.002,0.20131180625630676,0.15098385469223008,8,7.0,0.07815296989422316,8.68495385298169,14.23467771397665,14.348297462321993,10.874023080612577,17.82257184403141,2.8884816788428225
2026-10-10,2026-10-01,BKK_Ladprao,MixedBerryPremium,11.45981578347917,exp_smoothing_4w,active SKU window only; historical active windows have complete daily rows; no pre-launch zero fill,86.5322130974942,89.0,0.27024767614113815,49.16,53.002,0.20131180625630676,0.15098385469223008,8,7.0,0.07815296989422316,8.68495385298169,14.23467771397665,14.348297462321993,10.874023080612577,17.82257184403141,2.8884816788428225
2026-10-11,2026-10-01,BKK_Ladprao,MixedBerryPremium,11.45981578347917,exp_smoothing_4w,active SKU window only; historical active windows have complete daily rows; no pre-launch zero fill,86.5322130974942,89.0,0.27024767614113815,49.16,53.002,0.20131180625630676,0.15098385469223008,8,7.0,0.07815296989422316,8.68495385298169,14.23467771397665,14.348297462321993,10.874023080612577,17.82257184403141,2.8884816788428225
2026-10-12,2026-10-01,BKK_Ladprao,MixedBerryPremium,11.45981578347917,exp_smoothing_4w,active SKU window only; historical active windows have complete daily rows; no pre-launch zero fill,86.5322130974942,89.0,0.27024767614113815,49.16,53.002,0.20131180625630676,0.15098385469223008,8,7.0,0.07815296989422316,8.68495385298169,14.23467771397665,14.348297462321993,10.874023080612577,17.82257184403141,2.8884816788428225
2026-10-13,2026-10-01,BKK_Ladprao,MixedBerryPremium,11.45981578347917,exp_smoothing_4w,active SKU window only; historical active windows have complete daily rows; no pre-launch zero fill,86.5322130974942,89.0,0.27024767614113815,49.16,53.002,0.20131180625630676,0.15098385469223008,8,7.0,0.07815296989422316,8.68495385298169,14.23467771397665,14.348297462321993,10.874023080612577,17.82257184403141,2.8884816788428225
2026-10-14,2026-10-01,BKK_Ladprao,MixedBerryPremium,11.45981578347917,exp_smoothing_4w,active SKU window only; historical active windows have complete daily rows; no pre-launch zero fill,86.5322130974942,89.0,0.27024767614113815,49.16,53.002,0.20131180625630676,0.15098385469223008,8,7.0,0.07815296989422316,8.68495385298169,14.23467771397665,14.348297462321993,10.874023080612577,17.82257184403141,2.8884816788428225
2026-10-15,2026-10-01,BKK_Ladprao,MixedBerryPremium,11.45981578347917,exp_smoothing_4w,active SKU window only; historical active windows have complete daily rows; no pre-launch zero fill,86.5322130974942,89.0,0.27024767614113815,49.16,53.002,0.20131180625630676,0.15098385469223008,8,7.0,0.07815296989422316,8.68495385298169,14.23467771397665,14.348297462321993,10.874023080612577,17.82257184403141,2.8884816788428225
2026-10-16,2026-10-01,BKK_Ladprao,MixedBerryPremium,11.45981578347917,exp_smoothing_4w,active SKU window only; historical active windows have complete daily rows; no pre-launch zero fill,86.5322130974942,89.0,0.27024767614113815,49.16,53.002,0.20131180625630676,0.15098385469223008,8,7.0,0.07815296989422316,8.68495385298169,14.23467771397665,14.348297462321993,10.874023080612577,17.82257184403141,2.8884816788428225
2026-10-17,2026-10-01,BKK_Ladprao,MixedBerryPremium,11.45981578347917,exp_smoothing_4w,active SKU window only; historical active windows have complete daily rows; no pre-launch zero fill,86.5322130974942,89.0,0.27024767614113815,49.16,53.002,0.20131180625630676,0.15098385469223008,8,7.0,0.07815296989422316,8.68495385298169,14.23467771397665,14.348297462321993,10.874023080612577,17.82257184403141,2.8884816788428225
2026-10-18,2026-10-01,BKK_Ladprao,MixedBerryPremium,11.45981578347917,exp_smoothing_4w,active SKU window only; historical active windows have complete daily rows; no pre-launch zero fill,86.5322130974942,89.0,0.27024767614113815,49.16,53.002,0.20131180625630676,0.15098385469223008,8,7.0,0.07815296989422316,8.68495385298169,14.23467771397665,14.348297462321993,10.874023080612577,17.82257184403141,2.8884816788428225
2026-10-19,2026-10-01,BKK_Ladprao,MixedBerryPremium,11.45981578347917,exp_smoothing_4w,active SKU window only; historical active windows have complete daily rows; no pre-launch zero fill,86.5322130974942,89.0,0.27024767614113815,49.16,53.002,0.20131180625630676,0.15098385469223008,8,7.0,0.07815296989422316,8.68495385298169,14.23467771397665,14.348297462321993,10.874023080612577,17.82257184403141,2.8884816788428225
2026-10-20,2026-10-01,BKK_Ladprao,MixedBerryPremium,11.45981578347917,exp_smoothing_4w,active SKU window only; historical active windows have complete daily rows; no pre-launch zero fill,86.5322130974942,89.0,0.27024767614113815,49.16,53.002,0.20131180625630676,0.15098385469223008,8,7.0,0.07815296989422316,8.68495385298169,14.23467771397665,14.348297462321993,10.874023080612577,17.82257184403141,2.8884816788428225
2026-10-21,2026-10-01,BKK_Ladprao,MixedBerryPremium,11.45981578347917,exp_smoothing_4w,active SKU window only; historical active windows have complete daily rows; no pre-launch zero fill,86.5322130974942,89.0,0.27024767614113815,49.16,53.002,0.20131180625630676,0.15098385469223008,8,7.0,0.07815296989422316,8.68495385298169,14.23467771397665,14.348297462321993,10.874023080612577,17.82257184403141,2.8884816788428225
2026-10-22,2026-10-01,BKK_Ladprao,MixedBerryPremium,11.45981578347917,exp_smoothing_4w,active SKU window only; historical active windows have complete daily rows; no pre-launch zero fill,86.5322130974942,89.0,0.27024767614113815,49.16,53.002,0.20131180625630676,0.15098385469223008,8,7.0,0.07815296989422316,8.68495385298169,14.23467771397665,14.348297462321993,10.874023080612577,17.82257184403141,2.8884816788428225
2026-10-23,2026-10-01,BKK_Ladprao,MixedBerryPremium,11.45981578347917,exp_smoothing_4w,active SKU window only; historical active windows have complete daily rows; no pre-launch zero fill,86.5322130974942,89.0,0.27024767614113815,49.16,53.002,0.20131180625630676,0.15098385469223008,8,7.0,0.07815296989422316,8.68495385298169,14.23467771397665,14.348297462321993,10.874023080612577,17.82257184403141,2.8884816788428225
2026-10-24,2026-10-01,BKK_Ladprao,MixedBerryPremium,11.45981578347917,exp_smoothing_4w,active SKU window only; historical active windows have complete daily rows; no pre-launch zero fill,86.5322130974942,89.0,0.27024767614113815,49.16,53.002,0.20131180625630676,0.15098385469223008,8,7.0,0.07815296989422316,8.68495385298169,14.23467771397665,14.348297462321993,10.874023080612577,17.82257184403141,2.8884816788428225
2026-10-25,2026-10-01,BKK_Ladprao,MixedBerryPremium,11.45981578347917,exp_smoothing_4w,active SKU window only; historical active windows have complete daily rows; no pre-launch zero fill,86.5322130974942,89.0,0.27024767614113815,49.16,53.002,0.20131180625630676,0.15098385469223008,8,7.0,0.07815296989422316,8.68495385298169,14.23467771397665,14.348297462321993,10.874023080612577,17.82257184403141,2.8884816788428225
2026-10-26,2026-10-01,BKK_Ladprao,MixedBerryPremium,11.45981578347917,exp_smoothing_4w,active SKU window only; historical active windows have complete daily rows; no pre-launch zero fill,86.5322130974942,89.0,0.27024767614113815,49.16,53.002,0.20131180625630676,0.15098385469223008,8,7.0,0.07815296989422316,8.68495385298169,14.23467771397665,14.348297462321993,10.874023080612577,17.82257184403141,2.8884816788428225
2026-10-27,2026-10-01,BKK_Ladprao,MixedBerryPremium,11.45981578347917,exp_smoothing_4w,active SKU window only; historical active windows have complete daily rows; no pre-launch zero fill,86.5322130974942,89.0,0.27024767614113815,49.16,53.002,0.20131180625630676,0.15098385469223008,8,7.0,0.07815296989422316,8.68495385298169,14.23467771397665,14.348297462321993,10.874023080612577,17.82257184403141,2.8884816788428225
2026-10-28,2026-10-01,BKK_Ladprao,MixedBerryPremium,11.45981578347917,exp_smoothing_4w,active SKU window only; historical active windows have complete daily rows; no pre-launch zero fill,86.5322130974942,89.0,0.27024767614113815,49.16,53.002,0.20131180625630676,0.15098385469223008,8,7.0,0.07815296989422316,8.68495385298169,14.23467771397665,14.348297462321993,10.874023080612577,17.82257184403141,2.8884816788428225
2026-10-29,2026-10-01,BKK_Ladprao,MixedBerryPremium,11.45981578347917,exp_smoothing_4w,active SKU window only; historical active windows have complete daily rows; no pre-launch zero fill,86.5322130974942,89.0,0.27024767614113815,49.16,53.002,0.20131180625630676,0.15098385469223008,8,7.0,0.07815296989422316,8.68495385298169,14.23467771397665,14.348297462321993,10.874023080612577,17.82257184403141,2.8884816788428225
2026-10-30,2026-10-01,BKK_Ladprao,MixedBerryPremium,11.45981578347917,exp_smoothing_4w,active SKU window only; historical active windows have complete daily rows; no pre-launch zero fill,86.5322130974942,89.0,0.27024767614113815,49.16,53.002,0.20131180625630676,0.15098385469223008,8,7.0,0.07815296989422316,8.68495385298169,14.23467771397665,14.348297462321993,10.874023080612577,17.82257184403141,2.8884816788428225
2026-10-31,2026-10-01,BKK_Ladprao,MixedBerryPremium,11.45981578347917,exp_smoothing_4w,active SKU window only; historical active windows have complete daily rows; no pre-launch zero fill,86.5322130974942,89.0,0.27024767614113815,49.16,53.002,0.20131180625630676,0.15098385469223008,8,7.0,0.07815296989422316,8.68495385298169,14.23467771397665,14.348297462321993,10.874023080612577,17.82257184403141,2.8884816788428225
2026-11-01,2026-11-01,BKK_Ladprao,MixedBerryPremium,11.45981578347917,exp_smoothing_4w,active SKU window only; historical active windows have complete daily rows; no pre-launch zero fill,86.5322130974942,89.0,0.27024767614113815,49.16,53.002,0.20131180625630676,0.15098385469223008,8,7.0,0.07815296989422316,8.68495385298169,14.23467771397665,14.348297462321993,10.874023080612577,17.82257184403141,2.8884816788428225
2026-11-02,2026-11-01,BKK_Ladprao,MixedBerryPremium,11.45981578347917,exp_smoothing_4w,active SKU window only; historical active windows have complete daily rows; no pre-launch zero fill,86.5322130974942,89.0,0.27024767614113815,49.16,53.002,0.20131180625630676,0.15098385469223008,8,7.0,0.07815296989422316,8.68495385298169,14.23467771397665,14.348297462321993,10.874023080612577,17.82257184403141,2.8884816788428225
2026-11-03,2026-11-01,BKK_Ladprao,MixedBerryPremium,11.45981578347917,exp_smoothing_4w,active SKU window only; historical active windows have complete daily rows; no pre-launch zero fill,86.5322130974942,89.0,0.27024767614113815,49.16,53.002,0.20131180625630676,0.15098385469223008,8,7.0,0.07815296989422316,8.68495385298169,14.23467771397665,14.348297462321993,10.874023080612577,17.82257184403141,2.8884816788428225
2026-11-04,2026-11-01,BKK_Ladprao,MixedBerryPremium,11.45981578347917,exp_smoothing_4w,active SKU window only; historical active windows have complete daily rows; no pre-launch zero fill,86.5322130974942,89.0,0.27024767614113815,49.16,53.002,0.20131180625630676,0.15098385469223008,8,7.0,0.07815296989422316,8.68495385298169,14.23467771397665,14.348297462321993,10.874023080612577,17.82257184403141,2.8884816788428225
2026-11-05,2026-11-01,BKK_Ladprao,MixedBerryPremium,11.45981578347917,exp_smoothing_4w,active SKU window only; historical active windows have complete daily rows; no pre-launch zero fill,86.5322130974942,89.0,0.27024767614113815,49.16,53.002,0.20131180625630676,0.15098385469223008,8,7.0,0.07815296989422316,8.68495385298169,14.23467771397665,14.348297462321993,10.874023080612577,17.82257184403141,2.8884816788428225
2026-11-06,2026-11-01,BKK_Ladprao,MixedBerryPremium,11.45981578347917,exp_smoothing_4w,active SKU window only; historical active windows have complete daily rows; no pre-launch zero fill,86.5322130974942,89.0,0.27024767614113815,49.16,53.002,0.20131180625630676,0.15098385469223008,8,7.0,0.07815296989422316,8.68495385298169,14.23467771397665,14.348297462321993,10.874023080612577,17.82257184403141,2.8884816788428225
2026-11-07,2026-11-01,BKK_Ladprao,MixedBerryPremium,11.45981578347917,exp_smoothing_4w,active SKU window only; historical active windows have complete daily rows; no pre-launch zero fill,86.5322130974942,89.0,0.27024767614113815,49.16,53.002,0.20131180625630676,0.15098385469223008,8,7.0,0.07815296989422316,8.68495385298169,14.23467771397665,14.348297462321993,10.874023080612577,17.82257184403141,2.8884816788428225
2026-11-08,2026-11-01,BKK_Ladprao,MixedBerryPremium,11.45981578347917,exp_smoothing_4w,active SKU window only; historical active windows have complete daily rows; no pre-launch zero fill,86.5322130974942,89.0,0.27024767614113815,49.16,53.002,0.20131180625630676,0.15098385469223008,8,7.0,0.07815296989422316,8.68495385298169,14.23467771397665,14.348297462321993,10.874023080612577,17.82257184403141,2.8884816788428225
2026-11-09,2026-11-01,BKK_Ladprao,MixedBerryPremium,11.45981578347917,exp_smoothing_4w,active SKU window only; historical active windows have complete daily rows; no pre-launch zero fill,86.5322130974942,89.0,0.27024767614113815,49.16,53.002,0.20131180625630676,0.15098385469223008,8,7.0,0.07815296989422316,8.68495385298169,14.23467771397665,14.348297462321993,10.874023080612577,17.82257184403141,2.8884816788428225
2026-11-10,2026-11-01,BKK_Ladprao,MixedBerryPremium,11.45981578347917,exp_smoothing_4w,active SKU window only; historical active windows have complete daily rows; no pre-launch zero fill,86.5322130974942,89.0,0.27024767614113815,49.16,53.002,0.20131180625630676,0.15098385469223008,8,7.0,0.07815296989422316,8.68495385298169,14.23467771397665,14.348297462321993,10.874023080612577,17.82257184403141,2.8884816788428225
2026-11-11,2026-11-01,BKK_Ladprao,MixedBerryPremium,11.45981578347917,exp_smoothing_4w,active SKU window only; historical active windows have complete daily rows; no pre-launch zero fill,86.5322130974942,89.0,0.27024767614113815,49.16,53.002,0.20131180625630676,0.15098385469223008,8,7.0,0.07815296989422316,8.68495385298169,14.23467771397665,14.348297462321993,10.874023080612577,17.82257184403141,2.8884816788428225
2026-11-12,2026-11-01,BKK_Ladprao,MixedBerryPremium,11.45981578347917,exp_smoothing_4w,active SKU window only; historical active windows have complete daily rows; no pre-launch zero fill,86.5322130974942,89.0,0.27024767614113815,49.16,53.002,0.20131180625630676,0.15098385469223008,8,7.0,0.07815296989422316,8.68495385298169,14.23467771397665,14.348297462321993,10.874023080612577,17.82257184403141,2.8884816788428225
2026-11-13,2026-11-01,BKK_Ladprao,MixedBerryPremium,11.45981578347917,exp_smoothing_4w,active SKU window only; historical active windows have complete daily rows; no pre-launch zero fill,86.5322130974942,89.0,0.27024767614113815,49.16,53.002,0.20131180625630676,0.15098385469223008,8,7.0,0.07815296989422316,8.68495385298169,14.23467771397665,14.348297462321993,10.874023080612577,17.82257184403141,2.8884816788428225
2026-11-14,2026-11-01,BKK_Ladprao,MixedBerryPremium,11.45981578347917,exp_smoothing_4w,active SKU window only; historical active windows have complete daily rows; no pre-launch zero fill,86.5322130974942,89.0,0.27024767614113815,49.16,53.002,0.20131180625630676,0.15098385469223008,8,7.0,0.07815296989422316,8.68495385298169,14.23467771397665,14.348297462321993,10.874023080612577,17.82257184403141,2.8884816788428225
2026-11-15,2026-11-01,BKK_Ladprao,MixedBerryPremium,11.45981578347917,exp_smoothing_4w,active SKU window only; historical active windows have complete daily rows; no pre-launch zero fill,86.5322130974942,89.0,0.27024767614113815,49.16,53.002,0.20131180625630676,0.15098385469223008,8,7.0,0.07815296989422316,8.68495385298169,14.23467771397665,14.348297462321993,10.874023080612577,17.82257184403141,2.8884816788428225
2026-11-16,2026-11-01,BKK_Ladprao,MixedBerryPremium,11.45981578347917,exp_smoothing_4w,active SKU window only; historical active windows have complete daily rows; no pre-launch zero fill,86.5322130974942,89.0,0.27024767614113815,49.16,53.002,0.20131180625630676,0.15098385469223008,8,7.0,0.07815296989422316,8.68495385298169,14.23467771397665,14.348297462321993,10.874023080612577,17.82257184403141,2.8884816788428225
2026-11-17,2026-11-01,BKK_Ladprao,MixedBerryPremium,11.45981578347917,exp_smoothing_4w,active SKU window only; historical active windows have complete daily rows; no pre-launch zero fill,86.5322130974942,89.0,0.27024767614113815,49.16,53.002,0.20131180625630676,0.15098385469223008,8,7.0,0.07815296989422316,8.68495385298169,14.23467771397665,14.348297462321993,10.874023080612577,17.82257184403141,2.8884816788428225
2026-11-18,2026-11-01,BKK_Ladprao,MixedBerryPremium,11.45981578347917,exp_smoothing_4w,active SKU window only; historical active windows have complete daily rows; no pre-launch zero fill,86.5322130974942,89.0,0.27024767614113815,49.16,53.002,0.20131180625630676,0.15098385469223008,8,7.0,0.07815296989422316,8.68495385298169,14.23467771397665,14.348297462321993,10.874023080612577,17.82257184403141,2.8884816788428225
2026-11-19,2026-11-01,BKK_Ladprao,MixedBerryPremium,11.45981578347917,exp_smoothing_4w,active SKU window only; historical active windows have complete daily rows; no pre-launch zero fill,86.5322130974942,89.0,0.27024767614113815,49.16,53.002,0.20131180625630676,0.15098385469223008,8,7.0,0.07815296989422316,8.68495385298169,14.23467771397665,14.348297462321993,10.874023080612577,17.82257184403141,2.8884816788428225
2026-11-20,2026-11-01,BKK_Ladprao,MixedBerryPremium,11.45981578347917,exp_smoothing_4w,active SKU window only; historical active windows have complete daily rows; no pre-launch zero fill,86.5322130974942,89.0,0.27024767614113815,49.16,53.002,0.20131180625630676,0.15098385469223008,8,7.0,0.07815296989422316,8.68495385298169,14.23467771397665,14.348297462321993,10.874023080612577,17.82257184403141,2.8884816788428225
2026-11-21,2026-11-01,BKK_Ladprao,MixedBerryPremium,11.45981578347917,exp_smoothing_4w,active SKU window only; historical active windows have complete daily rows; no pre-launch zero fill,86.5322130974942,89.0,0.27024767614113815,49.16,53.002,0.20131180625630676,0.15098385469223008,8,7.0,0.07815296989422316,8.68495385298169,14.23467771397665,14.348297462321993,10.874023080612577,17.82257184403141,2.8884816788428225
2026-11-22,2026-11-01,BKK_Ladprao,MixedBerryPremium,11.45981578347917,exp_smoothing_4w,active SKU window only; historical active windows have complete daily rows; no pre-launch zero fill,86.5322130974942,89.0,0.27024767614113815,49.16,53.002,0.20131180625630676,0.15098385469223008,8,7.0,0.07815296989422316,8.68495385298169,14.23467771397665,14.348297462321993,10.874023080612577,17.82257184403141,2.8884816788428225
2026-11-23,2026-11-01,BKK_Ladprao,MixedBerryPremium,11.45981578347917,exp_smoothing_4w,active SKU window only; historical active windows have complete daily rows; no pre-launch zero fill,86.5322130974942,89.0,0.27024767614113815,49.16,53.002,0.20131180625630676,0.15098385469223008,8,7.0,0.07815296989422316,8.68495385298169,14.23467771397665,14.348297462321993,10.874023080612577,17.82257184403141,2.8884816788428225
2026-11-24,2026-11-01,BKK_Ladprao,MixedBerryPremium,11.45981578347917,exp_smoothing_4w,active SKU window only; historical active windows have complete daily rows; no pre-launch zero fill,86.5322130974942,89.0,0.27024767614113815,49.16,53.002,0.20131180625630676,0.15098385469223008,8,7.0,0.07815296989422316,8.68495385298169,14.23467771397665,14.348297462321993,10.874023080612577,17.82257184403141,2.8884816788428225
2026-11-25,2026-11-01,BKK_Ladprao,MixedBerryPremium,11.45981578347917,exp_smoothing_4w,active SKU window only; historical active windows have complete daily rows; no pre-launch zero fill,86.5322130974942,89.0,0.27024767614113815,49.16,53.002,0.20131180625630676,0.15098385469223008,8,7.0,0.07815296989422316,8.68495385298169,14.23467771397665,14.348297462321993,10.874023080612577,17.82257184403141,2.8884816788428225
2026-11-26,2026-11-01,BKK_Ladprao,MixedBerryPremium,11.45981578347917,exp_smoothing_4w,active SKU window only; historical active windows have complete daily rows; no pre-launch zero fill,86.5322130974942,89.0,0.27024767614113815,49.16,53.002,0.20131180625630676,0.15098385469223008,8,7.0,0.07815296989422316,8.68495385298169,14.23467771397665,14.348297462321993,10.874023080612577,17.82257184403141,2.8884816788428225
2026-11-27,2026-11-01,BKK_Ladprao,MixedBerryPremium,11.45981578347917,exp_smoothing_4w,active SKU window only; historical active windows have complete daily rows; no pre-launch zero fill,86.5322130974942,89.0,0.27024767614113815,49.16,53.002,0.20131180625630676,0.15098385469223008,8,7.0,0.07815296989422316,8.68495385298169,14.23467771397665,14.348297462321993,10.874023080612577,17.82257184403141,2.8884816788428225
2026-11-28,2026-11-01,BKK_Ladprao,MixedBerryPremium,11.45981578347917,exp_smoothing_4w,active SKU window only; historical active windows have complete daily rows; no pre-launch zero fill,86.5322130974942,89.0,0.27024767614113815,49.16,53.002,0.20131180625630676,0.15098385469223008,8,7.0,0.07815296989422316,8.68495385298169,14.23467771397665,14.348297462321993,10.874023080612577,17.82257184403141,2.8884816788428225
2026-11-29,2026-11-01,BKK_Ladprao,MixedBerryPremium,11.45981578347917,exp_smoothing_4w,active SKU window only; historical active windows have complete daily rows; no pre-launch zero fill,86.5322130974942,89.0,0.27024767614113815,49.16,53.002,0.20131180625630676,0.15098385469223008,8,7.0,0.07815296989422316,8.68495385298169,14.23467771397665,14.348297462321993,10.874023080612577,17.82257184403141,2.8884816788428225
2026-11-30,2026-11-01,BKK_Ladprao,MixedBerryPremium,11.45981578347917,exp_smoothing_4w,active SKU window only; historical active windows have complete daily rows; no pre-launch zero fill,86.5322130974942,89.0,0.27024767614113815,49.16,53.002,0.20131180625630676,0.15098385469223008,8,7.0,0.07815296989422316,8.68495385298169,14.23467771397665,14.348297462321993,10.874023080612577,17.82257184403141,2.8884816788428225
2026-09-01,2026-09-01,BKK_Ladprao,PassionFruit,24.647347200187653,exp_smoothing_4w,active SKU window only; historical active windows have complete daily rows; no pre-launch zero fill,63.08378602833415,65.0,0.2731614060626561,28.115,29.049,0.08900756564307966,0.06675567423230974,6,6.0,0.033220700693580074,18.679276968888487,30.615417431486815,27.05549055145171,20.504316242839487,33.60666486006394,2.4081433512640587
2026-09-02,2026-09-01,BKK_Ladprao,PassionFruit,24.647347200187653,exp_smoothing_4w,active SKU window only; historical active windows have complete daily rows; no pre-launch zero fill,63.08378602833415,65.0,0.2731614060626561,28.115,29.049,0.08900756564307966,0.06675567423230974,6,6.0,0.033220700693580074,18.679276968888487,30.615417431486815,27.05549055145171,20.504316242839487,33.60666486006394,2.4081433512640587
2026-09-03,2026-09-01,BKK_Ladprao,PassionFruit,24.647347200187653,exp_smoothing_4w,active SKU window only; historical active windows have complete daily rows; no pre-launch zero fill,63.08378602833415,65.0,0.2731614060626561,28.115,29.049,0.08900756564307966,0.06675567423230974,6,6.0,0.033220700693580074,18.679276968888487,30.615417431486815,27.05549055145171,20.504316242839487,33.60666486006394,2.4081433512640587
2026-09-04,2026-09-01,BKK_Ladprao,PassionFruit,24.647347200187653,exp_smoothing_4w,active SKU window only; historical active windows have complete daily rows; no pre-launch zero fill,63.08378602833415,65.0,0.2731614060626561,28.115,29.049,0.08900756564307966,0.06675567423230974,6,6.0,0.033220700693580074,18.679276968888487,30.615417431486815,27.05549055145171,20.504316242839487,33.60666486006394,2.4081433512640587
2026-09-05,2026-09-01,BKK_Ladprao,PassionFruit,24.647347200187653,exp_smoothing_4w,active SKU window only; historical active windows have complete daily rows; no pre-launch zero fill,63.08378602833415,65.0,0.2731614060626561,28.115,29.049,0.08900756564307966,0.06675567423230974,6,6.0,0.033220700693580074,18.679276968888487,30.615417431486815,27.05549055145171,20.504316242839487,33.60666486006394,2.4081433512640587
2026-09-06,2026-09-01,BKK_Ladprao,PassionFruit,24.647347200187653,exp_smoothing_4w,active SKU window only; historical active windows have complete daily rows; no pre-launch zero fill,63.08378602833415,65.0,0.2731614060626561,28.115,29.049,0.08900756564307966,0.06675567423230974,6,6.0,0.033220700693580074,18.679276968888487,30.615417431486815,27.05549055145171,20.504316242839487,33.60666486006394,2.4081433512640587
2026-09-07,2026-09-01,BKK_Ladprao,PassionFruit,24.647347200187653,exp_smoothing_4w,active SKU window only; historical active windows have complete daily rows; no pre-launch zero fill,63.08378602833415,65.0,0.2731614060626561,28.115,29.049,0.08900756564307966,0.06675567423230974,6,6.0,0.033220700693580074,18.679276968888487,30.615417431486815,27.05549055145171,20.504316242839487,33.60666486006394,2.4081433512640587
2026-09-08,2026-09-01,BKK_Ladprao,PassionFruit,24.647347200187653,exp_smoothing_4w,active SKU window only; historical active windows have complete daily rows; no pre-launch zero fill,63.08378602833415,65.0,0.2731614060626561,28.115,29.049,0.08900756564307966,0.06675567423230974,6,6.0,0.033220700693580074,18.679276968888487,30.615417431486815,27.05549055145171,20.504316242839487,33.60666486006394,2.4081433512640587
2026-09-09,2026-09-01,BKK_Ladprao,PassionFruit,24.647347200187653,exp_smoothing_4w,active SKU window only; historical active windows have complete daily rows; no pre-launch zero fill,63.08378602833415,65.0,0.2731614060626561,28.115,29.049,0.08900756564307966,0.06675567423230974,6,6.0,0.033220700693580074,18.679276968888487,30.615417431486815,27.05549055145171,20.504316242839487,33.60666486006394,2.4081433512640587
2026-09-10,2026-09-01,BKK_Ladprao,PassionFruit,24.647347200187653,exp_smoothing_4w,active SKU window only; historical active windows have complete daily rows; no pre-launch zero fill,63.08378602833415,65.0,0.2731614060626561,28.115,29.049,0.08900756564307966,0.06675567423230974,6,6.0,0.033220700693580074,18.679276968888487,30.615417431486815,27.05549055145171,20.504316242839487,33.60666486006394,2.4081433512640587
2026-09-11,2026-09-01,BKK_Ladprao,PassionFruit,24.647347200187653,exp_smoothing_4w,active SKU window only; historical active windows have complete daily rows; no pre-launch zero fill,63.08378602833415,65.0,0.2731614060626561,28.115,29.049,0.08900756564307966,0.06675567423230974,6,6.0,0.033220700693580074,18.679276968888487,30.615417431486815,27.05549055145171,20.504316242839487,33.60666486006394,2.4081433512640587
2026-09-12,2026-09-01,BKK_Ladprao,PassionFruit,24.647347200187653,exp_smoothing_4w,active SKU window only; historical active windows have complete daily rows; no pre-launch zero fill,63.08378602833415,65.0,0.2731614060626561,28.115,29.049,0.08900756564307966,0.06675567423230974,6,6.0,0.033220700693580074,18.679276968888487,30.615417431486815,27.05549055145171,20.504316242839487,33.60666486006394,2.4081433512640587
2026-09-13,2026-09-01,BKK_Ladprao,PassionFruit,24.647347200187653,exp_smoothing_4w,active SKU window only; historical active windows have complete daily rows; no pre-launch zero fill,63.08378602833415,65.0,0.2731614060626561,28.115,29.049,0.08900756564307966,0.06675567423230974,6,6.0,0.033220700693580074,18.679276968888487,30.615417431486815,27.05549055145171,20.504316242839487,33.60666486006394,2.4081433512640587
2026-09-14,2026-09-01,BKK_Ladprao,PassionFruit,24.647347200187653,exp_smoothing_4w,active SKU window only; historical active windows have complete daily rows; no pre-launch zero fill,63.08378602833415,65.0,0.2731614060626561,28.115,29.049,0.08900756564307966,0.06675567423230974,6,6.0,0.033220700693580074,18.679276968888487,30.615417431486815,27.05549055145171,20.504316242839487,33.60666486006394,2.4081433512640587
2026-09-15,2026-09-01,BKK_Ladprao,PassionFruit,24.647347200187653,exp_smoothing_4w,active SKU window only; historical active windows have complete daily rows; no pre-launch zero fill,63.08378602833415,65.0,0.2731614060626561,28.115,29.049,0.08900756564307966,0.06675567423230974,6,6.0,0.033220700693580074,18.679276968888487,30.615417431486815,27.05549055145171,20.504316242839487,33.60666486006394,2.4081433512640587
2026-09-16,2026-09-01,BKK_Ladprao,PassionFruit,24.647347200187653,exp_smoothing_4w,active SKU window only; historical active windows have complete daily rows; no pre-launch zero fill,63.08378602833415,65.0,0.2731614060626561,28.115,29.049,0.08900756564307966,0.06675567423230974,6,6.0,0.033220700693580074,18.679276968888487,30.615417431486815,27.05549055145171,20.504316242839487,33.60666486006394,2.4081433512640587
2026-09-17,2026-09-01,BKK_Ladprao,PassionFruit,24.647347200187653,exp_smoothing_4w,active SKU window only; historical active windows have complete daily rows; no pre-launch zero fill,63.08378602833415,65.0,0.2731614060626561,28.115,29.049,0.08900756564307966,0.06675567423230974,6,6.0,0.033220700693580074,18.679276968888487,30.615417431486815,27.05549055145171,20.504316242839487,33.60666486006394,2.4081433512640587
2026-09-18,2026-09-01,BKK_Ladprao,PassionFruit,24.647347200187653,exp_smoothing_4w,active SKU window only; historical active windows have complete daily rows; no pre-launch zero fill,63.08378602833415,65.0,0.2731614060626561,28.115,29.049,0.08900756564307966,0.06675567423230974,6,6.0,0.033220700693580074,18.679276968888487,30.615417431486815,27.05549055145171,20.504316242839487,33.60666486006394,2.4081433512640587
2026-09-19,2026-09-01,BKK_Ladprao,PassionFruit,24.647347200187653,exp_smoothing_4w,active SKU window only; historical active windows have complete daily rows; no pre-launch zero fill,63.08378602833415,65.0,0.2731614060626561,28.115,29.049,0.08900756564307966,0.06675567423230974,6,6.0,0.033220700693580074,18.679276968888487,30.615417431486815,27.05549055145171,20.504316242839487,33.60666486006394,2.4081433512640587
2026-09-20,2026-09-01,BKK_Ladprao,PassionFruit,24.647347200187653,exp_smoothing_4w,active SKU window only; historical active windows have complete daily rows; no pre-launch zero fill,63.08378602833415,65.0,0.2731614060626561,28.115,29.049,0.08900756564307966,0.06675567423230974,6,6.0,0.033220700693580074,18.679276968888487,30.615417431486815,27.05549055145171,20.504316242839487,33.60666486006394,2.4081433512640587
2026-09-21,2026-09-01,BKK_Ladprao,PassionFruit,24.647347200187653,exp_smoothing_4w,active SKU window only; historical active windows have complete daily rows; no pre-launch zero fill,63.08378602833415,65.0,0.2731614060626561,28.115,29.049,0.08900756564307966,0.06675567423230974,6,6.0,0.033220700693580074,18.679276968888487,30.615417431486815,27.05549055145171,20.504316242839487,33.60666486006394,2.4081433512640587
2026-09-22,2026-09-01,BKK_Ladprao,PassionFruit,24.647347200187653,exp_smoothing_4w,active SKU window only; historical active windows have complete daily rows; no pre-launch zero fill,63.08378602833415,65.0,0.2731614060626561,28.115,29.049,0.08900756564307966,0.06675567423230974,6,6.0,0.033220700693580074,18.679276968888487,30.615417431486815,27.05549055145171,20.504316242839487,33.60666486006394,2.4081433512640587
2026-09-23,2026-09-01,BKK_Ladprao,PassionFruit,24.647347200187653,exp_smoothing_4w,active SKU window only; historical active windows have complete daily rows; no pre-launch zero fill,63.08378602833415,65.0,0.2731614060626561,28.115,29.049,0.08900756564307966,0.06675567423230974,6,6.0,0.033220700693580074,18.679276968888487,30.615417431486815,27.05549055145171,20.504316242839487,33.60666486006394,2.4081433512640587
2026-09-24,2026-09-01,BKK_Ladprao,PassionFruit,24.647347200187653,exp_smoothing_4w,active SKU window only; historical active windows have complete daily rows; no pre-launch zero fill,63.08378602833415,65.0,0.2731614060626561,28.115,29.049,0.08900756564307966,0.06675567423230974,6,6.0,0.033220700693580074,18.679276968888487,30.615417431486815,27.05549055145171,20.504316242839487,33.60666486006394,2.4081433512640587
2026-09-25,2026-09-01,BKK_Ladprao,PassionFruit,24.647347200187653,exp_smoothing_4w,active SKU window only; historical active windows have complete daily rows; no pre-launch zero fill,63.08378602833415,65.0,0.2731614060626561,28.115,29.049,0.08900756564307966,0.06675567423230974,6,6.0,0.033220700693580074,18.679276968888487,30.615417431486815,27.05549055145171,20.504316242839487,33.60666486006394,2.4081433512640587
2026-09-26,2026-09-01,BKK_Ladprao,PassionFruit,24.647347200187653,exp_smoothing_4w,active SKU window only; historical active windows have complete daily rows; no pre-launch zero fill,63.08378602833415,65.0,0.2731614060626561,28.115,29.049,0.08900756564307966,0.06675567423230974,6,6.0,0.033220700693580074,18.679276968888487,30.615417431486815,27.05549055145171,20.504316242839487,33.60666486006394,2.4081433512640587
2026-09-27,2026-09-01,BKK_Ladprao,PassionFruit,24.647347200187653,exp_smoothing_4w,active SKU window only; historical active windows have complete daily rows; no pre-launch zero fill,63.08378602833415,65.0,0.2731614060626561,28.115,29.049,0.08900756564307966,0.06675567423230974,6,6.0,0.033220700693580074,18.679276968888487,30.615417431486815,27.05549055145171,20.504316242839487,33.60666486006394,2.4081433512640587
2026-09-28,2026-09-01,BKK_Ladprao,PassionFruit,24.647347200187653,exp_smoothing_4w,active SKU window only; historical active windows have complete daily rows; no pre-launch zero fill,63.08378602833415,65.0,0.2731614060626561,28.115,29.049,0.08900756564307966,0.06675567423230974,6,6.0,0.033220700693580074,18.679276968888487,30.615417431486815,27.05549055145171,20.504316242839487,33.60666486006394,2.4081433512640587
2026-09-29,2026-09-01,BKK_Ladprao,PassionFruit,24.647347200187653,exp_smoothing_4w,active SKU window only; historical active windows have complete daily rows; no pre-launch zero fill,63.08378602833415,65.0,0.2731614060626561,28.115,29.049,0.08900756564307966,0.06675567423230974,6,6.0,0.033220700693580074,18.679276968888487,30.615417431486815,27.05549055145171,20.504316242839487,33.60666486006394,2.4081433512640587
2026-09-30,2026-09-01,BKK_Ladprao,PassionFruit,24.647347200187653,exp_smoothing_4w,active SKU window only; historical active windows have complete daily rows; no pre-launch zero fill,63.08378602833415,65.0,0.2731614060626561,28.115,29.049,0.08900756564307966,0.06675567423230974,6,6.0,0.033220700693580074,18.679276968888487,30.615417431486815,27.05549055145171,20.504316242839487,33.60666486006394,2.4081433512640587
2026-10-01,2026-10-01,BKK_Ladprao,PassionFruit,24.647347200187653,exp_smoothing_4w,active SKU window only; historical active windows have complete daily rows; no pre-launch zero fill,63.08378602833415,65.0,0.2731614060626561,28.115,29.049,0.08900756564307966,0.06675567423230974,6,6.0,0.033220700693580074,18.679276968888487,30.615417431486815,27.05549055145171,20.504316242839487,33.60666486006394,2.4081433512640587
2026-10-02,2026-10-01,BKK_Ladprao,PassionFruit,24.647347200187653,exp_smoothing_4w,active SKU window only; historical active windows have complete daily rows; no pre-launch zero fill,63.08378602833415,65.0,0.2731614060626561,28.115,29.049,0.08900756564307966,0.06675567423230974,6,6.0,0.033220700693580074,18.679276968888487,30.615417431486815,27.05549055145171,20.504316242839487,33.60666486006394,2.4081433512640587
2026-10-03,2026-10-01,BKK_Ladprao,PassionFruit,24.647347200187653,exp_smoothing_4w,active SKU window only; historical active windows have complete daily rows; no pre-launch zero fill,63.08378602833415,65.0,0.2731614060626561,28.115,29.049,0.08900756564307966,0.06675567423230974,6,6.0,0.033220700693580074,18.679276968888487,30.615417431486815,27.05549055145171,20.504316242839487,33.60666486006394,2.4081433512640587
2026-10-04,2026-10-01,BKK_Ladprao,PassionFruit,24.647347200187653,exp_smoothing_4w,active SKU window only; historical active windows have complete daily rows; no pre-launch zero fill,63.08378602833415,65.0,0.2731614060626561,28.115,29.049,0.08900756564307966,0.06675567423230974,6,6.0,0.033220700693580074,18.679276968888487,30.615417431486815,27.05549055145171,20.504316242839487,33.60666486006394,2.4081433512640587
2026-10-05,2026-10-01,BKK_Ladprao,PassionFruit,24.647347200187653,exp_smoothing_4w,active SKU window only; historical active windows have complete daily rows; no pre-launch zero fill,63.08378602833415,65.0,0.2731614060626561,28.115,29.049,0.08900756564307966,0.06675567423230974,6,6.0,0.033220700693580074,18.679276968888487,30.615417431486815,27.05549055145171,20.504316242839487,33.60666486006394,2.4081433512640587
2026-10-06,2026-10-01,BKK_Ladprao,PassionFruit,24.647347200187653,exp_smoothing_4w,active SKU window only; historical active windows have complete daily rows; no pre-launch zero fill,63.08378602833415,65.0,0.2731614060626561,28.115,29.049,0.08900756564307966,0.06675567423230974,6,6.0,0.033220700693580074,18.679276968888487,30.615417431486815,27.05549055145171,20.504316242839487,33.60666486006394,2.4081433512640587
2026-10-07,2026-10-01,BKK_Ladprao,PassionFruit,24.647347200187653,exp_smoothing_4w,active SKU window only; historical active windows have complete daily rows; no pre-launch zero fill,63.08378602833415,65.0,0.2731614060626561,28.115,29.049,0.08900756564307966,0.06675567423230974,6,6.0,0.033220700693580074,18.679276968888487,30.615417431486815,27.05549055145171,20.504316242839487,33.60666486006394,2.4081433512640587
2026-10-08,2026-10-01,BKK_Ladprao,PassionFruit,24.647347200187653,exp_smoothing_4w,active SKU window only; historical active windows have complete daily rows; no pre-launch zero fill,63.08378602833415,65.0,0.2731614060626561,28.115,29.049,0.08900756564307966,0.06675567423230974,6,6.0,0.033220700693580074,18.679276968888487,30.615417431486815,27.05549055145171,20.504316242839487,33.60666486006394,2.4081433512640587
2026-10-09,2026-10-01,BKK_Ladprao,PassionFruit,24.647347200187653,exp_smoothing_4w,active SKU window only; historical active windows have complete daily rows; no pre-launch zero fill,63.08378602833415,65.0,0.2731614060626561,28.115,29.049,0.08900756564307966,0.06675567423230974,6,6.0,0.033220700693580074,18.679276968888487,30.615417431486815,27.05549055145171,20.504316242839487,33.60666486006394,2.4081433512640587
2026-10-10,2026-10-01,BKK_Ladprao,PassionFruit,24.647347200187653,exp_smoothing_4w,active SKU window only; historical active windows have complete daily rows; no pre-launch zero fill,63.08378602833415,65.0,0.2731614060626561,28.115,29.049,0.08900756564307966,0.06675567423230974,6,6.0,0.033220700693580074,18.679276968888487,30.615417431486815,27.05549055145171,20.504316242839487,33.60666486006394,2.4081433512640587
2026-10-11,2026-10-01,BKK_Ladprao,PassionFruit,24.647347200187653,exp_smoothing_4w,active SKU window only; historical active windows have complete daily rows; no pre-launch zero fill,63.08378602833415,65.0,0.2731614060626561,28.115,29.049,0.08900756564307966,0.06675567423230974,6,6.0,0.033220700693580074,18.679276968888487,30.615417431486815,27.05549055145171,20.504316242839487,33.60666486006394,2.4081433512640587
2026-10-12,2026-10-01,BKK_Ladprao,PassionFruit,24.647347200187653,exp_smoothing_4w,active SKU window only; historical active windows have complete daily rows; no pre-launch zero fill,63.08378602833415,65.0,0.2731614060626561,28.115,29.049,0.08900756564307966,0.06675567423230974,6,6.0,0.033220700693580074,18.679276968888487,30.615417431486815,27.05549055145171,20.504316242839487,33.60666486006394,2.4081433512640587
2026-10-13,2026-10-01,BKK_Ladprao,PassionFruit,24.647347200187653,exp_smoothing_4w,active SKU window only; historical active windows have complete daily rows; no pre-launch zero fill,63.08378602833415,65.0,0.2731614060626561,28.115,29.049,0.08900756564307966,0.06675567423230974,6,6.0,0.033220700693580074,18.679276968888487,30.615417431486815,27.05549055145171,20.504316242839487,33.60666486006394,2.4081433512640587
2026-10-14,2026-10-01,BKK_Ladprao,PassionFruit,24.647347200187653,exp_smoothing_4w,active SKU window only; historical active windows have complete daily rows; no pre-launch zero fill,63.08378602833415,65.0,0.2731614060626561,28.115,29.049,0.08900756564307966,0.06675567423230974,6,6.0,0.033220700693580074,18.679276968888487,30.615417431486815,27.05549055145171,20.504316242839487,33.60666486006394,2.4081433512640587
2026-10-15,2026-10-01,BKK_Ladprao,PassionFruit,24.647347200187653,exp_smoothing_4w,active SKU window only; historical active windows have complete daily rows; no pre-launch zero fill,63.08378602833415,65.0,0.2731614060626561,28.115,29.049,0.08900756564307966,0.06675567423230974,6,6.0,0.033220700693580074,18.679276968888487,30.615417431486815,27.05549055145171,20.504316242839487,33.60666486006394,2.4081433512640587
2026-10-16,2026-10-01,BKK_Ladprao,PassionFruit,24.647347200187653,exp_smoothing_4w,active SKU window only; historical active windows have complete daily rows; no pre-launch zero fill,63.08378602833415,65.0,0.2731614060626561,28.115,29.049,0.08900756564307966,0.06675567423230974,6,6.0,0.033220700693580074,18.679276968888487,30.615417431486815,27.05549055145171,20.504316242839487,33.60666486006394,2.4081433512640587
2026-10-17,2026-10-01,BKK_Ladprao,PassionFruit,24.647347200187653,exp_smoothing_4w,active SKU window only; historical active windows have complete daily rows; no pre-launch zero fill,63.08378602833415,65.0,0.2731614060626561,28.115,29.049,0.08900756564307966,0.06675567423230974,6,6.0,0.033220700693580074,18.679276968888487,30.615417431486815,27.05549055145171,20.504316242839487,33.60666486006394,2.4081433512640587
2026-10-18,2026-10-01,BKK_Ladprao,PassionFruit,24.647347200187653,exp_smoothing_4w,active SKU window only; historical active windows have complete daily rows; no pre-launch zero fill,63.08378602833415,65.0,0.2731614060626561,28.115,29.049,0.08900756564307966,0.06675567423230974,6,6.0,0.033220700693580074,18.679276968888487,30.615417431486815,27.05549055145171,20.504316242839487,33.60666486006394,2.4081433512640587
2026-10-19,2026-10-01,BKK_Ladprao,PassionFruit,24.647347200187653,exp_smoothing_4w,active SKU window only; historical active windows have complete daily rows; no pre-launch zero fill,63.08378602833415,65.0,0.2731614060626561,28.115,29.049,0.08900756564307966,0.06675567423230974,6,6.0,0.033220700693580074,18.679276968888487,30.615417431486815,27.05549055145171,20.504316242839487,33.60666486006394,2.4081433512640587
2026-10-20,2026-10-01,BKK_Ladprao,PassionFruit,24.647347200187653,exp_smoothing_4w,active SKU window only; historical active windows have complete daily rows; no pre-launch zero fill,63.08378602833415,65.0,0.2731614060626561,28.115,29.049,0.08900756564307966,0.06675567423230974,6,6.0,0.033220700693580074,18.679276968888487,30.615417431486815,27.05549055145171,20.504316242839487,33.60666486006394,2.4081433512640587
2026-10-21,2026-10-01,BKK_Ladprao,PassionFruit,24.647347200187653,exp_smoothing_4w,active SKU window only; historical active windows have complete daily rows; no pre-launch zero fill,63.08378602833415,65.0,0.2731614060626561,28.115,29.049,0.08900756564307966,0.06675567423230974,6,6.0,0.033220700693580074,18.679276968888487,30.615417431486815,27.05549055145171,20.504316242839487,33.60666486006394,2.4081433512640587
2026-10-22,2026-10-01,BKK_Ladprao,PassionFruit,24.647347200187653,exp_smoothing_4w,active SKU window only; historical active windows have complete daily rows; no pre-launch zero fill,63.08378602833415,65.0,0.2731614060626561,28.115,29.049,0.08900756564307966,0.06675567423230974,6,6.0,0.033220700693580074,18.679276968888487,30.615417431486815,27.05549055145171,20.504316242839487,33.60666486006394,2.4081433512640587
2026-10-23,2026-10-01,BKK_Ladprao,PassionFruit,24.647347200187653,exp_smoothing_4w,active SKU window only; historical active windows have complete daily rows; no pre-launch zero fill,63.08378602833415,65.0,0.2731614060626561,28.115,29.049,0.08900756564307966,0.06675567423230974,6,6.0,0.033220700693580074,18.679276968888487,30.615417431486815,27.05549055145171,20.504316242839487,33.60666486006394,2.4081433512640587
2026-10-24,2026-10-01,BKK_Ladprao,PassionFruit,24.647347200187653,exp_smoothing_4w,active SKU window only; historical active windows have complete daily rows; no pre-launch zero fill,63.08378602833415,65.0,0.2731614060626561,28.115,29.049,0.08900756564307966,0.06675567423230974,6,6.0,0.033220700693580074,18.679276968888487,30.615417431486815,27.05549055145171,20.504316242839487,33.60666486006394,2.4081433512640587
2026-10-25,2026-10-01,BKK_Ladprao,PassionFruit,24.647347200187653,exp_smoothing_4w,active SKU window only; historical active windows have complete daily rows; no pre-launch zero fill,63.08378602833415,65.0,0.2731614060626561,28.115,29.049,0.08900756564307966,0.06675567423230974,6,6.0,0.033220700693580074,18.679276968888487,30.615417431486815,27.05549055145171,20.504316242839487,33.60666486006394,2.4081433512640587
2026-10-26,2026-10-01,BKK_Ladprao,PassionFruit,24.647347200187653,exp_smoothing_4w,active SKU window only; historical active windows have complete daily rows; no pre-launch zero fill,63.08378602833415,65.0,0.2731614060626561,28.115,29.049,0.08900756564307966,0.06675567423230974,6,6.0,0.033220700693580074,18.679276968888487,30.615417431486815,27.05549055145171,20.504316242839487,33.60666486006394,2.4081433512640587
2026-10-27,2026-10-01,BKK_Ladprao,PassionFruit,24.647347200187653,exp_smoothing_4w,active SKU window only; historical active windows have complete daily rows; no pre-launch zero fill,63.08378602833415,65.0,0.2731614060626561,28.115,29.049,0.08900756564307966,0.06675567423230974,6,6.0,0.033220700693580074,18.679276968888487,30.615417431486815,27.05549055145171,20.504316242839487,33.60666486006394,2.4081433512640587
2026-10-28,2026-10-01,BKK_Ladprao,PassionFruit,24.647347200187653,exp_smoothing_4w,active SKU window only; historical active windows have complete daily rows; no pre-launch zero fill,63.08378602833415,65.0,0.2731614060626561,28.115,29.049,0.08900756564307966,0.06675567423230974,6,6.0,0.033220700693580074,18.679276968888487,30.615417431486815,27.05549055145171,20.504316242839487,33.60666486006394,2.4081433512640587
2026-10-29,2026-10-01,BKK_Ladprao,PassionFruit,24.647347200187653,exp_smoothing_4w,active SKU window only; historical active windows have complete daily rows; no pre-launch zero fill,63.08378602833415,65.0,0.2731614060626561,28.115,29.049,0.08900756564307966,0.06675567423230974,6,6.0,0.033220700693580074,18.679276968888487,30.615417431486815,27.05549055145171,20.504316242839487,33.60666486006394,2.4081433512640587
2026-10-30,2026-10-01,BKK_Ladprao,PassionFruit,24.647347200187653,exp_smoothing_4w,active SKU window only; historical active windows have complete daily rows; no pre-launch zero fill,63.08378602833415,65.0,0.2731614060626561,28.115,29.049,0.08900756564307966,0.06675567423230974,6,6.0,0.033220700693580074,18.679276968888487,30.615417431486815,27.05549055145171,20.504316242839487,33.60666486006394,2.4081433512640587
2026-10-31,2026-10-01,BKK_Ladprao,PassionFruit,24.647347200187653,exp_smoothing_4w,active SKU window only; historical active windows have complete daily rows; no pre-launch zero fill,63.08378602833415,65.0,0.2731614060626561,28.115,29.049,0.08900756564307966,0.06675567423230974,6,6.0,0.033220700693580074,18.679276968888487,30.615417431486815,27.05549055145171,20.504316242839487,33.60666486006394,2.4081433512640587
2026-11-01,2026-11-01,BKK_Ladprao,PassionFruit,24.647347200187653,exp_smoothing_4w,active SKU window only; historical active windows have complete daily rows; no pre-launch zero fill,63.08378602833415,65.0,0.2731614060626561,28.115,29.049,0.08900756564307966,0.06675567423230974,6,6.0,0.033220700693580074,18.679276968888487,30.615417431486815,27.05549055145171,20.504316242839487,33.60666486006394,2.4081433512640587
2026-11-02,2026-11-01,BKK_Ladprao,PassionFruit,24.647347200187653,exp_smoothing_4w,active SKU window only; historical active windows have complete daily rows; no pre-launch zero fill,63.08378602833415,65.0,0.2731614060626561,28.115,29.049,0.08900756564307966,0.06675567423230974,6,6.0,0.033220700693580074,18.679276968888487,30.615417431486815,27.05549055145171,20.504316242839487,33.60666486006394,2.4081433512640587
2026-11-03,2026-11-01,BKK_Ladprao,PassionFruit,24.647347200187653,exp_smoothing_4w,active SKU window only; historical active windows have complete daily rows; no pre-launch zero fill,63.08378602833415,65.0,0.2731614060626561,28.115,29.049,0.08900756564307966,0.06675567423230974,6,6.0,0.033220700693580074,18.679276968888487,30.615417431486815,27.05549055145171,20.504316242839487,33.60666486006394,2.4081433512640587
2026-11-04,2026-11-01,BKK_Ladprao,PassionFruit,24.647347200187653,exp_smoothing_4w,active SKU window only; historical active windows have complete daily rows; no pre-launch zero fill,63.08378602833415,65.0,0.2731614060626561,28.115,29.049,0.08900756564307966,0.06675567423230974,6,6.0,0.033220700693580074,18.679276968888487,30.615417431486815,27.05549055145171,20.504316242839487,33.60666486006394,2.4081433512640587
2026-11-05,2026-11-01,BKK_Ladprao,PassionFruit,24.647347200187653,exp_smoothing_4w,active SKU window only; historical active windows have complete daily rows; no pre-launch zero fill,63.08378602833415,65.0,0.2731614060626561,28.115,29.049,0.08900756564307966,0.06675567423230974,6,6.0,0.033220700693580074,18.679276968888487,30.615417431486815,27.05549055145171,20.504316242839487,33.60666486006394,2.4081433512640587
2026-11-06,2026-11-01,BKK_Ladprao,PassionFruit,24.647347200187653,exp_smoothing_4w,active SKU window only; historical active windows have complete daily rows; no pre-launch zero fill,63.08378602833415,65.0,0.2731614060626561,28.115,29.049,0.08900756564307966,0.06675567423230974,6,6.0,0.033220700693580074,18.679276968888487,30.615417431486815,27.05549055145171,20.504316242839487,33.60666486006394,2.4081433512640587
2026-11-07,2026-11-01,BKK_Ladprao,PassionFruit,24.647347200187653,exp_smoothing_4w,active SKU window only; historical active windows have complete daily rows; no pre-launch zero fill,63.08378602833415,65.0,0.2731614060626561,28.115,29.049,0.08900756564307966,0.06675567423230974,6,6.0,0.033220700693580074,18.679276968888487,30.615417431486815,27.05549055145171,20.504316242839487,33.60666486006394,2.4081433512640587
2026-11-08,2026-11-01,BKK_Ladprao,PassionFruit,24.647347200187653,exp_smoothing_4w,active SKU window only; historical active windows have complete daily rows; no pre-launch zero fill,63.08378602833415,65.0,0.2731614060626561,28.115,29.049,0.08900756564307966,0.06675567423230974,6,6.0,0.033220700693580074,18.679276968888487,30.615417431486815,27.05549055145171,20.504316242839487,33.60666486006394,2.4081433512640587
2026-11-09,2026-11-01,BKK_Ladprao,PassionFruit,24.647347200187653,exp_smoothing_4w,active SKU window only; historical active windows have complete daily rows; no pre-launch zero fill,63.08378602833415,65.0,0.2731614060626561,28.115,29.049,0.08900756564307966,0.06675567423230974,6,6.0,0.033220700693580074,18.679276968888487,30.615417431486815,27.05549055145171,20.504316242839487,33.60666486006394,2.4081433512640587
2026-11-10,2026-11-01,BKK_Ladprao,PassionFruit,24.647347200187653,exp_smoothing_4w,active SKU window only; historical active windows have complete daily rows; no pre-launch zero fill,63.08378602833415,65.0,0.2731614060626561,28.115,29.049,0.08900756564307966,0.06675567423230974,6,6.0,0.033220700693580074,18.679276968888487,30.615417431486815,27.05549055145171,20.504316242839487,33.60666486006394,2.4081433512640587
2026-11-11,2026-11-01,BKK_Ladprao,PassionFruit,24.647347200187653,exp_smoothing_4w,active SKU window only; historical active windows have complete daily rows; no pre-launch zero fill,63.08378602833415,65.0,0.2731614060626561,28.115,29.049,0.08900756564307966,0.06675567423230974,6,6.0,0.033220700693580074,18.679276968888487,30.615417431486815,27.05549055145171,20.504316242839487,33.60666486006394,2.4081433512640587
2026-11-12,2026-11-01,BKK_Ladprao,PassionFruit,24.647347200187653,exp_smoothing_4w,active SKU window only; historical active windows have complete daily rows; no pre-launch zero fill,63.08378602833415,65.0,0.2731614060626561,28.115,29.049,0.08900756564307966,0.06675567423230974,6,6.0,0.033220700693580074,18.679276968888487,30.615417431486815,27.05549055145171,20.504316242839487,33.60666486006394,2.4081433512640587
2026-11-13,2026-11-01,BKK_Ladprao,PassionFruit,24.647347200187653,exp_smoothing_4w,active SKU window only; historical active windows have complete daily rows; no pre-launch zero fill,63.08378602833415,65.0,0.2731614060626561,28.115,29.049,0.08900756564307966,0.06675567423230974,6,6.0,0.033220700693580074,18.679276968888487,30.615417431486815,27.05549055145171,20.504316242839487,33.60666486006394,2.4081433512640587
2026-11-14,2026-11-01,BKK_Ladprao,PassionFruit,24.647347200187653,exp_smoothing_4w,active SKU window only; historical active windows have complete daily rows; no pre-launch zero fill,63.08378602833415,65.0,0.2731614060626561,28.115,29.049,0.08900756564307966,0.06675567423230974,6,6.0,0.033220700693580074,18.679276968888487,30.615417431486815,27.05549055145171,20.504316242839487,33.60666486006394,2.4081433512640587
2026-11-15,2026-11-01,BKK_Ladprao,PassionFruit,24.647347200187653,exp_smoothing_4w,active SKU window only; historical active windows have complete daily rows; no pre-launch zero fill,63.08378602833415,65.0,0.2731614060626561,28.115,29.049,0.08900756564307966,0.06675567423230974,6,6.0,0.033220700693580074,18.679276968888487,30.615417431486815,27.05549055145171,20.504316242839487,33.60666486006394,2.4081433512640587
2026-11-16,2026-11-01,BKK_Ladprao,PassionFruit,24.647347200187653,exp_smoothing_4w,active SKU window only; historical active windows have complete daily rows; no pre-launch zero fill,63.08378602833415,65.0,0.2731614060626561,28.115,29.049,0.08900756564307966,0.06675567423230974,6,6.0,0.033220700693580074,18.679276968888487,30.615417431486815,27.05549055145171,20.504316242839487,33.60666486006394,2.4081433512640587
2026-11-17,2026-11-01,BKK_Ladprao,PassionFruit,24.647347200187653,exp_smoothing_4w,active SKU window only; historical active windows have complete daily rows; no pre-launch zero fill,63.08378602833415,65.0,0.2731614060626561,28.115,29.049,0.08900756564307966,0.06675567423230974,6,6.0,0.033220700693580074,18.679276968888487,30.615417431486815,27.05549055145171,20.504316242839487,33.60666486006394,2.4081433512640587
2026-11-18,2026-11-01,BKK_Ladprao,PassionFruit,24.647347200187653,exp_smoothing_4w,active SKU window only; historical active windows have complete daily rows; no pre-launch zero fill,63.08378602833415,65.0,0.2731614060626561,28.115,29.049,0.08900756564307966,0.06675567423230974,6,6.0,0.033220700693580074,18.679276968888487,30.615417431486815,27.05549055145171,20.504316242839487,33.60666486006394,2.4081433512640587
2026-11-19,2026-11-01,BKK_Ladprao,PassionFruit,24.647347200187653,exp_smoothing_4w,active SKU window only; historical active windows have complete daily rows; no pre-launch zero fill,63.08378602833415,65.0,0.2731614060626561,28.115,29.049,0.08900756564307966,0.06675567423230974,6,6.0,0.033220700693580074,18.679276968888487,30.615417431486815,27.05549055145171,20.504316242839487,33.60666486006394,2.4081433512640587
2026-11-20,2026-11-01,BKK_Ladprao,PassionFruit,24.647347200187653,exp_smoothing_4w,active SKU window only; historical active windows have complete daily rows; no pre-launch zero fill,63.08378602833415,65.0,0.2731614060626561,28.115,29.049,0.08900756564307966,0.06675567423230974,6,6.0,0.033220700693580074,18.679276968888487,30.615417431486815,27.05549055145171,20.504316242839487,33.60666486006394,2.4081433512640587
2026-11-21,2026-11-01,BKK_Ladprao,PassionFruit,24.647347200187653,exp_smoothing_4w,active SKU window only; historical active windows have complete daily rows; no pre-launch zero fill,63.08378602833415,65.0,0.2731614060626561,28.115,29.049,0.08900756564307966,0.06675567423230974,6,6.0,0.033220700693580074,18.679276968888487,30.615417431486815,27.05549055145171,20.504316242839487,33.60666486006394,2.4081433512640587
2026-11-22,2026-11-01,BKK_Ladprao,PassionFruit,24.647347200187653,exp_smoothing_4w,active SKU window only; historical active windows have complete daily rows; no pre-launch zero fill,63.08378602833415,65.0,0.2731614060626561,28.115,29.049,0.08900756564307966,0.06675567423230974,6,6.0,0.033220700693580074,18.679276968888487,30.615417431486815,27.05549055145171,20.504316242839487,33.60666486006394,2.4081433512640587
2026-11-23,2026-11-01,BKK_Ladprao,PassionFruit,24.647347200187653,exp_smoothing_4w,active SKU window only; historical active windows have complete daily rows; no pre-launch zero fill,63.08378602833415,65.0,0.2731614060626561,28.115,29.049,0.08900756564307966,0.06675567423230974,6,6.0,0.033220700693580074,18.679276968888487,30.615417431486815,27.05549055145171,20.504316242839487,33.60666486006394,2.4081433512640587
2026-11-24,2026-11-01,BKK_Ladprao,PassionFruit,24.647347200187653,exp_smoothing_4w,active SKU window only; historical active windows have complete daily rows; no pre-launch zero fill,63.08378602833415,65.0,0.2731614060626561,28.115,29.049,0.08900756564307966,0.06675567423230974,6,6.0,0.033220700693580074,18.679276968888487,30.615417431486815,27.05549055145171,20.504316242839487,33.60666486006394,2.4081433512640587
2026-11-25,2026-11-01,BKK_Ladprao,PassionFruit,24.647347200187653,exp_smoothing_4w,active SKU window only; historical active windows have complete daily rows; no pre-launch zero fill,63.08378602833415,65.0,0.2731614060626561,28.115,29.049,0.08900756564307966,0.06675567423230974,6,6.0,0.033220700693580074,18.679276968888487,30.615417431486815,27.05549055145171,20.504316242839487,33.60666486006394,2.4081433512640587
2026-11-26,2026-11-01,BKK_Ladprao,PassionFruit,24.647347200187653,exp_smoothing_4w,active SKU window only; historical active windows have complete daily rows; no pre-launch zero fill,63.08378602833415,65.0,0.2731614060626561,28.115,29.049,0.08900756564307966,0.06675567423230974,6,6.0,0.033220700693580074,18.679276968888487,30.615417431486815,27.05549055145171,20.504316242839487,33.60666486006394,2.4081433512640587
2026-11-27,2026-11-01,BKK_Ladprao,PassionFruit,24.647347200187653,exp_smoothing_4w,active SKU window only; historical active windows have complete daily rows; no pre-launch zero fill,63.08378602833415,65.0,0.2731614060626561,28.115,29.049,0.08900756564307966,0.06675567423230974,6,6.0,0.033220700693580074,18.679276968888487,30.615417431486815,27.05549055145171,20.504316242839487,33.60666486006394,2.4081433512640587
2026-11-28,2026-11-01,BKK_Ladprao,PassionFruit,24.647347200187653,exp_smoothing_4w,active SKU window only; historical active windows have complete daily rows; no pre-launch zero fill,63.08378602833415,65.0,0.2731614060626561,28.115,29.049,0.08900756564307966,0.06675567423230974,6,6.0,0.033220700693580074,18.679276968888487,30.615417431486815,27.05549055145171,20.504316242839487,33.60666486006394,2.4081433512640587
2026-11-29,2026-11-01,BKK_Ladprao,PassionFruit,24.647347200187653,exp_smoothing_4w,active SKU window only; historical active windows have complete daily rows; no pre-launch zero fill,63.08378602833415,65.0,0.2731614060626561,28.115,29.049,0.08900756564307966,0.06675567423230974,6,6.0,0.033220700693580074,18.679276968888487,30.615417431486815,27.05549055145171,20.504316242839487,33.60666486006394,2.4081433512640587
2026-11-30,2026-11-01,BKK_Ladprao,PassionFruit,24.647347200187653,exp_smoothing_4w,active SKU window only; historical active windows have complete daily rows; no pre-launch zero fill,63.08378602833415,65.0,0.2731614060626561,28.115,29.049,0.08900756564307966,0.06675567423230974,6,6.0,0.033220700693580074,18.679276968888487,30.615417431486815,27.05549055145171,20.504316242839487,33.60666486006394,2.4081433512640587
2026-09-01,2026-09-01,BKK_Ladprao,Pineapple,52.24833851678498,exp_smoothing_4w,active SKU window only; historical active windows have complete daily rows; no pre-launch zero fill,47.755436984804845,49.0,0.27199721193426646,10.435,10.681999999999999,0.042233425282982975,0.031675068962237235,6,5.0,0.0236703402012457,39.597007271916084,64.89966976165388,54.552267636007606,41.34306658552526,67.76146868648995,2.303929119222623
2026-09-02,2026-09-01,BKK_Ladprao,Pineapple,52.24833851678498,exp_smoothing_4w,active SKU window only; historical active windows have complete daily rows; no pre-launch zero fill,47.755436984804845,49.0,0.27199721193426646,10.435,10.681999999999999,0.042233425282982975,0.031675068962237235,6,5.0,0.0236703402012457,39.597007271916084,64.89966976165388,54.552267636007606,41.34306658552526,67.76146868648995,2.303929119222623
2026-09-03,2026-09-01,BKK_Ladprao,Pineapple,52.24833851678498,exp_smoothing_4w,active SKU window only; historical active windows have complete daily rows; no pre-launch zero fill,47.755436984804845,49.0,0.27199721193426646,10.435,10.681999999999999,0.042233425282982975,0.031675068962237235,6,5.0,0.0236703402012457,39.597007271916084,64.89966976165388,54.552267636007606,41.34306658552526,67.76146868648995,2.303929119222623
2026-09-04,2026-09-01,BKK_Ladprao,Pineapple,52.24833851678498,exp_smoothing_4w,active SKU window only; historical active windows have complete daily rows; no pre-launch zero fill,47.755436984804845,49.0,0.27199721193426646,10.435,10.681999999999999,0.042233425282982975,0.031675068962237235,6,5.0,0.0236703402012457,39.597007271916084,64.89966976165388,54.552267636007606,41.34306658552526,67.76146868648995,2.303929119222623
2026-09-05,2026-09-01,BKK_Ladprao,Pineapple,52.24833851678498,exp_smoothing_4w,active SKU window only; historical active windows have complete daily rows; no pre-launch zero fill,47.755436984804845,49.0,0.27199721193426646,10.435,10.681999999999999,0.042233425282982975,0.031675068962237235,6,5.0,0.0236703402012457,39.597007271916084,64.89966976165388,54.552267636007606,41.34306658552526,67.76146868648995,2.303929119222623
2026-09-06,2026-09-01,BKK_Ladprao,Pineapple,52.24833851678498,exp_smoothing_4w,active SKU window only; historical active windows have complete daily rows; no pre-launch zero fill,47.755436984804845,49.0,0.27199721193426646,10.435,10.681999999999999,0.042233425282982975,0.031675068962237235,6,5.0,0.0236703402012457,39.597007271916084,64.89966976165388,54.552267636007606,41.34306658552526,67.76146868648995,2.303929119222623
2026-09-07,2026-09-01,BKK_Ladprao,Pineapple,52.24833851678498,exp_smoothing_4w,active SKU window only; historical active windows have complete daily rows; no pre-launch zero fill,47.755436984804845,49.0,0.27199721193426646,10.435,10.681999999999999,0.042233425282982975,0.031675068962237235,6,5.0,0.0236703402012457,39.597007271916084,64.89966976165388,54.552267636007606,41.34306658552526,67.76146868648995,2.303929119222623
2026-09-08,2026-09-01,BKK_Ladprao,Pineapple,52.24833851678498,exp_smoothing_4w,active SKU window only; historical active windows have complete daily rows; no pre-launch zero fill,47.755436984804845,49.0,0.27199721193426646,10.435,10.681999999999999,0.042233425282982975,0.031675068962237235,6,5.0,0.0236703402012457,39.597007271916084,64.89966976165388,54.552267636007606,41.34306658552526,67.76146868648995,2.303929119222623
2026-09-09,2026-09-01,BKK_Ladprao,Pineapple,52.24833851678498,exp_smoothing_4w,active SKU window only; historical active windows have complete daily rows; no pre-launch zero fill,47.755436984804845,49.0,0.27199721193426646,10.435,10.681999999999999,0.042233425282982975,0.031675068962237235,6,5.0,0.0236703402012457,39.597007271916084,64.89966976165388,54.552267636007606,41.34306658552526,67.76146868648995,2.303929119222623
2026-09-10,2026-09-01,BKK_Ladprao,Pineapple,52.24833851678498,exp_smoothing_4w,active SKU window only; historical active windows have complete daily rows; no pre-launch zero fill,47.755436984804845,49.0,0.27199721193426646,10.435,10.681999999999999,0.042233425282982975,0.031675068962237235,6,5.0,0.0236703402012457,39.597007271916084,64.89966976165388,54.552267636007606,41.34306658552526,67.76146868648995,2.303929119222623
2026-09-11,2026-09-01,BKK_Ladprao,Pineapple,52.24833851678498,exp_smoothing_4w,active SKU window only; historical active windows have complete daily rows; no pre-launch zero fill,47.755436984804845,49.0,0.27199721193426646,10.435,10.681999999999999,0.042233425282982975,0.031675068962237235,6,5.0,0.0236703402012457,39.597007271916084,64.89966976165388,54.552267636007606,41.34306658552526,67.76146868648995,2.303929119222623
2026-09-12,2026-09-01,BKK_Ladprao,Pineapple,52.24833851678498,exp_smoothing_4w,active SKU window only; historical active windows have complete daily rows; no pre-launch zero fill,47.755436984804845,49.0,0.27199721193426646,10.435,10.681999999999999,0.042233425282982975,0.031675068962237235,6,5.0,0.0236703402012457,39.597007271916084,64.89966976165388,54.552267636007606,41.34306658552526,67.76146868648995,2.303929119222623
2026-09-13,2026-09-01,BKK_Ladprao,Pineapple,52.24833851678498,exp_smoothing_4w,active SKU window only; historical active windows have complete daily rows; no pre-launch zero fill,47.755436984804845,49.0,0.27199721193426646,10.435,10.681999999999999,0.042233425282982975,0.031675068962237235,6,5.0,0.0236703402012457,39.597007271916084,64.89966976165388,54.552267636007606,41.34306658552526,67.76146868648995,2.303929119222623
2026-09-14,2026-09-01,BKK_Ladprao,Pineapple,52.24833851678498,exp_smoothing_4w,active SKU window only; historical active windows have complete daily rows; no pre-launch zero fill,47.755436984804845,49.0,0.27199721193426646,10.435,10.681999999999999,0.042233425282982975,0.031675068962237235,6,5.0,0.0236703402012457,39.597007271916084,64.89966976165388,54.552267636007606,41.34306658552526,67.76146868648995,2.303929119222623
2026-09-15,2026-09-01,BKK_Ladprao,Pineapple,52.24833851678498,exp_smoothing_4w,active SKU window only; historical active windows have complete daily rows; no pre-launch zero fill,47.755436984804845,49.0,0.27199721193426646,10.435,10.681999999999999,0.042233425282982975,0.031675068962237235,6,5.0,0.0236703402012457,39.597007271916084,64.89966976165388,54.552267636007606,41.34306658552526,67.76146868648995,2.303929119222623
2026-09-16,2026-09-01,BKK_Ladprao,Pineapple,52.24833851678498,exp_smoothing_4w,active SKU window only; historical active windows have complete daily rows; no pre-launch zero fill,47.755436984804845,49.0,0.27199721193426646,10.435,10.681999999999999,0.042233425282982975,0.031675068962237235,6,5.0,0.0236703402012457,39.597007271916084,64.89966976165388,54.552267636007606,41.34306658552526,67.76146868648995,2.303929119222623
2026-09-17,2026-09-01,BKK_Ladprao,Pineapple,52.24833851678498,exp_smoothing_4w,active SKU window only; historical active windows have complete daily rows; no pre-launch zero fill,47.755436984804845,49.0,0.27199721193426646,10.435,10.681999999999999,0.042233425282982975,0.031675068962237235,6,5.0,0.0236703402012457,39.597007271916084,64.89966976165388,54.552267636007606,41.34306658552526,67.76146868648995,2.303929119222623
2026-09-18,2026-09-01,BKK_Ladprao,Pineapple,52.24833851678498,exp_smoothing_4w,active SKU window only; historical active windows have complete daily rows; no pre-launch zero fill,47.755436984804845,49.0,0.27199721193426646,10.435,10.681999999999999,0.042233425282982975,0.031675068962237235,6,5.0,0.0236703402012457,39.597007271916084,64.89966976165388,54.552267636007606,41.34306658552526,67.76146868648995,2.303929119222623
2026-09-19,2026-09-01,BKK_Ladprao,Pineapple,52.24833851678498,exp_smoothing_4w,active SKU window only; historical active windows have complete daily rows; no pre-launch zero fill,47.755436984804845,49.0,0.27199721193426646,10.435,10.681999999999999,0.042233425282982975,0.031675068962237235,6,5.0,0.0236703402012457,39.597007271916084,64.89966976165388,54.552267636007606,41.34306658552526,67.76146868648995,2.303929119222623
2026-09-20,2026-09-01,BKK_Ladprao,Pineapple,52.24833851678498,exp_smoothing_4w,active SKU window only; historical active windows have complete daily rows; no pre-launch zero fill,47.755436984804845,49.0,0.27199721193426646,10.435,10.681999999999999,0.042233425282982975,0.031675068962237235,6,5.0,0.0236703402012457,39.597007271916084,64.89966976165388,54.552267636007606,41.34306658552526,67.76146868648995,2.303929119222623
2026-09-21,2026-09-01,BKK_Ladprao,Pineapple,52.24833851678498,exp_smoothing_4w,active SKU window only; historical active windows have complete daily rows; no pre-launch zero fill,47.755436984804845,49.0,0.27199721193426646,10.435,10.681999999999999,0.042233425282982975,0.031675068962237235,6,5.0,0.0236703402012457,39.597007271916084,64.89966976165388,54.552267636007606,41.34306658552526,67.76146868648995,2.303929119222623
2026-09-22,2026-09-01,BKK_Ladprao,Pineapple,52.24833851678498,exp_smoothing_4w,active SKU window only; historical active windows have complete daily rows; no pre-launch zero fill,47.755436984804845,49.0,0.27199721193426646,10.435,10.681999999999999,0.042233425282982975,0.031675068962237235,6,5.0,0.0236703402012457,39.597007271916084,64.89966976165388,54.552267636007606,41.34306658552526,67.76146868648995,2.303929119222623
2026-09-23,2026-09-01,BKK_Ladprao,Pineapple,52.24833851678498,exp_smoothing_4w,active SKU window only; historical active windows have complete daily rows; no pre-launch zero fill,47.755436984804845,49.0,0.27199721193426646,10.435,10.681999999999999,0.042233425282982975,0.031675068962237235,6,5.0,0.0236703402012457,39.597007271916084,64.89966976165388,54.552267636007606,41.34306658552526,67.76146868648995,2.303929119222623
2026-09-24,2026-09-01,BKK_Ladprao,Pineapple,52.24833851678498,exp_smoothing_4w,active SKU window only; historical active windows have complete daily rows; no pre-launch zero fill,47.755436984804845,49.0,0.27199721193426646,10.435,10.681999999999999,0.042233425282982975,0.031675068962237235,6,5.0,0.0236703402012457,39.597007271916084,64.89966976165388,54.552267636007606,41.34306658552526,67.76146868648995,2.303929119222623
2026-09-25,2026-09-01,BKK_Ladprao,Pineapple,52.24833851678498,exp_smoothing_4w,active SKU window only; historical active windows have complete daily rows; no pre-launch zero fill,47.755436984804845,49.0,0.27199721193426646,10.435,10.681999999999999,0.042233425282982975,0.031675068962237235,6,5.0,0.0236703402012457,39.597007271916084,64.89966976165388,54.552267636007606,41.34306658552526,67.76146868648995,2.303929119222623
2026-09-26,2026-09-01,BKK_Ladprao,Pineapple,52.24833851678498,exp_smoothing_4w,active SKU window only; historical active windows have complete daily rows; no pre-launch zero fill,47.755436984804845,49.0,0.27199721193426646,10.435,10.681999999999999,0.042233425282982975,0.031675068962237235,6,5.0,0.0236703402012457,39.597007271916084,64.89966976165388,54.552267636007606,41.34306658552526,67.76146868648995,2.303929119222623
2026-09-27,2026-09-01,BKK_Ladprao,Pineapple,52.24833851678498,exp_smoothing_4w,active SKU window only; historical active windows have complete daily rows; no pre-launch zero fill,47.755436984804845,49.0,0.27199721193426646,10.435,10.681999999999999,0.042233425282982975,0.031675068962237235,6,5.0,0.0236703402012457,39.597007271916084,64.89966976165388,54.552267636007606,41.34306658552526,67.76146868648995,2.303929119222623
2026-09-28,2026-09-01,BKK_Ladprao,Pineapple,52.24833851678498,exp_smoothing_4w,active SKU window only; historical active windows have complete daily rows; no pre-launch zero fill,47.755436984804845,49.0,0.27199721193426646,10.435,10.681999999999999,0.042233425282982975,0.031675068962237235,6,5.0,0.0236703402012457,39.597007271916084,64.89966976165388,54.552267636007606,41.34306658552526,67.76146868648995,2.303929119222623
2026-09-29,2026-09-01,BKK_Ladprao,Pineapple,52.24833851678498,exp_smoothing_4w,active SKU window only; historical active windows have complete daily rows; no pre-launch zero fill,47.755436984804845,49.0,0.27199721193426646,10.435,10.681999999999999,0.042233425282982975,0.031675068962237235,6,5.0,0.0236703402012457,39.597007271916084,64.89966976165388,54.552267636007606,41.34306658552526,67.76146868648995,2.303929119222623
2026-09-30,2026-09-01,BKK_Ladprao,Pineapple,52.24833851678498,exp_smoothing_4w,active SKU window only; historical active windows have complete daily rows; no pre-launch zero fill,47.755436984804845,49.0,0.27199721193426646,10.435,10.681999999999999,0.042233425282982975,0.031675068962237235,6,5.0,0.0236703402012457,39.597007271916084,64.89966976165388,54.552267636007606,41.34306658552526,67.76146868648995,2.303929119222623
2026-10-01,2026-10-01,BKK_Ladprao,Pineapple,52.24833851678498,exp_smoothing_4w,active SKU window only; historical active windows have complete daily rows; no pre-launch zero fill,47.755436984804845,49.0,0.27199721193426646,10.435,10.681999999999999,0.042233425282982975,0.031675068962237235,6,5.0,0.0236703402012457,39.597007271916084,64.89966976165388,54.552267636007606,41.34306658552526,67.76146868648995,2.303929119222623
2026-10-02,2026-10-01,BKK_Ladprao,Pineapple,52.24833851678498,exp_smoothing_4w,active SKU window only; historical active windows have complete daily rows; no pre-launch zero fill,47.755436984804845,49.0,0.27199721193426646,10.435,10.681999999999999,0.042233425282982975,0.031675068962237235,6,5.0,0.0236703402012457,39.597007271916084,64.89966976165388,54.552267636007606,41.34306658552526,67.76146868648995,2.303929119222623
2026-10-03,2026-10-01,BKK_Ladprao,Pineapple,52.24833851678498,exp_smoothing_4w,active SKU window only; historical active windows have complete daily rows; no pre-launch zero fill,47.755436984804845,49.0,0.27199721193426646,10.435,10.681999999999999,0.042233425282982975,0.031675068962237235,6,5.0,0.0236703402012457,39.597007271916084,64.89966976165388,54.552267636007606,41.34306658552526,67.76146868648995,2.303929119222623
2026-10-04,2026-10-01,BKK_Ladprao,Pineapple,52.24833851678498,exp_smoothing_4w,active SKU window only; historical active windows have complete daily rows; no pre-launch zero fill,47.755436984804845,49.0,0.27199721193426646,10.435,10.681999999999999,0.042233425282982975,0.031675068962237235,6,5.0,0.0236703402012457,39.597007271916084,64.89966976165388,54.552267636007606,41.34306658552526,67.76146868648995,2.303929119222623
2026-10-05,2026-10-01,BKK_Ladprao,Pineapple,52.24833851678498,exp_smoothing_4w,active SKU window only; historical active windows have complete daily rows; no pre-launch zero fill,47.755436984804845,49.0,0.27199721193426646,10.435,10.681999999999999,0.042233425282982975,0.031675068962237235,6,5.0,0.0236703402012457,39.597007271916084,64.89966976165388,54.552267636007606,41.34306658552526,67.76146868648995,2.303929119222623
2026-10-06,2026-10-01,BKK_Ladprao,Pineapple,52.24833851678498,exp_smoothing_4w,active SKU window only; historical active windows have complete daily rows; no pre-launch zero fill,47.755436984804845,49.0,0.27199721193426646,10.435,10.681999999999999,0.042233425282982975,0.031675068962237235,6,5.0,0.0236703402012457,39.597007271916084,64.89966976165388,54.552267636007606,41.34306658552526,67.76146868648995,2.303929119222623
2026-10-07,2026-10-01,BKK_Ladprao,Pineapple,52.24833851678498,exp_smoothing_4w,active SKU window only; historical active windows have complete daily rows; no pre-launch zero fill,47.755436984804845,49.0,0.27199721193426646,10.435,10.681999999999999,0.042233425282982975,0.031675068962237235,6,5.0,0.0236703402012457,39.597007271916084,64.89966976165388,54.552267636007606,41.34306658552526,67.76146868648995,2.303929119222623
2026-10-08,2026-10-01,BKK_Ladprao,Pineapple,52.24833851678498,exp_smoothing_4w,active SKU window only; historical active windows have complete daily rows; no pre-launch zero fill,47.755436984804845,49.0,0.27199721193426646,10.435,10.681999999999999,0.042233425282982975,0.031675068962237235,6,5.0,0.0236703402012457,39.597007271916084,64.89966976165388,54.552267636007606,41.34306658552526,67.76146868648995,2.303929119222623
2026-10-09,2026-10-01,BKK_Ladprao,Pineapple,52.24833851678498,exp_smoothing_4w,active SKU window only; historical active windows have complete daily rows; no pre-launch zero fill,47.755436984804845,49.0,0.27199721193426646,10.435,10.681999999999999,0.042233425282982975,0.031675068962237235,6,5.0,0.0236703402012457,39.597007271916084,64.89966976165388,54.552267636007606,41.34306658552526,67.76146868648995,2.303929119222623
2026-10-10,2026-10-01,BKK_Ladprao,Pineapple,52.24833851678498,exp_smoothing_4w,active SKU window only; historical active windows have complete daily rows; no pre-launch zero fill,47.755436984804845,49.0,0.27199721193426646,10.435,10.681999999999999,0.042233425282982975,0.031675068962237235,6,5.0,0.0236703402012457,39.597007271916084,64.89966976165388,54.552267636007606,41.34306658552526,67.76146868648995,2.303929119222623
2026-10-11,2026-10-01,BKK_Ladprao,Pineapple,52.24833851678498,exp_smoothing_4w,active SKU window only; historical active windows have complete daily rows; no pre-launch zero fill,47.755436984804845,49.0,0.27199721193426646,10.435,10.681999999999999,0.042233425282982975,0.031675068962237235,6,5.0,0.0236703402012457,39.597007271916084,64.89966976165388,54.552267636007606,41.34306658552526,67.76146868648995,2.303929119222623
2026-10-12,2026-10-01,BKK_Ladprao,Pineapple,52.24833851678498,exp_smoothing_4w,active SKU window only; historical active windows have complete daily rows; no pre-launch zero fill,47.755436984804845,49.0,0.27199721193426646,10.435,10.681999999999999,0.042233425282982975,0.031675068962237235,6,5.0,0.0236703402012457,39.597007271916084,64.89966976165388,54.552267636007606,41.34306658552526,67.76146868648995,2.303929119222623
2026-10-13,2026-10-01,BKK_Ladprao,Pineapple,52.24833851678498,exp_smoothing_4w,active SKU window only; historical active windows have complete daily rows; no pre-launch zero fill,47.755436984804845,49.0,0.27199721193426646,10.435,10.681999999999999,0.042233425282982975,0.031675068962237235,6,5.0,0.0236703402012457,39.597007271916084,64.89966976165388,54.552267636007606,41.34306658552526,67.76146868648995,2.303929119222623
2026-10-14,2026-10-01,BKK_Ladprao,Pineapple,52.24833851678498,exp_smoothing_4w,active SKU window only; historical active windows have complete daily rows; no pre-launch zero fill,47.755436984804845,49.0,0.27199721193426646,10.435,10.681999999999999,0.042233425282982975,0.031675068962237235,6,5.0,0.0236703402012457,39.597007271916084,64.89966976165388,54.552267636007606,41.34306658552526,67.76146868648995,2.303929119222623
2026-10-15,2026-10-01,BKK_Ladprao,Pineapple,52.24833851678498,exp_smoothing_4w,active SKU window only; historical active windows have complete daily rows; no pre-launch zero fill,47.755436984804845,49.0,0.27199721193426646,10.435,10.681999999999999,0.042233425282982975,0.031675068962237235,6,5.0,0.0236703402012457,39.597007271916084,64.89966976165388,54.552267636007606,41.34306658552526,67.76146868648995,2.303929119222623
2026-10-16,2026-10-01,BKK_Ladprao,Pineapple,52.24833851678498,exp_smoothing_4w,active SKU window only; historical active windows have complete daily rows; no pre-launch zero fill,47.755436984804845,49.0,0.27199721193426646,10.435,10.681999999999999,0.042233425282982975,0.031675068962237235,6,5.0,0.0236703402012457,39.597007271916084,64.89966976165388,54.552267636007606,41.34306658552526,67.76146868648995,2.303929119222623
2026-10-17,2026-10-01,BKK_Ladprao,Pineapple,52.24833851678498,exp_smoothing_4w,active SKU window only; historical active windows have complete daily rows; no pre-launch zero fill,47.755436984804845,49.0,0.27199721193426646,10.435,10.681999999999999,0.042233425282982975,0.031675068962237235,6,5.0,0.0236703402012457,39.597007271916084,64.89966976165388,54.552267636007606,41.34306658552526,67.76146868648995,2.303929119222623
2026-10-18,2026-10-01,BKK_Ladprao,Pineapple,52.24833851678498,exp_smoothing_4w,active SKU window only; historical active windows have complete daily rows; no pre-launch zero fill,47.755436984804845,49.0,0.27199721193426646,10.435,10.681999999999999,0.042233425282982975,0.031675068962237235,6,5.0,0.0236703402012457,39.597007271916084,64.89966976165388,54.552267636007606,41.34306658552526,67.76146868648995,2.303929119222623
2026-10-19,2026-10-01,BKK_Ladprao,Pineapple,52.24833851678498,exp_smoothing_4w,active SKU window only; historical active windows have complete daily rows; no pre-launch zero fill,47.755436984804845,49.0,0.27199721193426646,10.435,10.681999999999999,0.042233425282982975,0.031675068962237235,6,5.0,0.0236703402012457,39.597007271916084,64.89966976165388,54.552267636007606,41.34306658552526,67.76146868648995,2.303929119222623
2026-10-20,2026-10-01,BKK_Ladprao,Pineapple,52.24833851678498,exp_smoothing_4w,active SKU window only; historical active windows have complete daily rows; no pre-launch zero fill,47.755436984804845,49.0,0.27199721193426646,10.435,10.681999999999999,0.042233425282982975,0.031675068962237235,6,5.0,0.0236703402012457,39.597007271916084,64.89966976165388,54.552267636007606,41.34306658552526,67.76146868648995,2.303929119222623
2026-10-21,2026-10-01,BKK_Ladprao,Pineapple,52.24833851678498,exp_smoothing_4w,active SKU window only; historical active windows have complete daily rows; no pre-launch zero fill,47.755436984804845,49.0,0.27199721193426646,10.435,10.681999999999999,0.042233425282982975,0.031675068962237235,6,5.0,0.0236703402012457,39.597007271916084,64.89966976165388,54.552267636007606,41.34306658552526,67.76146868648995,2.303929119222623
2026-10-22,2026-10-01,BKK_Ladprao,Pineapple,52.24833851678498,exp_smoothing_4w,active SKU window only; historical active windows have complete daily rows; no pre-launch zero fill,47.755436984804845,49.0,0.27199721193426646,10.435,10.681999999999999,0.042233425282982975,0.031675068962237235,6,5.0,0.0236703402012457,39.597007271916084,64.89966976165388,54.552267636007606,41.34306658552526,67.76146868648995,2.303929119222623
2026-10-23,2026-10-01,BKK_Ladprao,Pineapple,52.24833851678498,exp_smoothing_4w,active SKU window only; historical active windows have complete daily rows; no pre-launch zero fill,47.755436984804845,49.0,0.27199721193426646,10.435,10.681999999999999,0.042233425282982975,0.031675068962237235,6,5.0,0.0236703402012457,39.597007271916084,64.89966976165388,54.552267636007606,41.34306658552526,67.76146868648995,2.303929119222623
2026-10-24,2026-10-01,BKK_Ladprao,Pineapple,52.24833851678498,exp_smoothing_4w,active SKU window only; historical active windows have complete daily rows; no pre-launch zero fill,47.755436984804845,49.0,0.27199721193426646,10.435,10.681999999999999,0.042233425282982975,0.031675068962237235,6,5.0,0.0236703402012457,39.597007271916084,64.89966976165388,54.552267636007606,41.34306658552526,67.76146868648995,2.303929119222623
2026-10-25,2026-10-01,BKK_Ladprao,Pineapple,52.24833851678498,exp_smoothing_4w,active SKU window only; historical active windows have complete daily rows; no pre-launch zero fill,47.755436984804845,49.0,0.27199721193426646,10.435,10.681999999999999,0.042233425282982975,0.031675068962237235,6,5.0,0.0236703402012457,39.597007271916084,64.89966976165388,54.552267636007606,41.34306658552526,67.76146868648995,2.303929119222623
2026-10-26,2026-10-01,BKK_Ladprao,Pineapple,52.24833851678498,exp_smoothing_4w,active SKU window only; historical active windows have complete daily rows; no pre-launch zero fill,47.755436984804845,49.0,0.27199721193426646,10.435,10.681999999999999,0.042233425282982975,0.031675068962237235,6,5.0,0.0236703402012457,39.597007271916084,64.89966976165388,54.552267636007606,41.34306658552526,67.76146868648995,2.303929119222623
2026-10-27,2026-10-01,BKK_Ladprao,Pineapple,52.24833851678498,exp_smoothing_4w,active SKU window only; historical active windows have complete daily rows; no pre-launch zero fill,47.755436984804845,49.0,0.27199721193426646,10.435,10.681999999999999,0.042233425282982975,0.031675068962237235,6,5.0,0.0236703402012457,39.597007271916084,64.89966976165388,54.552267636007606,41.34306658552526,67.76146868648995,2.303929119222623
2026-10-28,2026-10-01,BKK_Ladprao,Pineapple,52.24833851678498,exp_smoothing_4w,active SKU window only; historical active windows have complete daily rows; no pre-launch zero fill,47.755436984804845,49.0,0.27199721193426646,10.435,10.681999999999999,0.042233425282982975,0.031675068962237235,6,5.0,0.0236703402012457,39.597007271916084,64.89966976165388,54.552267636007606,41.34306658552526,67.76146868648995,2.303929119222623
2026-10-29,2026-10-01,BKK_Ladprao,Pineapple,52.24833851678498,exp_smoothing_4w,active SKU window only; historical active windows have complete daily rows; no pre-launch zero fill,47.755436984804845,49.0,0.27199721193426646,10.435,10.681999999999999,0.042233425282982975,0.031675068962237235,6,5.0,0.0236703402012457,39.597007271916084,64.89966976165388,54.552267636007606,41.34306658552526,67.76146868648995,2.303929119222623
2026-10-30,2026-10-01,BKK_Ladprao,Pineapple,52.24833851678498,exp_smoothing_4w,active SKU window only; historical active windows have complete daily rows; no pre-launch zero fill,47.755436984804845,49.0,0.27199721193426646,10.435,10.681999999999999,0.042233425282982975,0.031675068962237235,6,5.0,0.0236703402012457,39.597007271916084,64.89966976165388,54.552267636007606,41.34306658552526,67.76146868648995,2.303929119222623
2026-10-31,2026-10-01,BKK_Ladprao,Pineapple,52.24833851678498,exp_smoothing_4w,active SKU window only; historical active windows have complete daily rows; no pre-launch zero fill,47.755436984804845,49.0,0.27199721193426646,10.435,10.681999999999999,0.042233425282982975,0.031675068962237235,6,5.0,0.0236703402012457,39.597007271916084,64.89966976165388,54.552267636007606,41.34306658552526,67.76146868648995,2.303929119222623
2026-11-01,2026-11-01,BKK_Ladprao,Pineapple,52.24833851678498,exp_smoothing_4w,active SKU window only; historical active windows have complete daily rows; no pre-launch zero fill,47.755436984804845,49.0,0.27199721193426646,10.435,10.681999999999999,0.042233425282982975,0.031675068962237235,6,5.0,0.0236703402012457,39.597007271916084,64.89966976165388,54.552267636007606,41.34306658552526,67.76146868648995,2.303929119222623
2026-11-02,2026-11-01,BKK_Ladprao,Pineapple,52.24833851678498,exp_smoothing_4w,active SKU window only; historical active windows have complete daily rows; no pre-launch zero fill,47.755436984804845,49.0,0.27199721193426646,10.435,10.681999999999999,0.042233425282982975,0.031675068962237235,6,5.0,0.0236703402012457,39.597007271916084,64.89966976165388,54.552267636007606,41.34306658552526,67.76146868648995,2.303929119222623
2026-11-03,2026-11-01,BKK_Ladprao,Pineapple,52.24833851678498,exp_smoothing_4w,active SKU window only; historical active windows have complete daily rows; no pre-launch zero fill,47.755436984804845,49.0,0.27199721193426646,10.435,10.681999999999999,0.042233425282982975,0.031675068962237235,6,5.0,0.0236703402012457,39.597007271916084,64.89966976165388,54.552267636007606,41.34306658552526,67.76146868648995,2.303929119222623
2026-11-04,2026-11-01,BKK_Ladprao,Pineapple,52.24833851678498,exp_smoothing_4w,active SKU window only; historical active windows have complete daily rows; no pre-launch zero fill,47.755436984804845,49.0,0.27199721193426646,10.435,10.681999999999999,0.042233425282982975,0.031675068962237235,6,5.0,0.0236703402012457,39.597007271916084,64.89966976165388,54.552267636007606,41.34306658552526,67.76146868648995,2.303929119222623
2026-11-05,2026-11-01,BKK_Ladprao,Pineapple,52.24833851678498,exp_smoothing_4w,active SKU window only; historical active windows have complete daily rows; no pre-launch zero fill,47.755436984804845,49.0,0.27199721193426646,10.435,10.681999999999999,0.042233425282982975,0.031675068962237235,6,5.0,0.0236703402012457,39.597007271916084,64.89966976165388,54.552267636007606,41.34306658552526,67.76146868648995,2.303929119222623
2026-11-06,2026-11-01,BKK_Ladprao,Pineapple,52.24833851678498,exp_smoothing_4w,active SKU window only; historical active windows have complete daily rows; no pre-launch zero fill,47.755436984804845,49.0,0.27199721193426646,10.435,10.681999999999999,0.042233425282982975,0.031675068962237235,6,5.0,0.0236703402012457,39.597007271916084,64.89966976165388,54.552267636007606,41.34306658552526,67.76146868648995,2.303929119222623
2026-11-07,2026-11-01,BKK_Ladprao,Pineapple,52.24833851678498,exp_smoothing_4w,active SKU window only; historical active windows have complete daily rows; no pre-launch zero fill,47.755436984804845,49.0,0.27199721193426646,10.435,10.681999999999999,0.042233425282982975,0.031675068962237235,6,5.0,0.0236703402012457,39.597007271916084,64.89966976165388,54.552267636007606,41.34306658552526,67.76146868648995,2.303929119222623
2026-11-08,2026-11-01,BKK_Ladprao,Pineapple,52.24833851678498,exp_smoothing_4w,active SKU window only; historical active windows have complete daily rows; no pre-launch zero fill,47.755436984804845,49.0,0.27199721193426646,10.435,10.681999999999999,0.042233425282982975,0.031675068962237235,6,5.0,0.0236703402012457,39.597007271916084,64.89966976165388,54.552267636007606,41.34306658552526,67.76146868648995,2.303929119222623
2026-11-09,2026-11-01,BKK_Ladprao,Pineapple,52.24833851678498,exp_smoothing_4w,active SKU window only; historical active windows have complete daily rows; no pre-launch zero fill,47.755436984804845,49.0,0.27199721193426646,10.435,10.681999999999999,0.042233425282982975,0.031675068962237235,6,5.0,0.0236703402012457,39.597007271916084,64.89966976165388,54.552267636007606,41.34306658552526,67.76146868648995,2.303929119222623
2026-11-10,2026-11-01,BKK_Ladprao,Pineapple,52.24833851678498,exp_smoothing_4w,active SKU window only; historical active windows have complete daily rows; no pre-launch zero fill,47.755436984804845,49.0,0.27199721193426646,10.435,10.681999999999999,0.042233425282982975,0.031675068962237235,6,5.0,0.0236703402012457,39.597007271916084,64.89966976165388,54.552267636007606,41.34306658552526,67.76146868648995,2.303929119222623
2026-11-11,2026-11-01,BKK_Ladprao,Pineapple,52.24833851678498,exp_smoothing_4w,active SKU window only; historical active windows have complete daily rows; no pre-launch zero fill,47.755436984804845,49.0,0.27199721193426646,10.435,10.681999999999999,0.042233425282982975,0.031675068962237235,6,5.0,0.0236703402012457,39.597007271916084,64.89966976165388,54.552267636007606,41.34306658552526,67.76146868648995,2.303929119222623
2026-11-12,2026-11-01,BKK_Ladprao,Pineapple,52.24833851678498,exp_smoothing_4w,active SKU window only; historical active windows have complete daily rows; no pre-launch zero fill,47.755436984804845,49.0,0.27199721193426646,10.435,10.681999999999999,0.042233425282982975,0.031675068962237235,6,5.0,0.0236703402012457,39.597007271916084,64.89966976165388,54.552267636007606,41.34306658552526,67.76146868648995,2.303929119222623
2026-11-13,2026-11-01,BKK_Ladprao,Pineapple,52.24833851678498,exp_smoothing_4w,active SKU window only; historical active windows have complete daily rows; no pre-launch zero fill,47.755436984804845,49.0,0.27199721193426646,10.435,10.681999999999999,0.042233425282982975,0.031675068962237235,6,5.0,0.0236703402012457,39.597007271916084,64.89966976165388,54.552267636007606,41.34306658552526,67.76146868648995,2.303929119222623
2026-11-14,2026-11-01,BKK_Ladprao,Pineapple,52.24833851678498,exp_smoothing_4w,active SKU window only; historical active windows have complete daily rows; no pre-launch zero fill,47.755436984804845,49.0,0.27199721193426646,10.435,10.681999999999999,0.042233425282982975,0.031675068962237235,6,5.0,0.0236703402012457,39.597007271916084,64.89966976165388,54.552267636007606,41.34306658552526,67.76146868648995,2.303929119222623
2026-11-15,2026-11-01,BKK_Ladprao,Pineapple,52.24833851678498,exp_smoothing_4w,active SKU window only; historical active windows have complete daily rows; no pre-launch zero fill,47.755436984804845,49.0,0.27199721193426646,10.435,10.681999999999999,0.042233425282982975,0.031675068962237235,6,5.0,0.0236703402012457,39.597007271916084,64.89966976165388,54.552267636007606,41.34306658552526,67.76146868648995,2.303929119222623
2026-11-16,2026-11-01,BKK_Ladprao,Pineapple,52.24833851678498,exp_smoothing_4w,active SKU window only; historical active windows have complete daily rows; no pre-launch zero fill,47.755436984804845,49.0,0.27199721193426646,10.435,10.681999999999999,0.042233425282982975,0.031675068962237235,6,5.0,0.0236703402012457,39.597007271916084,64.89966976165388,54.552267636007606,41.34306658552526,67.76146868648995,2.303929119222623
2026-11-17,2026-11-01,BKK_Ladprao,Pineapple,52.24833851678498,exp_smoothing_4w,active SKU window only; historical active windows have complete daily rows; no pre-launch zero fill,47.755436984804845,49.0,0.27199721193426646,10.435,10.681999999999999,0.042233425282982975,0.031675068962237235,6,5.0,0.0236703402012457,39.597007271916084,64.89966976165388,54.552267636007606,41.34306658552526,67.76146868648995,2.303929119222623
2026-11-18,2026-11-01,BKK_Ladprao,Pineapple,52.24833851678498,exp_smoothing_4w,active SKU window only; historical active windows have complete daily rows; no pre-launch zero fill,47.755436984804845,49.0,0.27199721193426646,10.435,10.681999999999999,0.042233425282982975,0.031675068962237235,6,5.0,0.0236703402012457,39.597007271916084,64.89966976165388,54.552267636007606,41.34306658552526,67.76146868648995,2.303929119222623
2026-11-19,2026-11-01,BKK_Ladprao,Pineapple,52.24833851678498,exp_smoothing_4w,active SKU window only; historical active windows have complete daily rows; no pre-launch zero fill,47.755436984804845,49.0,0.27199721193426646,10.435,10.681999999999999,0.042233425282982975,0.031675068962237235,6,5.0,0.0236703402012457,39.597007271916084,64.89966976165388,54.552267636007606,41.34306658552526,67.76146868648995,2.303929119222623
2026-11-20,2026-11-01,BKK_Ladprao,Pineapple,52.24833851678498,exp_smoothing_4w,active SKU window only; historical active windows have complete daily rows; no pre-launch zero fill,47.755436984804845,49.0,0.27199721193426646,10.435,10.681999999999999,0.042233425282982975,0.031675068962237235,6,5.0,0.0236703402012457,39.597007271916084,64.89966976165388,54.552267636007606,41.34306658552526,67.76146868648995,2.303929119222623
2026-11-21,2026-11-01,BKK_Ladprao,Pineapple,52.24833851678498,exp_smoothing_4w,active SKU window only; historical active windows have complete daily rows; no pre-launch zero fill,47.755436984804845,49.0,0.27199721193426646,10.435,10.681999999999999,0.042233425282982975,0.031675068962237235,6,5.0,0.0236703402012457,39.597007271916084,64.89966976165388,54.552267636007606,41.34306658552526,67.76146868648995,2.303929119222623
2026-11-22,2026-11-01,BKK_Ladprao,Pineapple,52.24833851678498,exp_smoothing_4w,active SKU window only; historical active windows have complete daily rows; no pre-launch zero fill,47.755436984804845,49.0,0.27199721193426646,10.435,10.681999999999999,0.042233425282982975,0.031675068962237235,6,5.0,0.0236703402012457,39.597007271916084,64.89966976165388,54.552267636007606,41.34306658552526,67.76146868648995,2.303929119222623
2026-11-23,2026-11-01,BKK_Ladprao,Pineapple,52.24833851678498,exp_smoothing_4w,active SKU window only; historical active windows have complete daily rows; no pre-launch zero fill,47.755436984804845,49.0,0.27199721193426646,10.435,10.681999999999999,0.042233425282982975,0.031675068962237235,6,5.0,0.0236703402012457,39.597007271916084,64.89966976165388,54.552267636007606,41.34306658552526,67.76146868648995,2.303929119222623
2026-11-24,2026-11-01,BKK_Ladprao,Pineapple,52.24833851678498,exp_smoothing_4w,active SKU window only; historical active windows have complete daily rows; no pre-launch zero fill,47.755436984804845,49.0,0.27199721193426646,10.435,10.681999999999999,0.042233425282982975,0.031675068962237235,6,5.0,0.0236703402012457,39.597007271916084,64.89966976165388,54.552267636007606,41.34306658552526,67.76146868648995,2.303929119222623
2026-11-25,2026-11-01,BKK_Ladprao,Pineapple,52.24833851678498,exp_smoothing_4w,active SKU window only; historical active windows have complete daily rows; no pre-launch zero fill,47.755436984804845,49.0,0.27199721193426646,10.435,10.681999999999999,0.042233425282982975,0.031675068962237235,6,5.0,0.0236703402012457,39.597007271916084,64.89966976165388,54.552267636007606,41.34306658552526,67.76146868648995,2.303929119222623
2026-11-26,2026-11-01,BKK_Ladprao,Pineapple,52.24833851678498,exp_smoothing_4w,active SKU window only; historical active windows have complete daily rows; no pre-launch zero fill,47.755436984804845,49.0,0.27199721193426646,10.435,10.681999999999999,0.042233425282982975,0.031675068962237235,6,5.0,0.0236703402012457,39.597007271916084,64.89966976165388,54.552267636007606,41.34306658552526,67.76146868648995,2.303929119222623
2026-11-27,2026-11-01,BKK_Ladprao,Pineapple,52.24833851678498,exp_smoothing_4w,active SKU window only; historical active windows have complete daily rows; no pre-launch zero fill,47.755436984804845,49.0,0.27199721193426646,10.435,10.681999999999999,0.042233425282982975,0.031675068962237235,6,5.0,0.0236703402012457,39.597007271916084,64.89966976165388,54.552267636007606,41.34306658552526,67.76146868648995,2.303929119222623
2026-11-28,2026-11-01,BKK_Ladprao,Pineapple,52.24833851678498,exp_smoothing_4w,active SKU window only; historical active windows have complete daily rows; no pre-launch zero fill,47.755436984804845,49.0,0.27199721193426646,10.435,10.681999999999999,0.042233425282982975,0.031675068962237235,6,5.0,0.0236703402012457,39.597007271916084,64.89966976165388,54.552267636007606,41.34306658552526,67.76146868648995,2.303929119222623
2026-11-29,2026-11-01,BKK_Ladprao,Pineapple,52.24833851678498,exp_smoothing_4w,active SKU window only; historical active windows have complete daily rows; no pre-launch zero fill,47.755436984804845,49.0,0.27199721193426646,10.435,10.681999999999999,0.042233425282982975,0.031675068962237235,6,5.0,0.0236703402012457,39.597007271916084,64.89966976165388,54.552267636007606,41.34306658552526,67.76146868648995,2.303929119222623
2026-11-30,2026-11-01,BKK_Ladprao,Pineapple,52.24833851678498,exp_smoothing_4w,active SKU window only; historical active windows have complete daily rows; no pre-launch zero fill,47.755436984804845,49.0,0.27199721193426646,10.435,10.681999999999999,0.042233425282982975,0.031675068962237235,6,5.0,0.0236703402012457,39.597007271916084,64.89966976165388,54.552267636007606,41.34306658552526,67.76146868648995,2.303929119222623
2026-09-01,2026-09-01,BKK_Ladprao,Watermelon,82.18013413174745,exp_smoothing_4w,active SKU window only; historical active windows have complete daily rows; no pre-launch zero fill,44.01069549970777,45.0,0.2697136740843242,7.885,8.224,0.03236144275480709,0.024271082066105315,6,5.0,0.04299302473050104,62.28116455371025,102.07910370978465,84.92854435824593,64.36407901212708,105.49300970436477,2.7484102264984784
2026-09-02,2026-09-01,BKK_Ladprao,Watermelon,82.18013413174745,exp_smoothing_4w,active SKU window only; historical active windows have complete daily rows; no pre-launch zero fill,44.01069549970777,45.0,0.2697136740843242,7.885,8.224,0.03236144275480709,0.024271082066105315,6,5.0,0.04299302473050104,62.28116455371025,102.07910370978465,84.92854435824593,64.36407901212708,105.49300970436477,2.7484102264984784
2026-09-03,2026-09-01,BKK_Ladprao,Watermelon,82.18013413174745,exp_smoothing_4w,active SKU window only; historical active windows have complete daily rows; no pre-launch zero fill,44.01069549970777,45.0,0.2697136740843242,7.885,8.224,0.03236144275480709,0.024271082066105315,6,5.0,0.04299302473050104,62.28116455371025,102.07910370978465,84.92854435824593,64.36407901212708,105.49300970436477,2.7484102264984784
2026-09-04,2026-09-01,BKK_Ladprao,Watermelon,82.18013413174745,exp_smoothing_4w,active SKU window only; historical active windows have complete daily rows; no pre-launch zero fill,44.01069549970777,45.0,0.2697136740843242,7.885,8.224,0.03236144275480709,0.024271082066105315,6,5.0,0.04299302473050104,62.28116455371025,102.07910370978465,84.92854435824593,64.36407901212708,105.49300970436477,2.7484102264984784
2026-09-05,2026-09-01,BKK_Ladprao,Watermelon,82.18013413174745,exp_smoothing_4w,active SKU window only; historical active windows have complete daily rows; no pre-launch zero fill,44.01069549970777,45.0,0.2697136740843242,7.885,8.224,0.03236144275480709,0.024271082066105315,6,5.0,0.04299302473050104,62.28116455371025,102.07910370978465,84.92854435824593,64.36407901212708,105.49300970436477,2.7484102264984784
2026-09-06,2026-09-01,BKK_Ladprao,Watermelon,82.18013413174745,exp_smoothing_4w,active SKU window only; historical active windows have complete daily rows; no pre-launch zero fill,44.01069549970777,45.0,0.2697136740843242,7.885,8.224,0.03236144275480709,0.024271082066105315,6,5.0,0.04299302473050104,62.28116455371025,102.07910370978465,84.92854435824593,64.36407901212708,105.49300970436477,2.7484102264984784
2026-09-07,2026-09-01,BKK_Ladprao,Watermelon,82.18013413174745,exp_smoothing_4w,active SKU window only; historical active windows have complete daily rows; no pre-launch zero fill,44.01069549970777,45.0,0.2697136740843242,7.885,8.224,0.03236144275480709,0.024271082066105315,6,5.0,0.04299302473050104,62.28116455371025,102.07910370978465,84.92854435824593,64.36407901212708,105.49300970436477,2.7484102264984784
2026-09-08,2026-09-01,BKK_Ladprao,Watermelon,82.18013413174745,exp_smoothing_4w,active SKU window only; historical active windows have complete daily rows; no pre-launch zero fill,44.01069549970777,45.0,0.2697136740843242,7.885,8.224,0.03236144275480709,0.024271082066105315,6,5.0,0.04299302473050104,62.28116455371025,102.07910370978465,84.92854435824593,64.36407901212708,105.49300970436477,2.7484102264984784
2026-09-09,2026-09-01,BKK_Ladprao,Watermelon,82.18013413174745,exp_smoothing_4w,active SKU window only; historical active windows have complete daily rows; no pre-launch zero fill,44.01069549970777,45.0,0.2697136740843242,7.885,8.224,0.03236144275480709,0.024271082066105315,6,5.0,0.04299302473050104,62.28116455371025,102.07910370978465,84.92854435824593,64.36407901212708,105.49300970436477,2.7484102264984784
2026-09-10,2026-09-01,BKK_Ladprao,Watermelon,82.18013413174745,exp_smoothing_4w,active SKU window only; historical active windows have complete daily rows; no pre-launch zero fill,44.01069549970777,45.0,0.2697136740843242,7.885,8.224,0.03236144275480709,0.024271082066105315,6,5.0,0.04299302473050104,62.28116455371025,102.07910370978465,84.92854435824593,64.36407901212708,105.49300970436477,2.7484102264984784
2026-09-11,2026-09-01,BKK_Ladprao,Watermelon,82.18013413174745,exp_smoothing_4w,active SKU window only; historical active windows have complete daily rows; no pre-launch zero fill,44.01069549970777,45.0,0.2697136740843242,7.885,8.224,0.03236144275480709,0.024271082066105315,6,5.0,0.04299302473050104,62.28116455371025,102.07910370978465,84.92854435824593,64.36407901212708,105.49300970436477,2.7484102264984784
2026-09-12,2026-09-01,BKK_Ladprao,Watermelon,82.18013413174745,exp_smoothing_4w,active SKU window only; historical active windows have complete daily rows; no pre-launch zero fill,44.01069549970777,45.0,0.2697136740843242,7.885,8.224,0.03236144275480709,0.024271082066105315,6,5.0,0.04299302473050104,62.28116455371025,102.07910370978465,84.92854435824593,64.36407901212708,105.49300970436477,2.7484102264984784
2026-09-13,2026-09-01,BKK_Ladprao,Watermelon,82.18013413174745,exp_smoothing_4w,active SKU window only; historical active windows have complete daily rows; no pre-launch zero fill,44.01069549970777,45.0,0.2697136740843242,7.885,8.224,0.03236144275480709,0.024271082066105315,6,5.0,0.04299302473050104,62.28116455371025,102.07910370978465,84.92854435824593,64.36407901212708,105.49300970436477,2.7484102264984784
2026-09-14,2026-09-01,BKK_Ladprao,Watermelon,82.18013413174745,exp_smoothing_4w,active SKU window only; historical active windows have complete daily rows; no pre-launch zero fill,44.01069549970777,45.0,0.2697136740843242,7.885,8.224,0.03236144275480709,0.024271082066105315,6,5.0,0.04299302473050104,62.28116455371025,102.07910370978465,84.92854435824593,64.36407901212708,105.49300970436477,2.7484102264984784
2026-09-15,2026-09-01,BKK_Ladprao,Watermelon,82.18013413174745,exp_smoothing_4w,active SKU window only; historical active windows have complete daily rows; no pre-launch zero fill,44.01069549970777,45.0,0.2697136740843242,7.885,8.224,0.03236144275480709,0.024271082066105315,6,5.0,0.04299302473050104,62.28116455371025,102.07910370978465,84.92854435824593,64.36407901212708,105.49300970436477,2.7484102264984784
2026-09-16,2026-09-01,BKK_Ladprao,Watermelon,82.18013413174745,exp_smoothing_4w,active SKU window only; historical active windows have complete daily rows; no pre-launch zero fill,44.01069549970777,45.0,0.2697136740843242,7.885,8.224,0.03236144275480709,0.024271082066105315,6,5.0,0.04299302473050104,62.28116455371025,102.07910370978465,84.92854435824593,64.36407901212708,105.49300970436477,2.7484102264984784
2026-09-17,2026-09-01,BKK_Ladprao,Watermelon,82.18013413174745,exp_smoothing_4w,active SKU window only; historical active windows have complete daily rows; no pre-launch zero fill,44.01069549970777,45.0,0.2697136740843242,7.885,8.224,0.03236144275480709,0.024271082066105315,6,5.0,0.04299302473050104,62.28116455371025,102.07910370978465,84.92854435824593,64.36407901212708,105.49300970436477,2.7484102264984784
2026-09-18,2026-09-01,BKK_Ladprao,Watermelon,82.18013413174745,exp_smoothing_4w,active SKU window only; historical active windows have complete daily rows; no pre-launch zero fill,44.01069549970777,45.0,0.2697136740843242,7.885,8.224,0.03236144275480709,0.024271082066105315,6,5.0,0.04299302473050104,62.28116455371025,102.07910370978465,84.92854435824593,64.36407901212708,105.49300970436477,2.7484102264984784
2026-09-19,2026-09-01,BKK_Ladprao,Watermelon,82.18013413174745,exp_smoothing_4w,active SKU window only; historical active windows have complete daily rows; no pre-launch zero fill,44.01069549970777,45.0,0.2697136740843242,7.885,8.224,0.03236144275480709,0.024271082066105315,6,5.0,0.04299302473050104,62.28116455371025,102.07910370978465,84.92854435824593,64.36407901212708,105.49300970436477,2.7484102264984784
2026-09-20,2026-09-01,BKK_Ladprao,Watermelon,82.18013413174745,exp_smoothing_4w,active SKU window only; historical active windows have complete daily rows; no pre-launch zero fill,44.01069549970777,45.0,0.2697136740843242,7.885,8.224,0.03236144275480709,0.024271082066105315,6,5.0,0.04299302473050104,62.28116455371025,102.07910370978465,84.92854435824593,64.36407901212708,105.49300970436477,2.7484102264984784
2026-09-21,2026-09-01,BKK_Ladprao,Watermelon,82.18013413174745,exp_smoothing_4w,active SKU window only; historical active windows have complete daily rows; no pre-launch zero fill,44.01069549970777,45.0,0.2697136740843242,7.885,8.224,0.03236144275480709,0.024271082066105315,6,5.0,0.04299302473050104,62.28116455371025,102.07910370978465,84.92854435824593,64.36407901212708,105.49300970436477,2.7484102264984784
2026-09-22,2026-09-01,BKK_Ladprao,Watermelon,82.18013413174745,exp_smoothing_4w,active SKU window only; historical active windows have complete daily rows; no pre-launch zero fill,44.01069549970777,45.0,0.2697136740843242,7.885,8.224,0.03236144275480709,0.024271082066105315,6,5.0,0.04299302473050104,62.28116455371025,102.07910370978465,84.92854435824593,64.36407901212708,105.49300970436477,2.7484102264984784
2026-09-23,2026-09-01,BKK_Ladprao,Watermelon,82.18013413174745,exp_smoothing_4w,active SKU window only; historical active windows have complete daily rows; no pre-launch zero fill,44.01069549970777,45.0,0.2697136740843242,7.885,8.224,0.03236144275480709,0.024271082066105315,6,5.0,0.04299302473050104,62.28116455371025,102.07910370978465,84.92854435824593,64.36407901212708,105.49300970436477,2.7484102264984784
2026-09-24,2026-09-01,BKK_Ladprao,Watermelon,82.18013413174745,exp_smoothing_4w,active SKU window only; historical active windows have complete daily rows; no pre-launch zero fill,44.01069549970777,45.0,0.2697136740843242,7.885,8.224,0.03236144275480709,0.024271082066105315,6,5.0,0.04299302473050104,62.28116455371025,102.07910370978465,84.92854435824593,64.36407901212708,105.49300970436477,2.7484102264984784
2026-09-25,2026-09-01,BKK_Ladprao,Watermelon,82.18013413174745,exp_smoothing_4w,active SKU window only; historical active windows have complete daily rows; no pre-launch zero fill,44.01069549970777,45.0,0.2697136740843242,7.885,8.224,0.03236144275480709,0.024271082066105315,6,5.0,0.04299302473050104,62.28116455371025,102.07910370978465,84.92854435824593,64.36407901212708,105.49300970436477,2.7484102264984784
2026-09-26,2026-09-01,BKK_Ladprao,Watermelon,82.18013413174745,exp_smoothing_4w,active SKU window only; historical active windows have complete daily rows; no pre-launch zero fill,44.01069549970777,45.0,0.2697136740843242,7.885,8.224,0.03236144275480709,0.024271082066105315,6,5.0,0.04299302473050104,62.28116455371025,102.07910370978465,84.92854435824593,64.36407901212708,105.49300970436477,2.7484102264984784
2026-09-27,2026-09-01,BKK_Ladprao,Watermelon,82.18013413174745,exp_smoothing_4w,active SKU window only; historical active windows have complete daily rows; no pre-launch zero fill,44.01069549970777,45.0,0.2697136740843242,7.885,8.224,0.03236144275480709,0.024271082066105315,6,5.0,0.04299302473050104,62.28116455371025,102.07910370978465,84.92854435824593,64.36407901212708,105.49300970436477,2.7484102264984784
2026-09-28,2026-09-01,BKK_Ladprao,Watermelon,82.18013413174745,exp_smoothing_4w,active SKU window only; historical active windows have complete daily rows; no pre-launch zero fill,44.01069549970777,45.0,0.2697136740843242,7.885,8.224,0.03236144275480709,0.024271082066105315,6,5.0,0.04299302473050104,62.28116455371025,102.07910370978465,84.92854435824593,64.36407901212708,105.49300970436477,2.7484102264984784
2026-09-29,2026-09-01,BKK_Ladprao,Watermelon,82.18013413174745,exp_smoothing_4w,active SKU window only; historical active windows have complete daily rows; no pre-launch zero fill,44.01069549970777,45.0,0.2697136740843242,7.885,8.224,0.03236144275480709,0.024271082066105315,6,5.0,0.04299302473050104,62.28116455371025,102.07910370978465,84.92854435824593,64.36407901212708,105.49300970436477,2.7484102264984784
2026-09-30,2026-09-01,BKK_Ladprao,Watermelon,82.18013413174745,exp_smoothing_4w,active SKU window only; historical active windows have complete daily rows; no pre-launch zero fill,44.01069549970777,45.0,0.2697136740843242,7.885,8.224,0.03236144275480709,0.024271082066105315,6,5.0,0.04299302473050104,62.28116455371025,102.07910370978465,84.92854435824593,64.36407901212708,105.49300970436477,2.7484102264984784
2026-10-01,2026-10-01,BKK_Ladprao,Watermelon,82.18013413174745,exp_smoothing_4w,active SKU window only; historical active windows have complete daily rows; no pre-launch zero fill,44.01069549970777,45.0,0.2697136740843242,7.885,8.224,0.03236144275480709,0.024271082066105315,6,5.0,0.04299302473050104,62.28116455371025,102.07910370978465,84.92854435824593,64.36407901212708,105.49300970436477,2.7484102264984784
2026-10-02,2026-10-01,BKK_Ladprao,Watermelon,82.18013413174745,exp_smoothing_4w,active SKU window only; historical active windows have complete daily rows; no pre-launch zero fill,44.01069549970777,45.0,0.2697136740843242,7.885,8.224,0.03236144275480709,0.024271082066105315,6,5.0,0.04299302473050104,62.28116455371025,102.07910370978465,84.92854435824593,64.36407901212708,105.49300970436477,2.7484102264984784
2026-10-03,2026-10-01,BKK_Ladprao,Watermelon,82.18013413174745,exp_smoothing_4w,active SKU window only; historical active windows have complete daily rows; no pre-launch zero fill,44.01069549970777,45.0,0.2697136740843242,7.885,8.224,0.03236144275480709,0.024271082066105315,6,5.0,0.04299302473050104,62.28116455371025,102.07910370978465,84.92854435824593,64.36407901212708,105.49300970436477,2.7484102264984784
2026-10-04,2026-10-01,BKK_Ladprao,Watermelon,82.18013413174745,exp_smoothing_4w,active SKU window only; historical active windows have complete daily rows; no pre-launch zero fill,44.01069549970777,45.0,0.2697136740843242,7.885,8.224,0.03236144275480709,0.024271082066105315,6,5.0,0.04299302473050104,62.28116455371025,102.07910370978465,84.92854435824593,64.36407901212708,105.49300970436477,2.7484102264984784
2026-10-05,2026-10-01,BKK_Ladprao,Watermelon,82.18013413174745,exp_smoothing_4w,active SKU window only; historical active windows have complete daily rows; no pre-launch zero fill,44.01069549970777,45.0,0.2697136740843242,7.885,8.224,0.03236144275480709,0.024271082066105315,6,5.0,0.04299302473050104,62.28116455371025,102.07910370978465,84.92854435824593,64.36407901212708,105.49300970436477,2.7484102264984784
2026-10-06,2026-10-01,BKK_Ladprao,Watermelon,82.18013413174745,exp_smoothing_4w,active SKU window only; historical active windows have complete daily rows; no pre-launch zero fill,44.01069549970777,45.0,0.2697136740843242,7.885,8.224,0.03236144275480709,0.024271082066105315,6,5.0,0.04299302473050104,62.28116455371025,102.07910370978465,84.92854435824593,64.36407901212708,105.49300970436477,2.7484102264984784
2026-10-07,2026-10-01,BKK_Ladprao,Watermelon,82.18013413174745,exp_smoothing_4w,active SKU window only; historical active windows have complete daily rows; no pre-launch zero fill,44.01069549970777,45.0,0.2697136740843242,7.885,8.224,0.03236144275480709,0.024271082066105315,6,5.0,0.04299302473050104,62.28116455371025,102.07910370978465,84.92854435824593,64.36407901212708,105.49300970436477,2.7484102264984784
2026-10-08,2026-10-01,BKK_Ladprao,Watermelon,82.18013413174745,exp_smoothing_4w,active SKU window only; historical active windows have complete daily rows; no pre-launch zero fill,44.01069549970777,45.0,0.2697136740843242,7.885,8.224,0.03236144275480709,0.024271082066105315,6,5.0,0.04299302473050104,62.28116455371025,102.07910370978465,84.92854435824593,64.36407901212708,105.49300970436477,2.7484102264984784
2026-10-09,2026-10-01,BKK_Ladprao,Watermelon,82.18013413174745,exp_smoothing_4w,active SKU window only; historical active windows have complete daily rows; no pre-launch zero fill,44.01069549970777,45.0,0.2697136740843242,7.885,8.224,0.03236144275480709,0.024271082066105315,6,5.0,0.04299302473050104,62.28116455371025,102.07910370978465,84.92854435824593,64.36407901212708,105.49300970436477,2.7484102264984784
2026-10-10,2026-10-01,BKK_Ladprao,Watermelon,82.18013413174745,exp_smoothing_4w,active SKU window only; historical active windows have complete daily rows; no pre-launch zero fill,44.01069549970777,45.0,0.2697136740843242,7.885,8.224,0.03236144275480709,0.024271082066105315,6,5.0,0.04299302473050104,62.28116455371025,102.07910370978465,84.92854435824593,64.36407901212708,105.49300970436477,2.7484102264984784
2026-10-11,2026-10-01,BKK_Ladprao,Watermelon,82.18013413174745,exp_smoothing_4w,active SKU window only; historical active windows have complete daily rows; no pre-launch zero fill,44.01069549970777,45.0,0.2697136740843242,7.885,8.224,0.03236144275480709,0.024271082066105315,6,5.0,0.04299302473050104,62.28116455371025,102.07910370978465,84.92854435824593,64.36407901212708,105.49300970436477,2.7484102264984784
2026-10-12,2026-10-01,BKK_Ladprao,Watermelon,82.18013413174745,exp_smoothing_4w,active SKU window only; historical active windows have complete daily rows; no pre-launch zero fill,44.01069549970777,45.0,0.2697136740843242,7.885,8.224,0.03236144275480709,0.024271082066105315,6,5.0,0.04299302473050104,62.28116455371025,102.07910370978465,84.92854435824593,64.36407901212708,105.49300970436477,2.7484102264984784
2026-10-13,2026-10-01,BKK_Ladprao,Watermelon,82.18013413174745,exp_smoothing_4w,active SKU window only; historical active windows have complete daily rows; no pre-launch zero fill,44.01069549970777,45.0,0.2697136740843242,7.885,8.224,0.03236144275480709,0.024271082066105315,6,5.0,0.04299302473050104,62.28116455371025,102.07910370978465,84.92854435824593,64.36407901212708,105.49300970436477,2.7484102264984784
2026-10-14,2026-10-01,BKK_Ladprao,Watermelon,82.18013413174745,exp_smoothing_4w,active SKU window only; historical active windows have complete daily rows; no pre-launch zero fill,44.01069549970777,45.0,0.2697136740843242,7.885,8.224,0.03236144275480709,0.024271082066105315,6,5.0,0.04299302473050104,62.28116455371025,102.07910370978465,84.92854435824593,64.36407901212708,105.49300970436477,2.7484102264984784
2026-10-15,2026-10-01,BKK_Ladprao,Watermelon,82.18013413174745,exp_smoothing_4w,active SKU window only; historical active windows have complete daily rows; no pre-launch zero fill,44.01069549970777,45.0,0.2697136740843242,7.885,8.224,0.03236144275480709,0.024271082066105315,6,5.0,0.04299302473050104,62.28116455371025,102.07910370978465,84.92854435824593,64.36407901212708,105.49300970436477,2.7484102264984784
2026-10-16,2026-10-01,BKK_Ladprao,Watermelon,82.18013413174745,exp_smoothing_4w,active SKU window only; historical active windows have complete daily rows; no pre-launch zero fill,44.01069549970777,45.0,0.2697136740843242,7.885,8.224,0.03236144275480709,0.024271082066105315,6,5.0,0.04299302473050104,62.28116455371025,102.07910370978465,84.92854435824593,64.36407901212708,105.49300970436477,2.7484102264984784
2026-10-17,2026-10-01,BKK_Ladprao,Watermelon,82.18013413174745,exp_smoothing_4w,active SKU window only; historical active windows have complete daily rows; no pre-launch zero fill,44.01069549970777,45.0,0.2697136740843242,7.885,8.224,0.03236144275480709,0.024271082066105315,6,5.0,0.04299302473050104,62.28116455371025,102.07910370978465,84.92854435824593,64.36407901212708,105.49300970436477,2.7484102264984784
2026-10-18,2026-10-01,BKK_Ladprao,Watermelon,82.18013413174745,exp_smoothing_4w,active SKU window only; historical active windows have complete daily rows; no pre-launch zero fill,44.01069549970777,45.0,0.2697136740843242,7.885,8.224,0.03236144275480709,0.024271082066105315,6,5.0,0.04299302473050104,62.28116455371025,102.07910370978465,84.92854435824593,64.36407901212708,105.49300970436477,2.7484102264984784
2026-10-19,2026-10-01,BKK_Ladprao,Watermelon,82.18013413174745,exp_smoothing_4w,active SKU window only; historical active windows have complete daily rows; no pre-launch zero fill,44.01069549970777,45.0,0.2697136740843242,7.885,8.224,0.03236144275480709,0.024271082066105315,6,5.0,0.04299302473050104,62.28116455371025,102.07910370978465,84.92854435824593,64.36407901212708,105.49300970436477,2.7484102264984784
2026-10-20,2026-10-01,BKK_Ladprao,Watermelon,82.18013413174745,exp_smoothing_4w,active SKU window only; historical active windows have complete daily rows; no pre-launch zero fill,44.01069549970777,45.0,0.2697136740843242,7.885,8.224,0.03236144275480709,0.024271082066105315,6,5.0,0.04299302473050104,62.28116455371025,102.07910370978465,84.92854435824593,64.36407901212708,105.49300970436477,2.7484102264984784
2026-10-21,2026-10-01,BKK_Ladprao,Watermelon,82.18013413174745,exp_smoothing_4w,active SKU window only; historical active windows have complete daily rows; no pre-launch zero fill,44.01069549970777,45.0,0.2697136740843242,7.885,8.224,0.03236144275480709,0.024271082066105315,6,5.0,0.04299302473050104,62.28116455371025,102.07910370978465,84.92854435824593,64.36407901212708,105.49300970436477,2.7484102264984784
2026-10-22,2026-10-01,BKK_Ladprao,Watermelon,82.18013413174745,exp_smoothing_4w,active SKU window only; historical active windows have complete daily rows; no pre-launch zero fill,44.01069549970777,45.0,0.2697136740843242,7.885,8.224,0.03236144275480709,0.024271082066105315,6,5.0,0.04299302473050104,62.28116455371025,102.07910370978465,84.92854435824593,64.36407901212708,105.49300970436477,2.7484102264984784
2026-10-23,2026-10-01,BKK_Ladprao,Watermelon,82.18013413174745,exp_smoothing_4w,active SKU window only; historical active windows have complete daily rows; no pre-launch zero fill,44.01069549970777,45.0,0.2697136740843242,7.885,8.224,0.03236144275480709,0.024271082066105315,6,5.0,0.04299302473050104,62.28116455371025,102.07910370978465,84.92854435824593,64.36407901212708,105.49300970436477,2.7484102264984784
2026-10-24,2026-10-01,BKK_Ladprao,Watermelon,82.18013413174745,exp_smoothing_4w,active SKU window only; historical active windows have complete daily rows; no pre-launch zero fill,44.01069549970777,45.0,0.2697136740843242,7.885,8.224,0.03236144275480709,0.024271082066105315,6,5.0,0.04299302473050104,62.28116455371025,102.07910370978465,84.92854435824593,64.36407901212708,105.49300970436477,2.7484102264984784
2026-10-25,2026-10-01,BKK_Ladprao,Watermelon,82.18013413174745,exp_smoothing_4w,active SKU window only; historical active windows have complete daily rows; no pre-launch zero fill,44.01069549970777,45.0,0.2697136740843242,7.885,8.224,0.03236144275480709,0.024271082066105315,6,5.0,0.04299302473050104,62.28116455371025,102.07910370978465,84.92854435824593,64.36407901212708,105.49300970436477,2.7484102264984784
2026-10-26,2026-10-01,BKK_Ladprao,Watermelon,82.18013413174745,exp_smoothing_4w,active SKU window only; historical active windows have complete daily rows; no pre-launch zero fill,44.01069549970777,45.0,0.2697136740843242,7.885,8.224,0.03236144275480709,0.024271082066105315,6,5.0,0.04299302473050104,62.28116455371025,102.07910370978465,84.92854435824593,64.36407901212708,105.49300970436477,2.7484102264984784
2026-10-27,2026-10-01,BKK_Ladprao,Watermelon,82.18013413174745,exp_smoothing_4w,active SKU window only; historical active windows have complete daily rows; no pre-launch zero fill,44.01069549970777,45.0,0.2697136740843242,7.885,8.224,0.03236144275480709,0.024271082066105315,6,5.0,0.04299302473050104,62.28116455371025,102.07910370978465,84.92854435824593,64.36407901212708,105.49300970436477,2.7484102264984784
2026-10-28,2026-10-01,BKK_Ladprao,Watermelon,82.18013413174745,exp_smoothing_4w,active SKU window only; historical active windows have complete daily rows; no pre-launch zero fill,44.01069549970777,45.0,0.2697136740843242,7.885,8.224,0.03236144275480709,0.024271082066105315,6,5.0,0.04299302473050104,62.28116455371025,102.07910370978465,84.92854435824593,64.36407901212708,105.49300970436477,2.7484102264984784
2026-10-29,2026-10-01,BKK_Ladprao,Watermelon,82.18013413174745,exp_smoothing_4w,active SKU window only; historical active windows have complete daily rows; no pre-launch zero fill,44.01069549970777,45.0,0.2697136740843242,7.885,8.224,0.03236144275480709,0.024271082066105315,6,5.0,0.04299302473050104,62.28116455371025,102.07910370978465,84.92854435824593,64.36407901212708,105.49300970436477,2.7484102264984784
2026-10-30,2026-10-01,BKK_Ladprao,Watermelon,82.18013413174745,exp_smoothing_4w,active SKU window only; historical active windows have complete daily rows; no pre-launch zero fill,44.01069549970777,45.0,0.2697136740843242,7.885,8.224,0.03236144275480709,0.024271082066105315,6,5.0,0.04299302473050104,62.28116455371025,102.07910370978465,84.92854435824593,64.36407901212708,105.49300970436477,2.7484102264984784
2026-10-31,2026-10-01,BKK_Ladprao,Watermelon,82.18013413174745,exp_smoothing_4w,active SKU window only; historical active windows have complete daily rows; no pre-launch zero fill,44.01069549970777,45.0,0.2697136740843242,7.885,8.224,0.03236144275480709,0.024271082066105315,6,5.0,0.04299302473050104,62.28116455371025,102.07910370978465,84.92854435824593,64.36407901212708,105.49300970436477,2.7484102264984784
2026-11-01,2026-11-01,BKK_Ladprao,Watermelon,82.18013413174745,exp_smoothing_4w,active SKU window only; historical active windows have complete daily rows; no pre-launch zero fill,44.01069549970777,45.0,0.2697136740843242,7.885,8.224,0.03236144275480709,0.024271082066105315,6,5.0,0.04299302473050104,62.28116455371025,102.07910370978465,84.92854435824593,64.36407901212708,105.49300970436477,2.7484102264984784
2026-11-02,2026-11-01,BKK_Ladprao,Watermelon,82.18013413174745,exp_smoothing_4w,active SKU window only; historical active windows have complete daily rows; no pre-launch zero fill,44.01069549970777,45.0,0.2697136740843242,7.885,8.224,0.03236144275480709,0.024271082066105315,6,5.0,0.04299302473050104,62.28116455371025,102.07910370978465,84.92854435824593,64.36407901212708,105.49300970436477,2.7484102264984784
2026-11-03,2026-11-01,BKK_Ladprao,Watermelon,82.18013413174745,exp_smoothing_4w,active SKU window only; historical active windows have complete daily rows; no pre-launch zero fill,44.01069549970777,45.0,0.2697136740843242,7.885,8.224,0.03236144275480709,0.024271082066105315,6,5.0,0.04299302473050104,62.28116455371025,102.07910370978465,84.92854435824593,64.36407901212708,105.49300970436477,2.7484102264984784
2026-11-04,2026-11-01,BKK_Ladprao,Watermelon,82.18013413174745,exp_smoothing_4w,active SKU window only; historical active windows have complete daily rows; no pre-launch zero fill,44.01069549970777,45.0,0.2697136740843242,7.885,8.224,0.03236144275480709,0.024271082066105315,6,5.0,0.04299302473050104,62.28116455371025,102.07910370978465,84.92854435824593,64.36407901212708,105.49300970436477,2.7484102264984784
2026-11-05,2026-11-01,BKK_Ladprao,Watermelon,82.18013413174745,exp_smoothing_4w,active SKU window only; historical active windows have complete daily rows; no pre-launch zero fill,44.01069549970777,45.0,0.2697136740843242,7.885,8.224,0.03236144275480709,0.024271082066105315,6,5.0,0.04299302473050104,62.28116455371025,102.07910370978465,84.92854435824593,64.36407901212708,105.49300970436477,2.7484102264984784
2026-11-06,2026-11-01,BKK_Ladprao,Watermelon,82.18013413174745,exp_smoothing_4w,active SKU window only; historical active windows have complete daily rows; no pre-launch zero fill,44.01069549970777,45.0,0.2697136740843242,7.885,8.224,0.03236144275480709,0.024271082066105315,6,5.0,0.04299302473050104,62.28116455371025,102.07910370978465,84.92854435824593,64.36407901212708,105.49300970436477,2.7484102264984784
2026-11-07,2026-11-01,BKK_Ladprao,Watermelon,82.18013413174745,exp_smoothing_4w,active SKU window only; historical active windows have complete daily rows; no pre-launch zero fill,44.01069549970777,45.0,0.2697136740843242,7.885,8.224,0.03236144275480709,0.024271082066105315,6,5.0,0.04299302473050104,62.28116455371025,102.07910370978465,84.92854435824593,64.36407901212708,105.49300970436477,2.7484102264984784
2026-11-08,2026-11-01,BKK_Ladprao,Watermelon,82.18013413174745,exp_smoothing_4w,active SKU window only; historical active windows have complete daily rows; no pre-launch zero fill,44.01069549970777,45.0,0.2697136740843242,7.885,8.224,0.03236144275480709,0.024271082066105315,6,5.0,0.04299302473050104,62.28116455371025,102.07910370978465,84.92854435824593,64.36407901212708,105.49300970436477,2.7484102264984784
2026-11-09,2026-11-01,BKK_Ladprao,Watermelon,82.18013413174745,exp_smoothing_4w,active SKU window only; historical active windows have complete daily rows; no pre-launch zero fill,44.01069549970777,45.0,0.2697136740843242,7.885,8.224,0.03236144275480709,0.024271082066105315,6,5.0,0.04299302473050104,62.28116455371025,102.07910370978465,84.92854435824593,64.36407901212708,105.49300970436477,2.7484102264984784
2026-11-10,2026-11-01,BKK_Ladprao,Watermelon,82.18013413174745,exp_smoothing_4w,active SKU window only; historical active windows have complete daily rows; no pre-launch zero fill,44.01069549970777,45.0,0.2697136740843242,7.885,8.224,0.03236144275480709,0.024271082066105315,6,5.0,0.04299302473050104,62.28116455371025,102.07910370978465,84.92854435824593,64.36407901212708,105.49300970436477,2.7484102264984784
2026-11-11,2026-11-01,BKK_Ladprao,Watermelon,82.18013413174745,exp_smoothing_4w,active SKU window only; historical active windows have complete daily rows; no pre-launch zero fill,44.01069549970777,45.0,0.2697136740843242,7.885,8.224,0.03236144275480709,0.024271082066105315,6,5.0,0.04299302473050104,62.28116455371025,102.07910370978465,84.92854435824593,64.36407901212708,105.49300970436477,2.7484102264984784
2026-11-12,2026-11-01,BKK_Ladprao,Watermelon,82.18013413174745,exp_smoothing_4w,active SKU window only; historical active windows have complete daily rows; no pre-launch zero fill,44.01069549970777,45.0,0.2697136740843242,7.885,8.224,0.03236144275480709,0.024271082066105315,6,5.0,0.04299302473050104,62.28116455371025,102.07910370978465,84.92854435824593,64.36407901212708,105.49300970436477,2.7484102264984784
2026-11-13,2026-11-01,BKK_Ladprao,Watermelon,82.18013413174745,exp_smoothing_4w,active SKU window only; historical active windows have complete daily rows; no pre-launch zero fill,44.01069549970777,45.0,0.2697136740843242,7.885,8.224,0.03236144275480709,0.024271082066105315,6,5.0,0.04299302473050104,62.28116455371025,102.07910370978465,84.92854435824593,64.36407901212708,105.49300970436477,2.7484102264984784
2026-11-14,2026-11-01,BKK_Ladprao,Watermelon,82.18013413174745,exp_smoothing_4w,active SKU window only; historical active windows have complete daily rows; no pre-launch zero fill,44.01069549970777,45.0,0.2697136740843242,7.885,8.224,0.03236144275480709,0.024271082066105315,6,5.0,0.04299302473050104,62.28116455371025,102.07910370978465,84.92854435824593,64.36407901212708,105.49300970436477,2.7484102264984784
2026-11-15,2026-11-01,BKK_Ladprao,Watermelon,82.18013413174745,exp_smoothing_4w,active SKU window only; historical active windows have complete daily rows; no pre-launch zero fill,44.01069549970777,45.0,0.2697136740843242,7.885,8.224,0.03236144275480709,0.024271082066105315,6,5.0,0.04299302473050104,62.28116455371025,102.07910370978465,84.92854435824593,64.36407901212708,105.49300970436477,2.7484102264984784
2026-11-16,2026-11-01,BKK_Ladprao,Watermelon,82.18013413174745,exp_smoothing_4w,active SKU window only; historical active windows have complete daily rows; no pre-launch zero fill,44.01069549970777,45.0,0.2697136740843242,7.885,8.224,0.03236144275480709,0.024271082066105315,6,5.0,0.04299302473050104,62.28116455371025,102.07910370978465,84.92854435824593,64.36407901212708,105.49300970436477,2.7484102264984784
2026-11-17,2026-11-01,BKK_Ladprao,Watermelon,82.18013413174745,exp_smoothing_4w,active SKU window only; historical active windows have complete daily rows; no pre-launch zero fill,44.01069549970777,45.0,0.2697136740843242,7.885,8.224,0.03236144275480709,0.024271082066105315,6,5.0,0.04299302473050104,62.28116455371025,102.07910370978465,84.92854435824593,64.36407901212708,105.49300970436477,2.7484102264984784
2026-11-18,2026-11-01,BKK_Ladprao,Watermelon,82.18013413174745,exp_smoothing_4w,active SKU window only; historical active windows have complete daily rows; no pre-launch zero fill,44.01069549970777,45.0,0.2697136740843242,7.885,8.224,0.03236144275480709,0.024271082066105315,6,5.0,0.04299302473050104,62.28116455371025,102.07910370978465,84.92854435824593,64.36407901212708,105.49300970436477,2.7484102264984784
2026-11-19,2026-11-01,BKK_Ladprao,Watermelon,82.18013413174745,exp_smoothing_4w,active SKU window only; historical active windows have complete daily rows; no pre-launch zero fill,44.01069549970777,45.0,0.2697136740843242,7.885,8.224,0.03236144275480709,0.024271082066105315,6,5.0,0.04299302473050104,62.28116455371025,102.07910370978465,84.92854435824593,64.36407901212708,105.49300970436477,2.7484102264984784
2026-11-20,2026-11-01,BKK_Ladprao,Watermelon,82.18013413174745,exp_smoothing_4w,active SKU window only; historical active windows have complete daily rows; no pre-launch zero fill,44.01069549970777,45.0,0.2697136740843242,7.885,8.224,0.03236144275480709,0.024271082066105315,6,5.0,0.04299302473050104,62.28116455371025,102.07910370978465,84.92854435824593,64.36407901212708,105.49300970436477,2.7484102264984784
2026-11-21,2026-11-01,BKK_Ladprao,Watermelon,82.18013413174745,exp_smoothing_4w,active SKU window only; historical active windows have complete daily rows; no pre-launch zero fill,44.01069549970777,45.0,0.2697136740843242,7.885,8.224,0.03236144275480709,0.024271082066105315,6,5.0,0.04299302473050104,62.28116455371025,102.07910370978465,84.92854435824593,64.36407901212708,105.49300970436477,2.7484102264984784
2026-11-22,2026-11-01,BKK_Ladprao,Watermelon,82.18013413174745,exp_smoothing_4w,active SKU window only; historical active windows have complete daily rows; no pre-launch zero fill,44.01069549970777,45.0,0.2697136740843242,7.885,8.224,0.03236144275480709,0.024271082066105315,6,5.0,0.04299302473050104,62.28116455371025,102.07910370978465,84.92854435824593,64.36407901212708,105.49300970436477,2.7484102264984784
2026-11-23,2026-11-01,BKK_Ladprao,Watermelon,82.18013413174745,exp_smoothing_4w,active SKU window only; historical active windows have complete daily rows; no pre-launch zero fill,44.01069549970777,45.0,0.2697136740843242,7.885,8.224,0.03236144275480709,0.024271082066105315,6,5.0,0.04299302473050104,62.28116455371025,102.07910370978465,84.92854435824593,64.36407901212708,105.49300970436477,2.7484102264984784
2026-11-24,2026-11-01,BKK_Ladprao,Watermelon,82.18013413174745,exp_smoothing_4w,active SKU window only; historical active windows have complete daily rows; no pre-launch zero fill,44.01069549970777,45.0,0.2697136740843242,7.885,8.224,0.03236144275480709,0.024271082066105315,6,5.0,0.04299302473050104,62.28116455371025,102.07910370978465,84.92854435824593,64.36407901212708,105.49300970436477,2.7484102264984784
2026-11-25,2026-11-01,BKK_Ladprao,Watermelon,82.18013413174745,exp_smoothing_4w,active SKU window only; historical active windows have complete daily rows; no pre-launch zero fill,44.01069549970777,45.0,0.2697136740843242,7.885,8.224,0.03236144275480709,0.024271082066105315,6,5.0,0.04299302473050104,62.28116455371025,102.07910370978465,84.92854435824593,64.36407901212708,105.49300970436477,2.7484102264984784
2026-11-26,2026-11-01,BKK_Ladprao,Watermelon,82.18013413174745,exp_smoothing_4w,active SKU window only; historical active windows have complete daily rows; no pre-launch zero fill,44.01069549970777,45.0,0.2697136740843242,7.885,8.224,0.03236144275480709,0.024271082066105315,6,5.0,0.04299302473050104,62.28116455371025,102.07910370978465,84.92854435824593,64.36407901212708,105.49300970436477,2.7484102264984784
2026-11-27,2026-11-01,BKK_Ladprao,Watermelon,82.18013413174745,exp_smoothing_4w,active SKU window only; historical active windows have complete daily rows; no pre-launch zero fill,44.01069549970777,45.0,0.2697136740843242,7.885,8.224,0.03236144275480709,0.024271082066105315,6,5.0,0.04299302473050104,62.28116455371025,102.07910370978465,84.92854435824593,64.36407901212708,105.49300970436477,2.7484102264984784
2026-11-28,2026-11-01,BKK_Ladprao,Watermelon,82.18013413174745,exp_smoothing_4w,active SKU window only; historical active windows have complete daily rows; no pre-launch zero fill,44.01069549970777,45.0,0.2697136740843242,7.885,8.224,0.03236144275480709,0.024271082066105315,6,5.0,0.04299302473050104,62.28116455371025,102.07910370978465,84.92854435824593,64.36407901212708,105.49300970436477,2.7484102264984784
2026-11-29,2026-11-01,BKK_Ladprao,Watermelon,82.18013413174745,exp_smoothing_4w,active SKU window only; historical active windows have complete daily rows; no pre-launch zero fill,44.01069549970777,45.0,0.2697136740843242,7.885,8.224,0.03236144275480709,0.024271082066105315,6,5.0,0.04299302473050104,62.28116455371025,102.07910370978465,84.92854435824593,64.36407901212708,105.49300970436477,2.7484102264984784
2026-11-30,2026-11-01,BKK_Ladprao,Watermelon,82.18013413174745,exp_smoothing_4w,active SKU window only; historical active windows have complete daily rows; no pre-launch zero fill,44.01069549970777,45.0,0.2697136740843242,7.885,8.224,0.03236144275480709,0.024271082066105315,6,5.0,0.04299302473050104,62.28116455371025,102.07910370978465,84.92854435824593,64.36407901212708,105.49300970436477,2.7484102264984784
2026-09-01,2026-09-01,BKK_Sukhumvit,Guava,53.8888945693185,exp_smoothing_4w,active SKU window only; historical active windows have complete daily rows; no pre-launch zero fill,47.85507074181193,49.0,0.2740250742751767,10.23,10.763,0.05384217143702389,0.04038162857776792,6,5.5,0.05210166177908104,40.8403216391526,66.9374674994844,56.95550249916012,43.1643859050248,70.74661909329544,3.0666079298416165
2026-09-02,2026-09-01,BKK_Sukhumvit,Guava,53.8888945693185,exp_smoothing_4w,active SKU window only; historical active windows have complete daily rows; no pre-launch zero fill,47.85507074181193,49.0,0.2740250742751767,10.23,10.763,0.05384217143702389,0.04038162857776792,6,5.5,0.05210166177908104,40.8403216391526,66.9374674994844,56.95550249916012,43.1643859050248,70.74661909329544,3.0666079298416165
2026-09-03,2026-09-01,BKK_Sukhumvit,Guava,53.8888945693185,exp_smoothing_4w,active SKU window only; historical active windows have complete daily rows; no pre-launch zero fill,47.85507074181193,49.0,0.2740250742751767,10.23,10.763,0.05384217143702389,0.04038162857776792,6,5.5,0.05210166177908104,40.8403216391526,66.9374674994844,56.95550249916012,43.1643859050248,70.74661909329544,3.0666079298416165
2026-09-04,2026-09-01,BKK_Sukhumvit,Guava,53.8888945693185,exp_smoothing_4w,active SKU window only; historical active windows have complete daily rows; no pre-launch zero fill,47.85507074181193,49.0,0.2740250742751767,10.23,10.763,0.05384217143702389,0.04038162857776792,6,5.5,0.05210166177908104,40.8403216391526,66.9374674994844,56.95550249916012,43.1643859050248,70.74661909329544,3.0666079298416165
2026-09-05,2026-09-01,BKK_Sukhumvit,Guava,53.8888945693185,exp_smoothing_4w,active SKU window only; historical active windows have complete daily rows; no pre-launch zero fill,47.85507074181193,49.0,0.2740250742751767,10.23,10.763,0.05384217143702389,0.04038162857776792,6,5.5,0.05210166177908104,40.8403216391526,66.9374674994844,56.95550249916012,43.1643859050248,70.74661909329544,3.0666079298416165
2026-09-06,2026-09-01,BKK_Sukhumvit,Guava,53.8888945693185,exp_smoothing_4w,active SKU window only; historical active windows have complete daily rows; no pre-launch zero fill,47.85507074181193,49.0,0.2740250742751767,10.23,10.763,0.05384217143702389,0.04038162857776792,6,5.5,0.05210166177908104,40.8403216391526,66.9374674994844,56.95550249916012,43.1643859050248,70.74661909329544,3.0666079298416165
2026-09-07,2026-09-01,BKK_Sukhumvit,Guava,53.8888945693185,exp_smoothing_4w,active SKU window only; historical active windows have complete daily rows; no pre-launch zero fill,47.85507074181193,49.0,0.2740250742751767,10.23,10.763,0.05384217143702389,0.04038162857776792,6,5.5,0.05210166177908104,40.8403216391526,66.9374674994844,56.95550249916012,43.1643859050248,70.74661909329544,3.0666079298416165
2026-09-08,2026-09-01,BKK_Sukhumvit,Guava,53.8888945693185,exp_smoothing_4w,active SKU window only; historical active windows have complete daily rows; no pre-launch zero fill,47.85507074181193,49.0,0.2740250742751767,10.23,10.763,0.05384217143702389,0.04038162857776792,6,5.5,0.05210166177908104,40.8403216391526,66.9374674994844,56.95550249916012,43.1643859050248,70.74661909329544,3.0666079298416165
2026-09-09,2026-09-01,BKK_Sukhumvit,Guava,53.8888945693185,exp_smoothing_4w,active SKU window only; historical active windows have complete daily rows; no pre-launch zero fill,47.85507074181193,49.0,0.2740250742751767,10.23,10.763,0.05384217143702389,0.04038162857776792,6,5.5,0.05210166177908104,40.8403216391526,66.9374674994844,56.95550249916012,43.1643859050248,70.74661909329544,3.0666079298416165
2026-09-10,2026-09-01,BKK_Sukhumvit,Guava,53.8888945693185,exp_smoothing_4w,active SKU window only; historical active windows have complete daily rows; no pre-launch zero fill,47.85507074181193,49.0,0.2740250742751767,10.23,10.763,0.05384217143702389,0.04038162857776792,6,5.5,0.05210166177908104,40.8403216391526,66.9374674994844,56.95550249916012,43.1643859050248,70.74661909329544,3.0666079298416165
2026-09-11,2026-09-01,BKK_Sukhumvit,Guava,53.8888945693185,exp_smoothing_4w,active SKU window only; historical active windows have complete daily rows; no pre-launch zero fill,47.85507074181193,49.0,0.2740250742751767,10.23,10.763,0.05384217143702389,0.04038162857776792,6,5.5,0.05210166177908104,40.8403216391526,66.9374674994844,56.95550249916012,43.1643859050248,70.74661909329544,3.0666079298416165
2026-09-12,2026-09-01,BKK_Sukhumvit,Guava,53.8888945693185,exp_smoothing_4w,active SKU window only; historical active windows have complete daily rows; no pre-launch zero fill,47.85507074181193,49.0,0.2740250742751767,10.23,10.763,0.05384217143702389,0.04038162857776792,6,5.5,0.05210166177908104,40.8403216391526,66.9374674994844,56.95550249916012,43.1643859050248,70.74661909329544,3.0666079298416165
2026-09-13,2026-09-01,BKK_Sukhumvit,Guava,53.8888945693185,exp_smoothing_4w,active SKU window only; historical active windows have complete daily rows; no pre-launch zero fill,47.85507074181193,49.0,0.2740250742751767,10.23,10.763,0.05384217143702389,0.04038162857776792,6,5.5,0.05210166177908104,40.8403216391526,66.9374674994844,56.95550249916012,43.1643859050248,70.74661909329544,3.0666079298416165
2026-09-14,2026-09-01,BKK_Sukhumvit,Guava,53.8888945693185,exp_smoothing_4w,active SKU window only; historical active windows have complete daily rows; no pre-launch zero fill,47.85507074181193,49.0,0.2740250742751767,10.23,10.763,0.05384217143702389,0.04038162857776792,6,5.5,0.05210166177908104,40.8403216391526,66.9374674994844,56.95550249916012,43.1643859050248,70.74661909329544,3.0666079298416165
2026-09-15,2026-09-01,BKK_Sukhumvit,Guava,53.8888945693185,exp_smoothing_4w,active SKU window only; historical active windows have complete daily rows; no pre-launch zero fill,47.85507074181193,49.0,0.2740250742751767,10.23,10.763,0.05384217143702389,0.04038162857776792,6,5.5,0.05210166177908104,40.8403216391526,66.9374674994844,56.95550249916012,43.1643859050248,70.74661909329544,3.0666079298416165
2026-09-16,2026-09-01,BKK_Sukhumvit,Guava,53.8888945693185,exp_smoothing_4w,active SKU window only; historical active windows have complete daily rows; no pre-launch zero fill,47.85507074181193,49.0,0.2740250742751767,10.23,10.763,0.05384217143702389,0.04038162857776792,6,5.5,0.05210166177908104,40.8403216391526,66.9374674994844,56.95550249916012,43.1643859050248,70.74661909329544,3.0666079298416165
2026-09-17,2026-09-01,BKK_Sukhumvit,Guava,53.8888945693185,exp_smoothing_4w,active SKU window only; historical active windows have complete daily rows; no pre-launch zero fill,47.85507074181193,49.0,0.2740250742751767,10.23,10.763,0.05384217143702389,0.04038162857776792,6,5.5,0.05210166177908104,40.8403216391526,66.9374674994844,56.95550249916012,43.1643859050248,70.74661909329544,3.0666079298416165
2026-09-18,2026-09-01,BKK_Sukhumvit,Guava,53.8888945693185,exp_smoothing_4w,active SKU window only; historical active windows have complete daily rows; no pre-launch zero fill,47.85507074181193,49.0,0.2740250742751767,10.23,10.763,0.05384217143702389,0.04038162857776792,6,5.5,0.05210166177908104,40.8403216391526,66.9374674994844,56.95550249916012,43.1643859050248,70.74661909329544,3.0666079298416165
2026-09-19,2026-09-01,BKK_Sukhumvit,Guava,53.8888945693185,exp_smoothing_4w,active SKU window only; historical active windows have complete daily rows; no pre-launch zero fill,47.85507074181193,49.0,0.2740250742751767,10.23,10.763,0.05384217143702389,0.04038162857776792,6,5.5,0.05210166177908104,40.8403216391526,66.9374674994844,56.95550249916012,43.1643859050248,70.74661909329544,3.0666079298416165
2026-09-20,2026-09-01,BKK_Sukhumvit,Guava,53.8888945693185,exp_smoothing_4w,active SKU window only; historical active windows have complete daily rows; no pre-launch zero fill,47.85507074181193,49.0,0.2740250742751767,10.23,10.763,0.05384217143702389,0.04038162857776792,6,5.5,0.05210166177908104,40.8403216391526,66.9374674994844,56.95550249916012,43.1643859050248,70.74661909329544,3.0666079298416165
2026-09-21,2026-09-01,BKK_Sukhumvit,Guava,53.8888945693185,exp_smoothing_4w,active SKU window only; historical active windows have complete daily rows; no pre-launch zero fill,47.85507074181193,49.0,0.2740250742751767,10.23,10.763,0.05384217143702389,0.04038162857776792,6,5.5,0.05210166177908104,40.8403216391526,66.9374674994844,56.95550249916012,43.1643859050248,70.74661909329544,3.0666079298416165
2026-09-22,2026-09-01,BKK_Sukhumvit,Guava,53.8888945693185,exp_smoothing_4w,active SKU window only; historical active windows have complete daily rows; no pre-launch zero fill,47.85507074181193,49.0,0.2740250742751767,10.23,10.763,0.05384217143702389,0.04038162857776792,6,5.5,0.05210166177908104,40.8403216391526,66.9374674994844,56.95550249916012,43.1643859050248,70.74661909329544,3.0666079298416165
2026-09-23,2026-09-01,BKK_Sukhumvit,Guava,53.8888945693185,exp_smoothing_4w,active SKU window only; historical active windows have complete daily rows; no pre-launch zero fill,47.85507074181193,49.0,0.2740250742751767,10.23,10.763,0.05384217143702389,0.04038162857776792,6,5.5,0.05210166177908104,40.8403216391526,66.9374674994844,56.95550249916012,43.1643859050248,70.74661909329544,3.0666079298416165
2026-09-24,2026-09-01,BKK_Sukhumvit,Guava,53.8888945693185,exp_smoothing_4w,active SKU window only; historical active windows have complete daily rows; no pre-launch zero fill,47.85507074181193,49.0,0.2740250742751767,10.23,10.763,0.05384217143702389,0.04038162857776792,6,5.5,0.05210166177908104,40.8403216391526,66.9374674994844,56.95550249916012,43.1643859050248,70.74661909329544,3.0666079298416165
2026-09-25,2026-09-01,BKK_Sukhumvit,Guava,53.8888945693185,exp_smoothing_4w,active SKU window only; historical active windows have complete daily rows; no pre-launch zero fill,47.85507074181193,49.0,0.2740250742751767,10.23,10.763,0.05384217143702389,0.04038162857776792,6,5.5,0.05210166177908104,40.8403216391526,66.9374674994844,56.95550249916012,43.1643859050248,70.74661909329544,3.0666079298416165
2026-09-26,2026-09-01,BKK_Sukhumvit,Guava,53.8888945693185,exp_smoothing_4w,active SKU window only; historical active windows have complete daily rows; no pre-launch zero fill,47.85507074181193,49.0,0.2740250742751767,10.23,10.763,0.05384217143702389,0.04038162857776792,6,5.5,0.05210166177908104,40.8403216391526,66.9374674994844,56.95550249916012,43.1643859050248,70.74661909329544,3.0666079298416165
2026-09-27,2026-09-01,BKK_Sukhumvit,Guava,53.8888945693185,exp_smoothing_4w,active SKU window only; historical active windows have complete daily rows; no pre-launch zero fill,47.85507074181193,49.0,0.2740250742751767,10.23,10.763,0.05384217143702389,0.04038162857776792,6,5.5,0.05210166177908104,40.8403216391526,66.9374674994844,56.95550249916012,43.1643859050248,70.74661909329544,3.0666079298416165
2026-09-28,2026-09-01,BKK_Sukhumvit,Guava,53.8888945693185,exp_smoothing_4w,active SKU window only; historical active windows have complete daily rows; no pre-launch zero fill,47.85507074181193,49.0,0.2740250742751767,10.23,10.763,0.05384217143702389,0.04038162857776792,6,5.5,0.05210166177908104,40.8403216391526,66.9374674994844,56.95550249916012,43.1643859050248,70.74661909329544,3.0666079298416165
2026-09-29,2026-09-01,BKK_Sukhumvit,Guava,53.8888945693185,exp_smoothing_4w,active SKU window only; historical active windows have complete daily rows; no pre-launch zero fill,47.85507074181193,49.0,0.2740250742751767,10.23,10.763,0.05384217143702389,0.04038162857776792,6,5.5,0.05210166177908104,40.8403216391526,66.9374674994844,56.95550249916012,43.1643859050248,70.74661909329544,3.0666079298416165
2026-09-30,2026-09-01,BKK_Sukhumvit,Guava,53.8888945693185,exp_smoothing_4w,active SKU window only; historical active windows have complete daily rows; no pre-launch zero fill,47.85507074181193,49.0,0.2740250742751767,10.23,10.763,0.05384217143702389,0.04038162857776792,6,5.5,0.05210166177908104,40.8403216391526,66.9374674994844,56.95550249916012,43.1643859050248,70.74661909329544,3.0666079298416165
2026-10-01,2026-10-01,BKK_Sukhumvit,Guava,53.8888945693185,exp_smoothing_4w,active SKU window only; historical active windows have complete daily rows; no pre-launch zero fill,47.85507074181193,49.0,0.2740250742751767,10.23,10.763,0.05384217143702389,0.04038162857776792,6,5.5,0.05210166177908104,40.8403216391526,66.9374674994844,56.95550249916012,43.1643859050248,70.74661909329544,3.0666079298416165
2026-10-02,2026-10-01,BKK_Sukhumvit,Guava,53.8888945693185,exp_smoothing_4w,active SKU window only; historical active windows have complete daily rows; no pre-launch zero fill,47.85507074181193,49.0,0.2740250742751767,10.23,10.763,0.05384217143702389,0.04038162857776792,6,5.5,0.05210166177908104,40.8403216391526,66.9374674994844,56.95550249916012,43.1643859050248,70.74661909329544,3.0666079298416165
2026-10-03,2026-10-01,BKK_Sukhumvit,Guava,53.8888945693185,exp_smoothing_4w,active SKU window only; historical active windows have complete daily rows; no pre-launch zero fill,47.85507074181193,49.0,0.2740250742751767,10.23,10.763,0.05384217143702389,0.04038162857776792,6,5.5,0.05210166177908104,40.8403216391526,66.9374674994844,56.95550249916012,43.1643859050248,70.74661909329544,3.0666079298416165
2026-10-04,2026-10-01,BKK_Sukhumvit,Guava,53.8888945693185,exp_smoothing_4w,active SKU window only; historical active windows have complete daily rows; no pre-launch zero fill,47.85507074181193,49.0,0.2740250742751767,10.23,10.763,0.05384217143702389,0.04038162857776792,6,5.5,0.05210166177908104,40.8403216391526,66.9374674994844,56.95550249916012,43.1643859050248,70.74661909329544,3.0666079298416165
2026-10-05,2026-10-01,BKK_Sukhumvit,Guava,53.8888945693185,exp_smoothing_4w,active SKU window only; historical active windows have complete daily rows; no pre-launch zero fill,47.85507074181193,49.0,0.2740250742751767,10.23,10.763,0.05384217143702389,0.04038162857776792,6,5.5,0.05210166177908104,40.8403216391526,66.9374674994844,56.95550249916012,43.1643859050248,70.74661909329544,3.0666079298416165
2026-10-06,2026-10-01,BKK_Sukhumvit,Guava,53.8888945693185,exp_smoothing_4w,active SKU window only; historical active windows have complete daily rows; no pre-launch zero fill,47.85507074181193,49.0,0.2740250742751767,10.23,10.763,0.05384217143702389,0.04038162857776792,6,5.5,0.05210166177908104,40.8403216391526,66.9374674994844,56.95550249916012,43.1643859050248,70.74661909329544,3.0666079298416165
2026-10-07,2026-10-01,BKK_Sukhumvit,Guava,53.8888945693185,exp_smoothing_4w,active SKU window only; historical active windows have complete daily rows; no pre-launch zero fill,47.85507074181193,49.0,0.2740250742751767,10.23,10.763,0.05384217143702389,0.04038162857776792,6,5.5,0.05210166177908104,40.8403216391526,66.9374674994844,56.95550249916012,43.1643859050248,70.74661909329544,3.0666079298416165
2026-10-08,2026-10-01,BKK_Sukhumvit,Guava,53.8888945693185,exp_smoothing_4w,active SKU window only; historical active windows have complete daily rows; no pre-launch zero fill,47.85507074181193,49.0,0.2740250742751767,10.23,10.763,0.05384217143702389,0.04038162857776792,6,5.5,0.05210166177908104,40.8403216391526,66.9374674994844,56.95550249916012,43.1643859050248,70.74661909329544,3.0666079298416165
2026-10-09,2026-10-01,BKK_Sukhumvit,Guava,53.8888945693185,exp_smoothing_4w,active SKU window only; historical active windows have complete daily rows; no pre-launch zero fill,47.85507074181193,49.0,0.2740250742751767,10.23,10.763,0.05384217143702389,0.04038162857776792,6,5.5,0.05210166177908104,40.8403216391526,66.9374674994844,56.95550249916012,43.1643859050248,70.74661909329544,3.0666079298416165
2026-10-10,2026-10-01,BKK_Sukhumvit,Guava,53.8888945693185,exp_smoothing_4w,active SKU window only; historical active windows have complete daily rows; no pre-launch zero fill,47.85507074181193,49.0,0.2740250742751767,10.23,10.763,0.05384217143702389,0.04038162857776792,6,5.5,0.05210166177908104,40.8403216391526,66.9374674994844,56.95550249916012,43.1643859050248,70.74661909329544,3.0666079298416165
2026-10-11,2026-10-01,BKK_Sukhumvit,Guava,53.8888945693185,exp_smoothing_4w,active SKU window only; historical active windows have complete daily rows; no pre-launch zero fill,47.85507074181193,49.0,0.2740250742751767,10.23,10.763,0.05384217143702389,0.04038162857776792,6,5.5,0.05210166177908104,40.8403216391526,66.9374674994844,56.95550249916012,43.1643859050248,70.74661909329544,3.0666079298416165
2026-10-12,2026-10-01,BKK_Sukhumvit,Guava,53.8888945693185,exp_smoothing_4w,active SKU window only; historical active windows have complete daily rows; no pre-launch zero fill,47.85507074181193,49.0,0.2740250742751767,10.23,10.763,0.05384217143702389,0.04038162857776792,6,5.5,0.05210166177908104,40.8403216391526,66.9374674994844,56.95550249916012,43.1643859050248,70.74661909329544,3.0666079298416165
2026-10-13,2026-10-01,BKK_Sukhumvit,Guava,53.8888945693185,exp_smoothing_4w,active SKU window only; historical active windows have complete daily rows; no pre-launch zero fill,47.85507074181193,49.0,0.2740250742751767,10.23,10.763,0.05384217143702389,0.04038162857776792,6,5.5,0.05210166177908104,40.8403216391526,66.9374674994844,56.95550249916012,43.1643859050248,70.74661909329544,3.0666079298416165
2026-10-14,2026-10-01,BKK_Sukhumvit,Guava,53.8888945693185,exp_smoothing_4w,active SKU window only; historical active windows have complete daily rows; no pre-launch zero fill,47.85507074181193,49.0,0.2740250742751767,10.23,10.763,0.05384217143702389,0.04038162857776792,6,5.5,0.05210166177908104,40.8403216391526,66.9374674994844,56.95550249916012,43.1643859050248,70.74661909329544,3.0666079298416165
2026-10-15,2026-10-01,BKK_Sukhumvit,Guava,53.8888945693185,exp_smoothing_4w,active SKU window only; historical active windows have complete daily rows; no pre-launch zero fill,47.85507074181193,49.0,0.2740250742751767,10.23,10.763,0.05384217143702389,0.04038162857776792,6,5.5,0.05210166177908104,40.8403216391526,66.9374674994844,56.95550249916012,43.1643859050248,70.74661909329544,3.0666079298416165
2026-10-16,2026-10-01,BKK_Sukhumvit,Guava,53.8888945693185,exp_smoothing_4w,active SKU window only; historical active windows have complete daily rows; no pre-launch zero fill,47.85507074181193,49.0,0.2740250742751767,10.23,10.763,0.05384217143702389,0.04038162857776792,6,5.5,0.05210166177908104,40.8403216391526,66.9374674994844,56.95550249916012,43.1643859050248,70.74661909329544,3.0666079298416165
2026-10-17,2026-10-01,BKK_Sukhumvit,Guava,53.8888945693185,exp_smoothing_4w,active SKU window only; historical active windows have complete daily rows; no pre-launch zero fill,47.85507074181193,49.0,0.2740250742751767,10.23,10.763,0.05384217143702389,0.04038162857776792,6,5.5,0.05210166177908104,40.8403216391526,66.9374674994844,56.95550249916012,43.1643859050248,70.74661909329544,3.0666079298416165
2026-10-18,2026-10-01,BKK_Sukhumvit,Guava,53.8888945693185,exp_smoothing_4w,active SKU window only; historical active windows have complete daily rows; no pre-launch zero fill,47.85507074181193,49.0,0.2740250742751767,10.23,10.763,0.05384217143702389,0.04038162857776792,6,5.5,0.05210166177908104,40.8403216391526,66.9374674994844,56.95550249916012,43.1643859050248,70.74661909329544,3.0666079298416165
2026-10-19,2026-10-01,BKK_Sukhumvit,Guava,53.8888945693185,exp_smoothing_4w,active SKU window only; historical active windows have complete daily rows; no pre-launch zero fill,47.85507074181193,49.0,0.2740250742751767,10.23,10.763,0.05384217143702389,0.04038162857776792,6,5.5,0.05210166177908104,40.8403216391526,66.9374674994844,56.95550249916012,43.1643859050248,70.74661909329544,3.0666079298416165
2026-10-20,2026-10-01,BKK_Sukhumvit,Guava,53.8888945693185,exp_smoothing_4w,active SKU window only; historical active windows have complete daily rows; no pre-launch zero fill,47.85507074181193,49.0,0.2740250742751767,10.23,10.763,0.05384217143702389,0.04038162857776792,6,5.5,0.05210166177908104,40.8403216391526,66.9374674994844,56.95550249916012,43.1643859050248,70.74661909329544,3.0666079298416165
2026-10-21,2026-10-01,BKK_Sukhumvit,Guava,53.8888945693185,exp_smoothing_4w,active SKU window only; historical active windows have complete daily rows; no pre-launch zero fill,47.85507074181193,49.0,0.2740250742751767,10.23,10.763,0.05384217143702389,0.04038162857776792,6,5.5,0.05210166177908104,40.8403216391526,66.9374674994844,56.95550249916012,43.1643859050248,70.74661909329544,3.0666079298416165
2026-10-22,2026-10-01,BKK_Sukhumvit,Guava,53.8888945693185,exp_smoothing_4w,active SKU window only; historical active windows have complete daily rows; no pre-launch zero fill,47.85507074181193,49.0,0.2740250742751767,10.23,10.763,0.05384217143702389,0.04038162857776792,6,5.5,0.05210166177908104,40.8403216391526,66.9374674994844,56.95550249916012,43.1643859050248,70.74661909329544,3.0666079298416165
2026-10-23,2026-10-01,BKK_Sukhumvit,Guava,53.8888945693185,exp_smoothing_4w,active SKU window only; historical active windows have complete daily rows; no pre-launch zero fill,47.85507074181193,49.0,0.2740250742751767,10.23,10.763,0.05384217143702389,0.04038162857776792,6,5.5,0.05210166177908104,40.8403216391526,66.9374674994844,56.95550249916012,43.1643859050248,70.74661909329544,3.0666079298416165
2026-10-24,2026-10-01,BKK_Sukhumvit,Guava,53.8888945693185,exp_smoothing_4w,active SKU window only; historical active windows have complete daily rows; no pre-launch zero fill,47.85507074181193,49.0,0.2740250742751767,10.23,10.763,0.05384217143702389,0.04038162857776792,6,5.5,0.05210166177908104,40.8403216391526,66.9374674994844,56.95550249916012,43.1643859050248,70.74661909329544,3.0666079298416165
2026-10-25,2026-10-01,BKK_Sukhumvit,Guava,53.8888945693185,exp_smoothing_4w,active SKU window only; historical active windows have complete daily rows; no pre-launch zero fill,47.85507074181193,49.0,0.2740250742751767,10.23,10.763,0.05384217143702389,0.04038162857776792,6,5.5,0.05210166177908104,40.8403216391526,66.9374674994844,56.95550249916012,43.1643859050248,70.74661909329544,3.0666079298416165
2026-10-26,2026-10-01,BKK_Sukhumvit,Guava,53.8888945693185,exp_smoothing_4w,active SKU window only; historical active windows have complete daily rows; no pre-launch zero fill,47.85507074181193,49.0,0.2740250742751767,10.23,10.763,0.05384217143702389,0.04038162857776792,6,5.5,0.05210166177908104,40.8403216391526,66.9374674994844,56.95550249916012,43.1643859050248,70.74661909329544,3.0666079298416165
2026-10-27,2026-10-01,BKK_Sukhumvit,Guava,53.8888945693185,exp_smoothing_4w,active SKU window only; historical active windows have complete daily rows; no pre-launch zero fill,47.85507074181193,49.0,0.2740250742751767,10.23,10.763,0.05384217143702389,0.04038162857776792,6,5.5,0.05210166177908104,40.8403216391526,66.9374674994844,56.95550249916012,43.1643859050248,70.74661909329544,3.0666079298416165
2026-10-28,2026-10-01,BKK_Sukhumvit,Guava,53.8888945693185,exp_smoothing_4w,active SKU window only; historical active windows have complete daily rows; no pre-launch zero fill,47.85507074181193,49.0,0.2740250742751767,10.23,10.763,0.05384217143702389,0.04038162857776792,6,5.5,0.05210166177908104,40.8403216391526,66.9374674994844,56.95550249916012,43.1643859050248,70.74661909329544,3.0666079298416165
2026-10-29,2026-10-01,BKK_Sukhumvit,Guava,53.8888945693185,exp_smoothing_4w,active SKU window only; historical active windows have complete daily rows; no pre-launch zero fill,47.85507074181193,49.0,0.2740250742751767,10.23,10.763,0.05384217143702389,0.04038162857776792,6,5.5,0.05210166177908104,40.8403216391526,66.9374674994844,56.95550249916012,43.1643859050248,70.74661909329544,3.0666079298416165
2026-10-30,2026-10-01,BKK_Sukhumvit,Guava,53.8888945693185,exp_smoothing_4w,active SKU window only; historical active windows have complete daily rows; no pre-launch zero fill,47.85507074181193,49.0,0.2740250742751767,10.23,10.763,0.05384217143702389,0.04038162857776792,6,5.5,0.05210166177908104,40.8403216391526,66.9374674994844,56.95550249916012,43.1643859050248,70.74661909329544,3.0666079298416165
2026-10-31,2026-10-01,BKK_Sukhumvit,Guava,53.8888945693185,exp_smoothing_4w,active SKU window only; historical active windows have complete daily rows; no pre-launch zero fill,47.85507074181193,49.0,0.2740250742751767,10.23,10.763,0.05384217143702389,0.04038162857776792,6,5.5,0.05210166177908104,40.8403216391526,66.9374674994844,56.95550249916012,43.1643859050248,70.74661909329544,3.0666079298416165
2026-11-01,2026-11-01,BKK_Sukhumvit,Guava,53.8888945693185,exp_smoothing_4w,active SKU window only; historical active windows have complete daily rows; no pre-launch zero fill,47.85507074181193,49.0,0.2740250742751767,10.23,10.763,0.05384217143702389,0.04038162857776792,6,5.5,0.05210166177908104,40.8403216391526,66.9374674994844,56.95550249916012,43.1643859050248,70.74661909329544,3.0666079298416165
2026-11-02,2026-11-01,BKK_Sukhumvit,Guava,53.8888945693185,exp_smoothing_4w,active SKU window only; historical active windows have complete daily rows; no pre-launch zero fill,47.85507074181193,49.0,0.2740250742751767,10.23,10.763,0.05384217143702389,0.04038162857776792,6,5.5,0.05210166177908104,40.8403216391526,66.9374674994844,56.95550249916012,43.1643859050248,70.74661909329544,3.0666079298416165
2026-11-03,2026-11-01,BKK_Sukhumvit,Guava,53.8888945693185,exp_smoothing_4w,active SKU window only; historical active windows have complete daily rows; no pre-launch zero fill,47.85507074181193,49.0,0.2740250742751767,10.23,10.763,0.05384217143702389,0.04038162857776792,6,5.5,0.05210166177908104,40.8403216391526,66.9374674994844,56.95550249916012,43.1643859050248,70.74661909329544,3.0666079298416165
2026-11-04,2026-11-01,BKK_Sukhumvit,Guava,53.8888945693185,exp_smoothing_4w,active SKU window only; historical active windows have complete daily rows; no pre-launch zero fill,47.85507074181193,49.0,0.2740250742751767,10.23,10.763,0.05384217143702389,0.04038162857776792,6,5.5,0.05210166177908104,40.8403216391526,66.9374674994844,56.95550249916012,43.1643859050248,70.74661909329544,3.0666079298416165
2026-11-05,2026-11-01,BKK_Sukhumvit,Guava,53.8888945693185,exp_smoothing_4w,active SKU window only; historical active windows have complete daily rows; no pre-launch zero fill,47.85507074181193,49.0,0.2740250742751767,10.23,10.763,0.05384217143702389,0.04038162857776792,6,5.5,0.05210166177908104,40.8403216391526,66.9374674994844,56.95550249916012,43.1643859050248,70.74661909329544,3.0666079298416165
2026-11-06,2026-11-01,BKK_Sukhumvit,Guava,53.8888945693185,exp_smoothing_4w,active SKU window only; historical active windows have complete daily rows; no pre-launch zero fill,47.85507074181193,49.0,0.2740250742751767,10.23,10.763,0.05384217143702389,0.04038162857776792,6,5.5,0.05210166177908104,40.8403216391526,66.9374674994844,56.95550249916012,43.1643859050248,70.74661909329544,3.0666079298416165
2026-11-07,2026-11-01,BKK_Sukhumvit,Guava,53.8888945693185,exp_smoothing_4w,active SKU window only; historical active windows have complete daily rows; no pre-launch zero fill,47.85507074181193,49.0,0.2740250742751767,10.23,10.763,0.05384217143702389,0.04038162857776792,6,5.5,0.05210166177908104,40.8403216391526,66.9374674994844,56.95550249916012,43.1643859050248,70.74661909329544,3.0666079298416165
2026-11-08,2026-11-01,BKK_Sukhumvit,Guava,53.8888945693185,exp_smoothing_4w,active SKU window only; historical active windows have complete daily rows; no pre-launch zero fill,47.85507074181193,49.0,0.2740250742751767,10.23,10.763,0.05384217143702389,0.04038162857776792,6,5.5,0.05210166177908104,40.8403216391526,66.9374674994844,56.95550249916012,43.1643859050248,70.74661909329544,3.0666079298416165
2026-11-09,2026-11-01,BKK_Sukhumvit,Guava,53.8888945693185,exp_smoothing_4w,active SKU window only; historical active windows have complete daily rows; no pre-launch zero fill,47.85507074181193,49.0,0.2740250742751767,10.23,10.763,0.05384217143702389,0.04038162857776792,6,5.5,0.05210166177908104,40.8403216391526,66.9374674994844,56.95550249916012,43.1643859050248,70.74661909329544,3.0666079298416165
2026-11-10,2026-11-01,BKK_Sukhumvit,Guava,53.8888945693185,exp_smoothing_4w,active SKU window only; historical active windows have complete daily rows; no pre-launch zero fill,47.85507074181193,49.0,0.2740250742751767,10.23,10.763,0.05384217143702389,0.04038162857776792,6,5.5,0.05210166177908104,40.8403216391526,66.9374674994844,56.95550249916012,43.1643859050248,70.74661909329544,3.0666079298416165
2026-11-11,2026-11-01,BKK_Sukhumvit,Guava,53.8888945693185,exp_smoothing_4w,active SKU window only; historical active windows have complete daily rows; no pre-launch zero fill,47.85507074181193,49.0,0.2740250742751767,10.23,10.763,0.05384217143702389,0.04038162857776792,6,5.5,0.05210166177908104,40.8403216391526,66.9374674994844,56.95550249916012,43.1643859050248,70.74661909329544,3.0666079298416165
2026-11-12,2026-11-01,BKK_Sukhumvit,Guava,53.8888945693185,exp_smoothing_4w,active SKU window only; historical active windows have complete daily rows; no pre-launch zero fill,47.85507074181193,49.0,0.2740250742751767,10.23,10.763,0.05384217143702389,0.04038162857776792,6,5.5,0.05210166177908104,40.8403216391526,66.9374674994844,56.95550249916012,43.1643859050248,70.74661909329544,3.0666079298416165
2026-11-13,2026-11-01,BKK_Sukhumvit,Guava,53.8888945693185,exp_smoothing_4w,active SKU window only; historical active windows have complete daily rows; no pre-launch zero fill,47.85507074181193,49.0,0.2740250742751767,10.23,10.763,0.05384217143702389,0.04038162857776792,6,5.5,0.05210166177908104,40.8403216391526,66.9374674994844,56.95550249916012,43.1643859050248,70.74661909329544,3.0666079298416165
2026-11-14,2026-11-01,BKK_Sukhumvit,Guava,53.8888945693185,exp_smoothing_4w,active SKU window only; historical active windows have complete daily rows; no pre-launch zero fill,47.85507074181193,49.0,0.2740250742751767,10.23,10.763,0.05384217143702389,0.04038162857776792,6,5.5,0.05210166177908104,40.8403216391526,66.9374674994844,56.95550249916012,43.1643859050248,70.74661909329544,3.0666079298416165
2026-11-15,2026-11-01,BKK_Sukhumvit,Guava,53.8888945693185,exp_smoothing_4w,active SKU window only; historical active windows have complete daily rows; no pre-launch zero fill,47.85507074181193,49.0,0.2740250742751767,10.23,10.763,0.05384217143702389,0.04038162857776792,6,5.5,0.05210166177908104,40.8403216391526,66.9374674994844,56.95550249916012,43.1643859050248,70.74661909329544,3.0666079298416165
2026-11-16,2026-11-01,BKK_Sukhumvit,Guava,53.8888945693185,exp_smoothing_4w,active SKU window only; historical active windows have complete daily rows; no pre-launch zero fill,47.85507074181193,49.0,0.2740250742751767,10.23,10.763,0.05384217143702389,0.04038162857776792,6,5.5,0.05210166177908104,40.8403216391526,66.9374674994844,56.95550249916012,43.1643859050248,70.74661909329544,3.0666079298416165
2026-11-17,2026-11-01,BKK_Sukhumvit,Guava,53.8888945693185,exp_smoothing_4w,active SKU window only; historical active windows have complete daily rows; no pre-launch zero fill,47.85507074181193,49.0,0.2740250742751767,10.23,10.763,0.05384217143702389,0.04038162857776792,6,5.5,0.05210166177908104,40.8403216391526,66.9374674994844,56.95550249916012,43.1643859050248,70.74661909329544,3.0666079298416165
2026-11-18,2026-11-01,BKK_Sukhumvit,Guava,53.8888945693185,exp_smoothing_4w,active SKU window only; historical active windows have complete daily rows; no pre-launch zero fill,47.85507074181193,49.0,0.2740250742751767,10.23,10.763,0.05384217143702389,0.04038162857776792,6,5.5,0.05210166177908104,40.8403216391526,66.9374674994844,56.95550249916012,43.1643859050248,70.74661909329544,3.0666079298416165
2026-11-19,2026-11-01,BKK_Sukhumvit,Guava,53.8888945693185,exp_smoothing_4w,active SKU window only; historical active windows have complete daily rows; no pre-launch zero fill,47.85507074181193,49.0,0.2740250742751767,10.23,10.763,0.05384217143702389,0.04038162857776792,6,5.5,0.05210166177908104,40.8403216391526,66.9374674994844,56.95550249916012,43.1643859050248,70.74661909329544,3.0666079298416165
2026-11-20,2026-11-01,BKK_Sukhumvit,Guava,53.8888945693185,exp_smoothing_4w,active SKU window only; historical active windows have complete daily rows; no pre-launch zero fill,47.85507074181193,49.0,0.2740250742751767,10.23,10.763,0.05384217143702389,0.04038162857776792,6,5.5,0.05210166177908104,40.8403216391526,66.9374674994844,56.95550249916012,43.1643859050248,70.74661909329544,3.0666079298416165
2026-11-21,2026-11-01,BKK_Sukhumvit,Guava,53.8888945693185,exp_smoothing_4w,active SKU window only; historical active windows have complete daily rows; no pre-launch zero fill,47.85507074181193,49.0,0.2740250742751767,10.23,10.763,0.05384217143702389,0.04038162857776792,6,5.5,0.05210166177908104,40.8403216391526,66.9374674994844,56.95550249916012,43.1643859050248,70.74661909329544,3.0666079298416165
2026-11-22,2026-11-01,BKK_Sukhumvit,Guava,53.8888945693185,exp_smoothing_4w,active SKU window only; historical active windows have complete daily rows; no pre-launch zero fill,47.85507074181193,49.0,0.2740250742751767,10.23,10.763,0.05384217143702389,0.04038162857776792,6,5.5,0.05210166177908104,40.8403216391526,66.9374674994844,56.95550249916012,43.1643859050248,70.74661909329544,3.0666079298416165
2026-11-23,2026-11-01,BKK_Sukhumvit,Guava,53.8888945693185,exp_smoothing_4w,active SKU window only; historical active windows have complete daily rows; no pre-launch zero fill,47.85507074181193,49.0,0.2740250742751767,10.23,10.763,0.05384217143702389,0.04038162857776792,6,5.5,0.05210166177908104,40.8403216391526,66.9374674994844,56.95550249916012,43.1643859050248,70.74661909329544,3.0666079298416165
2026-11-24,2026-11-01,BKK_Sukhumvit,Guava,53.8888945693185,exp_smoothing_4w,active SKU window only; historical active windows have complete daily rows; no pre-launch zero fill,47.85507074181193,49.0,0.2740250742751767,10.23,10.763,0.05384217143702389,0.04038162857776792,6,5.5,0.05210166177908104,40.8403216391526,66.9374674994844,56.95550249916012,43.1643859050248,70.74661909329544,3.0666079298416165
2026-11-25,2026-11-01,BKK_Sukhumvit,Guava,53.8888945693185,exp_smoothing_4w,active SKU window only; historical active windows have complete daily rows; no pre-launch zero fill,47.85507074181193,49.0,0.2740250742751767,10.23,10.763,0.05384217143702389,0.04038162857776792,6,5.5,0.05210166177908104,40.8403216391526,66.9374674994844,56.95550249916012,43.1643859050248,70.74661909329544,3.0666079298416165
2026-11-26,2026-11-01,BKK_Sukhumvit,Guava,53.8888945693185,exp_smoothing_4w,active SKU window only; historical active windows have complete daily rows; no pre-launch zero fill,47.85507074181193,49.0,0.2740250742751767,10.23,10.763,0.05384217143702389,0.04038162857776792,6,5.5,0.05210166177908104,40.8403216391526,66.9374674994844,56.95550249916012,43.1643859050248,70.74661909329544,3.0666079298416165
2026-11-27,2026-11-01,BKK_Sukhumvit,Guava,53.8888945693185,exp_smoothing_4w,active SKU window only; historical active windows have complete daily rows; no pre-launch zero fill,47.85507074181193,49.0,0.2740250742751767,10.23,10.763,0.05384217143702389,0.04038162857776792,6,5.5,0.05210166177908104,40.8403216391526,66.9374674994844,56.95550249916012,43.1643859050248,70.74661909329544,3.0666079298416165
2026-11-28,2026-11-01,BKK_Sukhumvit,Guava,53.8888945693185,exp_smoothing_4w,active SKU window only; historical active windows have complete daily rows; no pre-launch zero fill,47.85507074181193,49.0,0.2740250742751767,10.23,10.763,0.05384217143702389,0.04038162857776792,6,5.5,0.05210166177908104,40.8403216391526,66.9374674994844,56.95550249916012,43.1643859050248,70.74661909329544,3.0666079298416165
2026-11-29,2026-11-01,BKK_Sukhumvit,Guava,53.8888945693185,exp_smoothing_4w,active SKU window only; historical active windows have complete daily rows; no pre-launch zero fill,47.85507074181193,49.0,0.2740250742751767,10.23,10.763,0.05384217143702389,0.04038162857776792,6,5.5,0.05210166177908104,40.8403216391526,66.9374674994844,56.95550249916012,43.1643859050248,70.74661909329544,3.0666079298416165
2026-11-30,2026-11-01,BKK_Sukhumvit,Guava,53.8888945693185,exp_smoothing_4w,active SKU window only; historical active windows have complete daily rows; no pre-launch zero fill,47.85507074181193,49.0,0.2740250742751767,10.23,10.763,0.05384217143702389,0.04038162857776792,6,5.5,0.05210166177908104,40.8403216391526,66.9374674994844,56.95550249916012,43.1643859050248,70.74661909329544,3.0666079298416165
2026-09-01,2026-09-01,BKK_Sukhumvit,MixedBerryPremium,19.306985283277726,exp_smoothing_4w,active SKU window only; historical active windows have complete daily rows; no pre-launch zero fill,86.5322130974942,89.0,0.27024767614113815,49.16,53.002,0.20131180625630676,0.15098385469223008,8,7.0,0.07815296989422316,14.632021962097927,23.98194860445752,24.17337007672549,18.320067927276114,30.026672226174863,4.866384793447764
2026-09-02,2026-09-01,BKK_Sukhumvit,MixedBerryPremium,19.306985283277726,exp_smoothing_4w,active SKU window only; historical active windows have complete daily rows; no pre-launch zero fill,86.5322130974942,89.0,0.27024767614113815,49.16,53.002,0.20131180625630676,0.15098385469223008,8,7.0,0.07815296989422316,14.632021962097927,23.98194860445752,24.17337007672549,18.320067927276114,30.026672226174863,4.866384793447764
2026-09-03,2026-09-01,BKK_Sukhumvit,MixedBerryPremium,19.306985283277726,exp_smoothing_4w,active SKU window only; historical active windows have complete daily rows; no pre-launch zero fill,86.5322130974942,89.0,0.27024767614113815,49.16,53.002,0.20131180625630676,0.15098385469223008,8,7.0,0.07815296989422316,14.632021962097927,23.98194860445752,24.17337007672549,18.320067927276114,30.026672226174863,4.866384793447764
2026-09-04,2026-09-01,BKK_Sukhumvit,MixedBerryPremium,19.306985283277726,exp_smoothing_4w,active SKU window only; historical active windows have complete daily rows; no pre-launch zero fill,86.5322130974942,89.0,0.27024767614113815,49.16,53.002,0.20131180625630676,0.15098385469223008,8,7.0,0.07815296989422316,14.632021962097927,23.98194860445752,24.17337007672549,18.320067927276114,30.026672226174863,4.866384793447764
2026-09-05,2026-09-01,BKK_Sukhumvit,MixedBerryPremium,19.306985283277726,exp_smoothing_4w,active SKU window only; historical active windows have complete daily rows; no pre-launch zero fill,86.5322130974942,89.0,0.27024767614113815,49.16,53.002,0.20131180625630676,0.15098385469223008,8,7.0,0.07815296989422316,14.632021962097927,23.98194860445752,24.17337007672549,18.320067927276114,30.026672226174863,4.866384793447764
2026-09-06,2026-09-01,BKK_Sukhumvit,MixedBerryPremium,19.306985283277726,exp_smoothing_4w,active SKU window only; historical active windows have complete daily rows; no pre-launch zero fill,86.5322130974942,89.0,0.27024767614113815,49.16,53.002,0.20131180625630676,0.15098385469223008,8,7.0,0.07815296989422316,14.632021962097927,23.98194860445752,24.17337007672549,18.320067927276114,30.026672226174863,4.866384793447764
2026-09-07,2026-09-01,BKK_Sukhumvit,MixedBerryPremium,19.306985283277726,exp_smoothing_4w,active SKU window only; historical active windows have complete daily rows; no pre-launch zero fill,86.5322130974942,89.0,0.27024767614113815,49.16,53.002,0.20131180625630676,0.15098385469223008,8,7.0,0.07815296989422316,14.632021962097927,23.98194860445752,24.17337007672549,18.320067927276114,30.026672226174863,4.866384793447764
2026-09-08,2026-09-01,BKK_Sukhumvit,MixedBerryPremium,19.306985283277726,exp_smoothing_4w,active SKU window only; historical active windows have complete daily rows; no pre-launch zero fill,86.5322130974942,89.0,0.27024767614113815,49.16,53.002,0.20131180625630676,0.15098385469223008,8,7.0,0.07815296989422316,14.632021962097927,23.98194860445752,24.17337007672549,18.320067927276114,30.026672226174863,4.866384793447764
2026-09-09,2026-09-01,BKK_Sukhumvit,MixedBerryPremium,19.306985283277726,exp_smoothing_4w,active SKU window only; historical active windows have complete daily rows; no pre-launch zero fill,86.5322130974942,89.0,0.27024767614113815,49.16,53.002,0.20131180625630676,0.15098385469223008,8,7.0,0.07815296989422316,14.632021962097927,23.98194860445752,24.17337007672549,18.320067927276114,30.026672226174863,4.866384793447764
2026-09-10,2026-09-01,BKK_Sukhumvit,MixedBerryPremium,19.306985283277726,exp_smoothing_4w,active SKU window only; historical active windows have complete daily rows; no pre-launch zero fill,86.5322130974942,89.0,0.27024767614113815,49.16,53.002,0.20131180625630676,0.15098385469223008,8,7.0,0.07815296989422316,14.632021962097927,23.98194860445752,24.17337007672549,18.320067927276114,30.026672226174863,4.866384793447764
2026-09-11,2026-09-01,BKK_Sukhumvit,MixedBerryPremium,19.306985283277726,exp_smoothing_4w,active SKU window only; historical active windows have complete daily rows; no pre-launch zero fill,86.5322130974942,89.0,0.27024767614113815,49.16,53.002,0.20131180625630676,0.15098385469223008,8,7.0,0.07815296989422316,14.632021962097927,23.98194860445752,24.17337007672549,18.320067927276114,30.026672226174863,4.866384793447764
2026-09-12,2026-09-01,BKK_Sukhumvit,MixedBerryPremium,19.306985283277726,exp_smoothing_4w,active SKU window only; historical active windows have complete daily rows; no pre-launch zero fill,86.5322130974942,89.0,0.27024767614113815,49.16,53.002,0.20131180625630676,0.15098385469223008,8,7.0,0.07815296989422316,14.632021962097927,23.98194860445752,24.17337007672549,18.320067927276114,30.026672226174863,4.866384793447764
2026-09-13,2026-09-01,BKK_Sukhumvit,MixedBerryPremium,19.306985283277726,exp_smoothing_4w,active SKU window only; historical active windows have complete daily rows; no pre-launch zero fill,86.5322130974942,89.0,0.27024767614113815,49.16,53.002,0.20131180625630676,0.15098385469223008,8,7.0,0.07815296989422316,14.632021962097927,23.98194860445752,24.17337007672549,18.320067927276114,30.026672226174863,4.866384793447764
2026-09-14,2026-09-01,BKK_Sukhumvit,MixedBerryPremium,19.306985283277726,exp_smoothing_4w,active SKU window only; historical active windows have complete daily rows; no pre-launch zero fill,86.5322130974942,89.0,0.27024767614113815,49.16,53.002,0.20131180625630676,0.15098385469223008,8,7.0,0.07815296989422316,14.632021962097927,23.98194860445752,24.17337007672549,18.320067927276114,30.026672226174863,4.866384793447764
2026-09-15,2026-09-01,BKK_Sukhumvit,MixedBerryPremium,19.306985283277726,exp_smoothing_4w,active SKU window only; historical active windows have complete daily rows; no pre-launch zero fill,86.5322130974942,89.0,0.27024767614113815,49.16,53.002,0.20131180625630676,0.15098385469223008,8,7.0,0.07815296989422316,14.632021962097927,23.98194860445752,24.17337007672549,18.320067927276114,30.026672226174863,4.866384793447764
2026-09-16,2026-09-01,BKK_Sukhumvit,MixedBerryPremium,19.306985283277726,exp_smoothing_4w,active SKU window only; historical active windows have complete daily rows; no pre-launch zero fill,86.5322130974942,89.0,0.27024767614113815,49.16,53.002,0.20131180625630676,0.15098385469223008,8,7.0,0.07815296989422316,14.632021962097927,23.98194860445752,24.17337007672549,18.320067927276114,30.026672226174863,4.866384793447764
2026-09-17,2026-09-01,BKK_Sukhumvit,MixedBerryPremium,19.306985283277726,exp_smoothing_4w,active SKU window only; historical active windows have complete daily rows; no pre-launch zero fill,86.5322130974942,89.0,0.27024767614113815,49.16,53.002,0.20131180625630676,0.15098385469223008,8,7.0,0.07815296989422316,14.632021962097927,23.98194860445752,24.17337007672549,18.320067927276114,30.026672226174863,4.866384793447764
2026-09-18,2026-09-01,BKK_Sukhumvit,MixedBerryPremium,19.306985283277726,exp_smoothing_4w,active SKU window only; historical active windows have complete daily rows; no pre-launch zero fill,86.5322130974942,89.0,0.27024767614113815,49.16,53.002,0.20131180625630676,0.15098385469223008,8,7.0,0.07815296989422316,14.632021962097927,23.98194860445752,24.17337007672549,18.320067927276114,30.026672226174863,4.866384793447764
2026-09-19,2026-09-01,BKK_Sukhumvit,MixedBerryPremium,19.306985283277726,exp_smoothing_4w,active SKU window only; historical active windows have complete daily rows; no pre-launch zero fill,86.5322130974942,89.0,0.27024767614113815,49.16,53.002,0.20131180625630676,0.15098385469223008,8,7.0,0.07815296989422316,14.632021962097927,23.98194860445752,24.17337007672549,18.320067927276114,30.026672226174863,4.866384793447764
2026-09-20,2026-09-01,BKK_Sukhumvit,MixedBerryPremium,19.306985283277726,exp_smoothing_4w,active SKU window only; historical active windows have complete daily rows; no pre-launch zero fill,86.5322130974942,89.0,0.27024767614113815,49.16,53.002,0.20131180625630676,0.15098385469223008,8,7.0,0.07815296989422316,14.632021962097927,23.98194860445752,24.17337007672549,18.320067927276114,30.026672226174863,4.866384793447764
2026-09-21,2026-09-01,BKK_Sukhumvit,MixedBerryPremium,19.306985283277726,exp_smoothing_4w,active SKU window only; historical active windows have complete daily rows; no pre-launch zero fill,86.5322130974942,89.0,0.27024767614113815,49.16,53.002,0.20131180625630676,0.15098385469223008,8,7.0,0.07815296989422316,14.632021962097927,23.98194860445752,24.17337007672549,18.320067927276114,30.026672226174863,4.866384793447764
2026-09-22,2026-09-01,BKK_Sukhumvit,MixedBerryPremium,19.306985283277726,exp_smoothing_4w,active SKU window only; historical active windows have complete daily rows; no pre-launch zero fill,86.5322130974942,89.0,0.27024767614113815,49.16,53.002,0.20131180625630676,0.15098385469223008,8,7.0,0.07815296989422316,14.632021962097927,23.98194860445752,24.17337007672549,18.320067927276114,30.026672226174863,4.866384793447764
2026-09-23,2026-09-01,BKK_Sukhumvit,MixedBerryPremium,19.306985283277726,exp_smoothing_4w,active SKU window only; historical active windows have complete daily rows; no pre-launch zero fill,86.5322130974942,89.0,0.27024767614113815,49.16,53.002,0.20131180625630676,0.15098385469223008,8,7.0,0.07815296989422316,14.632021962097927,23.98194860445752,24.17337007672549,18.320067927276114,30.026672226174863,4.866384793447764
2026-09-24,2026-09-01,BKK_Sukhumvit,MixedBerryPremium,19.306985283277726,exp_smoothing_4w,active SKU window only; historical active windows have complete daily rows; no pre-launch zero fill,86.5322130974942,89.0,0.27024767614113815,49.16,53.002,0.20131180625630676,0.15098385469223008,8,7.0,0.07815296989422316,14.632021962097927,23.98194860445752,24.17337007672549,18.320067927276114,30.026672226174863,4.866384793447764
2026-09-25,2026-09-01,BKK_Sukhumvit,MixedBerryPremium,19.306985283277726,exp_smoothing_4w,active SKU window only; historical active windows have complete daily rows; no pre-launch zero fill,86.5322130974942,89.0,0.27024767614113815,49.16,53.002,0.20131180625630676,0.15098385469223008,8,7.0,0.07815296989422316,14.632021962097927,23.98194860445752,24.17337007672549,18.320067927276114,30.026672226174863,4.866384793447764
2026-09-26,2026-09-01,BKK_Sukhumvit,MixedBerryPremium,19.306985283277726,exp_smoothing_4w,active SKU window only; historical active windows have complete daily rows; no pre-launch zero fill,86.5322130974942,89.0,0.27024767614113815,49.16,53.002,0.20131180625630676,0.15098385469223008,8,7.0,0.07815296989422316,14.632021962097927,23.98194860445752,24.17337007672549,18.320067927276114,30.026672226174863,4.866384793447764
2026-09-27,2026-09-01,BKK_Sukhumvit,MixedBerryPremium,19.306985283277726,exp_smoothing_4w,active SKU window only; historical active windows have complete daily rows; no pre-launch zero fill,86.5322130974942,89.0,0.27024767614113815,49.16,53.002,0.20131180625630676,0.15098385469223008,8,7.0,0.07815296989422316,14.632021962097927,23.98194860445752,24.17337007672549,18.320067927276114,30.026672226174863,4.866384793447764
2026-09-28,2026-09-01,BKK_Sukhumvit,MixedBerryPremium,19.306985283277726,exp_smoothing_4w,active SKU window only; historical active windows have complete daily rows; no pre-launch zero fill,86.5322130974942,89.0,0.27024767614113815,49.16,53.002,0.20131180625630676,0.15098385469223008,8,7.0,0.07815296989422316,14.632021962097927,23.98194860445752,24.17337007672549,18.320067927276114,30.026672226174863,4.866384793447764
2026-09-29,2026-09-01,BKK_Sukhumvit,MixedBerryPremium,19.306985283277726,exp_smoothing_4w,active SKU window only; historical active windows have complete daily rows; no pre-launch zero fill,86.5322130974942,89.0,0.27024767614113815,49.16,53.002,0.20131180625630676,0.15098385469223008,8,7.0,0.07815296989422316,14.632021962097927,23.98194860445752,24.17337007672549,18.320067927276114,30.026672226174863,4.866384793447764
2026-09-30,2026-09-01,BKK_Sukhumvit,MixedBerryPremium,19.306985283277726,exp_smoothing_4w,active SKU window only; historical active windows have complete daily rows; no pre-launch zero fill,86.5322130974942,89.0,0.27024767614113815,49.16,53.002,0.20131180625630676,0.15098385469223008,8,7.0,0.07815296989422316,14.632021962097927,23.98194860445752,24.17337007672549,18.320067927276114,30.026672226174863,4.866384793447764
2026-10-01,2026-10-01,BKK_Sukhumvit,MixedBerryPremium,19.306985283277726,exp_smoothing_4w,active SKU window only; historical active windows have complete daily rows; no pre-launch zero fill,86.5322130974942,89.0,0.27024767614113815,49.16,53.002,0.20131180625630676,0.15098385469223008,8,7.0,0.07815296989422316,14.632021962097927,23.98194860445752,24.17337007672549,18.320067927276114,30.026672226174863,4.866384793447764
2026-10-02,2026-10-01,BKK_Sukhumvit,MixedBerryPremium,19.306985283277726,exp_smoothing_4w,active SKU window only; historical active windows have complete daily rows; no pre-launch zero fill,86.5322130974942,89.0,0.27024767614113815,49.16,53.002,0.20131180625630676,0.15098385469223008,8,7.0,0.07815296989422316,14.632021962097927,23.98194860445752,24.17337007672549,18.320067927276114,30.026672226174863,4.866384793447764
2026-10-03,2026-10-01,BKK_Sukhumvit,MixedBerryPremium,19.306985283277726,exp_smoothing_4w,active SKU window only; historical active windows have complete daily rows; no pre-launch zero fill,86.5322130974942,89.0,0.27024767614113815,49.16,53.002,0.20131180625630676,0.15098385469223008,8,7.0,0.07815296989422316,14.632021962097927,23.98194860445752,24.17337007672549,18.320067927276114,30.026672226174863,4.866384793447764
2026-10-04,2026-10-01,BKK_Sukhumvit,MixedBerryPremium,19.306985283277726,exp_smoothing_4w,active SKU window only; historical active windows have complete daily rows; no pre-launch zero fill,86.5322130974942,89.0,0.27024767614113815,49.16,53.002,0.20131180625630676,0.15098385469223008,8,7.0,0.07815296989422316,14.632021962097927,23.98194860445752,24.17337007672549,18.320067927276114,30.026672226174863,4.866384793447764
2026-10-05,2026-10-01,BKK_Sukhumvit,MixedBerryPremium,19.306985283277726,exp_smoothing_4w,active SKU window only; historical active windows have complete daily rows; no pre-launch zero fill,86.5322130974942,89.0,0.27024767614113815,49.16,53.002,0.20131180625630676,0.15098385469223008,8,7.0,0.07815296989422316,14.632021962097927,23.98194860445752,24.17337007672549,18.320067927276114,30.026672226174863,4.866384793447764
2026-10-06,2026-10-01,BKK_Sukhumvit,MixedBerryPremium,19.306985283277726,exp_smoothing_4w,active SKU window only; historical active windows have complete daily rows; no pre-launch zero fill,86.5322130974942,89.0,0.27024767614113815,49.16,53.002,0.20131180625630676,0.15098385469223008,8,7.0,0.07815296989422316,14.632021962097927,23.98194860445752,24.17337007672549,18.320067927276114,30.026672226174863,4.866384793447764
2026-10-07,2026-10-01,BKK_Sukhumvit,MixedBerryPremium,19.306985283277726,exp_smoothing_4w,active SKU window only; historical active windows have complete daily rows; no pre-launch zero fill,86.5322130974942,89.0,0.27024767614113815,49.16,53.002,0.20131180625630676,0.15098385469223008,8,7.0,0.07815296989422316,14.632021962097927,23.98194860445752,24.17337007672549,18.320067927276114,30.026672226174863,4.866384793447764
2026-10-08,2026-10-01,BKK_Sukhumvit,MixedBerryPremium,19.306985283277726,exp_smoothing_4w,active SKU window only; historical active windows have complete daily rows; no pre-launch zero fill,86.5322130974942,89.0,0.27024767614113815,49.16,53.002,0.20131180625630676,0.15098385469223008,8,7.0,0.07815296989422316,14.632021962097927,23.98194860445752,24.17337007672549,18.320067927276114,30.026672226174863,4.866384793447764
2026-10-09,2026-10-01,BKK_Sukhumvit,MixedBerryPremium,19.306985283277726,exp_smoothing_4w,active SKU window only; historical active windows have complete daily rows; no pre-launch zero fill,86.5322130974942,89.0,0.27024767614113815,49.16,53.002,0.20131180625630676,0.15098385469223008,8,7.0,0.07815296989422316,14.632021962097927,23.98194860445752,24.17337007672549,18.320067927276114,30.026672226174863,4.866384793447764
2026-10-10,2026-10-01,BKK_Sukhumvit,MixedBerryPremium,19.306985283277726,exp_smoothing_4w,active SKU window only; historical active windows have complete daily rows; no pre-launch zero fill,86.5322130974942,89.0,0.27024767614113815,49.16,53.002,0.20131180625630676,0.15098385469223008,8,7.0,0.07815296989422316,14.632021962097927,23.98194860445752,24.17337007672549,18.320067927276114,30.026672226174863,4.866384793447764
2026-10-11,2026-10-01,BKK_Sukhumvit,MixedBerryPremium,19.306985283277726,exp_smoothing_4w,active SKU window only; historical active windows have complete daily rows; no pre-launch zero fill,86.5322130974942,89.0,0.27024767614113815,49.16,53.002,0.20131180625630676,0.15098385469223008,8,7.0,0.07815296989422316,14.632021962097927,23.98194860445752,24.17337007672549,18.320067927276114,30.026672226174863,4.866384793447764
2026-10-12,2026-10-01,BKK_Sukhumvit,MixedBerryPremium,19.306985283277726,exp_smoothing_4w,active SKU window only; historical active windows have complete daily rows; no pre-launch zero fill,86.5322130974942,89.0,0.27024767614113815,49.16,53.002,0.20131180625630676,0.15098385469223008,8,7.0,0.07815296989422316,14.632021962097927,23.98194860445752,24.17337007672549,18.320067927276114,30.026672226174863,4.866384793447764
2026-10-13,2026-10-01,BKK_Sukhumvit,MixedBerryPremium,19.306985283277726,exp_smoothing_4w,active SKU window only; historical active windows have complete daily rows; no pre-launch zero fill,86.5322130974942,89.0,0.27024767614113815,49.16,53.002,0.20131180625630676,0.15098385469223008,8,7.0,0.07815296989422316,14.632021962097927,23.98194860445752,24.17337007672549,18.320067927276114,30.026672226174863,4.866384793447764
2026-10-14,2026-10-01,BKK_Sukhumvit,MixedBerryPremium,19.306985283277726,exp_smoothing_4w,active SKU window only; historical active windows have complete daily rows; no pre-launch zero fill,86.5322130974942,89.0,0.27024767614113815,49.16,53.002,0.20131180625630676,0.15098385469223008,8,7.0,0.07815296989422316,14.632021962097927,23.98194860445752,24.17337007672549,18.320067927276114,30.026672226174863,4.866384793447764
2026-10-15,2026-10-01,BKK_Sukhumvit,MixedBerryPremium,19.306985283277726,exp_smoothing_4w,active SKU window only; historical active windows have complete daily rows; no pre-launch zero fill,86.5322130974942,89.0,0.27024767614113815,49.16,53.002,0.20131180625630676,0.15098385469223008,8,7.0,0.07815296989422316,14.632021962097927,23.98194860445752,24.17337007672549,18.320067927276114,30.026672226174863,4.866384793447764
2026-10-16,2026-10-01,BKK_Sukhumvit,MixedBerryPremium,19.306985283277726,exp_smoothing_4w,active SKU window only; historical active windows have complete daily rows; no pre-launch zero fill,86.5322130974942,89.0,0.27024767614113815,49.16,53.002,0.20131180625630676,0.15098385469223008,8,7.0,0.07815296989422316,14.632021962097927,23.98194860445752,24.17337007672549,18.320067927276114,30.026672226174863,4.866384793447764
2026-10-17,2026-10-01,BKK_Sukhumvit,MixedBerryPremium,19.306985283277726,exp_smoothing_4w,active SKU window only; historical active windows have complete daily rows; no pre-launch zero fill,86.5322130974942,89.0,0.27024767614113815,49.16,53.002,0.20131180625630676,0.15098385469223008,8,7.0,0.07815296989422316,14.632021962097927,23.98194860445752,24.17337007672549,18.320067927276114,30.026672226174863,4.866384793447764
2026-10-18,2026-10-01,BKK_Sukhumvit,MixedBerryPremium,19.306985283277726,exp_smoothing_4w,active SKU window only; historical active windows have complete daily rows; no pre-launch zero fill,86.5322130974942,89.0,0.27024767614113815,49.16,53.002,0.20131180625630676,0.15098385469223008,8,7.0,0.07815296989422316,14.632021962097927,23.98194860445752,24.17337007672549,18.320067927276114,30.026672226174863,4.866384793447764
2026-10-19,2026-10-01,BKK_Sukhumvit,MixedBerryPremium,19.306985283277726,exp_smoothing_4w,active SKU window only; historical active windows have complete daily rows; no pre-launch zero fill,86.5322130974942,89.0,0.27024767614113815,49.16,53.002,0.20131180625630676,0.15098385469223008,8,7.0,0.07815296989422316,14.632021962097927,23.98194860445752,24.17337007672549,18.320067927276114,30.026672226174863,4.866384793447764
2026-10-20,2026-10-01,BKK_Sukhumvit,MixedBerryPremium,19.306985283277726,exp_smoothing_4w,active SKU window only; historical active windows have complete daily rows; no pre-launch zero fill,86.5322130974942,89.0,0.27024767614113815,49.16,53.002,0.20131180625630676,0.15098385469223008,8,7.0,0.07815296989422316,14.632021962097927,23.98194860445752,24.17337007672549,18.320067927276114,30.026672226174863,4.866384793447764
2026-10-21,2026-10-01,BKK_Sukhumvit,MixedBerryPremium,19.306985283277726,exp_smoothing_4w,active SKU window only; historical active windows have complete daily rows; no pre-launch zero fill,86.5322130974942,89.0,0.27024767614113815,49.16,53.002,0.20131180625630676,0.15098385469223008,8,7.0,0.07815296989422316,14.632021962097927,23.98194860445752,24.17337007672549,18.320067927276114,30.026672226174863,4.866384793447764
2026-10-22,2026-10-01,BKK_Sukhumvit,MixedBerryPremium,19.306985283277726,exp_smoothing_4w,active SKU window only; historical active windows have complete daily rows; no pre-launch zero fill,86.5322130974942,89.0,0.27024767614113815,49.16,53.002,0.20131180625630676,0.15098385469223008,8,7.0,0.07815296989422316,14.632021962097927,23.98194860445752,24.17337007672549,18.320067927276114,30.026672226174863,4.866384793447764
2026-10-23,2026-10-01,BKK_Sukhumvit,MixedBerryPremium,19.306985283277726,exp_smoothing_4w,active SKU window only; historical active windows have complete daily rows; no pre-launch zero fill,86.5322130974942,89.0,0.27024767614113815,49.16,53.002,0.20131180625630676,0.15098385469223008,8,7.0,0.07815296989422316,14.632021962097927,23.98194860445752,24.17337007672549,18.320067927276114,30.026672226174863,4.866384793447764
2026-10-24,2026-10-01,BKK_Sukhumvit,MixedBerryPremium,19.306985283277726,exp_smoothing_4w,active SKU window only; historical active windows have complete daily rows; no pre-launch zero fill,86.5322130974942,89.0,0.27024767614113815,49.16,53.002,0.20131180625630676,0.15098385469223008,8,7.0,0.07815296989422316,14.632021962097927,23.98194860445752,24.17337007672549,18.320067927276114,30.026672226174863,4.866384793447764
2026-10-25,2026-10-01,BKK_Sukhumvit,MixedBerryPremium,19.306985283277726,exp_smoothing_4w,active SKU window only; historical active windows have complete daily rows; no pre-launch zero fill,86.5322130974942,89.0,0.27024767614113815,49.16,53.002,0.20131180625630676,0.15098385469223008,8,7.0,0.07815296989422316,14.632021962097927,23.98194860445752,24.17337007672549,18.320067927276114,30.026672226174863,4.866384793447764
2026-10-26,2026-10-01,BKK_Sukhumvit,MixedBerryPremium,19.306985283277726,exp_smoothing_4w,active SKU window only; historical active windows have complete daily rows; no pre-launch zero fill,86.5322130974942,89.0,0.27024767614113815,49.16,53.002,0.20131180625630676,0.15098385469223008,8,7.0,0.07815296989422316,14.632021962097927,23.98194860445752,24.17337007672549,18.320067927276114,30.026672226174863,4.866384793447764
2026-10-27,2026-10-01,BKK_Sukhumvit,MixedBerryPremium,19.306985283277726,exp_smoothing_4w,active SKU window only; historical active windows have complete daily rows; no pre-launch zero fill,86.5322130974942,89.0,0.27024767614113815,49.16,53.002,0.20131180625630676,0.15098385469223008,8,7.0,0.07815296989422316,14.632021962097927,23.98194860445752,24.17337007672549,18.320067927276114,30.026672226174863,4.866384793447764
2026-10-28,2026-10-01,BKK_Sukhumvit,MixedBerryPremium,19.306985283277726,exp_smoothing_4w,active SKU window only; historical active windows have complete daily rows; no pre-launch zero fill,86.5322130974942,89.0,0.27024767614113815,49.16,53.002,0.20131180625630676,0.15098385469223008,8,7.0,0.07815296989422316,14.632021962097927,23.98194860445752,24.17337007672549,18.320067927276114,30.026672226174863,4.866384793447764
2026-10-29,2026-10-01,BKK_Sukhumvit,MixedBerryPremium,19.306985283277726,exp_smoothing_4w,active SKU window only; historical active windows have complete daily rows; no pre-launch zero fill,86.5322130974942,89.0,0.27024767614113815,49.16,53.002,0.20131180625630676,0.15098385469223008,8,7.0,0.07815296989422316,14.632021962097927,23.98194860445752,24.17337007672549,18.320067927276114,30.026672226174863,4.866384793447764
2026-10-30,2026-10-01,BKK_Sukhumvit,MixedBerryPremium,19.306985283277726,exp_smoothing_4w,active SKU window only; historical active windows have complete daily rows; no pre-launch zero fill,86.5322130974942,89.0,0.27024767614113815,49.16,53.002,0.20131180625630676,0.15098385469223008,8,7.0,0.07815296989422316,14.632021962097927,23.98194860445752,24.17337007672549,18.320067927276114,30.026672226174863,4.866384793447764
2026-10-31,2026-10-01,BKK_Sukhumvit,MixedBerryPremium,19.306985283277726,exp_smoothing_4w,active SKU window only; historical active windows have complete daily rows; no pre-launch zero fill,86.5322130974942,89.0,0.27024767614113815,49.16,53.002,0.20131180625630676,0.15098385469223008,8,7.0,0.07815296989422316,14.632021962097927,23.98194860445752,24.17337007672549,18.320067927276114,30.026672226174863,4.866384793447764
2026-11-01,2026-11-01,BKK_Sukhumvit,MixedBerryPremium,19.306985283277726,exp_smoothing_4w,active SKU window only; historical active windows have complete daily rows; no pre-launch zero fill,86.5322130974942,89.0,0.27024767614113815,49.16,53.002,0.20131180625630676,0.15098385469223008,8,7.0,0.07815296989422316,14.632021962097927,23.98194860445752,24.17337007672549,18.320067927276114,30.026672226174863,4.866384793447764
2026-11-02,2026-11-01,BKK_Sukhumvit,MixedBerryPremium,19.306985283277726,exp_smoothing_4w,active SKU window only; historical active windows have complete daily rows; no pre-launch zero fill,86.5322130974942,89.0,0.27024767614113815,49.16,53.002,0.20131180625630676,0.15098385469223008,8,7.0,0.07815296989422316,14.632021962097927,23.98194860445752,24.17337007672549,18.320067927276114,30.026672226174863,4.866384793447764
2026-11-03,2026-11-01,BKK_Sukhumvit,MixedBerryPremium,19.306985283277726,exp_smoothing_4w,active SKU window only; historical active windows have complete daily rows; no pre-launch zero fill,86.5322130974942,89.0,0.27024767614113815,49.16,53.002,0.20131180625630676,0.15098385469223008,8,7.0,0.07815296989422316,14.632021962097927,23.98194860445752,24.17337007672549,18.320067927276114,30.026672226174863,4.866384793447764
2026-11-04,2026-11-01,BKK_Sukhumvit,MixedBerryPremium,19.306985283277726,exp_smoothing_4w,active SKU window only; historical active windows have complete daily rows; no pre-launch zero fill,86.5322130974942,89.0,0.27024767614113815,49.16,53.002,0.20131180625630676,0.15098385469223008,8,7.0,0.07815296989422316,14.632021962097927,23.98194860445752,24.17337007672549,18.320067927276114,30.026672226174863,4.866384793447764
2026-11-05,2026-11-01,BKK_Sukhumvit,MixedBerryPremium,19.306985283277726,exp_smoothing_4w,active SKU window only; historical active windows have complete daily rows; no pre-launch zero fill,86.5322130974942,89.0,0.27024767614113815,49.16,53.002,0.20131180625630676,0.15098385469223008,8,7.0,0.07815296989422316,14.632021962097927,23.98194860445752,24.17337007672549,18.320067927276114,30.026672226174863,4.866384793447764
2026-11-06,2026-11-01,BKK_Sukhumvit,MixedBerryPremium,19.306985283277726,exp_smoothing_4w,active SKU window only; historical active windows have complete daily rows; no pre-launch zero fill,86.5322130974942,89.0,0.27024767614113815,49.16,53.002,0.20131180625630676,0.15098385469223008,8,7.0,0.07815296989422316,14.632021962097927,23.98194860445752,24.17337007672549,18.320067927276114,30.026672226174863,4.866384793447764
2026-11-07,2026-11-01,BKK_Sukhumvit,MixedBerryPremium,19.306985283277726,exp_smoothing_4w,active SKU window only; historical active windows have complete daily rows; no pre-launch zero fill,86.5322130974942,89.0,0.27024767614113815,49.16,53.002,0.20131180625630676,0.15098385469223008,8,7.0,0.07815296989422316,14.632021962097927,23.98194860445752,24.17337007672549,18.320067927276114,30.026672226174863,4.866384793447764
2026-11-08,2026-11-01,BKK_Sukhumvit,MixedBerryPremium,19.306985283277726,exp_smoothing_4w,active SKU window only; historical active windows have complete daily rows; no pre-launch zero fill,86.5322130974942,89.0,0.27024767614113815,49.16,53.002,0.20131180625630676,0.15098385469223008,8,7.0,0.07815296989422316,14.632021962097927,23.98194860445752,24.17337007672549,18.320067927276114,30.026672226174863,4.866384793447764
2026-11-09,2026-11-01,BKK_Sukhumvit,MixedBerryPremium,19.306985283277726,exp_smoothing_4w,active SKU window only; historical active windows have complete daily rows; no pre-launch zero fill,86.5322130974942,89.0,0.27024767614113815,49.16,53.002,0.20131180625630676,0.15098385469223008,8,7.0,0.07815296989422316,14.632021962097927,23.98194860445752,24.17337007672549,18.320067927276114,30.026672226174863,4.866384793447764
2026-11-10,2026-11-01,BKK_Sukhumvit,MixedBerryPremium,19.306985283277726,exp_smoothing_4w,active SKU window only; historical active windows have complete daily rows; no pre-launch zero fill,86.5322130974942,89.0,0.27024767614113815,49.16,53.002,0.20131180625630676,0.15098385469223008,8,7.0,0.07815296989422316,14.632021962097927,23.98194860445752,24.17337007672549,18.320067927276114,30.026672226174863,4.866384793447764
2026-11-11,2026-11-01,BKK_Sukhumvit,MixedBerryPremium,19.306985283277726,exp_smoothing_4w,active SKU window only; historical active windows have complete daily rows; no pre-launch zero fill,86.5322130974942,89.0,0.27024767614113815,49.16,53.002,0.20131180625630676,0.15098385469223008,8,7.0,0.07815296989422316,14.632021962097927,23.98194860445752,24.17337007672549,18.320067927276114,30.026672226174863,4.866384793447764
2026-11-12,2026-11-01,BKK_Sukhumvit,MixedBerryPremium,19.306985283277726,exp_smoothing_4w,active SKU window only; historical active windows have complete daily rows; no pre-launch zero fill,86.5322130974942,89.0,0.27024767614113815,49.16,53.002,0.20131180625630676,0.15098385469223008,8,7.0,0.07815296989422316,14.632021962097927,23.98194860445752,24.17337007672549,18.320067927276114,30.026672226174863,4.866384793447764
2026-11-13,2026-11-01,BKK_Sukhumvit,MixedBerryPremium,19.306985283277726,exp_smoothing_4w,active SKU window only; historical active windows have complete daily rows; no pre-launch zero fill,86.5322130974942,89.0,0.27024767614113815,49.16,53.002,0.20131180625630676,0.15098385469223008,8,7.0,0.07815296989422316,14.632021962097927,23.98194860445752,24.17337007672549,18.320067927276114,30.026672226174863,4.866384793447764
2026-11-14,2026-11-01,BKK_Sukhumvit,MixedBerryPremium,19.306985283277726,exp_smoothing_4w,active SKU window only; historical active windows have complete daily rows; no pre-launch zero fill,86.5322130974942,89.0,0.27024767614113815,49.16,53.002,0.20131180625630676,0.15098385469223008,8,7.0,0.07815296989422316,14.632021962097927,23.98194860445752,24.17337007672549,18.320067927276114,30.026672226174863,4.866384793447764
2026-11-15,2026-11-01,BKK_Sukhumvit,MixedBerryPremium,19.306985283277726,exp_smoothing_4w,active SKU window only; historical active windows have complete daily rows; no pre-launch zero fill,86.5322130974942,89.0,0.27024767614113815,49.16,53.002,0.20131180625630676,0.15098385469223008,8,7.0,0.07815296989422316,14.632021962097927,23.98194860445752,24.17337007672549,18.320067927276114,30.026672226174863,4.866384793447764
2026-11-16,2026-11-01,BKK_Sukhumvit,MixedBerryPremium,19.306985283277726,exp_smoothing_4w,active SKU window only; historical active windows have complete daily rows; no pre-launch zero fill,86.5322130974942,89.0,0.27024767614113815,49.16,53.002,0.20131180625630676,0.15098385469223008,8,7.0,0.07815296989422316,14.632021962097927,23.98194860445752,24.17337007672549,18.320067927276114,30.026672226174863,4.866384793447764
2026-11-17,2026-11-01,BKK_Sukhumvit,MixedBerryPremium,19.306985283277726,exp_smoothing_4w,active SKU window only; historical active windows have complete daily rows; no pre-launch zero fill,86.5322130974942,89.0,0.27024767614113815,49.16,53.002,0.20131180625630676,0.15098385469223008,8,7.0,0.07815296989422316,14.632021962097927,23.98194860445752,24.17337007672549,18.320067927276114,30.026672226174863,4.866384793447764
2026-11-18,2026-11-01,BKK_Sukhumvit,MixedBerryPremium,19.306985283277726,exp_smoothing_4w,active SKU window only; historical active windows have complete daily rows; no pre-launch zero fill,86.5322130974942,89.0,0.27024767614113815,49.16,53.002,0.20131180625630676,0.15098385469223008,8,7.0,0.07815296989422316,14.632021962097927,23.98194860445752,24.17337007672549,18.320067927276114,30.026672226174863,4.866384793447764
2026-11-19,2026-11-01,BKK_Sukhumvit,MixedBerryPremium,19.306985283277726,exp_smoothing_4w,active SKU window only; historical active windows have complete daily rows; no pre-launch zero fill,86.5322130974942,89.0,0.27024767614113815,49.16,53.002,0.20131180625630676,0.15098385469223008,8,7.0,0.07815296989422316,14.632021962097927,23.98194860445752,24.17337007672549,18.320067927276114,30.026672226174863,4.866384793447764
2026-11-20,2026-11-01,BKK_Sukhumvit,MixedBerryPremium,19.306985283277726,exp_smoothing_4w,active SKU window only; historical active windows have complete daily rows; no pre-launch zero fill,86.5322130974942,89.0,0.27024767614113815,49.16,53.002,0.20131180625630676,0.15098385469223008,8,7.0,0.07815296989422316,14.632021962097927,23.98194860445752,24.17337007672549,18.320067927276114,30.026672226174863,4.866384793447764
2026-11-21,2026-11-01,BKK_Sukhumvit,MixedBerryPremium,19.306985283277726,exp_smoothing_4w,active SKU window only; historical active windows have complete daily rows; no pre-launch zero fill,86.5322130974942,89.0,0.27024767614113815,49.16,53.002,0.20131180625630676,0.15098385469223008,8,7.0,0.07815296989422316,14.632021962097927,23.98194860445752,24.17337007672549,18.320067927276114,30.026672226174863,4.866384793447764
2026-11-22,2026-11-01,BKK_Sukhumvit,MixedBerryPremium,19.306985283277726,exp_smoothing_4w,active SKU window only; historical active windows have complete daily rows; no pre-launch zero fill,86.5322130974942,89.0,0.27024767614113815,49.16,53.002,0.20131180625630676,0.15098385469223008,8,7.0,0.07815296989422316,14.632021962097927,23.98194860445752,24.17337007672549,18.320067927276114,30.026672226174863,4.866384793447764
2026-11-23,2026-11-01,BKK_Sukhumvit,MixedBerryPremium,19.306985283277726,exp_smoothing_4w,active SKU window only; historical active windows have complete daily rows; no pre-launch zero fill,86.5322130974942,89.0,0.27024767614113815,49.16,53.002,0.20131180625630676,0.15098385469223008,8,7.0,0.07815296989422316,14.632021962097927,23.98194860445752,24.17337007672549,18.320067927276114,30.026672226174863,4.866384793447764
2026-11-24,2026-11-01,BKK_Sukhumvit,MixedBerryPremium,19.306985283277726,exp_smoothing_4w,active SKU window only; historical active windows have complete daily rows; no pre-launch zero fill,86.5322130974942,89.0,0.27024767614113815,49.16,53.002,0.20131180625630676,0.15098385469223008,8,7.0,0.07815296989422316,14.632021962097927,23.98194860445752,24.17337007672549,18.320067927276114,30.026672226174863,4.866384793447764
2026-11-25,2026-11-01,BKK_Sukhumvit,MixedBerryPremium,19.306985283277726,exp_smoothing_4w,active SKU window only; historical active windows have complete daily rows; no pre-launch zero fill,86.5322130974942,89.0,0.27024767614113815,49.16,53.002,0.20131180625630676,0.15098385469223008,8,7.0,0.07815296989422316,14.632021962097927,23.98194860445752,24.17337007672549,18.320067927276114,30.026672226174863,4.866384793447764
2026-11-26,2026-11-01,BKK_Sukhumvit,MixedBerryPremium,19.306985283277726,exp_smoothing_4w,active SKU window only; historical active windows have complete daily rows; no pre-launch zero fill,86.5322130974942,89.0,0.27024767614113815,49.16,53.002,0.20131180625630676,0.15098385469223008,8,7.0,0.07815296989422316,14.632021962097927,23.98194860445752,24.17337007672549,18.320067927276114,30.026672226174863,4.866384793447764
2026-11-27,2026-11-01,BKK_Sukhumvit,MixedBerryPremium,19.306985283277726,exp_smoothing_4w,active SKU window only; historical active windows have complete daily rows; no pre-launch zero fill,86.5322130974942,89.0,0.27024767614113815,49.16,53.002,0.20131180625630676,0.15098385469223008,8,7.0,0.07815296989422316,14.632021962097927,23.98194860445752,24.17337007672549,18.320067927276114,30.026672226174863,4.866384793447764
2026-11-28,2026-11-01,BKK_Sukhumvit,MixedBerryPremium,19.306985283277726,exp_smoothing_4w,active SKU window only; historical active windows have complete daily rows; no pre-launch zero fill,86.5322130974942,89.0,0.27024767614113815,49.16,53.002,0.20131180625630676,0.15098385469223008,8,7.0,0.07815296989422316,14.632021962097927,23.98194860445752,24.17337007672549,18.320067927276114,30.026672226174863,4.866384793447764
2026-11-29,2026-11-01,BKK_Sukhumvit,MixedBerryPremium,19.306985283277726,exp_smoothing_4w,active SKU window only; historical active windows have complete daily rows; no pre-launch zero fill,86.5322130974942,89.0,0.27024767614113815,49.16,53.002,0.20131180625630676,0.15098385469223008,8,7.0,0.07815296989422316,14.632021962097927,23.98194860445752,24.17337007672549,18.320067927276114,30.026672226174863,4.866384793447764
2026-11-30,2026-11-01,BKK_Sukhumvit,MixedBerryPremium,19.306985283277726,exp_smoothing_4w,active SKU window only; historical active windows have complete daily rows; no pre-launch zero fill,86.5322130974942,89.0,0.27024767614113815,49.16,53.002,0.20131180625630676,0.15098385469223008,8,7.0,0.07815296989422316,14.632021962097927,23.98194860445752,24.17337007672549,18.320067927276114,30.026672226174863,4.866384793447764
2026-09-01,2026-09-01,BKK_Sukhumvit,PassionFruit,42.13335625220644,exp_smoothing_4w,active SKU window only; historical active windows have complete daily rows; no pre-launch zero fill,63.08378602833415,65.0,0.2731614060626561,28.115,29.049,0.08900756564307966,0.06675567423230974,6,6.0,0.033220700693580074,31.931251045865963,52.335461458546916,46.24995188016994,35.05106062533503,57.44884313500484,4.116595627963498
2026-09-02,2026-09-01,BKK_Sukhumvit,PassionFruit,42.13335625220644,exp_smoothing_4w,active SKU window only; historical active windows have complete daily rows; no pre-launch zero fill,63.08378602833415,65.0,0.2731614060626561,28.115,29.049,0.08900756564307966,0.06675567423230974,6,6.0,0.033220700693580074,31.931251045865963,52.335461458546916,46.24995188016994,35.05106062533503,57.44884313500484,4.116595627963498
2026-09-03,2026-09-01,BKK_Sukhumvit,PassionFruit,42.13335625220644,exp_smoothing_4w,active SKU window only; historical active windows have complete daily rows; no pre-launch zero fill,63.08378602833415,65.0,0.2731614060626561,28.115,29.049,0.08900756564307966,0.06675567423230974,6,6.0,0.033220700693580074,31.931251045865963,52.335461458546916,46.24995188016994,35.05106062533503,57.44884313500484,4.116595627963498
2026-09-04,2026-09-01,BKK_Sukhumvit,PassionFruit,42.13335625220644,exp_smoothing_4w,active SKU window only; historical active windows have complete daily rows; no pre-launch zero fill,63.08378602833415,65.0,0.2731614060626561,28.115,29.049,0.08900756564307966,0.06675567423230974,6,6.0,0.033220700693580074,31.931251045865963,52.335461458546916,46.24995188016994,35.05106062533503,57.44884313500484,4.116595627963498
2026-09-05,2026-09-01,BKK_Sukhumvit,PassionFruit,42.13335625220644,exp_smoothing_4w,active SKU window only; historical active windows have complete daily rows; no pre-launch zero fill,63.08378602833415,65.0,0.2731614060626561,28.115,29.049,0.08900756564307966,0.06675567423230974,6,6.0,0.033220700693580074,31.931251045865963,52.335461458546916,46.24995188016994,35.05106062533503,57.44884313500484,4.116595627963498
2026-09-06,2026-09-01,BKK_Sukhumvit,PassionFruit,42.13335625220644,exp_smoothing_4w,active SKU window only; historical active windows have complete daily rows; no pre-launch zero fill,63.08378602833415,65.0,0.2731614060626561,28.115,29.049,0.08900756564307966,0.06675567423230974,6,6.0,0.033220700693580074,31.931251045865963,52.335461458546916,46.24995188016994,35.05106062533503,57.44884313500484,4.116595627963498
2026-09-07,2026-09-01,BKK_Sukhumvit,PassionFruit,42.13335625220644,exp_smoothing_4w,active SKU window only; historical active windows have complete daily rows; no pre-launch zero fill,63.08378602833415,65.0,0.2731614060626561,28.115,29.049,0.08900756564307966,0.06675567423230974,6,6.0,0.033220700693580074,31.931251045865963,52.335461458546916,46.24995188016994,35.05106062533503,57.44884313500484,4.116595627963498
2026-09-08,2026-09-01,BKK_Sukhumvit,PassionFruit,42.13335625220644,exp_smoothing_4w,active SKU window only; historical active windows have complete daily rows; no pre-launch zero fill,63.08378602833415,65.0,0.2731614060626561,28.115,29.049,0.08900756564307966,0.06675567423230974,6,6.0,0.033220700693580074,31.931251045865963,52.335461458546916,46.24995188016994,35.05106062533503,57.44884313500484,4.116595627963498
2026-09-09,2026-09-01,BKK_Sukhumvit,PassionFruit,42.13335625220644,exp_smoothing_4w,active SKU window only; historical active windows have complete daily rows; no pre-launch zero fill,63.08378602833415,65.0,0.2731614060626561,28.115,29.049,0.08900756564307966,0.06675567423230974,6,6.0,0.033220700693580074,31.931251045865963,52.335461458546916,46.24995188016994,35.05106062533503,57.44884313500484,4.116595627963498
2026-09-10,2026-09-01,BKK_Sukhumvit,PassionFruit,42.13335625220644,exp_smoothing_4w,active SKU window only; historical active windows have complete daily rows; no pre-launch zero fill,63.08378602833415,65.0,0.2731614060626561,28.115,29.049,0.08900756564307966,0.06675567423230974,6,6.0,0.033220700693580074,31.931251045865963,52.335461458546916,46.24995188016994,35.05106062533503,57.44884313500484,4.116595627963498
2026-09-11,2026-09-01,BKK_Sukhumvit,PassionFruit,42.13335625220644,exp_smoothing_4w,active SKU window only; historical active windows have complete daily rows; no pre-launch zero fill,63.08378602833415,65.0,0.2731614060626561,28.115,29.049,0.08900756564307966,0.06675567423230974,6,6.0,0.033220700693580074,31.931251045865963,52.335461458546916,46.24995188016994,35.05106062533503,57.44884313500484,4.116595627963498
2026-09-12,2026-09-01,BKK_Sukhumvit,PassionFruit,42.13335625220644,exp_smoothing_4w,active SKU window only; historical active windows have complete daily rows; no pre-launch zero fill,63.08378602833415,65.0,0.2731614060626561,28.115,29.049,0.08900756564307966,0.06675567423230974,6,6.0,0.033220700693580074,31.931251045865963,52.335461458546916,46.24995188016994,35.05106062533503,57.44884313500484,4.116595627963498
2026-09-13,2026-09-01,BKK_Sukhumvit,PassionFruit,42.13335625220644,exp_smoothing_4w,active SKU window only; historical active windows have complete daily rows; no pre-launch zero fill,63.08378602833415,65.0,0.2731614060626561,28.115,29.049,0.08900756564307966,0.06675567423230974,6,6.0,0.033220700693580074,31.931251045865963,52.335461458546916,46.24995188016994,35.05106062533503,57.44884313500484,4.116595627963498
2026-09-14,2026-09-01,BKK_Sukhumvit,PassionFruit,42.13335625220644,exp_smoothing_4w,active SKU window only; historical active windows have complete daily rows; no pre-launch zero fill,63.08378602833415,65.0,0.2731614060626561,28.115,29.049,0.08900756564307966,0.06675567423230974,6,6.0,0.033220700693580074,31.931251045865963,52.335461458546916,46.24995188016994,35.05106062533503,57.44884313500484,4.116595627963498
2026-09-15,2026-09-01,BKK_Sukhumvit,PassionFruit,42.13335625220644,exp_smoothing_4w,active SKU window only; historical active windows have complete daily rows; no pre-launch zero fill,63.08378602833415,65.0,0.2731614060626561,28.115,29.049,0.08900756564307966,0.06675567423230974,6,6.0,0.033220700693580074,31.931251045865963,52.335461458546916,46.24995188016994,35.05106062533503,57.44884313500484,4.116595627963498
2026-09-16,2026-09-01,BKK_Sukhumvit,PassionFruit,42.13335625220644,exp_smoothing_4w,active SKU window only; historical active windows have complete daily rows; no pre-launch zero fill,63.08378602833415,65.0,0.2731614060626561,28.115,29.049,0.08900756564307966,0.06675567423230974,6,6.0,0.033220700693580074,31.931251045865963,52.335461458546916,46.24995188016994,35.05106062533503,57.44884313500484,4.116595627963498
2026-09-17,2026-09-01,BKK_Sukhumvit,PassionFruit,42.13335625220644,exp_smoothing_4w,active SKU window only; historical active windows have complete daily rows; no pre-launch zero fill,63.08378602833415,65.0,0.2731614060626561,28.115,29.049,0.08900756564307966,0.06675567423230974,6,6.0,0.033220700693580074,31.931251045865963,52.335461458546916,46.24995188016994,35.05106062533503,57.44884313500484,4.116595627963498
2026-09-18,2026-09-01,BKK_Sukhumvit,PassionFruit,42.13335625220644,exp_smoothing_4w,active SKU window only; historical active windows have complete daily rows; no pre-launch zero fill,63.08378602833415,65.0,0.2731614060626561,28.115,29.049,0.08900756564307966,0.06675567423230974,6,6.0,0.033220700693580074,31.931251045865963,52.335461458546916,46.24995188016994,35.05106062533503,57.44884313500484,4.116595627963498
2026-09-19,2026-09-01,BKK_Sukhumvit,PassionFruit,42.13335625220644,exp_smoothing_4w,active SKU window only; historical active windows have complete daily rows; no pre-launch zero fill,63.08378602833415,65.0,0.2731614060626561,28.115,29.049,0.08900756564307966,0.06675567423230974,6,6.0,0.033220700693580074,31.931251045865963,52.335461458546916,46.24995188016994,35.05106062533503,57.44884313500484,4.116595627963498
2026-09-20,2026-09-01,BKK_Sukhumvit,PassionFruit,42.13335625220644,exp_smoothing_4w,active SKU window only; historical active windows have complete daily rows; no pre-launch zero fill,63.08378602833415,65.0,0.2731614060626561,28.115,29.049,0.08900756564307966,0.06675567423230974,6,6.0,0.033220700693580074,31.931251045865963,52.335461458546916,46.24995188016994,35.05106062533503,57.44884313500484,4.116595627963498
2026-09-21,2026-09-01,BKK_Sukhumvit,PassionFruit,42.13335625220644,exp_smoothing_4w,active SKU window only; historical active windows have complete daily rows; no pre-launch zero fill,63.08378602833415,65.0,0.2731614060626561,28.115,29.049,0.08900756564307966,0.06675567423230974,6,6.0,0.033220700693580074,31.931251045865963,52.335461458546916,46.24995188016994,35.05106062533503,57.44884313500484,4.116595627963498
2026-09-22,2026-09-01,BKK_Sukhumvit,PassionFruit,42.13335625220644,exp_smoothing_4w,active SKU window only; historical active windows have complete daily rows; no pre-launch zero fill,63.08378602833415,65.0,0.2731614060626561,28.115,29.049,0.08900756564307966,0.06675567423230974,6,6.0,0.033220700693580074,31.931251045865963,52.335461458546916,46.24995188016994,35.05106062533503,57.44884313500484,4.116595627963498
2026-09-23,2026-09-01,BKK_Sukhumvit,PassionFruit,42.13335625220644,exp_smoothing_4w,active SKU window only; historical active windows have complete daily rows; no pre-launch zero fill,63.08378602833415,65.0,0.2731614060626561,28.115,29.049,0.08900756564307966,0.06675567423230974,6,6.0,0.033220700693580074,31.931251045865963,52.335461458546916,46.24995188016994,35.05106062533503,57.44884313500484,4.116595627963498
2026-09-24,2026-09-01,BKK_Sukhumvit,PassionFruit,42.13335625220644,exp_smoothing_4w,active SKU window only; historical active windows have complete daily rows; no pre-launch zero fill,63.08378602833415,65.0,0.2731614060626561,28.115,29.049,0.08900756564307966,0.06675567423230974,6,6.0,0.033220700693580074,31.931251045865963,52.335461458546916,46.24995188016994,35.05106062533503,57.44884313500484,4.116595627963498
2026-09-25,2026-09-01,BKK_Sukhumvit,PassionFruit,42.13335625220644,exp_smoothing_4w,active SKU window only; historical active windows have complete daily rows; no pre-launch zero fill,63.08378602833415,65.0,0.2731614060626561,28.115,29.049,0.08900756564307966,0.06675567423230974,6,6.0,0.033220700693580074,31.931251045865963,52.335461458546916,46.24995188016994,35.05106062533503,57.44884313500484,4.116595627963498
2026-09-26,2026-09-01,BKK_Sukhumvit,PassionFruit,42.13335625220644,exp_smoothing_4w,active SKU window only; historical active windows have complete daily rows; no pre-launch zero fill,63.08378602833415,65.0,0.2731614060626561,28.115,29.049,0.08900756564307966,0.06675567423230974,6,6.0,0.033220700693580074,31.931251045865963,52.335461458546916,46.24995188016994,35.05106062533503,57.44884313500484,4.116595627963498
2026-09-27,2026-09-01,BKK_Sukhumvit,PassionFruit,42.13335625220644,exp_smoothing_4w,active SKU window only; historical active windows have complete daily rows; no pre-launch zero fill,63.08378602833415,65.0,0.2731614060626561,28.115,29.049,0.08900756564307966,0.06675567423230974,6,6.0,0.033220700693580074,31.931251045865963,52.335461458546916,46.24995188016994,35.05106062533503,57.44884313500484,4.116595627963498
2026-09-28,2026-09-01,BKK_Sukhumvit,PassionFruit,42.13335625220644,exp_smoothing_4w,active SKU window only; historical active windows have complete daily rows; no pre-launch zero fill,63.08378602833415,65.0,0.2731614060626561,28.115,29.049,0.08900756564307966,0.06675567423230974,6,6.0,0.033220700693580074,31.931251045865963,52.335461458546916,46.24995188016994,35.05106062533503,57.44884313500484,4.116595627963498
2026-09-29,2026-09-01,BKK_Sukhumvit,PassionFruit,42.13335625220644,exp_smoothing_4w,active SKU window only; historical active windows have complete daily rows; no pre-launch zero fill,63.08378602833415,65.0,0.2731614060626561,28.115,29.049,0.08900756564307966,0.06675567423230974,6,6.0,0.033220700693580074,31.931251045865963,52.335461458546916,46.24995188016994,35.05106062533503,57.44884313500484,4.116595627963498
2026-09-30,2026-09-01,BKK_Sukhumvit,PassionFruit,42.13335625220644,exp_smoothing_4w,active SKU window only; historical active windows have complete daily rows; no pre-launch zero fill,63.08378602833415,65.0,0.2731614060626561,28.115,29.049,0.08900756564307966,0.06675567423230974,6,6.0,0.033220700693580074,31.931251045865963,52.335461458546916,46.24995188016994,35.05106062533503,57.44884313500484,4.116595627963498
2026-10-01,2026-10-01,BKK_Sukhumvit,PassionFruit,42.13335625220644,exp_smoothing_4w,active SKU window only; historical active windows have complete daily rows; no pre-launch zero fill,63.08378602833415,65.0,0.2731614060626561,28.115,29.049,0.08900756564307966,0.06675567423230974,6,6.0,0.033220700693580074,31.931251045865963,52.335461458546916,46.24995188016994,35.05106062533503,57.44884313500484,4.116595627963498
2026-10-02,2026-10-01,BKK_Sukhumvit,PassionFruit,42.13335625220644,exp_smoothing_4w,active SKU window only; historical active windows have complete daily rows; no pre-launch zero fill,63.08378602833415,65.0,0.2731614060626561,28.115,29.049,0.08900756564307966,0.06675567423230974,6,6.0,0.033220700693580074,31.931251045865963,52.335461458546916,46.24995188016994,35.05106062533503,57.44884313500484,4.116595627963498
2026-10-03,2026-10-01,BKK_Sukhumvit,PassionFruit,42.13335625220644,exp_smoothing_4w,active SKU window only; historical active windows have complete daily rows; no pre-launch zero fill,63.08378602833415,65.0,0.2731614060626561,28.115,29.049,0.08900756564307966,0.06675567423230974,6,6.0,0.033220700693580074,31.931251045865963,52.335461458546916,46.24995188016994,35.05106062533503,57.44884313500484,4.116595627963498
2026-10-04,2026-10-01,BKK_Sukhumvit,PassionFruit,42.13335625220644,exp_smoothing_4w,active SKU window only; historical active windows have complete daily rows; no pre-launch zero fill,63.08378602833415,65.0,0.2731614060626561,28.115,29.049,0.08900756564307966,0.06675567423230974,6,6.0,0.033220700693580074,31.931251045865963,52.335461458546916,46.24995188016994,35.05106062533503,57.44884313500484,4.116595627963498
2026-10-05,2026-10-01,BKK_Sukhumvit,PassionFruit,42.13335625220644,exp_smoothing_4w,active SKU window only; historical active windows have complete daily rows; no pre-launch zero fill,63.08378602833415,65.0,0.2731614060626561,28.115,29.049,0.08900756564307966,0.06675567423230974,6,6.0,0.033220700693580074,31.931251045865963,52.335461458546916,46.24995188016994,35.05106062533503,57.44884313500484,4.116595627963498
2026-10-06,2026-10-01,BKK_Sukhumvit,PassionFruit,42.13335625220644,exp_smoothing_4w,active SKU window only; historical active windows have complete daily rows; no pre-launch zero fill,63.08378602833415,65.0,0.2731614060626561,28.115,29.049,0.08900756564307966,0.06675567423230974,6,6.0,0.033220700693580074,31.931251045865963,52.335461458546916,46.24995188016994,35.05106062533503,57.44884313500484,4.116595627963498
2026-10-07,2026-10-01,BKK_Sukhumvit,PassionFruit,42.13335625220644,exp_smoothing_4w,active SKU window only; historical active windows have complete daily rows; no pre-launch zero fill,63.08378602833415,65.0,0.2731614060626561,28.115,29.049,0.08900756564307966,0.06675567423230974,6,6.0,0.033220700693580074,31.931251045865963,52.335461458546916,46.24995188016994,35.05106062533503,57.44884313500484,4.116595627963498
2026-10-08,2026-10-01,BKK_Sukhumvit,PassionFruit,42.13335625220644,exp_smoothing_4w,active SKU window only; historical active windows have complete daily rows; no pre-launch zero fill,63.08378602833415,65.0,0.2731614060626561,28.115,29.049,0.08900756564307966,0.06675567423230974,6,6.0,0.033220700693580074,31.931251045865963,52.335461458546916,46.24995188016994,35.05106062533503,57.44884313500484,4.116595627963498
2026-10-09,2026-10-01,BKK_Sukhumvit,PassionFruit,42.13335625220644,exp_smoothing_4w,active SKU window only; historical active windows have complete daily rows; no pre-launch zero fill,63.08378602833415,65.0,0.2731614060626561,28.115,29.049,0.08900756564307966,0.06675567423230974,6,6.0,0.033220700693580074,31.931251045865963,52.335461458546916,46.24995188016994,35.05106062533503,57.44884313500484,4.116595627963498
2026-10-10,2026-10-01,BKK_Sukhumvit,PassionFruit,42.13335625220644,exp_smoothing_4w,active SKU window only; historical active windows have complete daily rows; no pre-launch zero fill,63.08378602833415,65.0,0.2731614060626561,28.115,29.049,0.08900756564307966,0.06675567423230974,6,6.0,0.033220700693580074,31.931251045865963,52.335461458546916,46.24995188016994,35.05106062533503,57.44884313500484,4.116595627963498
2026-10-11,2026-10-01,BKK_Sukhumvit,PassionFruit,42.13335625220644,exp_smoothing_4w,active SKU window only; historical active windows have complete daily rows; no pre-launch zero fill,63.08378602833415,65.0,0.2731614060626561,28.115,29.049,0.08900756564307966,0.06675567423230974,6,6.0,0.033220700693580074,31.931251045865963,52.335461458546916,46.24995188016994,35.05106062533503,57.44884313500484,4.116595627963498
2026-10-12,2026-10-01,BKK_Sukhumvit,PassionFruit,42.13335625220644,exp_smoothing_4w,active SKU window only; historical active windows have complete daily rows; no pre-launch zero fill,63.08378602833415,65.0,0.2731614060626561,28.115,29.049,0.08900756564307966,0.06675567423230974,6,6.0,0.033220700693580074,31.931251045865963,52.335461458546916,46.24995188016994,35.05106062533503,57.44884313500484,4.116595627963498
2026-10-13,2026-10-01,BKK_Sukhumvit,PassionFruit,42.13335625220644,exp_smoothing_4w,active SKU window only; historical active windows have complete daily rows; no pre-launch zero fill,63.08378602833415,65.0,0.2731614060626561,28.115,29.049,0.08900756564307966,0.06675567423230974,6,6.0,0.033220700693580074,31.931251045865963,52.335461458546916,46.24995188016994,35.05106062533503,57.44884313500484,4.116595627963498
2026-10-14,2026-10-01,BKK_Sukhumvit,PassionFruit,42.13335625220644,exp_smoothing_4w,active SKU window only; historical active windows have complete daily rows; no pre-launch zero fill,63.08378602833415,65.0,0.2731614060626561,28.115,29.049,0.08900756564307966,0.06675567423230974,6,6.0,0.033220700693580074,31.931251045865963,52.335461458546916,46.24995188016994,35.05106062533503,57.44884313500484,4.116595627963498
2026-10-15,2026-10-01,BKK_Sukhumvit,PassionFruit,42.13335625220644,exp_smoothing_4w,active SKU window only; historical active windows have complete daily rows; no pre-launch zero fill,63.08378602833415,65.0,0.2731614060626561,28.115,29.049,0.08900756564307966,0.06675567423230974,6,6.0,0.033220700693580074,31.931251045865963,52.335461458546916,46.24995188016994,35.05106062533503,57.44884313500484,4.116595627963498
2026-10-16,2026-10-01,BKK_Sukhumvit,PassionFruit,42.13335625220644,exp_smoothing_4w,active SKU window only; historical active windows have complete daily rows; no pre-launch zero fill,63.08378602833415,65.0,0.2731614060626561,28.115,29.049,0.08900756564307966,0.06675567423230974,6,6.0,0.033220700693580074,31.931251045865963,52.335461458546916,46.24995188016994,35.05106062533503,57.44884313500484,4.116595627963498
2026-10-17,2026-10-01,BKK_Sukhumvit,PassionFruit,42.13335625220644,exp_smoothing_4w,active SKU window only; historical active windows have complete daily rows; no pre-launch zero fill,63.08378602833415,65.0,0.2731614060626561,28.115,29.049,0.08900756564307966,0.06675567423230974,6,6.0,0.033220700693580074,31.931251045865963,52.335461458546916,46.24995188016994,35.05106062533503,57.44884313500484,4.116595627963498
2026-10-18,2026-10-01,BKK_Sukhumvit,PassionFruit,42.13335625220644,exp_smoothing_4w,active SKU window only; historical active windows have complete daily rows; no pre-launch zero fill,63.08378602833415,65.0,0.2731614060626561,28.115,29.049,0.08900756564307966,0.06675567423230974,6,6.0,0.033220700693580074,31.931251045865963,52.335461458546916,46.24995188016994,35.05106062533503,57.44884313500484,4.116595627963498
2026-10-19,2026-10-01,BKK_Sukhumvit,PassionFruit,42.13335625220644,exp_smoothing_4w,active SKU window only; historical active windows have complete daily rows; no pre-launch zero fill,63.08378602833415,65.0,0.2731614060626561,28.115,29.049,0.08900756564307966,0.06675567423230974,6,6.0,0.033220700693580074,31.931251045865963,52.335461458546916,46.24995188016994,35.05106062533503,57.44884313500484,4.116595627963498
2026-10-20,2026-10-01,BKK_Sukhumvit,PassionFruit,42.13335625220644,exp_smoothing_4w,active SKU window only; historical active windows have complete daily rows; no pre-launch zero fill,63.08378602833415,65.0,0.2731614060626561,28.115,29.049,0.08900756564307966,0.06675567423230974,6,6.0,0.033220700693580074,31.931251045865963,52.335461458546916,46.24995188016994,35.05106062533503,57.44884313500484,4.116595627963498
2026-10-21,2026-10-01,BKK_Sukhumvit,PassionFruit,42.13335625220644,exp_smoothing_4w,active SKU window only; historical active windows have complete daily rows; no pre-launch zero fill,63.08378602833415,65.0,0.2731614060626561,28.115,29.049,0.08900756564307966,0.06675567423230974,6,6.0,0.033220700693580074,31.931251045865963,52.335461458546916,46.24995188016994,35.05106062533503,57.44884313500484,4.116595627963498
2026-10-22,2026-10-01,BKK_Sukhumvit,PassionFruit,42.13335625220644,exp_smoothing_4w,active SKU window only; historical active windows have complete daily rows; no pre-launch zero fill,63.08378602833415,65.0,0.2731614060626561,28.115,29.049,0.08900756564307966,0.06675567423230974,6,6.0,0.033220700693580074,31.931251045865963,52.335461458546916,46.24995188016994,35.05106062533503,57.44884313500484,4.116595627963498
2026-10-23,2026-10-01,BKK_Sukhumvit,PassionFruit,42.13335625220644,exp_smoothing_4w,active SKU window only; historical active windows have complete daily rows; no pre-launch zero fill,63.08378602833415,65.0,0.2731614060626561,28.115,29.049,0.08900756564307966,0.06675567423230974,6,6.0,0.033220700693580074,31.931251045865963,52.335461458546916,46.24995188016994,35.05106062533503,57.44884313500484,4.116595627963498
2026-10-24,2026-10-01,BKK_Sukhumvit,PassionFruit,42.13335625220644,exp_smoothing_4w,active SKU window only; historical active windows have complete daily rows; no pre-launch zero fill,63.08378602833415,65.0,0.2731614060626561,28.115,29.049,0.08900756564307966,0.06675567423230974,6,6.0,0.033220700693580074,31.931251045865963,52.335461458546916,46.24995188016994,35.05106062533503,57.44884313500484,4.116595627963498
2026-10-25,2026-10-01,BKK_Sukhumvit,PassionFruit,42.13335625220644,exp_smoothing_4w,active SKU window only; historical active windows have complete daily rows; no pre-launch zero fill,63.08378602833415,65.0,0.2731614060626561,28.115,29.049,0.08900756564307966,0.06675567423230974,6,6.0,0.033220700693580074,31.931251045865963,52.335461458546916,46.24995188016994,35.05106062533503,57.44884313500484,4.116595627963498
2026-10-26,2026-10-01,BKK_Sukhumvit,PassionFruit,42.13335625220644,exp_smoothing_4w,active SKU window only; historical active windows have complete daily rows; no pre-launch zero fill,63.08378602833415,65.0,0.2731614060626561,28.115,29.049,0.08900756564307966,0.06675567423230974,6,6.0,0.033220700693580074,31.931251045865963,52.335461458546916,46.24995188016994,35.05106062533503,57.44884313500484,4.116595627963498
2026-10-27,2026-10-01,BKK_Sukhumvit,PassionFruit,42.13335625220644,exp_smoothing_4w,active SKU window only; historical active windows have complete daily rows; no pre-launch zero fill,63.08378602833415,65.0,0.2731614060626561,28.115,29.049,0.08900756564307966,0.06675567423230974,6,6.0,0.033220700693580074,31.931251045865963,52.335461458546916,46.24995188016994,35.05106062533503,57.44884313500484,4.116595627963498
2026-10-28,2026-10-01,BKK_Sukhumvit,PassionFruit,42.13335625220644,exp_smoothing_4w,active SKU window only; historical active windows have complete daily rows; no pre-launch zero fill,63.08378602833415,65.0,0.2731614060626561,28.115,29.049,0.08900756564307966,0.06675567423230974,6,6.0,0.033220700693580074,31.931251045865963,52.335461458546916,46.24995188016994,35.05106062533503,57.44884313500484,4.116595627963498
2026-10-29,2026-10-01,BKK_Sukhumvit,PassionFruit,42.13335625220644,exp_smoothing_4w,active SKU window only; historical active windows have complete daily rows; no pre-launch zero fill,63.08378602833415,65.0,0.2731614060626561,28.115,29.049,0.08900756564307966,0.06675567423230974,6,6.0,0.033220700693580074,31.931251045865963,52.335461458546916,46.24995188016994,35.05106062533503,57.44884313500484,4.116595627963498
2026-10-30,2026-10-01,BKK_Sukhumvit,PassionFruit,42.13335625220644,exp_smoothing_4w,active SKU window only; historical active windows have complete daily rows; no pre-launch zero fill,63.08378602833415,65.0,0.2731614060626561,28.115,29.049,0.08900756564307966,0.06675567423230974,6,6.0,0.033220700693580074,31.931251045865963,52.335461458546916,46.24995188016994,35.05106062533503,57.44884313500484,4.116595627963498
2026-10-31,2026-10-01,BKK_Sukhumvit,PassionFruit,42.13335625220644,exp_smoothing_4w,active SKU window only; historical active windows have complete daily rows; no pre-launch zero fill,63.08378602833415,65.0,0.2731614060626561,28.115,29.049,0.08900756564307966,0.06675567423230974,6,6.0,0.033220700693580074,31.931251045865963,52.335461458546916,46.24995188016994,35.05106062533503,57.44884313500484,4.116595627963498
2026-11-01,2026-11-01,BKK_Sukhumvit,PassionFruit,42.13335625220644,exp_smoothing_4w,active SKU window only; historical active windows have complete daily rows; no pre-launch zero fill,63.08378602833415,65.0,0.2731614060626561,28.115,29.049,0.08900756564307966,0.06675567423230974,6,6.0,0.033220700693580074,31.931251045865963,52.335461458546916,46.24995188016994,35.05106062533503,57.44884313500484,4.116595627963498
2026-11-02,2026-11-01,BKK_Sukhumvit,PassionFruit,42.13335625220644,exp_smoothing_4w,active SKU window only; historical active windows have complete daily rows; no pre-launch zero fill,63.08378602833415,65.0,0.2731614060626561,28.115,29.049,0.08900756564307966,0.06675567423230974,6,6.0,0.033220700693580074,31.931251045865963,52.335461458546916,46.24995188016994,35.05106062533503,57.44884313500484,4.116595627963498
2026-11-03,2026-11-01,BKK_Sukhumvit,PassionFruit,42.13335625220644,exp_smoothing_4w,active SKU window only; historical active windows have complete daily rows; no pre-launch zero fill,63.08378602833415,65.0,0.2731614060626561,28.115,29.049,0.08900756564307966,0.06675567423230974,6,6.0,0.033220700693580074,31.931251045865963,52.335461458546916,46.24995188016994,35.05106062533503,57.44884313500484,4.116595627963498
2026-11-04,2026-11-01,BKK_Sukhumvit,PassionFruit,42.13335625220644,exp_smoothing_4w,active SKU window only; historical active windows have complete daily rows; no pre-launch zero fill,63.08378602833415,65.0,0.2731614060626561,28.115,29.049,0.08900756564307966,0.06675567423230974,6,6.0,0.033220700693580074,31.931251045865963,52.335461458546916,46.24995188016994,35.05106062533503,57.44884313500484,4.116595627963498
2026-11-05,2026-11-01,BKK_Sukhumvit,PassionFruit,42.13335625220644,exp_smoothing_4w,active SKU window only; historical active windows have complete daily rows; no pre-launch zero fill,63.08378602833415,65.0,0.2731614060626561,28.115,29.049,0.08900756564307966,0.06675567423230974,6,6.0,0.033220700693580074,31.931251045865963,52.335461458546916,46.24995188016994,35.05106062533503,57.44884313500484,4.116595627963498
2026-11-06,2026-11-01,BKK_Sukhumvit,PassionFruit,42.13335625220644,exp_smoothing_4w,active SKU window only; historical active windows have complete daily rows; no pre-launch zero fill,63.08378602833415,65.0,0.2731614060626561,28.115,29.049,0.08900756564307966,0.06675567423230974,6,6.0,0.033220700693580074,31.931251045865963,52.335461458546916,46.24995188016994,35.05106062533503,57.44884313500484,4.116595627963498
2026-11-07,2026-11-01,BKK_Sukhumvit,PassionFruit,42.13335625220644,exp_smoothing_4w,active SKU window only; historical active windows have complete daily rows; no pre-launch zero fill,63.08378602833415,65.0,0.2731614060626561,28.115,29.049,0.08900756564307966,0.06675567423230974,6,6.0,0.033220700693580074,31.931251045865963,52.335461458546916,46.24995188016994,35.05106062533503,57.44884313500484,4.116595627963498
2026-11-08,2026-11-01,BKK_Sukhumvit,PassionFruit,42.13335625220644,exp_smoothing_4w,active SKU window only; historical active windows have complete daily rows; no pre-launch zero fill,63.08378602833415,65.0,0.2731614060626561,28.115,29.049,0.08900756564307966,0.06675567423230974,6,6.0,0.033220700693580074,31.931251045865963,52.335461458546916,46.24995188016994,35.05106062533503,57.44884313500484,4.116595627963498
2026-11-09,2026-11-01,BKK_Sukhumvit,PassionFruit,42.13335625220644,exp_smoothing_4w,active SKU window only; historical active windows have complete daily rows; no pre-launch zero fill,63.08378602833415,65.0,0.2731614060626561,28.115,29.049,0.08900756564307966,0.06675567423230974,6,6.0,0.033220700693580074,31.931251045865963,52.335461458546916,46.24995188016994,35.05106062533503,57.44884313500484,4.116595627963498
2026-11-10,2026-11-01,BKK_Sukhumvit,PassionFruit,42.13335625220644,exp_smoothing_4w,active SKU window only; historical active windows have complete daily rows; no pre-launch zero fill,63.08378602833415,65.0,0.2731614060626561,28.115,29.049,0.08900756564307966,0.06675567423230974,6,6.0,0.033220700693580074,31.931251045865963,52.335461458546916,46.24995188016994,35.05106062533503,57.44884313500484,4.116595627963498
2026-11-11,2026-11-01,BKK_Sukhumvit,PassionFruit,42.13335625220644,exp_smoothing_4w,active SKU window only; historical active windows have complete daily rows; no pre-launch zero fill,63.08378602833415,65.0,0.2731614060626561,28.115,29.049,0.08900756564307966,0.06675567423230974,6,6.0,0.033220700693580074,31.931251045865963,52.335461458546916,46.24995188016994,35.05106062533503,57.44884313500484,4.116595627963498
2026-11-12,2026-11-01,BKK_Sukhumvit,PassionFruit,42.13335625220644,exp_smoothing_4w,active SKU window only; historical active windows have complete daily rows; no pre-launch zero fill,63.08378602833415,65.0,0.2731614060626561,28.115,29.049,0.08900756564307966,0.06675567423230974,6,6.0,0.033220700693580074,31.931251045865963,52.335461458546916,46.24995188016994,35.05106062533503,57.44884313500484,4.116595627963498
2026-11-13,2026-11-01,BKK_Sukhumvit,PassionFruit,42.13335625220644,exp_smoothing_4w,active SKU window only; historical active windows have complete daily rows; no pre-launch zero fill,63.08378602833415,65.0,0.2731614060626561,28.115,29.049,0.08900756564307966,0.06675567423230974,6,6.0,0.033220700693580074,31.931251045865963,52.335461458546916,46.24995188016994,35.05106062533503,57.44884313500484,4.116595627963498
2026-11-14,2026-11-01,BKK_Sukhumvit,PassionFruit,42.13335625220644,exp_smoothing_4w,active SKU window only; historical active windows have complete daily rows; no pre-launch zero fill,63.08378602833415,65.0,0.2731614060626561,28.115,29.049,0.08900756564307966,0.06675567423230974,6,6.0,0.033220700693580074,31.931251045865963,52.335461458546916,46.24995188016994,35.05106062533503,57.44884313500484,4.116595627963498
2026-11-15,2026-11-01,BKK_Sukhumvit,PassionFruit,42.13335625220644,exp_smoothing_4w,active SKU window only; historical active windows have complete daily rows; no pre-launch zero fill,63.08378602833415,65.0,0.2731614060626561,28.115,29.049,0.08900756564307966,0.06675567423230974,6,6.0,0.033220700693580074,31.931251045865963,52.335461458546916,46.24995188016994,35.05106062533503,57.44884313500484,4.116595627963498
2026-11-16,2026-11-01,BKK_Sukhumvit,PassionFruit,42.13335625220644,exp_smoothing_4w,active SKU window only; historical active windows have complete daily rows; no pre-launch zero fill,63.08378602833415,65.0,0.2731614060626561,28.115,29.049,0.08900756564307966,0.06675567423230974,6,6.0,0.033220700693580074,31.931251045865963,52.335461458546916,46.24995188016994,35.05106062533503,57.44884313500484,4.116595627963498
2026-11-17,2026-11-01,BKK_Sukhumvit,PassionFruit,42.13335625220644,exp_smoothing_4w,active SKU window only; historical active windows have complete daily rows; no pre-launch zero fill,63.08378602833415,65.0,0.2731614060626561,28.115,29.049,0.08900756564307966,0.06675567423230974,6,6.0,0.033220700693580074,31.931251045865963,52.335461458546916,46.24995188016994,35.05106062533503,57.44884313500484,4.116595627963498
2026-11-18,2026-11-01,BKK_Sukhumvit,PassionFruit,42.13335625220644,exp_smoothing_4w,active SKU window only; historical active windows have complete daily rows; no pre-launch zero fill,63.08378602833415,65.0,0.2731614060626561,28.115,29.049,0.08900756564307966,0.06675567423230974,6,6.0,0.033220700693580074,31.931251045865963,52.335461458546916,46.24995188016994,35.05106062533503,57.44884313500484,4.116595627963498
2026-11-19,2026-11-01,BKK_Sukhumvit,PassionFruit,42.13335625220644,exp_smoothing_4w,active SKU window only; historical active windows have complete daily rows; no pre-launch zero fill,63.08378602833415,65.0,0.2731614060626561,28.115,29.049,0.08900756564307966,0.06675567423230974,6,6.0,0.033220700693580074,31.931251045865963,52.335461458546916,46.24995188016994,35.05106062533503,57.44884313500484,4.116595627963498
2026-11-20,2026-11-01,BKK_Sukhumvit,PassionFruit,42.13335625220644,exp_smoothing_4w,active SKU window only; historical active windows have complete daily rows; no pre-launch zero fill,63.08378602833415,65.0,0.2731614060626561,28.115,29.049,0.08900756564307966,0.06675567423230974,6,6.0,0.033220700693580074,31.931251045865963,52.335461458546916,46.24995188016994,35.05106062533503,57.44884313500484,4.116595627963498
2026-11-21,2026-11-01,BKK_Sukhumvit,PassionFruit,42.13335625220644,exp_smoothing_4w,active SKU window only; historical active windows have complete daily rows; no pre-launch zero fill,63.08378602833415,65.0,0.2731614060626561,28.115,29.049,0.08900756564307966,0.06675567423230974,6,6.0,0.033220700693580074,31.931251045865963,52.335461458546916,46.24995188016994,35.05106062533503,57.44884313500484,4.116595627963498
2026-11-22,2026-11-01,BKK_Sukhumvit,PassionFruit,42.13335625220644,exp_smoothing_4w,active SKU window only; historical active windows have complete daily rows; no pre-launch zero fill,63.08378602833415,65.0,0.2731614060626561,28.115,29.049,0.08900756564307966,0.06675567423230974,6,6.0,0.033220700693580074,31.931251045865963,52.335461458546916,46.24995188016994,35.05106062533503,57.44884313500484,4.116595627963498
2026-11-23,2026-11-01,BKK_Sukhumvit,PassionFruit,42.13335625220644,exp_smoothing_4w,active SKU window only; historical active windows have complete daily rows; no pre-launch zero fill,63.08378602833415,65.0,0.2731614060626561,28.115,29.049,0.08900756564307966,0.06675567423230974,6,6.0,0.033220700693580074,31.931251045865963,52.335461458546916,46.24995188016994,35.05106062533503,57.44884313500484,4.116595627963498
2026-11-24,2026-11-01,BKK_Sukhumvit,PassionFruit,42.13335625220644,exp_smoothing_4w,active SKU window only; historical active windows have complete daily rows; no pre-launch zero fill,63.08378602833415,65.0,0.2731614060626561,28.115,29.049,0.08900756564307966,0.06675567423230974,6,6.0,0.033220700693580074,31.931251045865963,52.335461458546916,46.24995188016994,35.05106062533503,57.44884313500484,4.116595627963498
2026-11-25,2026-11-01,BKK_Sukhumvit,PassionFruit,42.13335625220644,exp_smoothing_4w,active SKU window only; historical active windows have complete daily rows; no pre-launch zero fill,63.08378602833415,65.0,0.2731614060626561,28.115,29.049,0.08900756564307966,0.06675567423230974,6,6.0,0.033220700693580074,31.931251045865963,52.335461458546916,46.24995188016994,35.05106062533503,57.44884313500484,4.116595627963498
2026-11-26,2026-11-01,BKK_Sukhumvit,PassionFruit,42.13335625220644,exp_smoothing_4w,active SKU window only; historical active windows have complete daily rows; no pre-launch zero fill,63.08378602833415,65.0,0.2731614060626561,28.115,29.049,0.08900756564307966,0.06675567423230974,6,6.0,0.033220700693580074,31.931251045865963,52.335461458546916,46.24995188016994,35.05106062533503,57.44884313500484,4.116595627963498
2026-11-27,2026-11-01,BKK_Sukhumvit,PassionFruit,42.13335625220644,exp_smoothing_4w,active SKU window only; historical active windows have complete daily rows; no pre-launch zero fill,63.08378602833415,65.0,0.2731614060626561,28.115,29.049,0.08900756564307966,0.06675567423230974,6,6.0,0.033220700693580074,31.931251045865963,52.335461458546916,46.24995188016994,35.05106062533503,57.44884313500484,4.116595627963498
2026-11-28,2026-11-01,BKK_Sukhumvit,PassionFruit,42.13335625220644,exp_smoothing_4w,active SKU window only; historical active windows have complete daily rows; no pre-launch zero fill,63.08378602833415,65.0,0.2731614060626561,28.115,29.049,0.08900756564307966,0.06675567423230974,6,6.0,0.033220700693580074,31.931251045865963,52.335461458546916,46.24995188016994,35.05106062533503,57.44884313500484,4.116595627963498
2026-11-29,2026-11-01,BKK_Sukhumvit,PassionFruit,42.13335625220644,exp_smoothing_4w,active SKU window only; historical active windows have complete daily rows; no pre-launch zero fill,63.08378602833415,65.0,0.2731614060626561,28.115,29.049,0.08900756564307966,0.06675567423230974,6,6.0,0.033220700693580074,31.931251045865963,52.335461458546916,46.24995188016994,35.05106062533503,57.44884313500484,4.116595627963498
2026-11-30,2026-11-01,BKK_Sukhumvit,PassionFruit,42.13335625220644,exp_smoothing_4w,active SKU window only; historical active windows have complete daily rows; no pre-launch zero fill,63.08378602833415,65.0,0.2731614060626561,28.115,29.049,0.08900756564307966,0.06675567423230974,6,6.0,0.033220700693580074,31.931251045865963,52.335461458546916,46.24995188016994,35.05106062533503,57.44884313500484,4.116595627963498
2026-09-01,2026-09-01,BKK_Sukhumvit,Pineapple,90.50081253608664,exp_smoothing_4w,active SKU window only; historical active windows have complete daily rows; no pre-launch zero fill,47.755436984804845,49.0,0.27199721193426646,10.435,10.681999999999999,0.042233425282982975,0.031675068962237235,6,5.0,0.0236703402012457,68.58708685931714,112.41453821285613,94.491512780999,71.61148516754406,117.37154039445392,3.990700244912361
2026-09-02,2026-09-01,BKK_Sukhumvit,Pineapple,90.50081253608664,exp_smoothing_4w,active SKU window only; historical active windows have complete daily rows; no pre-launch zero fill,47.755436984804845,49.0,0.27199721193426646,10.435,10.681999999999999,0.042233425282982975,0.031675068962237235,6,5.0,0.0236703402012457,68.58708685931714,112.41453821285613,94.491512780999,71.61148516754406,117.37154039445392,3.990700244912361
2026-09-03,2026-09-01,BKK_Sukhumvit,Pineapple,90.50081253608664,exp_smoothing_4w,active SKU window only; historical active windows have complete daily rows; no pre-launch zero fill,47.755436984804845,49.0,0.27199721193426646,10.435,10.681999999999999,0.042233425282982975,0.031675068962237235,6,5.0,0.0236703402012457,68.58708685931714,112.41453821285613,94.491512780999,71.61148516754406,117.37154039445392,3.990700244912361
2026-09-04,2026-09-01,BKK_Sukhumvit,Pineapple,90.50081253608664,exp_smoothing_4w,active SKU window only; historical active windows have complete daily rows; no pre-launch zero fill,47.755436984804845,49.0,0.27199721193426646,10.435,10.681999999999999,0.042233425282982975,0.031675068962237235,6,5.0,0.0236703402012457,68.58708685931714,112.41453821285613,94.491512780999,71.61148516754406,117.37154039445392,3.990700244912361
2026-09-05,2026-09-01,BKK_Sukhumvit,Pineapple,90.50081253608664,exp_smoothing_4w,active SKU window only; historical active windows have complete daily rows; no pre-launch zero fill,47.755436984804845,49.0,0.27199721193426646,10.435,10.681999999999999,0.042233425282982975,0.031675068962237235,6,5.0,0.0236703402012457,68.58708685931714,112.41453821285613,94.491512780999,71.61148516754406,117.37154039445392,3.990700244912361
2026-09-06,2026-09-01,BKK_Sukhumvit,Pineapple,90.50081253608664,exp_smoothing_4w,active SKU window only; historical active windows have complete daily rows; no pre-launch zero fill,47.755436984804845,49.0,0.27199721193426646,10.435,10.681999999999999,0.042233425282982975,0.031675068962237235,6,5.0,0.0236703402012457,68.58708685931714,112.41453821285613,94.491512780999,71.61148516754406,117.37154039445392,3.990700244912361
2026-09-07,2026-09-01,BKK_Sukhumvit,Pineapple,90.50081253608664,exp_smoothing_4w,active SKU window only; historical active windows have complete daily rows; no pre-launch zero fill,47.755436984804845,49.0,0.27199721193426646,10.435,10.681999999999999,0.042233425282982975,0.031675068962237235,6,5.0,0.0236703402012457,68.58708685931714,112.41453821285613,94.491512780999,71.61148516754406,117.37154039445392,3.990700244912361
2026-09-08,2026-09-01,BKK_Sukhumvit,Pineapple,90.50081253608664,exp_smoothing_4w,active SKU window only; historical active windows have complete daily rows; no pre-launch zero fill,47.755436984804845,49.0,0.27199721193426646,10.435,10.681999999999999,0.042233425282982975,0.031675068962237235,6,5.0,0.0236703402012457,68.58708685931714,112.41453821285613,94.491512780999,71.61148516754406,117.37154039445392,3.990700244912361
2026-09-09,2026-09-01,BKK_Sukhumvit,Pineapple,90.50081253608664,exp_smoothing_4w,active SKU window only; historical active windows have complete daily rows; no pre-launch zero fill,47.755436984804845,49.0,0.27199721193426646,10.435,10.681999999999999,0.042233425282982975,0.031675068962237235,6,5.0,0.0236703402012457,68.58708685931714,112.41453821285613,94.491512780999,71.61148516754406,117.37154039445392,3.990700244912361
2026-09-10,2026-09-01,BKK_Sukhumvit,Pineapple,90.50081253608664,exp_smoothing_4w,active SKU window only; historical active windows have complete daily rows; no pre-launch zero fill,47.755436984804845,49.0,0.27199721193426646,10.435,10.681999999999999,0.042233425282982975,0.031675068962237235,6,5.0,0.0236703402012457,68.58708685931714,112.41453821285613,94.491512780999,71.61148516754406,117.37154039445392,3.990700244912361
2026-09-11,2026-09-01,BKK_Sukhumvit,Pineapple,90.50081253608664,exp_smoothing_4w,active SKU window only; historical active windows have complete daily rows; no pre-launch zero fill,47.755436984804845,49.0,0.27199721193426646,10.435,10.681999999999999,0.042233425282982975,0.031675068962237235,6,5.0,0.0236703402012457,68.58708685931714,112.41453821285613,94.491512780999,71.61148516754406,117.37154039445392,3.990700244912361
2026-09-12,2026-09-01,BKK_Sukhumvit,Pineapple,90.50081253608664,exp_smoothing_4w,active SKU window only; historical active windows have complete daily rows; no pre-launch zero fill,47.755436984804845,49.0,0.27199721193426646,10.435,10.681999999999999,0.042233425282982975,0.031675068962237235,6,5.0,0.0236703402012457,68.58708685931714,112.41453821285613,94.491512780999,71.61148516754406,117.37154039445392,3.990700244912361
2026-09-13,2026-09-01,BKK_Sukhumvit,Pineapple,90.50081253608664,exp_smoothing_4w,active SKU window only; historical active windows have complete daily rows; no pre-launch zero fill,47.755436984804845,49.0,0.27199721193426646,10.435,10.681999999999999,0.042233425282982975,0.031675068962237235,6,5.0,0.0236703402012457,68.58708685931714,112.41453821285613,94.491512780999,71.61148516754406,117.37154039445392,3.990700244912361
2026-09-14,2026-09-01,BKK_Sukhumvit,Pineapple,90.50081253608664,exp_smoothing_4w,active SKU window only; historical active windows have complete daily rows; no pre-launch zero fill,47.755436984804845,49.0,0.27199721193426646,10.435,10.681999999999999,0.042233425282982975,0.031675068962237235,6,5.0,0.0236703402012457,68.58708685931714,112.41453821285613,94.491512780999,71.61148516754406,117.37154039445392,3.990700244912361
2026-09-15,2026-09-01,BKK_Sukhumvit,Pineapple,90.50081253608664,exp_smoothing_4w,active SKU window only; historical active windows have complete daily rows; no pre-launch zero fill,47.755436984804845,49.0,0.27199721193426646,10.435,10.681999999999999,0.042233425282982975,0.031675068962237235,6,5.0,0.0236703402012457,68.58708685931714,112.41453821285613,94.491512780999,71.61148516754406,117.37154039445392,3.990700244912361
2026-09-16,2026-09-01,BKK_Sukhumvit,Pineapple,90.50081253608664,exp_smoothing_4w,active SKU window only; historical active windows have complete daily rows; no pre-launch zero fill,47.755436984804845,49.0,0.27199721193426646,10.435,10.681999999999999,0.042233425282982975,0.031675068962237235,6,5.0,0.0236703402012457,68.58708685931714,112.41453821285613,94.491512780999,71.61148516754406,117.37154039445392,3.990700244912361
2026-09-17,2026-09-01,BKK_Sukhumvit,Pineapple,90.50081253608664,exp_smoothing_4w,active SKU window only; historical active windows have complete daily rows; no pre-launch zero fill,47.755436984804845,49.0,0.27199721193426646,10.435,10.681999999999999,0.042233425282982975,0.031675068962237235,6,5.0,0.0236703402012457,68.58708685931714,112.41453821285613,94.491512780999,71.61148516754406,117.37154039445392,3.990700244912361
2026-09-18,2026-09-01,BKK_Sukhumvit,Pineapple,90.50081253608664,exp_smoothing_4w,active SKU window only; historical active windows have complete daily rows; no pre-launch zero fill,47.755436984804845,49.0,0.27199721193426646,10.435,10.681999999999999,0.042233425282982975,0.031675068962237235,6,5.0,0.0236703402012457,68.58708685931714,112.41453821285613,94.491512780999,71.61148516754406,117.37154039445392,3.990700244912361
2026-09-19,2026-09-01,BKK_Sukhumvit,Pineapple,90.50081253608664,exp_smoothing_4w,active SKU window only; historical active windows have complete daily rows; no pre-launch zero fill,47.755436984804845,49.0,0.27199721193426646,10.435,10.681999999999999,0.042233425282982975,0.031675068962237235,6,5.0,0.0236703402012457,68.58708685931714,112.41453821285613,94.491512780999,71.61148516754406,117.37154039445392,3.990700244912361
2026-09-20,2026-09-01,BKK_Sukhumvit,Pineapple,90.50081253608664,exp_smoothing_4w,active SKU window only; historical active windows have complete daily rows; no pre-launch zero fill,47.755436984804845,49.0,0.27199721193426646,10.435,10.681999999999999,0.042233425282982975,0.031675068962237235,6,5.0,0.0236703402012457,68.58708685931714,112.41453821285613,94.491512780999,71.61148516754406,117.37154039445392,3.990700244912361
2026-09-21,2026-09-01,BKK_Sukhumvit,Pineapple,90.50081253608664,exp_smoothing_4w,active SKU window only; historical active windows have complete daily rows; no pre-launch zero fill,47.755436984804845,49.0,0.27199721193426646,10.435,10.681999999999999,0.042233425282982975,0.031675068962237235,6,5.0,0.0236703402012457,68.58708685931714,112.41453821285613,94.491512780999,71.61148516754406,117.37154039445392,3.990700244912361
2026-09-22,2026-09-01,BKK_Sukhumvit,Pineapple,90.50081253608664,exp_smoothing_4w,active SKU window only; historical active windows have complete daily rows; no pre-launch zero fill,47.755436984804845,49.0,0.27199721193426646,10.435,10.681999999999999,0.042233425282982975,0.031675068962237235,6,5.0,0.0236703402012457,68.58708685931714,112.41453821285613,94.491512780999,71.61148516754406,117.37154039445392,3.990700244912361
2026-09-23,2026-09-01,BKK_Sukhumvit,Pineapple,90.50081253608664,exp_smoothing_4w,active SKU window only; historical active windows have complete daily rows; no pre-launch zero fill,47.755436984804845,49.0,0.27199721193426646,10.435,10.681999999999999,0.042233425282982975,0.031675068962237235,6,5.0,0.0236703402012457,68.58708685931714,112.41453821285613,94.491512780999,71.61148516754406,117.37154039445392,3.990700244912361
2026-09-24,2026-09-01,BKK_Sukhumvit,Pineapple,90.50081253608664,exp_smoothing_4w,active SKU window only; historical active windows have complete daily rows; no pre-launch zero fill,47.755436984804845,49.0,0.27199721193426646,10.435,10.681999999999999,0.042233425282982975,0.031675068962237235,6,5.0,0.0236703402012457,68.58708685931714,112.41453821285613,94.491512780999,71.61148516754406,117.37154039445392,3.990700244912361
2026-09-25,2026-09-01,BKK_Sukhumvit,Pineapple,90.50081253608664,exp_smoothing_4w,active SKU window only; historical active windows have complete daily rows; no pre-launch zero fill,47.755436984804845,49.0,0.27199721193426646,10.435,10.681999999999999,0.042233425282982975,0.031675068962237235,6,5.0,0.0236703402012457,68.58708685931714,112.41453821285613,94.491512780999,71.61148516754406,117.37154039445392,3.990700244912361
2026-09-26,2026-09-01,BKK_Sukhumvit,Pineapple,90.50081253608664,exp_smoothing_4w,active SKU window only; historical active windows have complete daily rows; no pre-launch zero fill,47.755436984804845,49.0,0.27199721193426646,10.435,10.681999999999999,0.042233425282982975,0.031675068962237235,6,5.0,0.0236703402012457,68.58708685931714,112.41453821285613,94.491512780999,71.61148516754406,117.37154039445392,3.990700244912361
2026-09-27,2026-09-01,BKK_Sukhumvit,Pineapple,90.50081253608664,exp_smoothing_4w,active SKU window only; historical active windows have complete daily rows; no pre-launch zero fill,47.755436984804845,49.0,0.27199721193426646,10.435,10.681999999999999,0.042233425282982975,0.031675068962237235,6,5.0,0.0236703402012457,68.58708685931714,112.41453821285613,94.491512780999,71.61148516754406,117.37154039445392,3.990700244912361
2026-09-28,2026-09-01,BKK_Sukhumvit,Pineapple,90.50081253608664,exp_smoothing_4w,active SKU window only; historical active windows have complete daily rows; no pre-launch zero fill,47.755436984804845,49.0,0.27199721193426646,10.435,10.681999999999999,0.042233425282982975,0.031675068962237235,6,5.0,0.0236703402012457,68.58708685931714,112.41453821285613,94.491512780999,71.61148516754406,117.37154039445392,3.990700244912361
2026-09-29,2026-09-01,BKK_Sukhumvit,Pineapple,90.50081253608664,exp_smoothing_4w,active SKU window only; historical active windows have complete daily rows; no pre-launch zero fill,47.755436984804845,49.0,0.27199721193426646,10.435,10.681999999999999,0.042233425282982975,0.031675068962237235,6,5.0,0.0236703402012457,68.58708685931714,112.41453821285613,94.491512780999,71.61148516754406,117.37154039445392,3.990700244912361
2026-09-30,2026-09-01,BKK_Sukhumvit,Pineapple,90.50081253608664,exp_smoothing_4w,active SKU window only; historical active windows have complete daily rows; no pre-launch zero fill,47.755436984804845,49.0,0.27199721193426646,10.435,10.681999999999999,0.042233425282982975,0.031675068962237235,6,5.0,0.0236703402012457,68.58708685931714,112.41453821285613,94.491512780999,71.61148516754406,117.37154039445392,3.990700244912361
2026-10-01,2026-10-01,BKK_Sukhumvit,Pineapple,90.50081253608664,exp_smoothing_4w,active SKU window only; historical active windows have complete daily rows; no pre-launch zero fill,47.755436984804845,49.0,0.27199721193426646,10.435,10.681999999999999,0.042233425282982975,0.031675068962237235,6,5.0,0.0236703402012457,68.58708685931714,112.41453821285613,94.491512780999,71.61148516754406,117.37154039445392,3.990700244912361
2026-10-02,2026-10-01,BKK_Sukhumvit,Pineapple,90.50081253608664,exp_smoothing_4w,active SKU window only; historical active windows have complete daily rows; no pre-launch zero fill,47.755436984804845,49.0,0.27199721193426646,10.435,10.681999999999999,0.042233425282982975,0.031675068962237235,6,5.0,0.0236703402012457,68.58708685931714,112.41453821285613,94.491512780999,71.61148516754406,117.37154039445392,3.990700244912361
2026-10-03,2026-10-01,BKK_Sukhumvit,Pineapple,90.50081253608664,exp_smoothing_4w,active SKU window only; historical active windows have complete daily rows; no pre-launch zero fill,47.755436984804845,49.0,0.27199721193426646,10.435,10.681999999999999,0.042233425282982975,0.031675068962237235,6,5.0,0.0236703402012457,68.58708685931714,112.41453821285613,94.491512780999,71.61148516754406,117.37154039445392,3.990700244912361
2026-10-04,2026-10-01,BKK_Sukhumvit,Pineapple,90.50081253608664,exp_smoothing_4w,active SKU window only; historical active windows have complete daily rows; no pre-launch zero fill,47.755436984804845,49.0,0.27199721193426646,10.435,10.681999999999999,0.042233425282982975,0.031675068962237235,6,5.0,0.0236703402012457,68.58708685931714,112.41453821285613,94.491512780999,71.61148516754406,117.37154039445392,3.990700244912361
2026-10-05,2026-10-01,BKK_Sukhumvit,Pineapple,90.50081253608664,exp_smoothing_4w,active SKU window only; historical active windows have complete daily rows; no pre-launch zero fill,47.755436984804845,49.0,0.27199721193426646,10.435,10.681999999999999,0.042233425282982975,0.031675068962237235,6,5.0,0.0236703402012457,68.58708685931714,112.41453821285613,94.491512780999,71.61148516754406,117.37154039445392,3.990700244912361
2026-10-06,2026-10-01,BKK_Sukhumvit,Pineapple,90.50081253608664,exp_smoothing_4w,active SKU window only; historical active windows have complete daily rows; no pre-launch zero fill,47.755436984804845,49.0,0.27199721193426646,10.435,10.681999999999999,0.042233425282982975,0.031675068962237235,6,5.0,0.0236703402012457,68.58708685931714,112.41453821285613,94.491512780999,71.61148516754406,117.37154039445392,3.990700244912361
2026-10-07,2026-10-01,BKK_Sukhumvit,Pineapple,90.50081253608664,exp_smoothing_4w,active SKU window only; historical active windows have complete daily rows; no pre-launch zero fill,47.755436984804845,49.0,0.27199721193426646,10.435,10.681999999999999,0.042233425282982975,0.031675068962237235,6,5.0,0.0236703402012457,68.58708685931714,112.41453821285613,94.491512780999,71.61148516754406,117.37154039445392,3.990700244912361
2026-10-08,2026-10-01,BKK_Sukhumvit,Pineapple,90.50081253608664,exp_smoothing_4w,active SKU window only; historical active windows have complete daily rows; no pre-launch zero fill,47.755436984804845,49.0,0.27199721193426646,10.435,10.681999999999999,0.042233425282982975,0.031675068962237235,6,5.0,0.0236703402012457,68.58708685931714,112.41453821285613,94.491512780999,71.61148516754406,117.37154039445392,3.990700244912361
2026-10-09,2026-10-01,BKK_Sukhumvit,Pineapple,90.50081253608664,exp_smoothing_4w,active SKU window only; historical active windows have complete daily rows; no pre-launch zero fill,47.755436984804845,49.0,0.27199721193426646,10.435,10.681999999999999,0.042233425282982975,0.031675068962237235,6,5.0,0.0236703402012457,68.58708685931714,112.41453821285613,94.491512780999,71.61148516754406,117.37154039445392,3.990700244912361
2026-10-10,2026-10-01,BKK_Sukhumvit,Pineapple,90.50081253608664,exp_smoothing_4w,active SKU window only; historical active windows have complete daily rows; no pre-launch zero fill,47.755436984804845,49.0,0.27199721193426646,10.435,10.681999999999999,0.042233425282982975,0.031675068962237235,6,5.0,0.0236703402012457,68.58708685931714,112.41453821285613,94.491512780999,71.61148516754406,117.37154039445392,3.990700244912361
2026-10-11,2026-10-01,BKK_Sukhumvit,Pineapple,90.50081253608664,exp_smoothing_4w,active SKU window only; historical active windows have complete daily rows; no pre-launch zero fill,47.755436984804845,49.0,0.27199721193426646,10.435,10.681999999999999,0.042233425282982975,0.031675068962237235,6,5.0,0.0236703402012457,68.58708685931714,112.41453821285613,94.491512780999,71.61148516754406,117.37154039445392,3.990700244912361
2026-10-12,2026-10-01,BKK_Sukhumvit,Pineapple,90.50081253608664,exp_smoothing_4w,active SKU window only; historical active windows have complete daily rows; no pre-launch zero fill,47.755436984804845,49.0,0.27199721193426646,10.435,10.681999999999999,0.042233425282982975,0.031675068962237235,6,5.0,0.0236703402012457,68.58708685931714,112.41453821285613,94.491512780999,71.61148516754406,117.37154039445392,3.990700244912361
2026-10-13,2026-10-01,BKK_Sukhumvit,Pineapple,90.50081253608664,exp_smoothing_4w,active SKU window only; historical active windows have complete daily rows; no pre-launch zero fill,47.755436984804845,49.0,0.27199721193426646,10.435,10.681999999999999,0.042233425282982975,0.031675068962237235,6,5.0,0.0236703402012457,68.58708685931714,112.41453821285613,94.491512780999,71.61148516754406,117.37154039445392,3.990700244912361
2026-10-14,2026-10-01,BKK_Sukhumvit,Pineapple,90.50081253608664,exp_smoothing_4w,active SKU window only; historical active windows have complete daily rows; no pre-launch zero fill,47.755436984804845,49.0,0.27199721193426646,10.435,10.681999999999999,0.042233425282982975,0.031675068962237235,6,5.0,0.0236703402012457,68.58708685931714,112.41453821285613,94.491512780999,71.61148516754406,117.37154039445392,3.990700244912361
2026-10-15,2026-10-01,BKK_Sukhumvit,Pineapple,90.50081253608664,exp_smoothing_4w,active SKU window only; historical active windows have complete daily rows; no pre-launch zero fill,47.755436984804845,49.0,0.27199721193426646,10.435,10.681999999999999,0.042233425282982975,0.031675068962237235,6,5.0,0.0236703402012457,68.58708685931714,112.41453821285613,94.491512780999,71.61148516754406,117.37154039445392,3.990700244912361
2026-10-16,2026-10-01,BKK_Sukhumvit,Pineapple,90.50081253608664,exp_smoothing_4w,active SKU window only; historical active windows have complete daily rows; no pre-launch zero fill,47.755436984804845,49.0,0.27199721193426646,10.435,10.681999999999999,0.042233425282982975,0.031675068962237235,6,5.0,0.0236703402012457,68.58708685931714,112.41453821285613,94.491512780999,71.61148516754406,117.37154039445392,3.990700244912361
2026-10-17,2026-10-01,BKK_Sukhumvit,Pineapple,90.50081253608664,exp_smoothing_4w,active SKU window only; historical active windows have complete daily rows; no pre-launch zero fill,47.755436984804845,49.0,0.27199721193426646,10.435,10.681999999999999,0.042233425282982975,0.031675068962237235,6,5.0,0.0236703402012457,68.58708685931714,112.41453821285613,94.491512780999,71.61148516754406,117.37154039445392,3.990700244912361
2026-10-18,2026-10-01,BKK_Sukhumvit,Pineapple,90.50081253608664,exp_smoothing_4w,active SKU window only; historical active windows have complete daily rows; no pre-launch zero fill,47.755436984804845,49.0,0.27199721193426646,10.435,10.681999999999999,0.042233425282982975,0.031675068962237235,6,5.0,0.0236703402012457,68.58708685931714,112.41453821285613,94.491512780999,71.61148516754406,117.37154039445392,3.990700244912361
2026-10-19,2026-10-01,BKK_Sukhumvit,Pineapple,90.50081253608664,exp_smoothing_4w,active SKU window only; historical active windows have complete daily rows; no pre-launch zero fill,47.755436984804845,49.0,0.27199721193426646,10.435,10.681999999999999,0.042233425282982975,0.031675068962237235,6,5.0,0.0236703402012457,68.58708685931714,112.41453821285613,94.491512780999,71.61148516754406,117.37154039445392,3.990700244912361
2026-10-20,2026-10-01,BKK_Sukhumvit,Pineapple,90.50081253608664,exp_smoothing_4w,active SKU window only; historical active windows have complete daily rows; no pre-launch zero fill,47.755436984804845,49.0,0.27199721193426646,10.435,10.681999999999999,0.042233425282982975,0.031675068962237235,6,5.0,0.0236703402012457,68.58708685931714,112.41453821285613,94.491512780999,71.61148516754406,117.37154039445392,3.990700244912361
2026-10-21,2026-10-01,BKK_Sukhumvit,Pineapple,90.50081253608664,exp_smoothing_4w,active SKU window only; historical active windows have complete daily rows; no pre-launch zero fill,47.755436984804845,49.0,0.27199721193426646,10.435,10.681999999999999,0.042233425282982975,0.031675068962237235,6,5.0,0.0236703402012457,68.58708685931714,112.41453821285613,94.491512780999,71.61148516754406,117.37154039445392,3.990700244912361
2026-10-22,2026-10-01,BKK_Sukhumvit,Pineapple,90.50081253608664,exp_smoothing_4w,active SKU window only; historical active windows have complete daily rows; no pre-launch zero fill,47.755436984804845,49.0,0.27199721193426646,10.435,10.681999999999999,0.042233425282982975,0.031675068962237235,6,5.0,0.0236703402012457,68.58708685931714,112.41453821285613,94.491512780999,71.61148516754406,117.37154039445392,3.990700244912361
2026-10-23,2026-10-01,BKK_Sukhumvit,Pineapple,90.50081253608664,exp_smoothing_4w,active SKU window only; historical active windows have complete daily rows; no pre-launch zero fill,47.755436984804845,49.0,0.27199721193426646,10.435,10.681999999999999,0.042233425282982975,0.031675068962237235,6,5.0,0.0236703402012457,68.58708685931714,112.41453821285613,94.491512780999,71.61148516754406,117.37154039445392,3.990700244912361
2026-10-24,2026-10-01,BKK_Sukhumvit,Pineapple,90.50081253608664,exp_smoothing_4w,active SKU window only; historical active windows have complete daily rows; no pre-launch zero fill,47.755436984804845,49.0,0.27199721193426646,10.435,10.681999999999999,0.042233425282982975,0.031675068962237235,6,5.0,0.0236703402012457,68.58708685931714,112.41453821285613,94.491512780999,71.61148516754406,117.37154039445392,3.990700244912361
2026-10-25,2026-10-01,BKK_Sukhumvit,Pineapple,90.50081253608664,exp_smoothing_4w,active SKU window only; historical active windows have complete daily rows; no pre-launch zero fill,47.755436984804845,49.0,0.27199721193426646,10.435,10.681999999999999,0.042233425282982975,0.031675068962237235,6,5.0,0.0236703402012457,68.58708685931714,112.41453821285613,94.491512780999,71.61148516754406,117.37154039445392,3.990700244912361
2026-10-26,2026-10-01,BKK_Sukhumvit,Pineapple,90.50081253608664,exp_smoothing_4w,active SKU window only; historical active windows have complete daily rows; no pre-launch zero fill,47.755436984804845,49.0,0.27199721193426646,10.435,10.681999999999999,0.042233425282982975,0.031675068962237235,6,5.0,0.0236703402012457,68.58708685931714,112.41453821285613,94.491512780999,71.61148516754406,117.37154039445392,3.990700244912361
2026-10-27,2026-10-01,BKK_Sukhumvit,Pineapple,90.50081253608664,exp_smoothing_4w,active SKU window only; historical active windows have complete daily rows; no pre-launch zero fill,47.755436984804845,49.0,0.27199721193426646,10.435,10.681999999999999,0.042233425282982975,0.031675068962237235,6,5.0,0.0236703402012457,68.58708685931714,112.41453821285613,94.491512780999,71.61148516754406,117.37154039445392,3.990700244912361
2026-10-28,2026-10-01,BKK_Sukhumvit,Pineapple,90.50081253608664,exp_smoothing_4w,active SKU window only; historical active windows have complete daily rows; no pre-launch zero fill,47.755436984804845,49.0,0.27199721193426646,10.435,10.681999999999999,0.042233425282982975,0.031675068962237235,6,5.0,0.0236703402012457,68.58708685931714,112.41453821285613,94.491512780999,71.61148516754406,117.37154039445392,3.990700244912361
2026-10-29,2026-10-01,BKK_Sukhumvit,Pineapple,90.50081253608664,exp_smoothing_4w,active SKU window only; historical active windows have complete daily rows; no pre-launch zero fill,47.755436984804845,49.0,0.27199721193426646,10.435,10.681999999999999,0.042233425282982975,0.031675068962237235,6,5.0,0.0236703402012457,68.58708685931714,112.41453821285613,94.491512780999,71.61148516754406,117.37154039445392,3.990700244912361
2026-10-30,2026-10-01,BKK_Sukhumvit,Pineapple,90.50081253608664,exp_smoothing_4w,active SKU window only; historical active windows have complete daily rows; no pre-launch zero fill,47.755436984804845,49.0,0.27199721193426646,10.435,10.681999999999999,0.042233425282982975,0.031675068962237235,6,5.0,0.0236703402012457,68.58708685931714,112.41453821285613,94.491512780999,71.61148516754406,117.37154039445392,3.990700244912361
2026-10-31,2026-10-01,BKK_Sukhumvit,Pineapple,90.50081253608664,exp_smoothing_4w,active SKU window only; historical active windows have complete daily rows; no pre-launch zero fill,47.755436984804845,49.0,0.27199721193426646,10.435,10.681999999999999,0.042233425282982975,0.031675068962237235,6,5.0,0.0236703402012457,68.58708685931714,112.41453821285613,94.491512780999,71.61148516754406,117.37154039445392,3.990700244912361
2026-11-01,2026-11-01,BKK_Sukhumvit,Pineapple,90.50081253608664,exp_smoothing_4w,active SKU window only; historical active windows have complete daily rows; no pre-launch zero fill,47.755436984804845,49.0,0.27199721193426646,10.435,10.681999999999999,0.042233425282982975,0.031675068962237235,6,5.0,0.0236703402012457,68.58708685931714,112.41453821285613,94.491512780999,71.61148516754406,117.37154039445392,3.990700244912361
2026-11-02,2026-11-01,BKK_Sukhumvit,Pineapple,90.50081253608664,exp_smoothing_4w,active SKU window only; historical active windows have complete daily rows; no pre-launch zero fill,47.755436984804845,49.0,0.27199721193426646,10.435,10.681999999999999,0.042233425282982975,0.031675068962237235,6,5.0,0.0236703402012457,68.58708685931714,112.41453821285613,94.491512780999,71.61148516754406,117.37154039445392,3.990700244912361
2026-11-03,2026-11-01,BKK_Sukhumvit,Pineapple,90.50081253608664,exp_smoothing_4w,active SKU window only; historical active windows have complete daily rows; no pre-launch zero fill,47.755436984804845,49.0,0.27199721193426646,10.435,10.681999999999999,0.042233425282982975,0.031675068962237235,6,5.0,0.0236703402012457,68.58708685931714,112.41453821285613,94.491512780999,71.61148516754406,117.37154039445392,3.990700244912361
2026-11-04,2026-11-01,BKK_Sukhumvit,Pineapple,90.50081253608664,exp_smoothing_4w,active SKU window only; historical active windows have complete daily rows; no pre-launch zero fill,47.755436984804845,49.0,0.27199721193426646,10.435,10.681999999999999,0.042233425282982975,0.031675068962237235,6,5.0,0.0236703402012457,68.58708685931714,112.41453821285613,94.491512780999,71.61148516754406,117.37154039445392,3.990700244912361
2026-11-05,2026-11-01,BKK_Sukhumvit,Pineapple,90.50081253608664,exp_smoothing_4w,active SKU window only; historical active windows have complete daily rows; no pre-launch zero fill,47.755436984804845,49.0,0.27199721193426646,10.435,10.681999999999999,0.042233425282982975,0.031675068962237235,6,5.0,0.0236703402012457,68.58708685931714,112.41453821285613,94.491512780999,71.61148516754406,117.37154039445392,3.990700244912361
2026-11-06,2026-11-01,BKK_Sukhumvit,Pineapple,90.50081253608664,exp_smoothing_4w,active SKU window only; historical active windows have complete daily rows; no pre-launch zero fill,47.755436984804845,49.0,0.27199721193426646,10.435,10.681999999999999,0.042233425282982975,0.031675068962237235,6,5.0,0.0236703402012457,68.58708685931714,112.41453821285613,94.491512780999,71.61148516754406,117.37154039445392,3.990700244912361
2026-11-07,2026-11-01,BKK_Sukhumvit,Pineapple,90.50081253608664,exp_smoothing_4w,active SKU window only; historical active windows have complete daily rows; no pre-launch zero fill,47.755436984804845,49.0,0.27199721193426646,10.435,10.681999999999999,0.042233425282982975,0.031675068962237235,6,5.0,0.0236703402012457,68.58708685931714,112.41453821285613,94.491512780999,71.61148516754406,117.37154039445392,3.990700244912361
2026-11-08,2026-11-01,BKK_Sukhumvit,Pineapple,90.50081253608664,exp_smoothing_4w,active SKU window only; historical active windows have complete daily rows; no pre-launch zero fill,47.755436984804845,49.0,0.27199721193426646,10.435,10.681999999999999,0.042233425282982975,0.031675068962237235,6,5.0,0.0236703402012457,68.58708685931714,112.41453821285613,94.491512780999,71.61148516754406,117.37154039445392,3.990700244912361
2026-11-09,2026-11-01,BKK_Sukhumvit,Pineapple,90.50081253608664,exp_smoothing_4w,active SKU window only; historical active windows have complete daily rows; no pre-launch zero fill,47.755436984804845,49.0,0.27199721193426646,10.435,10.681999999999999,0.042233425282982975,0.031675068962237235,6,5.0,0.0236703402012457,68.58708685931714,112.41453821285613,94.491512780999,71.61148516754406,117.37154039445392,3.990700244912361
2026-11-10,2026-11-01,BKK_Sukhumvit,Pineapple,90.50081253608664,exp_smoothing_4w,active SKU window only; historical active windows have complete daily rows; no pre-launch zero fill,47.755436984804845,49.0,0.27199721193426646,10.435,10.681999999999999,0.042233425282982975,0.031675068962237235,6,5.0,0.0236703402012457,68.58708685931714,112.41453821285613,94.491512780999,71.61148516754406,117.37154039445392,3.990700244912361
2026-11-11,2026-11-01,BKK_Sukhumvit,Pineapple,90.50081253608664,exp_smoothing_4w,active SKU window only; historical active windows have complete daily rows; no pre-launch zero fill,47.755436984804845,49.0,0.27199721193426646,10.435,10.681999999999999,0.042233425282982975,0.031675068962237235,6,5.0,0.0236703402012457,68.58708685931714,112.41453821285613,94.491512780999,71.61148516754406,117.37154039445392,3.990700244912361
2026-11-12,2026-11-01,BKK_Sukhumvit,Pineapple,90.50081253608664,exp_smoothing_4w,active SKU window only; historical active windows have complete daily rows; no pre-launch zero fill,47.755436984804845,49.0,0.27199721193426646,10.435,10.681999999999999,0.042233425282982975,0.031675068962237235,6,5.0,0.0236703402012457,68.58708685931714,112.41453821285613,94.491512780999,71.61148516754406,117.37154039445392,3.990700244912361
2026-11-13,2026-11-01,BKK_Sukhumvit,Pineapple,90.50081253608664,exp_smoothing_4w,active SKU window only; historical active windows have complete daily rows; no pre-launch zero fill,47.755436984804845,49.0,0.27199721193426646,10.435,10.681999999999999,0.042233425282982975,0.031675068962237235,6,5.0,0.0236703402012457,68.58708685931714,112.41453821285613,94.491512780999,71.61148516754406,117.37154039445392,3.990700244912361
2026-11-14,2026-11-01,BKK_Sukhumvit,Pineapple,90.50081253608664,exp_smoothing_4w,active SKU window only; historical active windows have complete daily rows; no pre-launch zero fill,47.755436984804845,49.0,0.27199721193426646,10.435,10.681999999999999,0.042233425282982975,0.031675068962237235,6,5.0,0.0236703402012457,68.58708685931714,112.41453821285613,94.491512780999,71.61148516754406,117.37154039445392,3.990700244912361
2026-11-15,2026-11-01,BKK_Sukhumvit,Pineapple,90.50081253608664,exp_smoothing_4w,active SKU window only; historical active windows have complete daily rows; no pre-launch zero fill,47.755436984804845,49.0,0.27199721193426646,10.435,10.681999999999999,0.042233425282982975,0.031675068962237235,6,5.0,0.0236703402012457,68.58708685931714,112.41453821285613,94.491512780999,71.61148516754406,117.37154039445392,3.990700244912361
2026-11-16,2026-11-01,BKK_Sukhumvit,Pineapple,90.50081253608664,exp_smoothing_4w,active SKU window only; historical active windows have complete daily rows; no pre-launch zero fill,47.755436984804845,49.0,0.27199721193426646,10.435,10.681999999999999,0.042233425282982975,0.031675068962237235,6,5.0,0.0236703402012457,68.58708685931714,112.41453821285613,94.491512780999,71.61148516754406,117.37154039445392,3.990700244912361
2026-11-17,2026-11-01,BKK_Sukhumvit,Pineapple,90.50081253608664,exp_smoothing_4w,active SKU window only; historical active windows have complete daily rows; no pre-launch zero fill,47.755436984804845,49.0,0.27199721193426646,10.435,10.681999999999999,0.042233425282982975,0.031675068962237235,6,5.0,0.0236703402012457,68.58708685931714,112.41453821285613,94.491512780999,71.61148516754406,117.37154039445392,3.990700244912361
2026-11-18,2026-11-01,BKK_Sukhumvit,Pineapple,90.50081253608664,exp_smoothing_4w,active SKU window only; historical active windows have complete daily rows; no pre-launch zero fill,47.755436984804845,49.0,0.27199721193426646,10.435,10.681999999999999,0.042233425282982975,0.031675068962237235,6,5.0,0.0236703402012457,68.58708685931714,112.41453821285613,94.491512780999,71.61148516754406,117.37154039445392,3.990700244912361
2026-11-19,2026-11-01,BKK_Sukhumvit,Pineapple,90.50081253608664,exp_smoothing_4w,active SKU window only; historical active windows have complete daily rows; no pre-launch zero fill,47.755436984804845,49.0,0.27199721193426646,10.435,10.681999999999999,0.042233425282982975,0.031675068962237235,6,5.0,0.0236703402012457,68.58708685931714,112.41453821285613,94.491512780999,71.61148516754406,117.37154039445392,3.990700244912361
2026-11-20,2026-11-01,BKK_Sukhumvit,Pineapple,90.50081253608664,exp_smoothing_4w,active SKU window only; historical active windows have complete daily rows; no pre-launch zero fill,47.755436984804845,49.0,0.27199721193426646,10.435,10.681999999999999,0.042233425282982975,0.031675068962237235,6,5.0,0.0236703402012457,68.58708685931714,112.41453821285613,94.491512780999,71.61148516754406,117.37154039445392,3.990700244912361
2026-11-21,2026-11-01,BKK_Sukhumvit,Pineapple,90.50081253608664,exp_smoothing_4w,active SKU window only; historical active windows have complete daily rows; no pre-launch zero fill,47.755436984804845,49.0,0.27199721193426646,10.435,10.681999999999999,0.042233425282982975,0.031675068962237235,6,5.0,0.0236703402012457,68.58708685931714,112.41453821285613,94.491512780999,71.61148516754406,117.37154039445392,3.990700244912361
2026-11-22,2026-11-01,BKK_Sukhumvit,Pineapple,90.50081253608664,exp_smoothing_4w,active SKU window only; historical active windows have complete daily rows; no pre-launch zero fill,47.755436984804845,49.0,0.27199721193426646,10.435,10.681999999999999,0.042233425282982975,0.031675068962237235,6,5.0,0.0236703402012457,68.58708685931714,112.41453821285613,94.491512780999,71.61148516754406,117.37154039445392,3.990700244912361
2026-11-23,2026-11-01,BKK_Sukhumvit,Pineapple,90.50081253608664,exp_smoothing_4w,active SKU window only; historical active windows have complete daily rows; no pre-launch zero fill,47.755436984804845,49.0,0.27199721193426646,10.435,10.681999999999999,0.042233425282982975,0.031675068962237235,6,5.0,0.0236703402012457,68.58708685931714,112.41453821285613,94.491512780999,71.61148516754406,117.37154039445392,3.990700244912361
2026-11-24,2026-11-01,BKK_Sukhumvit,Pineapple,90.50081253608664,exp_smoothing_4w,active SKU window only; historical active windows have complete daily rows; no pre-launch zero fill,47.755436984804845,49.0,0.27199721193426646,10.435,10.681999999999999,0.042233425282982975,0.031675068962237235,6,5.0,0.0236703402012457,68.58708685931714,112.41453821285613,94.491512780999,71.61148516754406,117.37154039445392,3.990700244912361
2026-11-25,2026-11-01,BKK_Sukhumvit,Pineapple,90.50081253608664,exp_smoothing_4w,active SKU window only; historical active windows have complete daily rows; no pre-launch zero fill,47.755436984804845,49.0,0.27199721193426646,10.435,10.681999999999999,0.042233425282982975,0.031675068962237235,6,5.0,0.0236703402012457,68.58708685931714,112.41453821285613,94.491512780999,71.61148516754406,117.37154039445392,3.990700244912361
2026-11-26,2026-11-01,BKK_Sukhumvit,Pineapple,90.50081253608664,exp_smoothing_4w,active SKU window only; historical active windows have complete daily rows; no pre-launch zero fill,47.755436984804845,49.0,0.27199721193426646,10.435,10.681999999999999,0.042233425282982975,0.031675068962237235,6,5.0,0.0236703402012457,68.58708685931714,112.41453821285613,94.491512780999,71.61148516754406,117.37154039445392,3.990700244912361
2026-11-27,2026-11-01,BKK_Sukhumvit,Pineapple,90.50081253608664,exp_smoothing_4w,active SKU window only; historical active windows have complete daily rows; no pre-launch zero fill,47.755436984804845,49.0,0.27199721193426646,10.435,10.681999999999999,0.042233425282982975,0.031675068962237235,6,5.0,0.0236703402012457,68.58708685931714,112.41453821285613,94.491512780999,71.61148516754406,117.37154039445392,3.990700244912361
2026-11-28,2026-11-01,BKK_Sukhumvit,Pineapple,90.50081253608664,exp_smoothing_4w,active SKU window only; historical active windows have complete daily rows; no pre-launch zero fill,47.755436984804845,49.0,0.27199721193426646,10.435,10.681999999999999,0.042233425282982975,0.031675068962237235,6,5.0,0.0236703402012457,68.58708685931714,112.41453821285613,94.491512780999,71.61148516754406,117.37154039445392,3.990700244912361
2026-11-29,2026-11-01,BKK_Sukhumvit,Pineapple,90.50081253608664,exp_smoothing_4w,active SKU window only; historical active windows have complete daily rows; no pre-launch zero fill,47.755436984804845,49.0,0.27199721193426646,10.435,10.681999999999999,0.042233425282982975,0.031675068962237235,6,5.0,0.0236703402012457,68.58708685931714,112.41453821285613,94.491512780999,71.61148516754406,117.37154039445392,3.990700244912361
2026-11-30,2026-11-01,BKK_Sukhumvit,Pineapple,90.50081253608664,exp_smoothing_4w,active SKU window only; historical active windows have complete daily rows; no pre-launch zero fill,47.755436984804845,49.0,0.27199721193426646,10.435,10.681999999999999,0.042233425282982975,0.031675068962237235,6,5.0,0.0236703402012457,68.58708685931714,112.41453821285613,94.491512780999,71.61148516754406,117.37154039445392,3.990700244912361
2026-09-01,2026-09-01,BKK_Sukhumvit,Watermelon,135.20935619414018,exp_smoothing_4w,active SKU window only; historical active windows have complete daily rows; no pre-launch zero fill,44.01069549970777,45.0,0.2697136740843242,7.885,8.224,0.03236144275480709,0.024271082066105315,6,5.0,0.04299302473050104,102.46997344672508,167.94873894155526,139.73126141136092,105.89695158329651,173.5655712394253,4.521905217220734
2026-09-02,2026-09-01,BKK_Sukhumvit,Watermelon,135.20935619414018,exp_smoothing_4w,active SKU window only; historical active windows have complete daily rows; no pre-launch zero fill,44.01069549970777,45.0,0.2697136740843242,7.885,8.224,0.03236144275480709,0.024271082066105315,6,5.0,0.04299302473050104,102.46997344672508,167.94873894155526,139.73126141136092,105.89695158329651,173.5655712394253,4.521905217220734
2026-09-03,2026-09-01,BKK_Sukhumvit,Watermelon,135.20935619414018,exp_smoothing_4w,active SKU window only; historical active windows have complete daily rows; no pre-launch zero fill,44.01069549970777,45.0,0.2697136740843242,7.885,8.224,0.03236144275480709,0.024271082066105315,6,5.0,0.04299302473050104,102.46997344672508,167.94873894155526,139.73126141136092,105.89695158329651,173.5655712394253,4.521905217220734
2026-09-04,2026-09-01,BKK_Sukhumvit,Watermelon,135.20935619414018,exp_smoothing_4w,active SKU window only; historical active windows have complete daily rows; no pre-launch zero fill,44.01069549970777,45.0,0.2697136740843242,7.885,8.224,0.03236144275480709,0.024271082066105315,6,5.0,0.04299302473050104,102.46997344672508,167.94873894155526,139.73126141136092,105.89695158329651,173.5655712394253,4.521905217220734
2026-09-05,2026-09-01,BKK_Sukhumvit,Watermelon,135.20935619414018,exp_smoothing_4w,active SKU window only; historical active windows have complete daily rows; no pre-launch zero fill,44.01069549970777,45.0,0.2697136740843242,7.885,8.224,0.03236144275480709,0.024271082066105315,6,5.0,0.04299302473050104,102.46997344672508,167.94873894155526,139.73126141136092,105.89695158329651,173.5655712394253,4.521905217220734
2026-09-06,2026-09-01,BKK_Sukhumvit,Watermelon,135.20935619414018,exp_smoothing_4w,active SKU window only; historical active windows have complete daily rows; no pre-launch zero fill,44.01069549970777,45.0,0.2697136740843242,7.885,8.224,0.03236144275480709,0.024271082066105315,6,5.0,0.04299302473050104,102.46997344672508,167.94873894155526,139.73126141136092,105.89695158329651,173.5655712394253,4.521905217220734
2026-09-07,2026-09-01,BKK_Sukhumvit,Watermelon,135.20935619414018,exp_smoothing_4w,active SKU window only; historical active windows have complete daily rows; no pre-launch zero fill,44.01069549970777,45.0,0.2697136740843242,7.885,8.224,0.03236144275480709,0.024271082066105315,6,5.0,0.04299302473050104,102.46997344672508,167.94873894155526,139.73126141136092,105.89695158329651,173.5655712394253,4.521905217220734
2026-09-08,2026-09-01,BKK_Sukhumvit,Watermelon,135.20935619414018,exp_smoothing_4w,active SKU window only; historical active windows have complete daily rows; no pre-launch zero fill,44.01069549970777,45.0,0.2697136740843242,7.885,8.224,0.03236144275480709,0.024271082066105315,6,5.0,0.04299302473050104,102.46997344672508,167.94873894155526,139.73126141136092,105.89695158329651,173.5655712394253,4.521905217220734
2026-09-09,2026-09-01,BKK_Sukhumvit,Watermelon,135.20935619414018,exp_smoothing_4w,active SKU window only; historical active windows have complete daily rows; no pre-launch zero fill,44.01069549970777,45.0,0.2697136740843242,7.885,8.224,0.03236144275480709,0.024271082066105315,6,5.0,0.04299302473050104,102.46997344672508,167.94873894155526,139.73126141136092,105.89695158329651,173.5655712394253,4.521905217220734
2026-09-10,2026-09-01,BKK_Sukhumvit,Watermelon,135.20935619414018,exp_smoothing_4w,active SKU window only; historical active windows have complete daily rows; no pre-launch zero fill,44.01069549970777,45.0,0.2697136740843242,7.885,8.224,0.03236144275480709,0.024271082066105315,6,5.0,0.04299302473050104,102.46997344672508,167.94873894155526,139.73126141136092,105.89695158329651,173.5655712394253,4.521905217220734
2026-09-11,2026-09-01,BKK_Sukhumvit,Watermelon,135.20935619414018,exp_smoothing_4w,active SKU window only; historical active windows have complete daily rows; no pre-launch zero fill,44.01069549970777,45.0,0.2697136740843242,7.885,8.224,0.03236144275480709,0.024271082066105315,6,5.0,0.04299302473050104,102.46997344672508,167.94873894155526,139.73126141136092,105.89695158329651,173.5655712394253,4.521905217220734
2026-09-12,2026-09-01,BKK_Sukhumvit,Watermelon,135.20935619414018,exp_smoothing_4w,active SKU window only; historical active windows have complete daily rows; no pre-launch zero fill,44.01069549970777,45.0,0.2697136740843242,7.885,8.224,0.03236144275480709,0.024271082066105315,6,5.0,0.04299302473050104,102.46997344672508,167.94873894155526,139.73126141136092,105.89695158329651,173.5655712394253,4.521905217220734
2026-09-13,2026-09-01,BKK_Sukhumvit,Watermelon,135.20935619414018,exp_smoothing_4w,active SKU window only; historical active windows have complete daily rows; no pre-launch zero fill,44.01069549970777,45.0,0.2697136740843242,7.885,8.224,0.03236144275480709,0.024271082066105315,6,5.0,0.04299302473050104,102.46997344672508,167.94873894155526,139.73126141136092,105.89695158329651,173.5655712394253,4.521905217220734
2026-09-14,2026-09-01,BKK_Sukhumvit,Watermelon,135.20935619414018,exp_smoothing_4w,active SKU window only; historical active windows have complete daily rows; no pre-launch zero fill,44.01069549970777,45.0,0.2697136740843242,7.885,8.224,0.03236144275480709,0.024271082066105315,6,5.0,0.04299302473050104,102.46997344672508,167.94873894155526,139.73126141136092,105.89695158329651,173.5655712394253,4.521905217220734
2026-09-15,2026-09-01,BKK_Sukhumvit,Watermelon,135.20935619414018,exp_smoothing_4w,active SKU window only; historical active windows have complete daily rows; no pre-launch zero fill,44.01069549970777,45.0,0.2697136740843242,7.885,8.224,0.03236144275480709,0.024271082066105315,6,5.0,0.04299302473050104,102.46997344672508,167.94873894155526,139.73126141136092,105.89695158329651,173.5655712394253,4.521905217220734
2026-09-16,2026-09-01,BKK_Sukhumvit,Watermelon,135.20935619414018,exp_smoothing_4w,active SKU window only; historical active windows have complete daily rows; no pre-launch zero fill,44.01069549970777,45.0,0.2697136740843242,7.885,8.224,0.03236144275480709,0.024271082066105315,6,5.0,0.04299302473050104,102.46997344672508,167.94873894155526,139.73126141136092,105.89695158329651,173.5655712394253,4.521905217220734
2026-09-17,2026-09-01,BKK_Sukhumvit,Watermelon,135.20935619414018,exp_smoothing_4w,active SKU window only; historical active windows have complete daily rows; no pre-launch zero fill,44.01069549970777,45.0,0.2697136740843242,7.885,8.224,0.03236144275480709,0.024271082066105315,6,5.0,0.04299302473050104,102.46997344672508,167.94873894155526,139.73126141136092,105.89695158329651,173.5655712394253,4.521905217220734
2026-09-18,2026-09-01,BKK_Sukhumvit,Watermelon,135.20935619414018,exp_smoothing_4w,active SKU window only; historical active windows have complete daily rows; no pre-launch zero fill,44.01069549970777,45.0,0.2697136740843242,7.885,8.224,0.03236144275480709,0.024271082066105315,6,5.0,0.04299302473050104,102.46997344672508,167.94873894155526,139.73126141136092,105.89695158329651,173.5655712394253,4.521905217220734
2026-09-19,2026-09-01,BKK_Sukhumvit,Watermelon,135.20935619414018,exp_smoothing_4w,active SKU window only; historical active windows have complete daily rows; no pre-launch zero fill,44.01069549970777,45.0,0.2697136740843242,7.885,8.224,0.03236144275480709,0.024271082066105315,6,5.0,0.04299302473050104,102.46997344672508,167.94873894155526,139.73126141136092,105.89695158329651,173.5655712394253,4.521905217220734
2026-09-20,2026-09-01,BKK_Sukhumvit,Watermelon,135.20935619414018,exp_smoothing_4w,active SKU window only; historical active windows have complete daily rows; no pre-launch zero fill,44.01069549970777,45.0,0.2697136740843242,7.885,8.224,0.03236144275480709,0.024271082066105315,6,5.0,0.04299302473050104,102.46997344672508,167.94873894155526,139.73126141136092,105.89695158329651,173.5655712394253,4.521905217220734
2026-09-21,2026-09-01,BKK_Sukhumvit,Watermelon,135.20935619414018,exp_smoothing_4w,active SKU window only; historical active windows have complete daily rows; no pre-launch zero fill,44.01069549970777,45.0,0.2697136740843242,7.885,8.224,0.03236144275480709,0.024271082066105315,6,5.0,0.04299302473050104,102.46997344672508,167.94873894155526,139.73126141136092,105.89695158329651,173.5655712394253,4.521905217220734
2026-09-22,2026-09-01,BKK_Sukhumvit,Watermelon,135.20935619414018,exp_smoothing_4w,active SKU window only; historical active windows have complete daily rows; no pre-launch zero fill,44.01069549970777,45.0,0.2697136740843242,7.885,8.224,0.03236144275480709,0.024271082066105315,6,5.0,0.04299302473050104,102.46997344672508,167.94873894155526,139.73126141136092,105.89695158329651,173.5655712394253,4.521905217220734
2026-09-23,2026-09-01,BKK_Sukhumvit,Watermelon,135.20935619414018,exp_smoothing_4w,active SKU window only; historical active windows have complete daily rows; no pre-launch zero fill,44.01069549970777,45.0,0.2697136740843242,7.885,8.224,0.03236144275480709,0.024271082066105315,6,5.0,0.04299302473050104,102.46997344672508,167.94873894155526,139.73126141136092,105.89695158329651,173.5655712394253,4.521905217220734
2026-09-24,2026-09-01,BKK_Sukhumvit,Watermelon,135.20935619414018,exp_smoothing_4w,active SKU window only; historical active windows have complete daily rows; no pre-launch zero fill,44.01069549970777,45.0,0.2697136740843242,7.885,8.224,0.03236144275480709,0.024271082066105315,6,5.0,0.04299302473050104,102.46997344672508,167.94873894155526,139.73126141136092,105.89695158329651,173.5655712394253,4.521905217220734
2026-09-25,2026-09-01,BKK_Sukhumvit,Watermelon,135.20935619414018,exp_smoothing_4w,active SKU window only; historical active windows have complete daily rows; no pre-launch zero fill,44.01069549970777,45.0,0.2697136740843242,7.885,8.224,0.03236144275480709,0.024271082066105315,6,5.0,0.04299302473050104,102.46997344672508,167.94873894155526,139.73126141136092,105.89695158329651,173.5655712394253,4.521905217220734
2026-09-26,2026-09-01,BKK_Sukhumvit,Watermelon,135.20935619414018,exp_smoothing_4w,active SKU window only; historical active windows have complete daily rows; no pre-launch zero fill,44.01069549970777,45.0,0.2697136740843242,7.885,8.224,0.03236144275480709,0.024271082066105315,6,5.0,0.04299302473050104,102.46997344672508,167.94873894155526,139.73126141136092,105.89695158329651,173.5655712394253,4.521905217220734
2026-09-27,2026-09-01,BKK_Sukhumvit,Watermelon,135.20935619414018,exp_smoothing_4w,active SKU window only; historical active windows have complete daily rows; no pre-launch zero fill,44.01069549970777,45.0,0.2697136740843242,7.885,8.224,0.03236144275480709,0.024271082066105315,6,5.0,0.04299302473050104,102.46997344672508,167.94873894155526,139.73126141136092,105.89695158329651,173.5655712394253,4.521905217220734
2026-09-28,2026-09-01,BKK_Sukhumvit,Watermelon,135.20935619414018,exp_smoothing_4w,active SKU window only; historical active windows have complete daily rows; no pre-launch zero fill,44.01069549970777,45.0,0.2697136740843242,7.885,8.224,0.03236144275480709,0.024271082066105315,6,5.0,0.04299302473050104,102.46997344672508,167.94873894155526,139.73126141136092,105.89695158329651,173.5655712394253,4.521905217220734
2026-09-29,2026-09-01,BKK_Sukhumvit,Watermelon,135.20935619414018,exp_smoothing_4w,active SKU window only; historical active windows have complete daily rows; no pre-launch zero fill,44.01069549970777,45.0,0.2697136740843242,7.885,8.224,0.03236144275480709,0.024271082066105315,6,5.0,0.04299302473050104,102.46997344672508,167.94873894155526,139.73126141136092,105.89695158329651,173.5655712394253,4.521905217220734
2026-09-30,2026-09-01,BKK_Sukhumvit,Watermelon,135.20935619414018,exp_smoothing_4w,active SKU window only; historical active windows have complete daily rows; no pre-launch zero fill,44.01069549970777,45.0,0.2697136740843242,7.885,8.224,0.03236144275480709,0.024271082066105315,6,5.0,0.04299302473050104,102.46997344672508,167.94873894155526,139.73126141136092,105.89695158329651,173.5655712394253,4.521905217220734
2026-10-01,2026-10-01,BKK_Sukhumvit,Watermelon,135.20935619414018,exp_smoothing_4w,active SKU window only; historical active windows have complete daily rows; no pre-launch zero fill,44.01069549970777,45.0,0.2697136740843242,7.885,8.224,0.03236144275480709,0.024271082066105315,6,5.0,0.04299302473050104,102.46997344672508,167.94873894155526,139.73126141136092,105.89695158329651,173.5655712394253,4.521905217220734
2026-10-02,2026-10-01,BKK_Sukhumvit,Watermelon,135.20935619414018,exp_smoothing_4w,active SKU window only; historical active windows have complete daily rows; no pre-launch zero fill,44.01069549970777,45.0,0.2697136740843242,7.885,8.224,0.03236144275480709,0.024271082066105315,6,5.0,0.04299302473050104,102.46997344672508,167.94873894155526,139.73126141136092,105.89695158329651,173.5655712394253,4.521905217220734
2026-10-03,2026-10-01,BKK_Sukhumvit,Watermelon,135.20935619414018,exp_smoothing_4w,active SKU window only; historical active windows have complete daily rows; no pre-launch zero fill,44.01069549970777,45.0,0.2697136740843242,7.885,8.224,0.03236144275480709,0.024271082066105315,6,5.0,0.04299302473050104,102.46997344672508,167.94873894155526,139.73126141136092,105.89695158329651,173.5655712394253,4.521905217220734
2026-10-04,2026-10-01,BKK_Sukhumvit,Watermelon,135.20935619414018,exp_smoothing_4w,active SKU window only; historical active windows have complete daily rows; no pre-launch zero fill,44.01069549970777,45.0,0.2697136740843242,7.885,8.224,0.03236144275480709,0.024271082066105315,6,5.0,0.04299302473050104,102.46997344672508,167.94873894155526,139.73126141136092,105.89695158329651,173.5655712394253,4.521905217220734
2026-10-05,2026-10-01,BKK_Sukhumvit,Watermelon,135.20935619414018,exp_smoothing_4w,active SKU window only; historical active windows have complete daily rows; no pre-launch zero fill,44.01069549970777,45.0,0.2697136740843242,7.885,8.224,0.03236144275480709,0.024271082066105315,6,5.0,0.04299302473050104,102.46997344672508,167.94873894155526,139.73126141136092,105.89695158329651,173.5655712394253,4.521905217220734
2026-10-06,2026-10-01,BKK_Sukhumvit,Watermelon,135.20935619414018,exp_smoothing_4w,active SKU window only; historical active windows have complete daily rows; no pre-launch zero fill,44.01069549970777,45.0,0.2697136740843242,7.885,8.224,0.03236144275480709,0.024271082066105315,6,5.0,0.04299302473050104,102.46997344672508,167.94873894155526,139.73126141136092,105.89695158329651,173.5655712394253,4.521905217220734
2026-10-07,2026-10-01,BKK_Sukhumvit,Watermelon,135.20935619414018,exp_smoothing_4w,active SKU window only; historical active windows have complete daily rows; no pre-launch zero fill,44.01069549970777,45.0,0.2697136740843242,7.885,8.224,0.03236144275480709,0.024271082066105315,6,5.0,0.04299302473050104,102.46997344672508,167.94873894155526,139.73126141136092,105.89695158329651,173.5655712394253,4.521905217220734
2026-10-08,2026-10-01,BKK_Sukhumvit,Watermelon,135.20935619414018,exp_smoothing_4w,active SKU window only; historical active windows have complete daily rows; no pre-launch zero fill,44.01069549970777,45.0,0.2697136740843242,7.885,8.224,0.03236144275480709,0.024271082066105315,6,5.0,0.04299302473050104,102.46997344672508,167.94873894155526,139.73126141136092,105.89695158329651,173.5655712394253,4.521905217220734
2026-10-09,2026-10-01,BKK_Sukhumvit,Watermelon,135.20935619414018,exp_smoothing_4w,active SKU window only; historical active windows have complete daily rows; no pre-launch zero fill,44.01069549970777,45.0,0.2697136740843242,7.885,8.224,0.03236144275480709,0.024271082066105315,6,5.0,0.04299302473050104,102.46997344672508,167.94873894155526,139.73126141136092,105.89695158329651,173.5655712394253,4.521905217220734
2026-10-10,2026-10-01,BKK_Sukhumvit,Watermelon,135.20935619414018,exp_smoothing_4w,active SKU window only; historical active windows have complete daily rows; no pre-launch zero fill,44.01069549970777,45.0,0.2697136740843242,7.885,8.224,0.03236144275480709,0.024271082066105315,6,5.0,0.04299302473050104,102.46997344672508,167.94873894155526,139.73126141136092,105.89695158329651,173.5655712394253,4.521905217220734
2026-10-11,2026-10-01,BKK_Sukhumvit,Watermelon,135.20935619414018,exp_smoothing_4w,active SKU window only; historical active windows have complete daily rows; no pre-launch zero fill,44.01069549970777,45.0,0.2697136740843242,7.885,8.224,0.03236144275480709,0.024271082066105315,6,5.0,0.04299302473050104,102.46997344672508,167.94873894155526,139.73126141136092,105.89695158329651,173.5655712394253,4.521905217220734
2026-10-12,2026-10-01,BKK_Sukhumvit,Watermelon,135.20935619414018,exp_smoothing_4w,active SKU window only; historical active windows have complete daily rows; no pre-launch zero fill,44.01069549970777,45.0,0.2697136740843242,7.885,8.224,0.03236144275480709,0.024271082066105315,6,5.0,0.04299302473050104,102.46997344672508,167.94873894155526,139.73126141136092,105.89695158329651,173.5655712394253,4.521905217220734
2026-10-13,2026-10-01,BKK_Sukhumvit,Watermelon,135.20935619414018,exp_smoothing_4w,active SKU window only; historical active windows have complete daily rows; no pre-launch zero fill,44.01069549970777,45.0,0.2697136740843242,7.885,8.224,0.03236144275480709,0.024271082066105315,6,5.0,0.04299302473050104,102.46997344672508,167.94873894155526,139.73126141136092,105.89695158329651,173.5655712394253,4.521905217220734
2026-10-14,2026-10-01,BKK_Sukhumvit,Watermelon,135.20935619414018,exp_smoothing_4w,active SKU window only; historical active windows have complete daily rows; no pre-launch zero fill,44.01069549970777,45.0,0.2697136740843242,7.885,8.224,0.03236144275480709,0.024271082066105315,6,5.0,0.04299302473050104,102.46997344672508,167.94873894155526,139.73126141136092,105.89695158329651,173.5655712394253,4.521905217220734
2026-10-15,2026-10-01,BKK_Sukhumvit,Watermelon,135.20935619414018,exp_smoothing_4w,active SKU window only; historical active windows have complete daily rows; no pre-launch zero fill,44.01069549970777,45.0,0.2697136740843242,7.885,8.224,0.03236144275480709,0.024271082066105315,6,5.0,0.04299302473050104,102.46997344672508,167.94873894155526,139.73126141136092,105.89695158329651,173.5655712394253,4.521905217220734
2026-10-16,2026-10-01,BKK_Sukhumvit,Watermelon,135.20935619414018,exp_smoothing_4w,active SKU window only; historical active windows have complete daily rows; no pre-launch zero fill,44.01069549970777,45.0,0.2697136740843242,7.885,8.224,0.03236144275480709,0.024271082066105315,6,5.0,0.04299302473050104,102.46997344672508,167.94873894155526,139.73126141136092,105.89695158329651,173.5655712394253,4.521905217220734
2026-10-17,2026-10-01,BKK_Sukhumvit,Watermelon,135.20935619414018,exp_smoothing_4w,active SKU window only; historical active windows have complete daily rows; no pre-launch zero fill,44.01069549970777,45.0,0.2697136740843242,7.885,8.224,0.03236144275480709,0.024271082066105315,6,5.0,0.04299302473050104,102.46997344672508,167.94873894155526,139.73126141136092,105.89695158329651,173.5655712394253,4.521905217220734
2026-10-18,2026-10-01,BKK_Sukhumvit,Watermelon,135.20935619414018,exp_smoothing_4w,active SKU window only; historical active windows have complete daily rows; no pre-launch zero fill,44.01069549970777,45.0,0.2697136740843242,7.885,8.224,0.03236144275480709,0.024271082066105315,6,5.0,0.04299302473050104,102.46997344672508,167.94873894155526,139.73126141136092,105.89695158329651,173.5655712394253,4.521905217220734
2026-10-19,2026-10-01,BKK_Sukhumvit,Watermelon,135.20935619414018,exp_smoothing_4w,active SKU window only; historical active windows have complete daily rows; no pre-launch zero fill,44.01069549970777,45.0,0.2697136740843242,7.885,8.224,0.03236144275480709,0.024271082066105315,6,5.0,0.04299302473050104,102.46997344672508,167.94873894155526,139.73126141136092,105.89695158329651,173.5655712394253,4.521905217220734
2026-10-20,2026-10-01,BKK_Sukhumvit,Watermelon,135.20935619414018,exp_smoothing_4w,active SKU window only; historical active windows have complete daily rows; no pre-launch zero fill,44.01069549970777,45.0,0.2697136740843242,7.885,8.224,0.03236144275480709,0.024271082066105315,6,5.0,0.04299302473050104,102.46997344672508,167.94873894155526,139.73126141136092,105.89695158329651,173.5655712394253,4.521905217220734
2026-10-21,2026-10-01,BKK_Sukhumvit,Watermelon,135.20935619414018,exp_smoothing_4w,active SKU window only; historical active windows have complete daily rows; no pre-launch zero fill,44.01069549970777,45.0,0.2697136740843242,7.885,8.224,0.03236144275480709,0.024271082066105315,6,5.0,0.04299302473050104,102.46997344672508,167.94873894155526,139.73126141136092,105.89695158329651,173.5655712394253,4.521905217220734
2026-10-22,2026-10-01,BKK_Sukhumvit,Watermelon,135.20935619414018,exp_smoothing_4w,active SKU window only; historical active windows have complete daily rows; no pre-launch zero fill,44.01069549970777,45.0,0.2697136740843242,7.885,8.224,0.03236144275480709,0.024271082066105315,6,5.0,0.04299302473050104,102.46997344672508,167.94873894155526,139.73126141136092,105.89695158329651,173.5655712394253,4.521905217220734
2026-10-23,2026-10-01,BKK_Sukhumvit,Watermelon,135.20935619414018,exp_smoothing_4w,active SKU window only; historical active windows have complete daily rows; no pre-launch zero fill,44.01069549970777,45.0,0.2697136740843242,7.885,8.224,0.03236144275480709,0.024271082066105315,6,5.0,0.04299302473050104,102.46997344672508,167.94873894155526,139.73126141136092,105.89695158329651,173.5655712394253,4.521905217220734
2026-10-24,2026-10-01,BKK_Sukhumvit,Watermelon,135.20935619414018,exp_smoothing_4w,active SKU window only; historical active windows have complete daily rows; no pre-launch zero fill,44.01069549970777,45.0,0.2697136740843242,7.885,8.224,0.03236144275480709,0.024271082066105315,6,5.0,0.04299302473050104,102.46997344672508,167.94873894155526,139.73126141136092,105.89695158329651,173.5655712394253,4.521905217220734
2026-10-25,2026-10-01,BKK_Sukhumvit,Watermelon,135.20935619414018,exp_smoothing_4w,active SKU window only; historical active windows have complete daily rows; no pre-launch zero fill,44.01069549970777,45.0,0.2697136740843242,7.885,8.224,0.03236144275480709,0.024271082066105315,6,5.0,0.04299302473050104,102.46997344672508,167.94873894155526,139.73126141136092,105.89695158329651,173.5655712394253,4.521905217220734
2026-10-26,2026-10-01,BKK_Sukhumvit,Watermelon,135.20935619414018,exp_smoothing_4w,active SKU window only; historical active windows have complete daily rows; no pre-launch zero fill,44.01069549970777,45.0,0.2697136740843242,7.885,8.224,0.03236144275480709,0.024271082066105315,6,5.0,0.04299302473050104,102.46997344672508,167.94873894155526,139.73126141136092,105.89695158329651,173.5655712394253,4.521905217220734
2026-10-27,2026-10-01,BKK_Sukhumvit,Watermelon,135.20935619414018,exp_smoothing_4w,active SKU window only; historical active windows have complete daily rows; no pre-launch zero fill,44.01069549970777,45.0,0.2697136740843242,7.885,8.224,0.03236144275480709,0.024271082066105315,6,5.0,0.04299302473050104,102.46997344672508,167.94873894155526,139.73126141136092,105.89695158329651,173.5655712394253,4.521905217220734
2026-10-28,2026-10-01,BKK_Sukhumvit,Watermelon,135.20935619414018,exp_smoothing_4w,active SKU window only; historical active windows have complete daily rows; no pre-launch zero fill,44.01069549970777,45.0,0.2697136740843242,7.885,8.224,0.03236144275480709,0.024271082066105315,6,5.0,0.04299302473050104,102.46997344672508,167.94873894155526,139.73126141136092,105.89695158329651,173.5655712394253,4.521905217220734
2026-10-29,2026-10-01,BKK_Sukhumvit,Watermelon,135.20935619414018,exp_smoothing_4w,active SKU window only; historical active windows have complete daily rows; no pre-launch zero fill,44.01069549970777,45.0,0.2697136740843242,7.885,8.224,0.03236144275480709,0.024271082066105315,6,5.0,0.04299302473050104,102.46997344672508,167.94873894155526,139.73126141136092,105.89695158329651,173.5655712394253,4.521905217220734
2026-10-30,2026-10-01,BKK_Sukhumvit,Watermelon,135.20935619414018,exp_smoothing_4w,active SKU window only; historical active windows have complete daily rows; no pre-launch zero fill,44.01069549970777,45.0,0.2697136740843242,7.885,8.224,0.03236144275480709,0.024271082066105315,6,5.0,0.04299302473050104,102.46997344672508,167.94873894155526,139.73126141136092,105.89695158329651,173.5655712394253,4.521905217220734
2026-10-31,2026-10-01,BKK_Sukhumvit,Watermelon,135.20935619414018,exp_smoothing_4w,active SKU window only; historical active windows have complete daily rows; no pre-launch zero fill,44.01069549970777,45.0,0.2697136740843242,7.885,8.224,0.03236144275480709,0.024271082066105315,6,5.0,0.04299302473050104,102.46997344672508,167.94873894155526,139.73126141136092,105.89695158329651,173.5655712394253,4.521905217220734
2026-11-01,2026-11-01,BKK_Sukhumvit,Watermelon,135.20935619414018,exp_smoothing_4w,active SKU window only; historical active windows have complete daily rows; no pre-launch zero fill,44.01069549970777,45.0,0.2697136740843242,7.885,8.224,0.03236144275480709,0.024271082066105315,6,5.0,0.04299302473050104,102.46997344672508,167.94873894155526,139.73126141136092,105.89695158329651,173.5655712394253,4.521905217220734
2026-11-02,2026-11-01,BKK_Sukhumvit,Watermelon,135.20935619414018,exp_smoothing_4w,active SKU window only; historical active windows have complete daily rows; no pre-launch zero fill,44.01069549970777,45.0,0.2697136740843242,7.885,8.224,0.03236144275480709,0.024271082066105315,6,5.0,0.04299302473050104,102.46997344672508,167.94873894155526,139.73126141136092,105.89695158329651,173.5655712394253,4.521905217220734
2026-11-03,2026-11-01,BKK_Sukhumvit,Watermelon,135.20935619414018,exp_smoothing_4w,active SKU window only; historical active windows have complete daily rows; no pre-launch zero fill,44.01069549970777,45.0,0.2697136740843242,7.885,8.224,0.03236144275480709,0.024271082066105315,6,5.0,0.04299302473050104,102.46997344672508,167.94873894155526,139.73126141136092,105.89695158329651,173.5655712394253,4.521905217220734
2026-11-04,2026-11-01,BKK_Sukhumvit,Watermelon,135.20935619414018,exp_smoothing_4w,active SKU window only; historical active windows have complete daily rows; no pre-launch zero fill,44.01069549970777,45.0,0.2697136740843242,7.885,8.224,0.03236144275480709,0.024271082066105315,6,5.0,0.04299302473050104,102.46997344672508,167.94873894155526,139.73126141136092,105.89695158329651,173.5655712394253,4.521905217220734
2026-11-05,2026-11-01,BKK_Sukhumvit,Watermelon,135.20935619414018,exp_smoothing_4w,active SKU window only; historical active windows have complete daily rows; no pre-launch zero fill,44.01069549970777,45.0,0.2697136740843242,7.885,8.224,0.03236144275480709,0.024271082066105315,6,5.0,0.04299302473050104,102.46997344672508,167.94873894155526,139.73126141136092,105.89695158329651,173.5655712394253,4.521905217220734
2026-11-06,2026-11-01,BKK_Sukhumvit,Watermelon,135.20935619414018,exp_smoothing_4w,active SKU window only; historical active windows have complete daily rows; no pre-launch zero fill,44.01069549970777,45.0,0.2697136740843242,7.885,8.224,0.03236144275480709,0.024271082066105315,6,5.0,0.04299302473050104,102.46997344672508,167.94873894155526,139.73126141136092,105.89695158329651,173.5655712394253,4.521905217220734
2026-11-07,2026-11-01,BKK_Sukhumvit,Watermelon,135.20935619414018,exp_smoothing_4w,active SKU window only; historical active windows have complete daily rows; no pre-launch zero fill,44.01069549970777,45.0,0.2697136740843242,7.885,8.224,0.03236144275480709,0.024271082066105315,6,5.0,0.04299302473050104,102.46997344672508,167.94873894155526,139.73126141136092,105.89695158329651,173.5655712394253,4.521905217220734
2026-11-08,2026-11-01,BKK_Sukhumvit,Watermelon,135.20935619414018,exp_smoothing_4w,active SKU window only; historical active windows have complete daily rows; no pre-launch zero fill,44.01069549970777,45.0,0.2697136740843242,7.885,8.224,0.03236144275480709,0.024271082066105315,6,5.0,0.04299302473050104,102.46997344672508,167.94873894155526,139.73126141136092,105.89695158329651,173.5655712394253,4.521905217220734
2026-11-09,2026-11-01,BKK_Sukhumvit,Watermelon,135.20935619414018,exp_smoothing_4w,active SKU window only; historical active windows have complete daily rows; no pre-launch zero fill,44.01069549970777,45.0,0.2697136740843242,7.885,8.224,0.03236144275480709,0.024271082066105315,6,5.0,0.04299302473050104,102.46997344672508,167.94873894155526,139.73126141136092,105.89695158329651,173.5655712394253,4.521905217220734
2026-11-10,2026-11-01,BKK_Sukhumvit,Watermelon,135.20935619414018,exp_smoothing_4w,active SKU window only; historical active windows have complete daily rows; no pre-launch zero fill,44.01069549970777,45.0,0.2697136740843242,7.885,8.224,0.03236144275480709,0.024271082066105315,6,5.0,0.04299302473050104,102.46997344672508,167.94873894155526,139.73126141136092,105.89695158329651,173.5655712394253,4.521905217220734
2026-11-11,2026-11-01,BKK_Sukhumvit,Watermelon,135.20935619414018,exp_smoothing_4w,active SKU window only; historical active windows have complete daily rows; no pre-launch zero fill,44.01069549970777,45.0,0.2697136740843242,7.885,8.224,0.03236144275480709,0.024271082066105315,6,5.0,0.04299302473050104,102.46997344672508,167.94873894155526,139.73126141136092,105.89695158329651,173.5655712394253,4.521905217220734
2026-11-12,2026-11-01,BKK_Sukhumvit,Watermelon,135.20935619414018,exp_smoothing_4w,active SKU window only; historical active windows have complete daily rows; no pre-launch zero fill,44.01069549970777,45.0,0.2697136740843242,7.885,8.224,0.03236144275480709,0.024271082066105315,6,5.0,0.04299302473050104,102.46997344672508,167.94873894155526,139.73126141136092,105.89695158329651,173.5655712394253,4.521905217220734
2026-11-13,2026-11-01,BKK_Sukhumvit,Watermelon,135.20935619414018,exp_smoothing_4w,active SKU window only; historical active windows have complete daily rows; no pre-launch zero fill,44.01069549970777,45.0,0.2697136740843242,7.885,8.224,0.03236144275480709,0.024271082066105315,6,5.0,0.04299302473050104,102.46997344672508,167.94873894155526,139.73126141136092,105.89695158329651,173.5655712394253,4.521905217220734
2026-11-14,2026-11-01,BKK_Sukhumvit,Watermelon,135.20935619414018,exp_smoothing_4w,active SKU window only; historical active windows have complete daily rows; no pre-launch zero fill,44.01069549970777,45.0,0.2697136740843242,7.885,8.224,0.03236144275480709,0.024271082066105315,6,5.0,0.04299302473050104,102.46997344672508,167.94873894155526,139.73126141136092,105.89695158329651,173.5655712394253,4.521905217220734
2026-11-15,2026-11-01,BKK_Sukhumvit,Watermelon,135.20935619414018,exp_smoothing_4w,active SKU window only; historical active windows have complete daily rows; no pre-launch zero fill,44.01069549970777,45.0,0.2697136740843242,7.885,8.224,0.03236144275480709,0.024271082066105315,6,5.0,0.04299302473050104,102.46997344672508,167.94873894155526,139.73126141136092,105.89695158329651,173.5655712394253,4.521905217220734
2026-11-16,2026-11-01,BKK_Sukhumvit,Watermelon,135.20935619414018,exp_smoothing_4w,active SKU window only; historical active windows have complete daily rows; no pre-launch zero fill,44.01069549970777,45.0,0.2697136740843242,7.885,8.224,0.03236144275480709,0.024271082066105315,6,5.0,0.04299302473050104,102.46997344672508,167.94873894155526,139.73126141136092,105.89695158329651,173.5655712394253,4.521905217220734
2026-11-17,2026-11-01,BKK_Sukhumvit,Watermelon,135.20935619414018,exp_smoothing_4w,active SKU window only; historical active windows have complete daily rows; no pre-launch zero fill,44.01069549970777,45.0,0.2697136740843242,7.885,8.224,0.03236144275480709,0.024271082066105315,6,5.0,0.04299302473050104,102.46997344672508,167.94873894155526,139.73126141136092,105.89695158329651,173.5655712394253,4.521905217220734
2026-11-18,2026-11-01,BKK_Sukhumvit,Watermelon,135.20935619414018,exp_smoothing_4w,active SKU window only; historical active windows have complete daily rows; no pre-launch zero fill,44.01069549970777,45.0,0.2697136740843242,7.885,8.224,0.03236144275480709,0.024271082066105315,6,5.0,0.04299302473050104,102.46997344672508,167.94873894155526,139.73126141136092,105.89695158329651,173.5655712394253,4.521905217220734
2026-11-19,2026-11-01,BKK_Sukhumvit,Watermelon,135.20935619414018,exp_smoothing_4w,active SKU window only; historical active windows have complete daily rows; no pre-launch zero fill,44.01069549970777,45.0,0.2697136740843242,7.885,8.224,0.03236144275480709,0.024271082066105315,6,5.0,0.04299302473050104,102.46997344672508,167.94873894155526,139.73126141136092,105.89695158329651,173.5655712394253,4.521905217220734
2026-11-20,2026-11-01,BKK_Sukhumvit,Watermelon,135.20935619414018,exp_smoothing_4w,active SKU window only; historical active windows have complete daily rows; no pre-launch zero fill,44.01069549970777,45.0,0.2697136740843242,7.885,8.224,0.03236144275480709,0.024271082066105315,6,5.0,0.04299302473050104,102.46997344672508,167.94873894155526,139.73126141136092,105.89695158329651,173.5655712394253,4.521905217220734
2026-11-21,2026-11-01,BKK_Sukhumvit,Watermelon,135.20935619414018,exp_smoothing_4w,active SKU window only; historical active windows have complete daily rows; no pre-launch zero fill,44.01069549970777,45.0,0.2697136740843242,7.885,8.224,0.03236144275480709,0.024271082066105315,6,5.0,0.04299302473050104,102.46997344672508,167.94873894155526,139.73126141136092,105.89695158329651,173.5655712394253,4.521905217220734
2026-11-22,2026-11-01,BKK_Sukhumvit,Watermelon,135.20935619414018,exp_smoothing_4w,active SKU window only; historical active windows have complete daily rows; no pre-launch zero fill,44.01069549970777,45.0,0.2697136740843242,7.885,8.224,0.03236144275480709,0.024271082066105315,6,5.0,0.04299302473050104,102.46997344672508,167.94873894155526,139.73126141136092,105.89695158329651,173.5655712394253,4.521905217220734
2026-11-23,2026-11-01,BKK_Sukhumvit,Watermelon,135.20935619414018,exp_smoothing_4w,active SKU window only; historical active windows have complete daily rows; no pre-launch zero fill,44.01069549970777,45.0,0.2697136740843242,7.885,8.224,0.03236144275480709,0.024271082066105315,6,5.0,0.04299302473050104,102.46997344672508,167.94873894155526,139.73126141136092,105.89695158329651,173.5655712394253,4.521905217220734
2026-11-24,2026-11-01,BKK_Sukhumvit,Watermelon,135.20935619414018,exp_smoothing_4w,active SKU window only; historical active windows have complete daily rows; no pre-launch zero fill,44.01069549970777,45.0,0.2697136740843242,7.885,8.224,0.03236144275480709,0.024271082066105315,6,5.0,0.04299302473050104,102.46997344672508,167.94873894155526,139.73126141136092,105.89695158329651,173.5655712394253,4.521905217220734
2026-11-25,2026-11-01,BKK_Sukhumvit,Watermelon,135.20935619414018,exp_smoothing_4w,active SKU window only; historical active windows have complete daily rows; no pre-launch zero fill,44.01069549970777,45.0,0.2697136740843242,7.885,8.224,0.03236144275480709,0.024271082066105315,6,5.0,0.04299302473050104,102.46997344672508,167.94873894155526,139.73126141136092,105.89695158329651,173.5655712394253,4.521905217220734
2026-11-26,2026-11-01,BKK_Sukhumvit,Watermelon,135.20935619414018,exp_smoothing_4w,active SKU window only; historical active windows have complete daily rows; no pre-launch zero fill,44.01069549970777,45.0,0.2697136740843242,7.885,8.224,0.03236144275480709,0.024271082066105315,6,5.0,0.04299302473050104,102.46997344672508,167.94873894155526,139.73126141136092,105.89695158329651,173.5655712394253,4.521905217220734
2026-11-27,2026-11-01,BKK_Sukhumvit,Watermelon,135.20935619414018,exp_smoothing_4w,active SKU window only; historical active windows have complete daily rows; no pre-launch zero fill,44.01069549970777,45.0,0.2697136740843242,7.885,8.224,0.03236144275480709,0.024271082066105315,6,5.0,0.04299302473050104,102.46997344672508,167.94873894155526,139.73126141136092,105.89695158329651,173.5655712394253,4.521905217220734
2026-11-28,2026-11-01,BKK_Sukhumvit,Watermelon,135.20935619414018,exp_smoothing_4w,active SKU window only; historical active windows have complete daily rows; no pre-launch zero fill,44.01069549970777,45.0,0.2697136740843242,7.885,8.224,0.03236144275480709,0.024271082066105315,6,5.0,0.04299302473050104,102.46997344672508,167.94873894155526,139.73126141136092,105.89695158329651,173.5655712394253,4.521905217220734
2026-11-29,2026-11-01,BKK_Sukhumvit,Watermelon,135.20935619414018,exp_smoothing_4w,active SKU window only; historical active windows have complete daily rows; no pre-launch zero fill,44.01069549970777,45.0,0.2697136740843242,7.885,8.224,0.03236144275480709,0.024271082066105315,6,5.0,0.04299302473050104,102.46997344672508,167.94873894155526,139.73126141136092,105.89695158329651,173.5655712394253,4.521905217220734
2026-11-30,2026-11-01,BKK_Sukhumvit,Watermelon,135.20935619414018,exp_smoothing_4w,active SKU window only; historical active windows have complete daily rows; no pre-launch zero fill,44.01069549970777,45.0,0.2697136740843242,7.885,8.224,0.03236144275480709,0.024271082066105315,6,5.0,0.04299302473050104,102.46997344672508,167.94873894155526,139.73126141136092,105.89695158329651,173.5655712394253,4.521905217220734
2026-09-01,2026-09-01,Pattaya_Beach,Guava,59.628472564775876,exp_smoothing_4w,active SKU window only; historical active windows have complete daily rows; no pre-launch zero fill,47.85507074181193,49.0,0.2740250742751767,10.23,10.763,0.05384217143702389,0.04038162857776792,6,5.5,0.05210166177908104,45.19012716552055,74.06681796403119,63.02169761184512,47.76172198897861,78.28167323471162,3.3932250470692438
2026-09-02,2026-09-01,Pattaya_Beach,Guava,59.628472564775876,exp_smoothing_4w,active SKU window only; historical active windows have complete daily rows; no pre-launch zero fill,47.85507074181193,49.0,0.2740250742751767,10.23,10.763,0.05384217143702389,0.04038162857776792,6,5.5,0.05210166177908104,45.19012716552055,74.06681796403119,63.02169761184512,47.76172198897861,78.28167323471162,3.3932250470692438
2026-09-03,2026-09-01,Pattaya_Beach,Guava,59.628472564775876,exp_smoothing_4w,active SKU window only; historical active windows have complete daily rows; no pre-launch zero fill,47.85507074181193,49.0,0.2740250742751767,10.23,10.763,0.05384217143702389,0.04038162857776792,6,5.5,0.05210166177908104,45.19012716552055,74.06681796403119,63.02169761184512,47.76172198897861,78.28167323471162,3.3932250470692438
2026-09-04,2026-09-01,Pattaya_Beach,Guava,59.628472564775876,exp_smoothing_4w,active SKU window only; historical active windows have complete daily rows; no pre-launch zero fill,47.85507074181193,49.0,0.2740250742751767,10.23,10.763,0.05384217143702389,0.04038162857776792,6,5.5,0.05210166177908104,45.19012716552055,74.06681796403119,63.02169761184512,47.76172198897861,78.28167323471162,3.3932250470692438
2026-09-05,2026-09-01,Pattaya_Beach,Guava,59.628472564775876,exp_smoothing_4w,active SKU window only; historical active windows have complete daily rows; no pre-launch zero fill,47.85507074181193,49.0,0.2740250742751767,10.23,10.763,0.05384217143702389,0.04038162857776792,6,5.5,0.05210166177908104,45.19012716552055,74.06681796403119,63.02169761184512,47.76172198897861,78.28167323471162,3.3932250470692438
2026-09-06,2026-09-01,Pattaya_Beach,Guava,59.628472564775876,exp_smoothing_4w,active SKU window only; historical active windows have complete daily rows; no pre-launch zero fill,47.85507074181193,49.0,0.2740250742751767,10.23,10.763,0.05384217143702389,0.04038162857776792,6,5.5,0.05210166177908104,45.19012716552055,74.06681796403119,63.02169761184512,47.76172198897861,78.28167323471162,3.3932250470692438
2026-09-07,2026-09-01,Pattaya_Beach,Guava,59.628472564775876,exp_smoothing_4w,active SKU window only; historical active windows have complete daily rows; no pre-launch zero fill,47.85507074181193,49.0,0.2740250742751767,10.23,10.763,0.05384217143702389,0.04038162857776792,6,5.5,0.05210166177908104,45.19012716552055,74.06681796403119,63.02169761184512,47.76172198897861,78.28167323471162,3.3932250470692438
2026-09-08,2026-09-01,Pattaya_Beach,Guava,59.628472564775876,exp_smoothing_4w,active SKU window only; historical active windows have complete daily rows; no pre-launch zero fill,47.85507074181193,49.0,0.2740250742751767,10.23,10.763,0.05384217143702389,0.04038162857776792,6,5.5,0.05210166177908104,45.19012716552055,74.06681796403119,63.02169761184512,47.76172198897861,78.28167323471162,3.3932250470692438
2026-09-09,2026-09-01,Pattaya_Beach,Guava,59.628472564775876,exp_smoothing_4w,active SKU window only; historical active windows have complete daily rows; no pre-launch zero fill,47.85507074181193,49.0,0.2740250742751767,10.23,10.763,0.05384217143702389,0.04038162857776792,6,5.5,0.05210166177908104,45.19012716552055,74.06681796403119,63.02169761184512,47.76172198897861,78.28167323471162,3.3932250470692438
2026-09-10,2026-09-01,Pattaya_Beach,Guava,59.628472564775876,exp_smoothing_4w,active SKU window only; historical active windows have complete daily rows; no pre-launch zero fill,47.85507074181193,49.0,0.2740250742751767,10.23,10.763,0.05384217143702389,0.04038162857776792,6,5.5,0.05210166177908104,45.19012716552055,74.06681796403119,63.02169761184512,47.76172198897861,78.28167323471162,3.3932250470692438
2026-09-11,2026-09-01,Pattaya_Beach,Guava,59.628472564775876,exp_smoothing_4w,active SKU window only; historical active windows have complete daily rows; no pre-launch zero fill,47.85507074181193,49.0,0.2740250742751767,10.23,10.763,0.05384217143702389,0.04038162857776792,6,5.5,0.05210166177908104,45.19012716552055,74.06681796403119,63.02169761184512,47.76172198897861,78.28167323471162,3.3932250470692438
2026-09-12,2026-09-01,Pattaya_Beach,Guava,59.628472564775876,exp_smoothing_4w,active SKU window only; historical active windows have complete daily rows; no pre-launch zero fill,47.85507074181193,49.0,0.2740250742751767,10.23,10.763,0.05384217143702389,0.04038162857776792,6,5.5,0.05210166177908104,45.19012716552055,74.06681796403119,63.02169761184512,47.76172198897861,78.28167323471162,3.3932250470692438
2026-09-13,2026-09-01,Pattaya_Beach,Guava,59.628472564775876,exp_smoothing_4w,active SKU window only; historical active windows have complete daily rows; no pre-launch zero fill,47.85507074181193,49.0,0.2740250742751767,10.23,10.763,0.05384217143702389,0.04038162857776792,6,5.5,0.05210166177908104,45.19012716552055,74.06681796403119,63.02169761184512,47.76172198897861,78.28167323471162,3.3932250470692438
2026-09-14,2026-09-01,Pattaya_Beach,Guava,59.628472564775876,exp_smoothing_4w,active SKU window only; historical active windows have complete daily rows; no pre-launch zero fill,47.85507074181193,49.0,0.2740250742751767,10.23,10.763,0.05384217143702389,0.04038162857776792,6,5.5,0.05210166177908104,45.19012716552055,74.06681796403119,63.02169761184512,47.76172198897861,78.28167323471162,3.3932250470692438
2026-09-15,2026-09-01,Pattaya_Beach,Guava,59.628472564775876,exp_smoothing_4w,active SKU window only; historical active windows have complete daily rows; no pre-launch zero fill,47.85507074181193,49.0,0.2740250742751767,10.23,10.763,0.05384217143702389,0.04038162857776792,6,5.5,0.05210166177908104,45.19012716552055,74.06681796403119,63.02169761184512,47.76172198897861,78.28167323471162,3.3932250470692438
2026-09-16,2026-09-01,Pattaya_Beach,Guava,59.628472564775876,exp_smoothing_4w,active SKU window only; historical active windows have complete daily rows; no pre-launch zero fill,47.85507074181193,49.0,0.2740250742751767,10.23,10.763,0.05384217143702389,0.04038162857776792,6,5.5,0.05210166177908104,45.19012716552055,74.06681796403119,63.02169761184512,47.76172198897861,78.28167323471162,3.3932250470692438
2026-09-17,2026-09-01,Pattaya_Beach,Guava,59.628472564775876,exp_smoothing_4w,active SKU window only; historical active windows have complete daily rows; no pre-launch zero fill,47.85507074181193,49.0,0.2740250742751767,10.23,10.763,0.05384217143702389,0.04038162857776792,6,5.5,0.05210166177908104,45.19012716552055,74.06681796403119,63.02169761184512,47.76172198897861,78.28167323471162,3.3932250470692438
2026-09-18,2026-09-01,Pattaya_Beach,Guava,59.628472564775876,exp_smoothing_4w,active SKU window only; historical active windows have complete daily rows; no pre-launch zero fill,47.85507074181193,49.0,0.2740250742751767,10.23,10.763,0.05384217143702389,0.04038162857776792,6,5.5,0.05210166177908104,45.19012716552055,74.06681796403119,63.02169761184512,47.76172198897861,78.28167323471162,3.3932250470692438
2026-09-19,2026-09-01,Pattaya_Beach,Guava,59.628472564775876,exp_smoothing_4w,active SKU window only; historical active windows have complete daily rows; no pre-launch zero fill,47.85507074181193,49.0,0.2740250742751767,10.23,10.763,0.05384217143702389,0.04038162857776792,6,5.5,0.05210166177908104,45.19012716552055,74.06681796403119,63.02169761184512,47.76172198897861,78.28167323471162,3.3932250470692438
2026-09-20,2026-09-01,Pattaya_Beach,Guava,59.628472564775876,exp_smoothing_4w,active SKU window only; historical active windows have complete daily rows; no pre-launch zero fill,47.85507074181193,49.0,0.2740250742751767,10.23,10.763,0.05384217143702389,0.04038162857776792,6,5.5,0.05210166177908104,45.19012716552055,74.06681796403119,63.02169761184512,47.76172198897861,78.28167323471162,3.3932250470692438
2026-09-21,2026-09-01,Pattaya_Beach,Guava,59.628472564775876,exp_smoothing_4w,active SKU window only; historical active windows have complete daily rows; no pre-launch zero fill,47.85507074181193,49.0,0.2740250742751767,10.23,10.763,0.05384217143702389,0.04038162857776792,6,5.5,0.05210166177908104,45.19012716552055,74.06681796403119,63.02169761184512,47.76172198897861,78.28167323471162,3.3932250470692438
2026-09-22,2026-09-01,Pattaya_Beach,Guava,59.628472564775876,exp_smoothing_4w,active SKU window only; historical active windows have complete daily rows; no pre-launch zero fill,47.85507074181193,49.0,0.2740250742751767,10.23,10.763,0.05384217143702389,0.04038162857776792,6,5.5,0.05210166177908104,45.19012716552055,74.06681796403119,63.02169761184512,47.76172198897861,78.28167323471162,3.3932250470692438
2026-09-23,2026-09-01,Pattaya_Beach,Guava,59.628472564775876,exp_smoothing_4w,active SKU window only; historical active windows have complete daily rows; no pre-launch zero fill,47.85507074181193,49.0,0.2740250742751767,10.23,10.763,0.05384217143702389,0.04038162857776792,6,5.5,0.05210166177908104,45.19012716552055,74.06681796403119,63.02169761184512,47.76172198897861,78.28167323471162,3.3932250470692438
2026-09-24,2026-09-01,Pattaya_Beach,Guava,59.628472564775876,exp_smoothing_4w,active SKU window only; historical active windows have complete daily rows; no pre-launch zero fill,47.85507074181193,49.0,0.2740250742751767,10.23,10.763,0.05384217143702389,0.04038162857776792,6,5.5,0.05210166177908104,45.19012716552055,74.06681796403119,63.02169761184512,47.76172198897861,78.28167323471162,3.3932250470692438
2026-09-25,2026-09-01,Pattaya_Beach,Guava,59.628472564775876,exp_smoothing_4w,active SKU window only; historical active windows have complete daily rows; no pre-launch zero fill,47.85507074181193,49.0,0.2740250742751767,10.23,10.763,0.05384217143702389,0.04038162857776792,6,5.5,0.05210166177908104,45.19012716552055,74.06681796403119,63.02169761184512,47.76172198897861,78.28167323471162,3.3932250470692438
2026-09-26,2026-09-01,Pattaya_Beach,Guava,59.628472564775876,exp_smoothing_4w,active SKU window only; historical active windows have complete daily rows; no pre-launch zero fill,47.85507074181193,49.0,0.2740250742751767,10.23,10.763,0.05384217143702389,0.04038162857776792,6,5.5,0.05210166177908104,45.19012716552055,74.06681796403119,63.02169761184512,47.76172198897861,78.28167323471162,3.3932250470692438
2026-09-27,2026-09-01,Pattaya_Beach,Guava,59.628472564775876,exp_smoothing_4w,active SKU window only; historical active windows have complete daily rows; no pre-launch zero fill,47.85507074181193,49.0,0.2740250742751767,10.23,10.763,0.05384217143702389,0.04038162857776792,6,5.5,0.05210166177908104,45.19012716552055,74.06681796403119,63.02169761184512,47.76172198897861,78.28167323471162,3.3932250470692438
2026-09-28,2026-09-01,Pattaya_Beach,Guava,59.628472564775876,exp_smoothing_4w,active SKU window only; historical active windows have complete daily rows; no pre-launch zero fill,47.85507074181193,49.0,0.2740250742751767,10.23,10.763,0.05384217143702389,0.04038162857776792,6,5.5,0.05210166177908104,45.19012716552055,74.06681796403119,63.02169761184512,47.76172198897861,78.28167323471162,3.3932250470692438
2026-09-29,2026-09-01,Pattaya_Beach,Guava,59.628472564775876,exp_smoothing_4w,active SKU window only; historical active windows have complete daily rows; no pre-launch zero fill,47.85507074181193,49.0,0.2740250742751767,10.23,10.763,0.05384217143702389,0.04038162857776792,6,5.5,0.05210166177908104,45.19012716552055,74.06681796403119,63.02169761184512,47.76172198897861,78.28167323471162,3.3932250470692438
2026-09-30,2026-09-01,Pattaya_Beach,Guava,59.628472564775876,exp_smoothing_4w,active SKU window only; historical active windows have complete daily rows; no pre-launch zero fill,47.85507074181193,49.0,0.2740250742751767,10.23,10.763,0.05384217143702389,0.04038162857776792,6,5.5,0.05210166177908104,45.19012716552055,74.06681796403119,63.02169761184512,47.76172198897861,78.28167323471162,3.3932250470692438
2026-10-01,2026-10-01,Pattaya_Beach,Guava,59.628472564775876,exp_smoothing_4w,active SKU window only; historical active windows have complete daily rows; no pre-launch zero fill,47.85507074181193,49.0,0.2740250742751767,10.23,10.763,0.05384217143702389,0.04038162857776792,6,5.5,0.05210166177908104,45.19012716552055,74.06681796403119,63.02169761184512,47.76172198897861,78.28167323471162,3.3932250470692438
2026-10-02,2026-10-01,Pattaya_Beach,Guava,59.628472564775876,exp_smoothing_4w,active SKU window only; historical active windows have complete daily rows; no pre-launch zero fill,47.85507074181193,49.0,0.2740250742751767,10.23,10.763,0.05384217143702389,0.04038162857776792,6,5.5,0.05210166177908104,45.19012716552055,74.06681796403119,63.02169761184512,47.76172198897861,78.28167323471162,3.3932250470692438
2026-10-03,2026-10-01,Pattaya_Beach,Guava,59.628472564775876,exp_smoothing_4w,active SKU window only; historical active windows have complete daily rows; no pre-launch zero fill,47.85507074181193,49.0,0.2740250742751767,10.23,10.763,0.05384217143702389,0.04038162857776792,6,5.5,0.05210166177908104,45.19012716552055,74.06681796403119,63.02169761184512,47.76172198897861,78.28167323471162,3.3932250470692438
2026-10-04,2026-10-01,Pattaya_Beach,Guava,59.628472564775876,exp_smoothing_4w,active SKU window only; historical active windows have complete daily rows; no pre-launch zero fill,47.85507074181193,49.0,0.2740250742751767,10.23,10.763,0.05384217143702389,0.04038162857776792,6,5.5,0.05210166177908104,45.19012716552055,74.06681796403119,63.02169761184512,47.76172198897861,78.28167323471162,3.3932250470692438
2026-10-05,2026-10-01,Pattaya_Beach,Guava,59.628472564775876,exp_smoothing_4w,active SKU window only; historical active windows have complete daily rows; no pre-launch zero fill,47.85507074181193,49.0,0.2740250742751767,10.23,10.763,0.05384217143702389,0.04038162857776792,6,5.5,0.05210166177908104,45.19012716552055,74.06681796403119,63.02169761184512,47.76172198897861,78.28167323471162,3.3932250470692438
2026-10-06,2026-10-01,Pattaya_Beach,Guava,59.628472564775876,exp_smoothing_4w,active SKU window only; historical active windows have complete daily rows; no pre-launch zero fill,47.85507074181193,49.0,0.2740250742751767,10.23,10.763,0.05384217143702389,0.04038162857776792,6,5.5,0.05210166177908104,45.19012716552055,74.06681796403119,63.02169761184512,47.76172198897861,78.28167323471162,3.3932250470692438
2026-10-07,2026-10-01,Pattaya_Beach,Guava,59.628472564775876,exp_smoothing_4w,active SKU window only; historical active windows have complete daily rows; no pre-launch zero fill,47.85507074181193,49.0,0.2740250742751767,10.23,10.763,0.05384217143702389,0.04038162857776792,6,5.5,0.05210166177908104,45.19012716552055,74.06681796403119,63.02169761184512,47.76172198897861,78.28167323471162,3.3932250470692438
2026-10-08,2026-10-01,Pattaya_Beach,Guava,59.628472564775876,exp_smoothing_4w,active SKU window only; historical active windows have complete daily rows; no pre-launch zero fill,47.85507074181193,49.0,0.2740250742751767,10.23,10.763,0.05384217143702389,0.04038162857776792,6,5.5,0.05210166177908104,45.19012716552055,74.06681796403119,63.02169761184512,47.76172198897861,78.28167323471162,3.3932250470692438
2026-10-09,2026-10-01,Pattaya_Beach,Guava,59.628472564775876,exp_smoothing_4w,active SKU window only; historical active windows have complete daily rows; no pre-launch zero fill,47.85507074181193,49.0,0.2740250742751767,10.23,10.763,0.05384217143702389,0.04038162857776792,6,5.5,0.05210166177908104,45.19012716552055,74.06681796403119,63.02169761184512,47.76172198897861,78.28167323471162,3.3932250470692438
2026-10-10,2026-10-01,Pattaya_Beach,Guava,59.628472564775876,exp_smoothing_4w,active SKU window only; historical active windows have complete daily rows; no pre-launch zero fill,47.85507074181193,49.0,0.2740250742751767,10.23,10.763,0.05384217143702389,0.04038162857776792,6,5.5,0.05210166177908104,45.19012716552055,74.06681796403119,63.02169761184512,47.76172198897861,78.28167323471162,3.3932250470692438
2026-10-11,2026-10-01,Pattaya_Beach,Guava,59.628472564775876,exp_smoothing_4w,active SKU window only; historical active windows have complete daily rows; no pre-launch zero fill,47.85507074181193,49.0,0.2740250742751767,10.23,10.763,0.05384217143702389,0.04038162857776792,6,5.5,0.05210166177908104,45.19012716552055,74.06681796403119,63.02169761184512,47.76172198897861,78.28167323471162,3.3932250470692438
2026-10-12,2026-10-01,Pattaya_Beach,Guava,59.628472564775876,exp_smoothing_4w,active SKU window only; historical active windows have complete daily rows; no pre-launch zero fill,47.85507074181193,49.0,0.2740250742751767,10.23,10.763,0.05384217143702389,0.04038162857776792,6,5.5,0.05210166177908104,45.19012716552055,74.06681796403119,63.02169761184512,47.76172198897861,78.28167323471162,3.3932250470692438
2026-10-13,2026-10-01,Pattaya_Beach,Guava,59.628472564775876,exp_smoothing_4w,active SKU window only; historical active windows have complete daily rows; no pre-launch zero fill,47.85507074181193,49.0,0.2740250742751767,10.23,10.763,0.05384217143702389,0.04038162857776792,6,5.5,0.05210166177908104,45.19012716552055,74.06681796403119,63.02169761184512,47.76172198897861,78.28167323471162,3.3932250470692438
2026-10-14,2026-10-01,Pattaya_Beach,Guava,59.628472564775876,exp_smoothing_4w,active SKU window only; historical active windows have complete daily rows; no pre-launch zero fill,47.85507074181193,49.0,0.2740250742751767,10.23,10.763,0.05384217143702389,0.04038162857776792,6,5.5,0.05210166177908104,45.19012716552055,74.06681796403119,63.02169761184512,47.76172198897861,78.28167323471162,3.3932250470692438
2026-10-15,2026-10-01,Pattaya_Beach,Guava,59.628472564775876,exp_smoothing_4w,active SKU window only; historical active windows have complete daily rows; no pre-launch zero fill,47.85507074181193,49.0,0.2740250742751767,10.23,10.763,0.05384217143702389,0.04038162857776792,6,5.5,0.05210166177908104,45.19012716552055,74.06681796403119,63.02169761184512,47.76172198897861,78.28167323471162,3.3932250470692438
2026-10-16,2026-10-01,Pattaya_Beach,Guava,59.628472564775876,exp_smoothing_4w,active SKU window only; historical active windows have complete daily rows; no pre-launch zero fill,47.85507074181193,49.0,0.2740250742751767,10.23,10.763,0.05384217143702389,0.04038162857776792,6,5.5,0.05210166177908104,45.19012716552055,74.06681796403119,63.02169761184512,47.76172198897861,78.28167323471162,3.3932250470692438
2026-10-17,2026-10-01,Pattaya_Beach,Guava,59.628472564775876,exp_smoothing_4w,active SKU window only; historical active windows have complete daily rows; no pre-launch zero fill,47.85507074181193,49.0,0.2740250742751767,10.23,10.763,0.05384217143702389,0.04038162857776792,6,5.5,0.05210166177908104,45.19012716552055,74.06681796403119,63.02169761184512,47.76172198897861,78.28167323471162,3.3932250470692438
2026-10-18,2026-10-01,Pattaya_Beach,Guava,59.628472564775876,exp_smoothing_4w,active SKU window only; historical active windows have complete daily rows; no pre-launch zero fill,47.85507074181193,49.0,0.2740250742751767,10.23,10.763,0.05384217143702389,0.04038162857776792,6,5.5,0.05210166177908104,45.19012716552055,74.06681796403119,63.02169761184512,47.76172198897861,78.28167323471162,3.3932250470692438
2026-10-19,2026-10-01,Pattaya_Beach,Guava,59.628472564775876,exp_smoothing_4w,active SKU window only; historical active windows have complete daily rows; no pre-launch zero fill,47.85507074181193,49.0,0.2740250742751767,10.23,10.763,0.05384217143702389,0.04038162857776792,6,5.5,0.05210166177908104,45.19012716552055,74.06681796403119,63.02169761184512,47.76172198897861,78.28167323471162,3.3932250470692438
2026-10-20,2026-10-01,Pattaya_Beach,Guava,59.628472564775876,exp_smoothing_4w,active SKU window only; historical active windows have complete daily rows; no pre-launch zero fill,47.85507074181193,49.0,0.2740250742751767,10.23,10.763,0.05384217143702389,0.04038162857776792,6,5.5,0.05210166177908104,45.19012716552055,74.06681796403119,63.02169761184512,47.76172198897861,78.28167323471162,3.3932250470692438
2026-10-21,2026-10-01,Pattaya_Beach,Guava,59.628472564775876,exp_smoothing_4w,active SKU window only; historical active windows have complete daily rows; no pre-launch zero fill,47.85507074181193,49.0,0.2740250742751767,10.23,10.763,0.05384217143702389,0.04038162857776792,6,5.5,0.05210166177908104,45.19012716552055,74.06681796403119,63.02169761184512,47.76172198897861,78.28167323471162,3.3932250470692438
2026-10-22,2026-10-01,Pattaya_Beach,Guava,59.628472564775876,exp_smoothing_4w,active SKU window only; historical active windows have complete daily rows; no pre-launch zero fill,47.85507074181193,49.0,0.2740250742751767,10.23,10.763,0.05384217143702389,0.04038162857776792,6,5.5,0.05210166177908104,45.19012716552055,74.06681796403119,63.02169761184512,47.76172198897861,78.28167323471162,3.3932250470692438
2026-10-23,2026-10-01,Pattaya_Beach,Guava,59.628472564775876,exp_smoothing_4w,active SKU window only; historical active windows have complete daily rows; no pre-launch zero fill,47.85507074181193,49.0,0.2740250742751767,10.23,10.763,0.05384217143702389,0.04038162857776792,6,5.5,0.05210166177908104,45.19012716552055,74.06681796403119,63.02169761184512,47.76172198897861,78.28167323471162,3.3932250470692438
2026-10-24,2026-10-01,Pattaya_Beach,Guava,59.628472564775876,exp_smoothing_4w,active SKU window only; historical active windows have complete daily rows; no pre-launch zero fill,47.85507074181193,49.0,0.2740250742751767,10.23,10.763,0.05384217143702389,0.04038162857776792,6,5.5,0.05210166177908104,45.19012716552055,74.06681796403119,63.02169761184512,47.76172198897861,78.28167323471162,3.3932250470692438
2026-10-25,2026-10-01,Pattaya_Beach,Guava,59.628472564775876,exp_smoothing_4w,active SKU window only; historical active windows have complete daily rows; no pre-launch zero fill,47.85507074181193,49.0,0.2740250742751767,10.23,10.763,0.05384217143702389,0.04038162857776792,6,5.5,0.05210166177908104,45.19012716552055,74.06681796403119,63.02169761184512,47.76172198897861,78.28167323471162,3.3932250470692438
2026-10-26,2026-10-01,Pattaya_Beach,Guava,59.628472564775876,exp_smoothing_4w,active SKU window only; historical active windows have complete daily rows; no pre-launch zero fill,47.85507074181193,49.0,0.2740250742751767,10.23,10.763,0.05384217143702389,0.04038162857776792,6,5.5,0.05210166177908104,45.19012716552055,74.06681796403119,63.02169761184512,47.76172198897861,78.28167323471162,3.3932250470692438
2026-10-27,2026-10-01,Pattaya_Beach,Guava,59.628472564775876,exp_smoothing_4w,active SKU window only; historical active windows have complete daily rows; no pre-launch zero fill,47.85507074181193,49.0,0.2740250742751767,10.23,10.763,0.05384217143702389,0.04038162857776792,6,5.5,0.05210166177908104,45.19012716552055,74.06681796403119,63.02169761184512,47.76172198897861,78.28167323471162,3.3932250470692438
2026-10-28,2026-10-01,Pattaya_Beach,Guava,59.628472564775876,exp_smoothing_4w,active SKU window only; historical active windows have complete daily rows; no pre-launch zero fill,47.85507074181193,49.0,0.2740250742751767,10.23,10.763,0.05384217143702389,0.04038162857776792,6,5.5,0.05210166177908104,45.19012716552055,74.06681796403119,63.02169761184512,47.76172198897861,78.28167323471162,3.3932250470692438
2026-10-29,2026-10-01,Pattaya_Beach,Guava,59.628472564775876,exp_smoothing_4w,active SKU window only; historical active windows have complete daily rows; no pre-launch zero fill,47.85507074181193,49.0,0.2740250742751767,10.23,10.763,0.05384217143702389,0.04038162857776792,6,5.5,0.05210166177908104,45.19012716552055,74.06681796403119,63.02169761184512,47.76172198897861,78.28167323471162,3.3932250470692438
2026-10-30,2026-10-01,Pattaya_Beach,Guava,59.628472564775876,exp_smoothing_4w,active SKU window only; historical active windows have complete daily rows; no pre-launch zero fill,47.85507074181193,49.0,0.2740250742751767,10.23,10.763,0.05384217143702389,0.04038162857776792,6,5.5,0.05210166177908104,45.19012716552055,74.06681796403119,63.02169761184512,47.76172198897861,78.28167323471162,3.3932250470692438
2026-10-31,2026-10-01,Pattaya_Beach,Guava,59.628472564775876,exp_smoothing_4w,active SKU window only; historical active windows have complete daily rows; no pre-launch zero fill,47.85507074181193,49.0,0.2740250742751767,10.23,10.763,0.05384217143702389,0.04038162857776792,6,5.5,0.05210166177908104,45.19012716552055,74.06681796403119,63.02169761184512,47.76172198897861,78.28167323471162,3.3932250470692438
2026-11-01,2026-11-01,Pattaya_Beach,Guava,59.628472564775876,exp_smoothing_4w,active SKU window only; historical active windows have complete daily rows; no pre-launch zero fill,47.85507074181193,49.0,0.2740250742751767,10.23,10.763,0.05384217143702389,0.04038162857776792,6,5.5,0.05210166177908104,45.19012716552055,74.06681796403119,63.02169761184512,47.76172198897861,78.28167323471162,3.3932250470692438
2026-11-02,2026-11-01,Pattaya_Beach,Guava,59.628472564775876,exp_smoothing_4w,active SKU window only; historical active windows have complete daily rows; no pre-launch zero fill,47.85507074181193,49.0,0.2740250742751767,10.23,10.763,0.05384217143702389,0.04038162857776792,6,5.5,0.05210166177908104,45.19012716552055,74.06681796403119,63.02169761184512,47.76172198897861,78.28167323471162,3.3932250470692438
2026-11-03,2026-11-01,Pattaya_Beach,Guava,59.628472564775876,exp_smoothing_4w,active SKU window only; historical active windows have complete daily rows; no pre-launch zero fill,47.85507074181193,49.0,0.2740250742751767,10.23,10.763,0.05384217143702389,0.04038162857776792,6,5.5,0.05210166177908104,45.19012716552055,74.06681796403119,63.02169761184512,47.76172198897861,78.28167323471162,3.3932250470692438
2026-11-04,2026-11-01,Pattaya_Beach,Guava,59.628472564775876,exp_smoothing_4w,active SKU window only; historical active windows have complete daily rows; no pre-launch zero fill,47.85507074181193,49.0,0.2740250742751767,10.23,10.763,0.05384217143702389,0.04038162857776792,6,5.5,0.05210166177908104,45.19012716552055,74.06681796403119,63.02169761184512,47.76172198897861,78.28167323471162,3.3932250470692438
2026-11-05,2026-11-01,Pattaya_Beach,Guava,59.628472564775876,exp_smoothing_4w,active SKU window only; historical active windows have complete daily rows; no pre-launch zero fill,47.85507074181193,49.0,0.2740250742751767,10.23,10.763,0.05384217143702389,0.04038162857776792,6,5.5,0.05210166177908104,45.19012716552055,74.06681796403119,63.02169761184512,47.76172198897861,78.28167323471162,3.3932250470692438
2026-11-06,2026-11-01,Pattaya_Beach,Guava,59.628472564775876,exp_smoothing_4w,active SKU window only; historical active windows have complete daily rows; no pre-launch zero fill,47.85507074181193,49.0,0.2740250742751767,10.23,10.763,0.05384217143702389,0.04038162857776792,6,5.5,0.05210166177908104,45.19012716552055,74.06681796403119,63.02169761184512,47.76172198897861,78.28167323471162,3.3932250470692438
2026-11-07,2026-11-01,Pattaya_Beach,Guava,59.628472564775876,exp_smoothing_4w,active SKU window only; historical active windows have complete daily rows; no pre-launch zero fill,47.85507074181193,49.0,0.2740250742751767,10.23,10.763,0.05384217143702389,0.04038162857776792,6,5.5,0.05210166177908104,45.19012716552055,74.06681796403119,63.02169761184512,47.76172198897861,78.28167323471162,3.3932250470692438
2026-11-08,2026-11-01,Pattaya_Beach,Guava,59.628472564775876,exp_smoothing_4w,active SKU window only; historical active windows have complete daily rows; no pre-launch zero fill,47.85507074181193,49.0,0.2740250742751767,10.23,10.763,0.05384217143702389,0.04038162857776792,6,5.5,0.05210166177908104,45.19012716552055,74.06681796403119,63.02169761184512,47.76172198897861,78.28167323471162,3.3932250470692438
2026-11-09,2026-11-01,Pattaya_Beach,Guava,59.628472564775876,exp_smoothing_4w,active SKU window only; historical active windows have complete daily rows; no pre-launch zero fill,47.85507074181193,49.0,0.2740250742751767,10.23,10.763,0.05384217143702389,0.04038162857776792,6,5.5,0.05210166177908104,45.19012716552055,74.06681796403119,63.02169761184512,47.76172198897861,78.28167323471162,3.3932250470692438
2026-11-10,2026-11-01,Pattaya_Beach,Guava,59.628472564775876,exp_smoothing_4w,active SKU window only; historical active windows have complete daily rows; no pre-launch zero fill,47.85507074181193,49.0,0.2740250742751767,10.23,10.763,0.05384217143702389,0.04038162857776792,6,5.5,0.05210166177908104,45.19012716552055,74.06681796403119,63.02169761184512,47.76172198897861,78.28167323471162,3.3932250470692438
2026-11-11,2026-11-01,Pattaya_Beach,Guava,59.628472564775876,exp_smoothing_4w,active SKU window only; historical active windows have complete daily rows; no pre-launch zero fill,47.85507074181193,49.0,0.2740250742751767,10.23,10.763,0.05384217143702389,0.04038162857776792,6,5.5,0.05210166177908104,45.19012716552055,74.06681796403119,63.02169761184512,47.76172198897861,78.28167323471162,3.3932250470692438
2026-11-12,2026-11-01,Pattaya_Beach,Guava,59.628472564775876,exp_smoothing_4w,active SKU window only; historical active windows have complete daily rows; no pre-launch zero fill,47.85507074181193,49.0,0.2740250742751767,10.23,10.763,0.05384217143702389,0.04038162857776792,6,5.5,0.05210166177908104,45.19012716552055,74.06681796403119,63.02169761184512,47.76172198897861,78.28167323471162,3.3932250470692438
2026-11-13,2026-11-01,Pattaya_Beach,Guava,59.628472564775876,exp_smoothing_4w,active SKU window only; historical active windows have complete daily rows; no pre-launch zero fill,47.85507074181193,49.0,0.2740250742751767,10.23,10.763,0.05384217143702389,0.04038162857776792,6,5.5,0.05210166177908104,45.19012716552055,74.06681796403119,63.02169761184512,47.76172198897861,78.28167323471162,3.3932250470692438
2026-11-14,2026-11-01,Pattaya_Beach,Guava,59.628472564775876,exp_smoothing_4w,active SKU window only; historical active windows have complete daily rows; no pre-launch zero fill,47.85507074181193,49.0,0.2740250742751767,10.23,10.763,0.05384217143702389,0.04038162857776792,6,5.5,0.05210166177908104,45.19012716552055,74.06681796403119,63.02169761184512,47.76172198897861,78.28167323471162,3.3932250470692438
2026-11-15,2026-11-01,Pattaya_Beach,Guava,59.628472564775876,exp_smoothing_4w,active SKU window only; historical active windows have complete daily rows; no pre-launch zero fill,47.85507074181193,49.0,0.2740250742751767,10.23,10.763,0.05384217143702389,0.04038162857776792,6,5.5,0.05210166177908104,45.19012716552055,74.06681796403119,63.02169761184512,47.76172198897861,78.28167323471162,3.3932250470692438
2026-11-16,2026-11-01,Pattaya_Beach,Guava,59.628472564775876,exp_smoothing_4w,active SKU window only; historical active windows have complete daily rows; no pre-launch zero fill,47.85507074181193,49.0,0.2740250742751767,10.23,10.763,0.05384217143702389,0.04038162857776792,6,5.5,0.05210166177908104,45.19012716552055,74.06681796403119,63.02169761184512,47.76172198897861,78.28167323471162,3.3932250470692438
2026-11-17,2026-11-01,Pattaya_Beach,Guava,59.628472564775876,exp_smoothing_4w,active SKU window only; historical active windows have complete daily rows; no pre-launch zero fill,47.85507074181193,49.0,0.2740250742751767,10.23,10.763,0.05384217143702389,0.04038162857776792,6,5.5,0.05210166177908104,45.19012716552055,74.06681796403119,63.02169761184512,47.76172198897861,78.28167323471162,3.3932250470692438
2026-11-18,2026-11-01,Pattaya_Beach,Guava,59.628472564775876,exp_smoothing_4w,active SKU window only; historical active windows have complete daily rows; no pre-launch zero fill,47.85507074181193,49.0,0.2740250742751767,10.23,10.763,0.05384217143702389,0.04038162857776792,6,5.5,0.05210166177908104,45.19012716552055,74.06681796403119,63.02169761184512,47.76172198897861,78.28167323471162,3.3932250470692438
2026-11-19,2026-11-01,Pattaya_Beach,Guava,59.628472564775876,exp_smoothing_4w,active SKU window only; historical active windows have complete daily rows; no pre-launch zero fill,47.85507074181193,49.0,0.2740250742751767,10.23,10.763,0.05384217143702389,0.04038162857776792,6,5.5,0.05210166177908104,45.19012716552055,74.06681796403119,63.02169761184512,47.76172198897861,78.28167323471162,3.3932250470692438
2026-11-20,2026-11-01,Pattaya_Beach,Guava,59.628472564775876,exp_smoothing_4w,active SKU window only; historical active windows have complete daily rows; no pre-launch zero fill,47.85507074181193,49.0,0.2740250742751767,10.23,10.763,0.05384217143702389,0.04038162857776792,6,5.5,0.05210166177908104,45.19012716552055,74.06681796403119,63.02169761184512,47.76172198897861,78.28167323471162,3.3932250470692438
2026-11-21,2026-11-01,Pattaya_Beach,Guava,59.628472564775876,exp_smoothing_4w,active SKU window only; historical active windows have complete daily rows; no pre-launch zero fill,47.85507074181193,49.0,0.2740250742751767,10.23,10.763,0.05384217143702389,0.04038162857776792,6,5.5,0.05210166177908104,45.19012716552055,74.06681796403119,63.02169761184512,47.76172198897861,78.28167323471162,3.3932250470692438
2026-11-22,2026-11-01,Pattaya_Beach,Guava,59.628472564775876,exp_smoothing_4w,active SKU window only; historical active windows have complete daily rows; no pre-launch zero fill,47.85507074181193,49.0,0.2740250742751767,10.23,10.763,0.05384217143702389,0.04038162857776792,6,5.5,0.05210166177908104,45.19012716552055,74.06681796403119,63.02169761184512,47.76172198897861,78.28167323471162,3.3932250470692438
2026-11-23,2026-11-01,Pattaya_Beach,Guava,59.628472564775876,exp_smoothing_4w,active SKU window only; historical active windows have complete daily rows; no pre-launch zero fill,47.85507074181193,49.0,0.2740250742751767,10.23,10.763,0.05384217143702389,0.04038162857776792,6,5.5,0.05210166177908104,45.19012716552055,74.06681796403119,63.02169761184512,47.76172198897861,78.28167323471162,3.3932250470692438
2026-11-24,2026-11-01,Pattaya_Beach,Guava,59.628472564775876,exp_smoothing_4w,active SKU window only; historical active windows have complete daily rows; no pre-launch zero fill,47.85507074181193,49.0,0.2740250742751767,10.23,10.763,0.05384217143702389,0.04038162857776792,6,5.5,0.05210166177908104,45.19012716552055,74.06681796403119,63.02169761184512,47.76172198897861,78.28167323471162,3.3932250470692438
2026-11-25,2026-11-01,Pattaya_Beach,Guava,59.628472564775876,exp_smoothing_4w,active SKU window only; historical active windows have complete daily rows; no pre-launch zero fill,47.85507074181193,49.0,0.2740250742751767,10.23,10.763,0.05384217143702389,0.04038162857776792,6,5.5,0.05210166177908104,45.19012716552055,74.06681796403119,63.02169761184512,47.76172198897861,78.28167323471162,3.3932250470692438
2026-11-26,2026-11-01,Pattaya_Beach,Guava,59.628472564775876,exp_smoothing_4w,active SKU window only; historical active windows have complete daily rows; no pre-launch zero fill,47.85507074181193,49.0,0.2740250742751767,10.23,10.763,0.05384217143702389,0.04038162857776792,6,5.5,0.05210166177908104,45.19012716552055,74.06681796403119,63.02169761184512,47.76172198897861,78.28167323471162,3.3932250470692438
2026-11-27,2026-11-01,Pattaya_Beach,Guava,59.628472564775876,exp_smoothing_4w,active SKU window only; historical active windows have complete daily rows; no pre-launch zero fill,47.85507074181193,49.0,0.2740250742751767,10.23,10.763,0.05384217143702389,0.04038162857776792,6,5.5,0.05210166177908104,45.19012716552055,74.06681796403119,63.02169761184512,47.76172198897861,78.28167323471162,3.3932250470692438
2026-11-28,2026-11-01,Pattaya_Beach,Guava,59.628472564775876,exp_smoothing_4w,active SKU window only; historical active windows have complete daily rows; no pre-launch zero fill,47.85507074181193,49.0,0.2740250742751767,10.23,10.763,0.05384217143702389,0.04038162857776792,6,5.5,0.05210166177908104,45.19012716552055,74.06681796403119,63.02169761184512,47.76172198897861,78.28167323471162,3.3932250470692438
2026-11-29,2026-11-01,Pattaya_Beach,Guava,59.628472564775876,exp_smoothing_4w,active SKU window only; historical active windows have complete daily rows; no pre-launch zero fill,47.85507074181193,49.0,0.2740250742751767,10.23,10.763,0.05384217143702389,0.04038162857776792,6,5.5,0.05210166177908104,45.19012716552055,74.06681796403119,63.02169761184512,47.76172198897861,78.28167323471162,3.3932250470692438
2026-11-30,2026-11-01,Pattaya_Beach,Guava,59.628472564775876,exp_smoothing_4w,active SKU window only; historical active windows have complete daily rows; no pre-launch zero fill,47.85507074181193,49.0,0.2740250742751767,10.23,10.763,0.05384217143702389,0.04038162857776792,6,5.5,0.05210166177908104,45.19012716552055,74.06681796403119,63.02169761184512,47.76172198897861,78.28167323471162,3.3932250470692438
2026-09-01,2026-09-01,Pattaya_Beach,MixedBerryPremium,22.531820430637648,exp_smoothing_4w,active SKU window only; historical active windows have complete daily rows; no pre-launch zero fill,86.5322130974942,89.0,0.27024767614113815,49.16,53.002,0.20131180625630676,0.15098385469223008,8,7.0,0.07815296989422316,17.07600055367973,27.987640307595566,28.211034803236775,21.380058810734823,35.04201079573873,5.679214372599127
2026-09-02,2026-09-01,Pattaya_Beach,MixedBerryPremium,22.531820430637648,exp_smoothing_4w,active SKU window only; historical active windows have complete daily rows; no pre-launch zero fill,86.5322130974942,89.0,0.27024767614113815,49.16,53.002,0.20131180625630676,0.15098385469223008,8,7.0,0.07815296989422316,17.07600055367973,27.987640307595566,28.211034803236775,21.380058810734823,35.04201079573873,5.679214372599127
2026-09-03,2026-09-01,Pattaya_Beach,MixedBerryPremium,22.531820430637648,exp_smoothing_4w,active SKU window only; historical active windows have complete daily rows; no pre-launch zero fill,86.5322130974942,89.0,0.27024767614113815,49.16,53.002,0.20131180625630676,0.15098385469223008,8,7.0,0.07815296989422316,17.07600055367973,27.987640307595566,28.211034803236775,21.380058810734823,35.04201079573873,5.679214372599127
2026-09-04,2026-09-01,Pattaya_Beach,MixedBerryPremium,22.531820430637648,exp_smoothing_4w,active SKU window only; historical active windows have complete daily rows; no pre-launch zero fill,86.5322130974942,89.0,0.27024767614113815,49.16,53.002,0.20131180625630676,0.15098385469223008,8,7.0,0.07815296989422316,17.07600055367973,27.987640307595566,28.211034803236775,21.380058810734823,35.04201079573873,5.679214372599127
2026-09-05,2026-09-01,Pattaya_Beach,MixedBerryPremium,22.531820430637648,exp_smoothing_4w,active SKU window only; historical active windows have complete daily rows; no pre-launch zero fill,86.5322130974942,89.0,0.27024767614113815,49.16,53.002,0.20131180625630676,0.15098385469223008,8,7.0,0.07815296989422316,17.07600055367973,27.987640307595566,28.211034803236775,21.380058810734823,35.04201079573873,5.679214372599127
2026-09-06,2026-09-01,Pattaya_Beach,MixedBerryPremium,22.531820430637648,exp_smoothing_4w,active SKU window only; historical active windows have complete daily rows; no pre-launch zero fill,86.5322130974942,89.0,0.27024767614113815,49.16,53.002,0.20131180625630676,0.15098385469223008,8,7.0,0.07815296989422316,17.07600055367973,27.987640307595566,28.211034803236775,21.380058810734823,35.04201079573873,5.679214372599127
2026-09-07,2026-09-01,Pattaya_Beach,MixedBerryPremium,22.531820430637648,exp_smoothing_4w,active SKU window only; historical active windows have complete daily rows; no pre-launch zero fill,86.5322130974942,89.0,0.27024767614113815,49.16,53.002,0.20131180625630676,0.15098385469223008,8,7.0,0.07815296989422316,17.07600055367973,27.987640307595566,28.211034803236775,21.380058810734823,35.04201079573873,5.679214372599127
2026-09-08,2026-09-01,Pattaya_Beach,MixedBerryPremium,22.531820430637648,exp_smoothing_4w,active SKU window only; historical active windows have complete daily rows; no pre-launch zero fill,86.5322130974942,89.0,0.27024767614113815,49.16,53.002,0.20131180625630676,0.15098385469223008,8,7.0,0.07815296989422316,17.07600055367973,27.987640307595566,28.211034803236775,21.380058810734823,35.04201079573873,5.679214372599127
2026-09-09,2026-09-01,Pattaya_Beach,MixedBerryPremium,22.531820430637648,exp_smoothing_4w,active SKU window only; historical active windows have complete daily rows; no pre-launch zero fill,86.5322130974942,89.0,0.27024767614113815,49.16,53.002,0.20131180625630676,0.15098385469223008,8,7.0,0.07815296989422316,17.07600055367973,27.987640307595566,28.211034803236775,21.380058810734823,35.04201079573873,5.679214372599127
2026-09-10,2026-09-01,Pattaya_Beach,MixedBerryPremium,22.531820430637648,exp_smoothing_4w,active SKU window only; historical active windows have complete daily rows; no pre-launch zero fill,86.5322130974942,89.0,0.27024767614113815,49.16,53.002,0.20131180625630676,0.15098385469223008,8,7.0,0.07815296989422316,17.07600055367973,27.987640307595566,28.211034803236775,21.380058810734823,35.04201079573873,5.679214372599127
2026-09-11,2026-09-01,Pattaya_Beach,MixedBerryPremium,22.531820430637648,exp_smoothing_4w,active SKU window only; historical active windows have complete daily rows; no pre-launch zero fill,86.5322130974942,89.0,0.27024767614113815,49.16,53.002,0.20131180625630676,0.15098385469223008,8,7.0,0.07815296989422316,17.07600055367973,27.987640307595566,28.211034803236775,21.380058810734823,35.04201079573873,5.679214372599127
2026-09-12,2026-09-01,Pattaya_Beach,MixedBerryPremium,22.531820430637648,exp_smoothing_4w,active SKU window only; historical active windows have complete daily rows; no pre-launch zero fill,86.5322130974942,89.0,0.27024767614113815,49.16,53.002,0.20131180625630676,0.15098385469223008,8,7.0,0.07815296989422316,17.07600055367973,27.987640307595566,28.211034803236775,21.380058810734823,35.04201079573873,5.679214372599127
2026-09-13,2026-09-01,Pattaya_Beach,MixedBerryPremium,22.531820430637648,exp_smoothing_4w,active SKU window only; historical active windows have complete daily rows; no pre-launch zero fill,86.5322130974942,89.0,0.27024767614113815,49.16,53.002,0.20131180625630676,0.15098385469223008,8,7.0,0.07815296989422316,17.07600055367973,27.987640307595566,28.211034803236775,21.380058810734823,35.04201079573873,5.679214372599127
2026-09-14,2026-09-01,Pattaya_Beach,MixedBerryPremium,22.531820430637648,exp_smoothing_4w,active SKU window only; historical active windows have complete daily rows; no pre-launch zero fill,86.5322130974942,89.0,0.27024767614113815,49.16,53.002,0.20131180625630676,0.15098385469223008,8,7.0,0.07815296989422316,17.07600055367973,27.987640307595566,28.211034803236775,21.380058810734823,35.04201079573873,5.679214372599127
2026-09-15,2026-09-01,Pattaya_Beach,MixedBerryPremium,22.531820430637648,exp_smoothing_4w,active SKU window only; historical active windows have complete daily rows; no pre-launch zero fill,86.5322130974942,89.0,0.27024767614113815,49.16,53.002,0.20131180625630676,0.15098385469223008,8,7.0,0.07815296989422316,17.07600055367973,27.987640307595566,28.211034803236775,21.380058810734823,35.04201079573873,5.679214372599127
2026-09-16,2026-09-01,Pattaya_Beach,MixedBerryPremium,22.531820430637648,exp_smoothing_4w,active SKU window only; historical active windows have complete daily rows; no pre-launch zero fill,86.5322130974942,89.0,0.27024767614113815,49.16,53.002,0.20131180625630676,0.15098385469223008,8,7.0,0.07815296989422316,17.07600055367973,27.987640307595566,28.211034803236775,21.380058810734823,35.04201079573873,5.679214372599127
2026-09-17,2026-09-01,Pattaya_Beach,MixedBerryPremium,22.531820430637648,exp_smoothing_4w,active SKU window only; historical active windows have complete daily rows; no pre-launch zero fill,86.5322130974942,89.0,0.27024767614113815,49.16,53.002,0.20131180625630676,0.15098385469223008,8,7.0,0.07815296989422316,17.07600055367973,27.987640307595566,28.211034803236775,21.380058810734823,35.04201079573873,5.679214372599127
2026-09-18,2026-09-01,Pattaya_Beach,MixedBerryPremium,22.531820430637648,exp_smoothing_4w,active SKU window only; historical active windows have complete daily rows; no pre-launch zero fill,86.5322130974942,89.0,0.27024767614113815,49.16,53.002,0.20131180625630676,0.15098385469223008,8,7.0,0.07815296989422316,17.07600055367973,27.987640307595566,28.211034803236775,21.380058810734823,35.04201079573873,5.679214372599127
2026-09-19,2026-09-01,Pattaya_Beach,MixedBerryPremium,22.531820430637648,exp_smoothing_4w,active SKU window only; historical active windows have complete daily rows; no pre-launch zero fill,86.5322130974942,89.0,0.27024767614113815,49.16,53.002,0.20131180625630676,0.15098385469223008,8,7.0,0.07815296989422316,17.07600055367973,27.987640307595566,28.211034803236775,21.380058810734823,35.04201079573873,5.679214372599127
2026-09-20,2026-09-01,Pattaya_Beach,MixedBerryPremium,22.531820430637648,exp_smoothing_4w,active SKU window only; historical active windows have complete daily rows; no pre-launch zero fill,86.5322130974942,89.0,0.27024767614113815,49.16,53.002,0.20131180625630676,0.15098385469223008,8,7.0,0.07815296989422316,17.07600055367973,27.987640307595566,28.211034803236775,21.380058810734823,35.04201079573873,5.679214372599127
2026-09-21,2026-09-01,Pattaya_Beach,MixedBerryPremium,22.531820430637648,exp_smoothing_4w,active SKU window only; historical active windows have complete daily rows; no pre-launch zero fill,86.5322130974942,89.0,0.27024767614113815,49.16,53.002,0.20131180625630676,0.15098385469223008,8,7.0,0.07815296989422316,17.07600055367973,27.987640307595566,28.211034803236775,21.380058810734823,35.04201079573873,5.679214372599127
2026-09-22,2026-09-01,Pattaya_Beach,MixedBerryPremium,22.531820430637648,exp_smoothing_4w,active SKU window only; historical active windows have complete daily rows; no pre-launch zero fill,86.5322130974942,89.0,0.27024767614113815,49.16,53.002,0.20131180625630676,0.15098385469223008,8,7.0,0.07815296989422316,17.07600055367973,27.987640307595566,28.211034803236775,21.380058810734823,35.04201079573873,5.679214372599127
2026-09-23,2026-09-01,Pattaya_Beach,MixedBerryPremium,22.531820430637648,exp_smoothing_4w,active SKU window only; historical active windows have complete daily rows; no pre-launch zero fill,86.5322130974942,89.0,0.27024767614113815,49.16,53.002,0.20131180625630676,0.15098385469223008,8,7.0,0.07815296989422316,17.07600055367973,27.987640307595566,28.211034803236775,21.380058810734823,35.04201079573873,5.679214372599127
2026-09-24,2026-09-01,Pattaya_Beach,MixedBerryPremium,22.531820430637648,exp_smoothing_4w,active SKU window only; historical active windows have complete daily rows; no pre-launch zero fill,86.5322130974942,89.0,0.27024767614113815,49.16,53.002,0.20131180625630676,0.15098385469223008,8,7.0,0.07815296989422316,17.07600055367973,27.987640307595566,28.211034803236775,21.380058810734823,35.04201079573873,5.679214372599127
2026-09-25,2026-09-01,Pattaya_Beach,MixedBerryPremium,22.531820430637648,exp_smoothing_4w,active SKU window only; historical active windows have complete daily rows; no pre-launch zero fill,86.5322130974942,89.0,0.27024767614113815,49.16,53.002,0.20131180625630676,0.15098385469223008,8,7.0,0.07815296989422316,17.07600055367973,27.987640307595566,28.211034803236775,21.380058810734823,35.04201079573873,5.679214372599127
2026-09-26,2026-09-01,Pattaya_Beach,MixedBerryPremium,22.531820430637648,exp_smoothing_4w,active SKU window only; historical active windows have complete daily rows; no pre-launch zero fill,86.5322130974942,89.0,0.27024767614113815,49.16,53.002,0.20131180625630676,0.15098385469223008,8,7.0,0.07815296989422316,17.07600055367973,27.987640307595566,28.211034803236775,21.380058810734823,35.04201079573873,5.679214372599127
2026-09-27,2026-09-01,Pattaya_Beach,MixedBerryPremium,22.531820430637648,exp_smoothing_4w,active SKU window only; historical active windows have complete daily rows; no pre-launch zero fill,86.5322130974942,89.0,0.27024767614113815,49.16,53.002,0.20131180625630676,0.15098385469223008,8,7.0,0.07815296989422316,17.07600055367973,27.987640307595566,28.211034803236775,21.380058810734823,35.04201079573873,5.679214372599127
2026-09-28,2026-09-01,Pattaya_Beach,MixedBerryPremium,22.531820430637648,exp_smoothing_4w,active SKU window only; historical active windows have complete daily rows; no pre-launch zero fill,86.5322130974942,89.0,0.27024767614113815,49.16,53.002,0.20131180625630676,0.15098385469223008,8,7.0,0.07815296989422316,17.07600055367973,27.987640307595566,28.211034803236775,21.380058810734823,35.04201079573873,5.679214372599127
2026-09-29,2026-09-01,Pattaya_Beach,MixedBerryPremium,22.531820430637648,exp_smoothing_4w,active SKU window only; historical active windows have complete daily rows; no pre-launch zero fill,86.5322130974942,89.0,0.27024767614113815,49.16,53.002,0.20131180625630676,0.15098385469223008,8,7.0,0.07815296989422316,17.07600055367973,27.987640307595566,28.211034803236775,21.380058810734823,35.04201079573873,5.679214372599127
2026-09-30,2026-09-01,Pattaya_Beach,MixedBerryPremium,22.531820430637648,exp_smoothing_4w,active SKU window only; historical active windows have complete daily rows; no pre-launch zero fill,86.5322130974942,89.0,0.27024767614113815,49.16,53.002,0.20131180625630676,0.15098385469223008,8,7.0,0.07815296989422316,17.07600055367973,27.987640307595566,28.211034803236775,21.380058810734823,35.04201079573873,5.679214372599127
2026-10-01,2026-10-01,Pattaya_Beach,MixedBerryPremium,22.531820430637648,exp_smoothing_4w,active SKU window only; historical active windows have complete daily rows; no pre-launch zero fill,86.5322130974942,89.0,0.27024767614113815,49.16,53.002,0.20131180625630676,0.15098385469223008,8,7.0,0.07815296989422316,17.07600055367973,27.987640307595566,28.211034803236775,21.380058810734823,35.04201079573873,5.679214372599127
2026-10-02,2026-10-01,Pattaya_Beach,MixedBerryPremium,22.531820430637648,exp_smoothing_4w,active SKU window only; historical active windows have complete daily rows; no pre-launch zero fill,86.5322130974942,89.0,0.27024767614113815,49.16,53.002,0.20131180625630676,0.15098385469223008,8,7.0,0.07815296989422316,17.07600055367973,27.987640307595566,28.211034803236775,21.380058810734823,35.04201079573873,5.679214372599127
2026-10-03,2026-10-01,Pattaya_Beach,MixedBerryPremium,22.531820430637648,exp_smoothing_4w,active SKU window only; historical active windows have complete daily rows; no pre-launch zero fill,86.5322130974942,89.0,0.27024767614113815,49.16,53.002,0.20131180625630676,0.15098385469223008,8,7.0,0.07815296989422316,17.07600055367973,27.987640307595566,28.211034803236775,21.380058810734823,35.04201079573873,5.679214372599127
2026-10-04,2026-10-01,Pattaya_Beach,MixedBerryPremium,22.531820430637648,exp_smoothing_4w,active SKU window only; historical active windows have complete daily rows; no pre-launch zero fill,86.5322130974942,89.0,0.27024767614113815,49.16,53.002,0.20131180625630676,0.15098385469223008,8,7.0,0.07815296989422316,17.07600055367973,27.987640307595566,28.211034803236775,21.380058810734823,35.04201079573873,5.679214372599127
2026-10-05,2026-10-01,Pattaya_Beach,MixedBerryPremium,22.531820430637648,exp_smoothing_4w,active SKU window only; historical active windows have complete daily rows; no pre-launch zero fill,86.5322130974942,89.0,0.27024767614113815,49.16,53.002,0.20131180625630676,0.15098385469223008,8,7.0,0.07815296989422316,17.07600055367973,27.987640307595566,28.211034803236775,21.380058810734823,35.04201079573873,5.679214372599127
2026-10-06,2026-10-01,Pattaya_Beach,MixedBerryPremium,22.531820430637648,exp_smoothing_4w,active SKU window only; historical active windows have complete daily rows; no pre-launch zero fill,86.5322130974942,89.0,0.27024767614113815,49.16,53.002,0.20131180625630676,0.15098385469223008,8,7.0,0.07815296989422316,17.07600055367973,27.987640307595566,28.211034803236775,21.380058810734823,35.04201079573873,5.679214372599127
2026-10-07,2026-10-01,Pattaya_Beach,MixedBerryPremium,22.531820430637648,exp_smoothing_4w,active SKU window only; historical active windows have complete daily rows; no pre-launch zero fill,86.5322130974942,89.0,0.27024767614113815,49.16,53.002,0.20131180625630676,0.15098385469223008,8,7.0,0.07815296989422316,17.07600055367973,27.987640307595566,28.211034803236775,21.380058810734823,35.04201079573873,5.679214372599127
2026-10-08,2026-10-01,Pattaya_Beach,MixedBerryPremium,22.531820430637648,exp_smoothing_4w,active SKU window only; historical active windows have complete daily rows; no pre-launch zero fill,86.5322130974942,89.0,0.27024767614113815,49.16,53.002,0.20131180625630676,0.15098385469223008,8,7.0,0.07815296989422316,17.07600055367973,27.987640307595566,28.211034803236775,21.380058810734823,35.04201079573873,5.679214372599127
2026-10-09,2026-10-01,Pattaya_Beach,MixedBerryPremium,22.531820430637648,exp_smoothing_4w,active SKU window only; historical active windows have complete daily rows; no pre-launch zero fill,86.5322130974942,89.0,0.27024767614113815,49.16,53.002,0.20131180625630676,0.15098385469223008,8,7.0,0.07815296989422316,17.07600055367973,27.987640307595566,28.211034803236775,21.380058810734823,35.04201079573873,5.679214372599127
2026-10-10,2026-10-01,Pattaya_Beach,MixedBerryPremium,22.531820430637648,exp_smoothing_4w,active SKU window only; historical active windows have complete daily rows; no pre-launch zero fill,86.5322130974942,89.0,0.27024767614113815,49.16,53.002,0.20131180625630676,0.15098385469223008,8,7.0,0.07815296989422316,17.07600055367973,27.987640307595566,28.211034803236775,21.380058810734823,35.04201079573873,5.679214372599127
2026-10-11,2026-10-01,Pattaya_Beach,MixedBerryPremium,22.531820430637648,exp_smoothing_4w,active SKU window only; historical active windows have complete daily rows; no pre-launch zero fill,86.5322130974942,89.0,0.27024767614113815,49.16,53.002,0.20131180625630676,0.15098385469223008,8,7.0,0.07815296989422316,17.07600055367973,27.987640307595566,28.211034803236775,21.380058810734823,35.04201079573873,5.679214372599127
2026-10-12,2026-10-01,Pattaya_Beach,MixedBerryPremium,22.531820430637648,exp_smoothing_4w,active SKU window only; historical active windows have complete daily rows; no pre-launch zero fill,86.5322130974942,89.0,0.27024767614113815,49.16,53.002,0.20131180625630676,0.15098385469223008,8,7.0,0.07815296989422316,17.07600055367973,27.987640307595566,28.211034803236775,21.380058810734823,35.04201079573873,5.679214372599127
2026-10-13,2026-10-01,Pattaya_Beach,MixedBerryPremium,22.531820430637648,exp_smoothing_4w,active SKU window only; historical active windows have complete daily rows; no pre-launch zero fill,86.5322130974942,89.0,0.27024767614113815,49.16,53.002,0.20131180625630676,0.15098385469223008,8,7.0,0.07815296989422316,17.07600055367973,27.987640307595566,28.211034803236775,21.380058810734823,35.04201079573873,5.679214372599127
2026-10-14,2026-10-01,Pattaya_Beach,MixedBerryPremium,22.531820430637648,exp_smoothing_4w,active SKU window only; historical active windows have complete daily rows; no pre-launch zero fill,86.5322130974942,89.0,0.27024767614113815,49.16,53.002,0.20131180625630676,0.15098385469223008,8,7.0,0.07815296989422316,17.07600055367973,27.987640307595566,28.211034803236775,21.380058810734823,35.04201079573873,5.679214372599127
2026-10-15,2026-10-01,Pattaya_Beach,MixedBerryPremium,22.531820430637648,exp_smoothing_4w,active SKU window only; historical active windows have complete daily rows; no pre-launch zero fill,86.5322130974942,89.0,0.27024767614113815,49.16,53.002,0.20131180625630676,0.15098385469223008,8,7.0,0.07815296989422316,17.07600055367973,27.987640307595566,28.211034803236775,21.380058810734823,35.04201079573873,5.679214372599127
2026-10-16,2026-10-01,Pattaya_Beach,MixedBerryPremium,22.531820430637648,exp_smoothing_4w,active SKU window only; historical active windows have complete daily rows; no pre-launch zero fill,86.5322130974942,89.0,0.27024767614113815,49.16,53.002,0.20131180625630676,0.15098385469223008,8,7.0,0.07815296989422316,17.07600055367973,27.987640307595566,28.211034803236775,21.380058810734823,35.04201079573873,5.679214372599127
2026-10-17,2026-10-01,Pattaya_Beach,MixedBerryPremium,22.531820430637648,exp_smoothing_4w,active SKU window only; historical active windows have complete daily rows; no pre-launch zero fill,86.5322130974942,89.0,0.27024767614113815,49.16,53.002,0.20131180625630676,0.15098385469223008,8,7.0,0.07815296989422316,17.07600055367973,27.987640307595566,28.211034803236775,21.380058810734823,35.04201079573873,5.679214372599127
2026-10-18,2026-10-01,Pattaya_Beach,MixedBerryPremium,22.531820430637648,exp_smoothing_4w,active SKU window only; historical active windows have complete daily rows; no pre-launch zero fill,86.5322130974942,89.0,0.27024767614113815,49.16,53.002,0.20131180625630676,0.15098385469223008,8,7.0,0.07815296989422316,17.07600055367973,27.987640307595566,28.211034803236775,21.380058810734823,35.04201079573873,5.679214372599127
2026-10-19,2026-10-01,Pattaya_Beach,MixedBerryPremium,22.531820430637648,exp_smoothing_4w,active SKU window only; historical active windows have complete daily rows; no pre-launch zero fill,86.5322130974942,89.0,0.27024767614113815,49.16,53.002,0.20131180625630676,0.15098385469223008,8,7.0,0.07815296989422316,17.07600055367973,27.987640307595566,28.211034803236775,21.380058810734823,35.04201079573873,5.679214372599127
2026-10-20,2026-10-01,Pattaya_Beach,MixedBerryPremium,22.531820430637648,exp_smoothing_4w,active SKU window only; historical active windows have complete daily rows; no pre-launch zero fill,86.5322130974942,89.0,0.27024767614113815,49.16,53.002,0.20131180625630676,0.15098385469223008,8,7.0,0.07815296989422316,17.07600055367973,27.987640307595566,28.211034803236775,21.380058810734823,35.04201079573873,5.679214372599127
2026-10-21,2026-10-01,Pattaya_Beach,MixedBerryPremium,22.531820430637648,exp_smoothing_4w,active SKU window only; historical active windows have complete daily rows; no pre-launch zero fill,86.5322130974942,89.0,0.27024767614113815,49.16,53.002,0.20131180625630676,0.15098385469223008,8,7.0,0.07815296989422316,17.07600055367973,27.987640307595566,28.211034803236775,21.380058810734823,35.04201079573873,5.679214372599127
2026-10-22,2026-10-01,Pattaya_Beach,MixedBerryPremium,22.531820430637648,exp_smoothing_4w,active SKU window only; historical active windows have complete daily rows; no pre-launch zero fill,86.5322130974942,89.0,0.27024767614113815,49.16,53.002,0.20131180625630676,0.15098385469223008,8,7.0,0.07815296989422316,17.07600055367973,27.987640307595566,28.211034803236775,21.380058810734823,35.04201079573873,5.679214372599127
2026-10-23,2026-10-01,Pattaya_Beach,MixedBerryPremium,22.531820430637648,exp_smoothing_4w,active SKU window only; historical active windows have complete daily rows; no pre-launch zero fill,86.5322130974942,89.0,0.27024767614113815,49.16,53.002,0.20131180625630676,0.15098385469223008,8,7.0,0.07815296989422316,17.07600055367973,27.987640307595566,28.211034803236775,21.380058810734823,35.04201079573873,5.679214372599127
2026-10-24,2026-10-01,Pattaya_Beach,MixedBerryPremium,22.531820430637648,exp_smoothing_4w,active SKU window only; historical active windows have complete daily rows; no pre-launch zero fill,86.5322130974942,89.0,0.27024767614113815,49.16,53.002,0.20131180625630676,0.15098385469223008,8,7.0,0.07815296989422316,17.07600055367973,27.987640307595566,28.211034803236775,21.380058810734823,35.04201079573873,5.679214372599127
2026-10-25,2026-10-01,Pattaya_Beach,MixedBerryPremium,22.531820430637648,exp_smoothing_4w,active SKU window only; historical active windows have complete daily rows; no pre-launch zero fill,86.5322130974942,89.0,0.27024767614113815,49.16,53.002,0.20131180625630676,0.15098385469223008,8,7.0,0.07815296989422316,17.07600055367973,27.987640307595566,28.211034803236775,21.380058810734823,35.04201079573873,5.679214372599127
2026-10-26,2026-10-01,Pattaya_Beach,MixedBerryPremium,22.531820430637648,exp_smoothing_4w,active SKU window only; historical active windows have complete daily rows; no pre-launch zero fill,86.5322130974942,89.0,0.27024767614113815,49.16,53.002,0.20131180625630676,0.15098385469223008,8,7.0,0.07815296989422316,17.07600055367973,27.987640307595566,28.211034803236775,21.380058810734823,35.04201079573873,5.679214372599127
2026-10-27,2026-10-01,Pattaya_Beach,MixedBerryPremium,22.531820430637648,exp_smoothing_4w,active SKU window only; historical active windows have complete daily rows; no pre-launch zero fill,86.5322130974942,89.0,0.27024767614113815,49.16,53.002,0.20131180625630676,0.15098385469223008,8,7.0,0.07815296989422316,17.07600055367973,27.987640307595566,28.211034803236775,21.380058810734823,35.04201079573873,5.679214372599127
2026-10-28,2026-10-01,Pattaya_Beach,MixedBerryPremium,22.531820430637648,exp_smoothing_4w,active SKU window only; historical active windows have complete daily rows; no pre-launch zero fill,86.5322130974942,89.0,0.27024767614113815,49.16,53.002,0.20131180625630676,0.15098385469223008,8,7.0,0.07815296989422316,17.07600055367973,27.987640307595566,28.211034803236775,21.380058810734823,35.04201079573873,5.679214372599127
2026-10-29,2026-10-01,Pattaya_Beach,MixedBerryPremium,22.531820430637648,exp_smoothing_4w,active SKU window only; historical active windows have complete daily rows; no pre-launch zero fill,86.5322130974942,89.0,0.27024767614113815,49.16,53.002,0.20131180625630676,0.15098385469223008,8,7.0,0.07815296989422316,17.07600055367973,27.987640307595566,28.211034803236775,21.380058810734823,35.04201079573873,5.679214372599127
2026-10-30,2026-10-01,Pattaya_Beach,MixedBerryPremium,22.531820430637648,exp_smoothing_4w,active SKU window only; historical active windows have complete daily rows; no pre-launch zero fill,86.5322130974942,89.0,0.27024767614113815,49.16,53.002,0.20131180625630676,0.15098385469223008,8,7.0,0.07815296989422316,17.07600055367973,27.987640307595566,28.211034803236775,21.380058810734823,35.04201079573873,5.679214372599127
2026-10-31,2026-10-01,Pattaya_Beach,MixedBerryPremium,22.531820430637648,exp_smoothing_4w,active SKU window only; historical active windows have complete daily rows; no pre-launch zero fill,86.5322130974942,89.0,0.27024767614113815,49.16,53.002,0.20131180625630676,0.15098385469223008,8,7.0,0.07815296989422316,17.07600055367973,27.987640307595566,28.211034803236775,21.380058810734823,35.04201079573873,5.679214372599127
2026-11-01,2026-11-01,Pattaya_Beach,MixedBerryPremium,22.531820430637648,exp_smoothing_4w,active SKU window only; historical active windows have complete daily rows; no pre-launch zero fill,86.5322130974942,89.0,0.27024767614113815,49.16,53.002,0.20131180625630676,0.15098385469223008,8,7.0,0.07815296989422316,17.07600055367973,27.987640307595566,28.211034803236775,21.380058810734823,35.04201079573873,5.679214372599127
2026-11-02,2026-11-01,Pattaya_Beach,MixedBerryPremium,22.531820430637648,exp_smoothing_4w,active SKU window only; historical active windows have complete daily rows; no pre-launch zero fill,86.5322130974942,89.0,0.27024767614113815,49.16,53.002,0.20131180625630676,0.15098385469223008,8,7.0,0.07815296989422316,17.07600055367973,27.987640307595566,28.211034803236775,21.380058810734823,35.04201079573873,5.679214372599127
2026-11-03,2026-11-01,Pattaya_Beach,MixedBerryPremium,22.531820430637648,exp_smoothing_4w,active SKU window only; historical active windows have complete daily rows; no pre-launch zero fill,86.5322130974942,89.0,0.27024767614113815,49.16,53.002,0.20131180625630676,0.15098385469223008,8,7.0,0.07815296989422316,17.07600055367973,27.987640307595566,28.211034803236775,21.380058810734823,35.04201079573873,5.679214372599127
2026-11-04,2026-11-01,Pattaya_Beach,MixedBerryPremium,22.531820430637648,exp_smoothing_4w,active SKU window only; historical active windows have complete daily rows; no pre-launch zero fill,86.5322130974942,89.0,0.27024767614113815,49.16,53.002,0.20131180625630676,0.15098385469223008,8,7.0,0.07815296989422316,17.07600055367973,27.987640307595566,28.211034803236775,21.380058810734823,35.04201079573873,5.679214372599127
2026-11-05,2026-11-01,Pattaya_Beach,MixedBerryPremium,22.531820430637648,exp_smoothing_4w,active SKU window only; historical active windows have complete daily rows; no pre-launch zero fill,86.5322130974942,89.0,0.27024767614113815,49.16,53.002,0.20131180625630676,0.15098385469223008,8,7.0,0.07815296989422316,17.07600055367973,27.987640307595566,28.211034803236775,21.380058810734823,35.04201079573873,5.679214372599127
2026-11-06,2026-11-01,Pattaya_Beach,MixedBerryPremium,22.531820430637648,exp_smoothing_4w,active SKU window only; historical active windows have complete daily rows; no pre-launch zero fill,86.5322130974942,89.0,0.27024767614113815,49.16,53.002,0.20131180625630676,0.15098385469223008,8,7.0,0.07815296989422316,17.07600055367973,27.987640307595566,28.211034803236775,21.380058810734823,35.04201079573873,5.679214372599127
2026-11-07,2026-11-01,Pattaya_Beach,MixedBerryPremium,22.531820430637648,exp_smoothing_4w,active SKU window only; historical active windows have complete daily rows; no pre-launch zero fill,86.5322130974942,89.0,0.27024767614113815,49.16,53.002,0.20131180625630676,0.15098385469223008,8,7.0,0.07815296989422316,17.07600055367973,27.987640307595566,28.211034803236775,21.380058810734823,35.04201079573873,5.679214372599127
2026-11-08,2026-11-01,Pattaya_Beach,MixedBerryPremium,22.531820430637648,exp_smoothing_4w,active SKU window only; historical active windows have complete daily rows; no pre-launch zero fill,86.5322130974942,89.0,0.27024767614113815,49.16,53.002,0.20131180625630676,0.15098385469223008,8,7.0,0.07815296989422316,17.07600055367973,27.987640307595566,28.211034803236775,21.380058810734823,35.04201079573873,5.679214372599127
2026-11-09,2026-11-01,Pattaya_Beach,MixedBerryPremium,22.531820430637648,exp_smoothing_4w,active SKU window only; historical active windows have complete daily rows; no pre-launch zero fill,86.5322130974942,89.0,0.27024767614113815,49.16,53.002,0.20131180625630676,0.15098385469223008,8,7.0,0.07815296989422316,17.07600055367973,27.987640307595566,28.211034803236775,21.380058810734823,35.04201079573873,5.679214372599127
2026-11-10,2026-11-01,Pattaya_Beach,MixedBerryPremium,22.531820430637648,exp_smoothing_4w,active SKU window only; historical active windows have complete daily rows; no pre-launch zero fill,86.5322130974942,89.0,0.27024767614113815,49.16,53.002,0.20131180625630676,0.15098385469223008,8,7.0,0.07815296989422316,17.07600055367973,27.987640307595566,28.211034803236775,21.380058810734823,35.04201079573873,5.679214372599127
2026-11-11,2026-11-01,Pattaya_Beach,MixedBerryPremium,22.531820430637648,exp_smoothing_4w,active SKU window only; historical active windows have complete daily rows; no pre-launch zero fill,86.5322130974942,89.0,0.27024767614113815,49.16,53.002,0.20131180625630676,0.15098385469223008,8,7.0,0.07815296989422316,17.07600055367973,27.987640307595566,28.211034803236775,21.380058810734823,35.04201079573873,5.679214372599127
2026-11-12,2026-11-01,Pattaya_Beach,MixedBerryPremium,22.531820430637648,exp_smoothing_4w,active SKU window only; historical active windows have complete daily rows; no pre-launch zero fill,86.5322130974942,89.0,0.27024767614113815,49.16,53.002,0.20131180625630676,0.15098385469223008,8,7.0,0.07815296989422316,17.07600055367973,27.987640307595566,28.211034803236775,21.380058810734823,35.04201079573873,5.679214372599127
2026-11-13,2026-11-01,Pattaya_Beach,MixedBerryPremium,22.531820430637648,exp_smoothing_4w,active SKU window only; historical active windows have complete daily rows; no pre-launch zero fill,86.5322130974942,89.0,0.27024767614113815,49.16,53.002,0.20131180625630676,0.15098385469223008,8,7.0,0.07815296989422316,17.07600055367973,27.987640307595566,28.211034803236775,21.380058810734823,35.04201079573873,5.679214372599127
2026-11-14,2026-11-01,Pattaya_Beach,MixedBerryPremium,22.531820430637648,exp_smoothing_4w,active SKU window only; historical active windows have complete daily rows; no pre-launch zero fill,86.5322130974942,89.0,0.27024767614113815,49.16,53.002,0.20131180625630676,0.15098385469223008,8,7.0,0.07815296989422316,17.07600055367973,27.987640307595566,28.211034803236775,21.380058810734823,35.04201079573873,5.679214372599127
2026-11-15,2026-11-01,Pattaya_Beach,MixedBerryPremium,22.531820430637648,exp_smoothing_4w,active SKU window only; historical active windows have complete daily rows; no pre-launch zero fill,86.5322130974942,89.0,0.27024767614113815,49.16,53.002,0.20131180625630676,0.15098385469223008,8,7.0,0.07815296989422316,17.07600055367973,27.987640307595566,28.211034803236775,21.380058810734823,35.04201079573873,5.679214372599127
2026-11-16,2026-11-01,Pattaya_Beach,MixedBerryPremium,22.531820430637648,exp_smoothing_4w,active SKU window only; historical active windows have complete daily rows; no pre-launch zero fill,86.5322130974942,89.0,0.27024767614113815,49.16,53.002,0.20131180625630676,0.15098385469223008,8,7.0,0.07815296989422316,17.07600055367973,27.987640307595566,28.211034803236775,21.380058810734823,35.04201079573873,5.679214372599127
2026-11-17,2026-11-01,Pattaya_Beach,MixedBerryPremium,22.531820430637648,exp_smoothing_4w,active SKU window only; historical active windows have complete daily rows; no pre-launch zero fill,86.5322130974942,89.0,0.27024767614113815,49.16,53.002,0.20131180625630676,0.15098385469223008,8,7.0,0.07815296989422316,17.07600055367973,27.987640307595566,28.211034803236775,21.380058810734823,35.04201079573873,5.679214372599127
2026-11-18,2026-11-01,Pattaya_Beach,MixedBerryPremium,22.531820430637648,exp_smoothing_4w,active SKU window only; historical active windows have complete daily rows; no pre-launch zero fill,86.5322130974942,89.0,0.27024767614113815,49.16,53.002,0.20131180625630676,0.15098385469223008,8,7.0,0.07815296989422316,17.07600055367973,27.987640307595566,28.211034803236775,21.380058810734823,35.04201079573873,5.679214372599127
2026-11-19,2026-11-01,Pattaya_Beach,MixedBerryPremium,22.531820430637648,exp_smoothing_4w,active SKU window only; historical active windows have complete daily rows; no pre-launch zero fill,86.5322130974942,89.0,0.27024767614113815,49.16,53.002,0.20131180625630676,0.15098385469223008,8,7.0,0.07815296989422316,17.07600055367973,27.987640307595566,28.211034803236775,21.380058810734823,35.04201079573873,5.679214372599127
2026-11-20,2026-11-01,Pattaya_Beach,MixedBerryPremium,22.531820430637648,exp_smoothing_4w,active SKU window only; historical active windows have complete daily rows; no pre-launch zero fill,86.5322130974942,89.0,0.27024767614113815,49.16,53.002,0.20131180625630676,0.15098385469223008,8,7.0,0.07815296989422316,17.07600055367973,27.987640307595566,28.211034803236775,21.380058810734823,35.04201079573873,5.679214372599127
2026-11-21,2026-11-01,Pattaya_Beach,MixedBerryPremium,22.531820430637648,exp_smoothing_4w,active SKU window only; historical active windows have complete daily rows; no pre-launch zero fill,86.5322130974942,89.0,0.27024767614113815,49.16,53.002,0.20131180625630676,0.15098385469223008,8,7.0,0.07815296989422316,17.07600055367973,27.987640307595566,28.211034803236775,21.380058810734823,35.04201079573873,5.679214372599127
2026-11-22,2026-11-01,Pattaya_Beach,MixedBerryPremium,22.531820430637648,exp_smoothing_4w,active SKU window only; historical active windows have complete daily rows; no pre-launch zero fill,86.5322130974942,89.0,0.27024767614113815,49.16,53.002,0.20131180625630676,0.15098385469223008,8,7.0,0.07815296989422316,17.07600055367973,27.987640307595566,28.211034803236775,21.380058810734823,35.04201079573873,5.679214372599127
2026-11-23,2026-11-01,Pattaya_Beach,MixedBerryPremium,22.531820430637648,exp_smoothing_4w,active SKU window only; historical active windows have complete daily rows; no pre-launch zero fill,86.5322130974942,89.0,0.27024767614113815,49.16,53.002,0.20131180625630676,0.15098385469223008,8,7.0,0.07815296989422316,17.07600055367973,27.987640307595566,28.211034803236775,21.380058810734823,35.04201079573873,5.679214372599127
2026-11-24,2026-11-01,Pattaya_Beach,MixedBerryPremium,22.531820430637648,exp_smoothing_4w,active SKU window only; historical active windows have complete daily rows; no pre-launch zero fill,86.5322130974942,89.0,0.27024767614113815,49.16,53.002,0.20131180625630676,0.15098385469223008,8,7.0,0.07815296989422316,17.07600055367973,27.987640307595566,28.211034803236775,21.380058810734823,35.04201079573873,5.679214372599127
2026-11-25,2026-11-01,Pattaya_Beach,MixedBerryPremium,22.531820430637648,exp_smoothing_4w,active SKU window only; historical active windows have complete daily rows; no pre-launch zero fill,86.5322130974942,89.0,0.27024767614113815,49.16,53.002,0.20131180625630676,0.15098385469223008,8,7.0,0.07815296989422316,17.07600055367973,27.987640307595566,28.211034803236775,21.380058810734823,35.04201079573873,5.679214372599127
2026-11-26,2026-11-01,Pattaya_Beach,MixedBerryPremium,22.531820430637648,exp_smoothing_4w,active SKU window only; historical active windows have complete daily rows; no pre-launch zero fill,86.5322130974942,89.0,0.27024767614113815,49.16,53.002,0.20131180625630676,0.15098385469223008,8,7.0,0.07815296989422316,17.07600055367973,27.987640307595566,28.211034803236775,21.380058810734823,35.04201079573873,5.679214372599127
2026-11-27,2026-11-01,Pattaya_Beach,MixedBerryPremium,22.531820430637648,exp_smoothing_4w,active SKU window only; historical active windows have complete daily rows; no pre-launch zero fill,86.5322130974942,89.0,0.27024767614113815,49.16,53.002,0.20131180625630676,0.15098385469223008,8,7.0,0.07815296989422316,17.07600055367973,27.987640307595566,28.211034803236775,21.380058810734823,35.04201079573873,5.679214372599127
2026-11-28,2026-11-01,Pattaya_Beach,MixedBerryPremium,22.531820430637648,exp_smoothing_4w,active SKU window only; historical active windows have complete daily rows; no pre-launch zero fill,86.5322130974942,89.0,0.27024767614113815,49.16,53.002,0.20131180625630676,0.15098385469223008,8,7.0,0.07815296989422316,17.07600055367973,27.987640307595566,28.211034803236775,21.380058810734823,35.04201079573873,5.679214372599127
2026-11-29,2026-11-01,Pattaya_Beach,MixedBerryPremium,22.531820430637648,exp_smoothing_4w,active SKU window only; historical active windows have complete daily rows; no pre-launch zero fill,86.5322130974942,89.0,0.27024767614113815,49.16,53.002,0.20131180625630676,0.15098385469223008,8,7.0,0.07815296989422316,17.07600055367973,27.987640307595566,28.211034803236775,21.380058810734823,35.04201079573873,5.679214372599127
2026-11-30,2026-11-01,Pattaya_Beach,MixedBerryPremium,22.531820430637648,exp_smoothing_4w,active SKU window only; historical active windows have complete daily rows; no pre-launch zero fill,86.5322130974942,89.0,0.27024767614113815,49.16,53.002,0.20131180625630676,0.15098385469223008,8,7.0,0.07815296989422316,17.07600055367973,27.987640307595566,28.211034803236775,21.380058810734823,35.04201079573873,5.679214372599127
2026-09-01,2026-09-01,Pattaya_Beach,PassionFruit,53.25514752378437,exp_smoothing_4w,active SKU window only; historical active windows have complete daily rows; no pre-launch zero fill,63.08378602833415,65.0,0.2731614060626561,28.115,29.049,0.08900756564307966,0.06675567423230974,6,6.0,0.033220700693580074,40.360029115352845,66.15026593221589,58.458386168023196,44.303363664972075,72.6134086710743,5.203238644238823
2026-09-02,2026-09-01,Pattaya_Beach,PassionFruit,53.25514752378437,exp_smoothing_4w,active SKU window only; historical active windows have complete daily rows; no pre-launch zero fill,63.08378602833415,65.0,0.2731614060626561,28.115,29.049,0.08900756564307966,0.06675567423230974,6,6.0,0.033220700693580074,40.360029115352845,66.15026593221589,58.458386168023196,44.303363664972075,72.6134086710743,5.203238644238823
2026-09-03,2026-09-01,Pattaya_Beach,PassionFruit,53.25514752378437,exp_smoothing_4w,active SKU window only; historical active windows have complete daily rows; no pre-launch zero fill,63.08378602833415,65.0,0.2731614060626561,28.115,29.049,0.08900756564307966,0.06675567423230974,6,6.0,0.033220700693580074,40.360029115352845,66.15026593221589,58.458386168023196,44.303363664972075,72.6134086710743,5.203238644238823
2026-09-04,2026-09-01,Pattaya_Beach,PassionFruit,53.25514752378437,exp_smoothing_4w,active SKU window only; historical active windows have complete daily rows; no pre-launch zero fill,63.08378602833415,65.0,0.2731614060626561,28.115,29.049,0.08900756564307966,0.06675567423230974,6,6.0,0.033220700693580074,40.360029115352845,66.15026593221589,58.458386168023196,44.303363664972075,72.6134086710743,5.203238644238823
2026-09-05,2026-09-01,Pattaya_Beach,PassionFruit,53.25514752378437,exp_smoothing_4w,active SKU window only; historical active windows have complete daily rows; no pre-launch zero fill,63.08378602833415,65.0,0.2731614060626561,28.115,29.049,0.08900756564307966,0.06675567423230974,6,6.0,0.033220700693580074,40.360029115352845,66.15026593221589,58.458386168023196,44.303363664972075,72.6134086710743,5.203238644238823
2026-09-06,2026-09-01,Pattaya_Beach,PassionFruit,53.25514752378437,exp_smoothing_4w,active SKU window only; historical active windows have complete daily rows; no pre-launch zero fill,63.08378602833415,65.0,0.2731614060626561,28.115,29.049,0.08900756564307966,0.06675567423230974,6,6.0,0.033220700693580074,40.360029115352845,66.15026593221589,58.458386168023196,44.303363664972075,72.6134086710743,5.203238644238823
2026-09-07,2026-09-01,Pattaya_Beach,PassionFruit,53.25514752378437,exp_smoothing_4w,active SKU window only; historical active windows have complete daily rows; no pre-launch zero fill,63.08378602833415,65.0,0.2731614060626561,28.115,29.049,0.08900756564307966,0.06675567423230974,6,6.0,0.033220700693580074,40.360029115352845,66.15026593221589,58.458386168023196,44.303363664972075,72.6134086710743,5.203238644238823
2026-09-08,2026-09-01,Pattaya_Beach,PassionFruit,53.25514752378437,exp_smoothing_4w,active SKU window only; historical active windows have complete daily rows; no pre-launch zero fill,63.08378602833415,65.0,0.2731614060626561,28.115,29.049,0.08900756564307966,0.06675567423230974,6,6.0,0.033220700693580074,40.360029115352845,66.15026593221589,58.458386168023196,44.303363664972075,72.6134086710743,5.203238644238823
2026-09-09,2026-09-01,Pattaya_Beach,PassionFruit,53.25514752378437,exp_smoothing_4w,active SKU window only; historical active windows have complete daily rows; no pre-launch zero fill,63.08378602833415,65.0,0.2731614060626561,28.115,29.049,0.08900756564307966,0.06675567423230974,6,6.0,0.033220700693580074,40.360029115352845,66.15026593221589,58.458386168023196,44.303363664972075,72.6134086710743,5.203238644238823
2026-09-10,2026-09-01,Pattaya_Beach,PassionFruit,53.25514752378437,exp_smoothing_4w,active SKU window only; historical active windows have complete daily rows; no pre-launch zero fill,63.08378602833415,65.0,0.2731614060626561,28.115,29.049,0.08900756564307966,0.06675567423230974,6,6.0,0.033220700693580074,40.360029115352845,66.15026593221589,58.458386168023196,44.303363664972075,72.6134086710743,5.203238644238823
2026-09-11,2026-09-01,Pattaya_Beach,PassionFruit,53.25514752378437,exp_smoothing_4w,active SKU window only; historical active windows have complete daily rows; no pre-launch zero fill,63.08378602833415,65.0,0.2731614060626561,28.115,29.049,0.08900756564307966,0.06675567423230974,6,6.0,0.033220700693580074,40.360029115352845,66.15026593221589,58.458386168023196,44.303363664972075,72.6134086710743,5.203238644238823
2026-09-12,2026-09-01,Pattaya_Beach,PassionFruit,53.25514752378437,exp_smoothing_4w,active SKU window only; historical active windows have complete daily rows; no pre-launch zero fill,63.08378602833415,65.0,0.2731614060626561,28.115,29.049,0.08900756564307966,0.06675567423230974,6,6.0,0.033220700693580074,40.360029115352845,66.15026593221589,58.458386168023196,44.303363664972075,72.6134086710743,5.203238644238823
2026-09-13,2026-09-01,Pattaya_Beach,PassionFruit,53.25514752378437,exp_smoothing_4w,active SKU window only; historical active windows have complete daily rows; no pre-launch zero fill,63.08378602833415,65.0,0.2731614060626561,28.115,29.049,0.08900756564307966,0.06675567423230974,6,6.0,0.033220700693580074,40.360029115352845,66.15026593221589,58.458386168023196,44.303363664972075,72.6134086710743,5.203238644238823
2026-09-14,2026-09-01,Pattaya_Beach,PassionFruit,53.25514752378437,exp_smoothing_4w,active SKU window only; historical active windows have complete daily rows; no pre-launch zero fill,63.08378602833415,65.0,0.2731614060626561,28.115,29.049,0.08900756564307966,0.06675567423230974,6,6.0,0.033220700693580074,40.360029115352845,66.15026593221589,58.458386168023196,44.303363664972075,72.6134086710743,5.203238644238823
2026-09-15,2026-09-01,Pattaya_Beach,PassionFruit,53.25514752378437,exp_smoothing_4w,active SKU window only; historical active windows have complete daily rows; no pre-launch zero fill,63.08378602833415,65.0,0.2731614060626561,28.115,29.049,0.08900756564307966,0.06675567423230974,6,6.0,0.033220700693580074,40.360029115352845,66.15026593221589,58.458386168023196,44.303363664972075,72.6134086710743,5.203238644238823
2026-09-16,2026-09-01,Pattaya_Beach,PassionFruit,53.25514752378437,exp_smoothing_4w,active SKU window only; historical active windows have complete daily rows; no pre-launch zero fill,63.08378602833415,65.0,0.2731614060626561,28.115,29.049,0.08900756564307966,0.06675567423230974,6,6.0,0.033220700693580074,40.360029115352845,66.15026593221589,58.458386168023196,44.303363664972075,72.6134086710743,5.203238644238823
2026-09-17,2026-09-01,Pattaya_Beach,PassionFruit,53.25514752378437,exp_smoothing_4w,active SKU window only; historical active windows have complete daily rows; no pre-launch zero fill,63.08378602833415,65.0,0.2731614060626561,28.115,29.049,0.08900756564307966,0.06675567423230974,6,6.0,0.033220700693580074,40.360029115352845,66.15026593221589,58.458386168023196,44.303363664972075,72.6134086710743,5.203238644238823
2026-09-18,2026-09-01,Pattaya_Beach,PassionFruit,53.25514752378437,exp_smoothing_4w,active SKU window only; historical active windows have complete daily rows; no pre-launch zero fill,63.08378602833415,65.0,0.2731614060626561,28.115,29.049,0.08900756564307966,0.06675567423230974,6,6.0,0.033220700693580074,40.360029115352845,66.15026593221589,58.458386168023196,44.303363664972075,72.6134086710743,5.203238644238823
2026-09-19,2026-09-01,Pattaya_Beach,PassionFruit,53.25514752378437,exp_smoothing_4w,active SKU window only; historical active windows have complete daily rows; no pre-launch zero fill,63.08378602833415,65.0,0.2731614060626561,28.115,29.049,0.08900756564307966,0.06675567423230974,6,6.0,0.033220700693580074,40.360029115352845,66.15026593221589,58.458386168023196,44.303363664972075,72.6134086710743,5.203238644238823
2026-09-20,2026-09-01,Pattaya_Beach,PassionFruit,53.25514752378437,exp_smoothing_4w,active SKU window only; historical active windows have complete daily rows; no pre-launch zero fill,63.08378602833415,65.0,0.2731614060626561,28.115,29.049,0.08900756564307966,0.06675567423230974,6,6.0,0.033220700693580074,40.360029115352845,66.15026593221589,58.458386168023196,44.303363664972075,72.6134086710743,5.203238644238823
2026-09-21,2026-09-01,Pattaya_Beach,PassionFruit,53.25514752378437,exp_smoothing_4w,active SKU window only; historical active windows have complete daily rows; no pre-launch zero fill,63.08378602833415,65.0,0.2731614060626561,28.115,29.049,0.08900756564307966,0.06675567423230974,6,6.0,0.033220700693580074,40.360029115352845,66.15026593221589,58.458386168023196,44.303363664972075,72.6134086710743,5.203238644238823
2026-09-22,2026-09-01,Pattaya_Beach,PassionFruit,53.25514752378437,exp_smoothing_4w,active SKU window only; historical active windows have complete daily rows; no pre-launch zero fill,63.08378602833415,65.0,0.2731614060626561,28.115,29.049,0.08900756564307966,0.06675567423230974,6,6.0,0.033220700693580074,40.360029115352845,66.15026593221589,58.458386168023196,44.303363664972075,72.6134086710743,5.203238644238823
2026-09-23,2026-09-01,Pattaya_Beach,PassionFruit,53.25514752378437,exp_smoothing_4w,active SKU window only; historical active windows have complete daily rows; no pre-launch zero fill,63.08378602833415,65.0,0.2731614060626561,28.115,29.049,0.08900756564307966,0.06675567423230974,6,6.0,0.033220700693580074,40.360029115352845,66.15026593221589,58.458386168023196,44.303363664972075,72.6134086710743,5.203238644238823
2026-09-24,2026-09-01,Pattaya_Beach,PassionFruit,53.25514752378437,exp_smoothing_4w,active SKU window only; historical active windows have complete daily rows; no pre-launch zero fill,63.08378602833415,65.0,0.2731614060626561,28.115,29.049,0.08900756564307966,0.06675567423230974,6,6.0,0.033220700693580074,40.360029115352845,66.15026593221589,58.458386168023196,44.303363664972075,72.6134086710743,5.203238644238823
2026-09-25,2026-09-01,Pattaya_Beach,PassionFruit,53.25514752378437,exp_smoothing_4w,active SKU window only; historical active windows have complete daily rows; no pre-launch zero fill,63.08378602833415,65.0,0.2731614060626561,28.115,29.049,0.08900756564307966,0.06675567423230974,6,6.0,0.033220700693580074,40.360029115352845,66.15026593221589,58.458386168023196,44.303363664972075,72.6134086710743,5.203238644238823
2026-09-26,2026-09-01,Pattaya_Beach,PassionFruit,53.25514752378437,exp_smoothing_4w,active SKU window only; historical active windows have complete daily rows; no pre-launch zero fill,63.08378602833415,65.0,0.2731614060626561,28.115,29.049,0.08900756564307966,0.06675567423230974,6,6.0,0.033220700693580074,40.360029115352845,66.15026593221589,58.458386168023196,44.303363664972075,72.6134086710743,5.203238644238823
2026-09-27,2026-09-01,Pattaya_Beach,PassionFruit,53.25514752378437,exp_smoothing_4w,active SKU window only; historical active windows have complete daily rows; no pre-launch zero fill,63.08378602833415,65.0,0.2731614060626561,28.115,29.049,0.08900756564307966,0.06675567423230974,6,6.0,0.033220700693580074,40.360029115352845,66.15026593221589,58.458386168023196,44.303363664972075,72.6134086710743,5.203238644238823
2026-09-28,2026-09-01,Pattaya_Beach,PassionFruit,53.25514752378437,exp_smoothing_4w,active SKU window only; historical active windows have complete daily rows; no pre-launch zero fill,63.08378602833415,65.0,0.2731614060626561,28.115,29.049,0.08900756564307966,0.06675567423230974,6,6.0,0.033220700693580074,40.360029115352845,66.15026593221589,58.458386168023196,44.303363664972075,72.6134086710743,5.203238644238823
2026-09-29,2026-09-01,Pattaya_Beach,PassionFruit,53.25514752378437,exp_smoothing_4w,active SKU window only; historical active windows have complete daily rows; no pre-launch zero fill,63.08378602833415,65.0,0.2731614060626561,28.115,29.049,0.08900756564307966,0.06675567423230974,6,6.0,0.033220700693580074,40.360029115352845,66.15026593221589,58.458386168023196,44.303363664972075,72.6134086710743,5.203238644238823
2026-09-30,2026-09-01,Pattaya_Beach,PassionFruit,53.25514752378437,exp_smoothing_4w,active SKU window only; historical active windows have complete daily rows; no pre-launch zero fill,63.08378602833415,65.0,0.2731614060626561,28.115,29.049,0.08900756564307966,0.06675567423230974,6,6.0,0.033220700693580074,40.360029115352845,66.15026593221589,58.458386168023196,44.303363664972075,72.6134086710743,5.203238644238823
2026-10-01,2026-10-01,Pattaya_Beach,PassionFruit,53.25514752378437,exp_smoothing_4w,active SKU window only; historical active windows have complete daily rows; no pre-launch zero fill,63.08378602833415,65.0,0.2731614060626561,28.115,29.049,0.08900756564307966,0.06675567423230974,6,6.0,0.033220700693580074,40.360029115352845,66.15026593221589,58.458386168023196,44.303363664972075,72.6134086710743,5.203238644238823
2026-10-02,2026-10-01,Pattaya_Beach,PassionFruit,53.25514752378437,exp_smoothing_4w,active SKU window only; historical active windows have complete daily rows; no pre-launch zero fill,63.08378602833415,65.0,0.2731614060626561,28.115,29.049,0.08900756564307966,0.06675567423230974,6,6.0,0.033220700693580074,40.360029115352845,66.15026593221589,58.458386168023196,44.303363664972075,72.6134086710743,5.203238644238823
2026-10-03,2026-10-01,Pattaya_Beach,PassionFruit,53.25514752378437,exp_smoothing_4w,active SKU window only; historical active windows have complete daily rows; no pre-launch zero fill,63.08378602833415,65.0,0.2731614060626561,28.115,29.049,0.08900756564307966,0.06675567423230974,6,6.0,0.033220700693580074,40.360029115352845,66.15026593221589,58.458386168023196,44.303363664972075,72.6134086710743,5.203238644238823
2026-10-04,2026-10-01,Pattaya_Beach,PassionFruit,53.25514752378437,exp_smoothing_4w,active SKU window only; historical active windows have complete daily rows; no pre-launch zero fill,63.08378602833415,65.0,0.2731614060626561,28.115,29.049,0.08900756564307966,0.06675567423230974,6,6.0,0.033220700693580074,40.360029115352845,66.15026593221589,58.458386168023196,44.303363664972075,72.6134086710743,5.203238644238823
2026-10-05,2026-10-01,Pattaya_Beach,PassionFruit,53.25514752378437,exp_smoothing_4w,active SKU window only; historical active windows have complete daily rows; no pre-launch zero fill,63.08378602833415,65.0,0.2731614060626561,28.115,29.049,0.08900756564307966,0.06675567423230974,6,6.0,0.033220700693580074,40.360029115352845,66.15026593221589,58.458386168023196,44.303363664972075,72.6134086710743,5.203238644238823
2026-10-06,2026-10-01,Pattaya_Beach,PassionFruit,53.25514752378437,exp_smoothing_4w,active SKU window only; historical active windows have complete daily rows; no pre-launch zero fill,63.08378602833415,65.0,0.2731614060626561,28.115,29.049,0.08900756564307966,0.06675567423230974,6,6.0,0.033220700693580074,40.360029115352845,66.15026593221589,58.458386168023196,44.303363664972075,72.6134086710743,5.203238644238823
2026-10-07,2026-10-01,Pattaya_Beach,PassionFruit,53.25514752378437,exp_smoothing_4w,active SKU window only; historical active windows have complete daily rows; no pre-launch zero fill,63.08378602833415,65.0,0.2731614060626561,28.115,29.049,0.08900756564307966,0.06675567423230974,6,6.0,0.033220700693580074,40.360029115352845,66.15026593221589,58.458386168023196,44.303363664972075,72.6134086710743,5.203238644238823
2026-10-08,2026-10-01,Pattaya_Beach,PassionFruit,53.25514752378437,exp_smoothing_4w,active SKU window only; historical active windows have complete daily rows; no pre-launch zero fill,63.08378602833415,65.0,0.2731614060626561,28.115,29.049,0.08900756564307966,0.06675567423230974,6,6.0,0.033220700693580074,40.360029115352845,66.15026593221589,58.458386168023196,44.303363664972075,72.6134086710743,5.203238644238823
2026-10-09,2026-10-01,Pattaya_Beach,PassionFruit,53.25514752378437,exp_smoothing_4w,active SKU window only; historical active windows have complete daily rows; no pre-launch zero fill,63.08378602833415,65.0,0.2731614060626561,28.115,29.049,0.08900756564307966,0.06675567423230974,6,6.0,0.033220700693580074,40.360029115352845,66.15026593221589,58.458386168023196,44.303363664972075,72.6134086710743,5.203238644238823
2026-10-10,2026-10-01,Pattaya_Beach,PassionFruit,53.25514752378437,exp_smoothing_4w,active SKU window only; historical active windows have complete daily rows; no pre-launch zero fill,63.08378602833415,65.0,0.2731614060626561,28.115,29.049,0.08900756564307966,0.06675567423230974,6,6.0,0.033220700693580074,40.360029115352845,66.15026593221589,58.458386168023196,44.303363664972075,72.6134086710743,5.203238644238823
2026-10-11,2026-10-01,Pattaya_Beach,PassionFruit,53.25514752378437,exp_smoothing_4w,active SKU window only; historical active windows have complete daily rows; no pre-launch zero fill,63.08378602833415,65.0,0.2731614060626561,28.115,29.049,0.08900756564307966,0.06675567423230974,6,6.0,0.033220700693580074,40.360029115352845,66.15026593221589,58.458386168023196,44.303363664972075,72.6134086710743,5.203238644238823
2026-10-12,2026-10-01,Pattaya_Beach,PassionFruit,53.25514752378437,exp_smoothing_4w,active SKU window only; historical active windows have complete daily rows; no pre-launch zero fill,63.08378602833415,65.0,0.2731614060626561,28.115,29.049,0.08900756564307966,0.06675567423230974,6,6.0,0.033220700693580074,40.360029115352845,66.15026593221589,58.458386168023196,44.303363664972075,72.6134086710743,5.203238644238823
2026-10-13,2026-10-01,Pattaya_Beach,PassionFruit,53.25514752378437,exp_smoothing_4w,active SKU window only; historical active windows have complete daily rows; no pre-launch zero fill,63.08378602833415,65.0,0.2731614060626561,28.115,29.049,0.08900756564307966,0.06675567423230974,6,6.0,0.033220700693580074,40.360029115352845,66.15026593221589,58.458386168023196,44.303363664972075,72.6134086710743,5.203238644238823
2026-10-14,2026-10-01,Pattaya_Beach,PassionFruit,53.25514752378437,exp_smoothing_4w,active SKU window only; historical active windows have complete daily rows; no pre-launch zero fill,63.08378602833415,65.0,0.2731614060626561,28.115,29.049,0.08900756564307966,0.06675567423230974,6,6.0,0.033220700693580074,40.360029115352845,66.15026593221589,58.458386168023196,44.303363664972075,72.6134086710743,5.203238644238823
2026-10-15,2026-10-01,Pattaya_Beach,PassionFruit,53.25514752378437,exp_smoothing_4w,active SKU window only; historical active windows have complete daily rows; no pre-launch zero fill,63.08378602833415,65.0,0.2731614060626561,28.115,29.049,0.08900756564307966,0.06675567423230974,6,6.0,0.033220700693580074,40.360029115352845,66.15026593221589,58.458386168023196,44.303363664972075,72.6134086710743,5.203238644238823
2026-10-16,2026-10-01,Pattaya_Beach,PassionFruit,53.25514752378437,exp_smoothing_4w,active SKU window only; historical active windows have complete daily rows; no pre-launch zero fill,63.08378602833415,65.0,0.2731614060626561,28.115,29.049,0.08900756564307966,0.06675567423230974,6,6.0,0.033220700693580074,40.360029115352845,66.15026593221589,58.458386168023196,44.303363664972075,72.6134086710743,5.203238644238823
2026-10-17,2026-10-01,Pattaya_Beach,PassionFruit,53.25514752378437,exp_smoothing_4w,active SKU window only; historical active windows have complete daily rows; no pre-launch zero fill,63.08378602833415,65.0,0.2731614060626561,28.115,29.049,0.08900756564307966,0.06675567423230974,6,6.0,0.033220700693580074,40.360029115352845,66.15026593221589,58.458386168023196,44.303363664972075,72.6134086710743,5.203238644238823
2026-10-18,2026-10-01,Pattaya_Beach,PassionFruit,53.25514752378437,exp_smoothing_4w,active SKU window only; historical active windows have complete daily rows; no pre-launch zero fill,63.08378602833415,65.0,0.2731614060626561,28.115,29.049,0.08900756564307966,0.06675567423230974,6,6.0,0.033220700693580074,40.360029115352845,66.15026593221589,58.458386168023196,44.303363664972075,72.6134086710743,5.203238644238823
2026-10-19,2026-10-01,Pattaya_Beach,PassionFruit,53.25514752378437,exp_smoothing_4w,active SKU window only; historical active windows have complete daily rows; no pre-launch zero fill,63.08378602833415,65.0,0.2731614060626561,28.115,29.049,0.08900756564307966,0.06675567423230974,6,6.0,0.033220700693580074,40.360029115352845,66.15026593221589,58.458386168023196,44.303363664972075,72.6134086710743,5.203238644238823
2026-10-20,2026-10-01,Pattaya_Beach,PassionFruit,53.25514752378437,exp_smoothing_4w,active SKU window only; historical active windows have complete daily rows; no pre-launch zero fill,63.08378602833415,65.0,0.2731614060626561,28.115,29.049,0.08900756564307966,0.06675567423230974,6,6.0,0.033220700693580074,40.360029115352845,66.15026593221589,58.458386168023196,44.303363664972075,72.6134086710743,5.203238644238823
2026-10-21,2026-10-01,Pattaya_Beach,PassionFruit,53.25514752378437,exp_smoothing_4w,active SKU window only; historical active windows have complete daily rows; no pre-launch zero fill,63.08378602833415,65.0,0.2731614060626561,28.115,29.049,0.08900756564307966,0.06675567423230974,6,6.0,0.033220700693580074,40.360029115352845,66.15026593221589,58.458386168023196,44.303363664972075,72.6134086710743,5.203238644238823
2026-10-22,2026-10-01,Pattaya_Beach,PassionFruit,53.25514752378437,exp_smoothing_4w,active SKU window only; historical active windows have complete daily rows; no pre-launch zero fill,63.08378602833415,65.0,0.2731614060626561,28.115,29.049,0.08900756564307966,0.06675567423230974,6,6.0,0.033220700693580074,40.360029115352845,66.15026593221589,58.458386168023196,44.303363664972075,72.6134086710743,5.203238644238823
2026-10-23,2026-10-01,Pattaya_Beach,PassionFruit,53.25514752378437,exp_smoothing_4w,active SKU window only; historical active windows have complete daily rows; no pre-launch zero fill,63.08378602833415,65.0,0.2731614060626561,28.115,29.049,0.08900756564307966,0.06675567423230974,6,6.0,0.033220700693580074,40.360029115352845,66.15026593221589,58.458386168023196,44.303363664972075,72.6134086710743,5.203238644238823
2026-10-24,2026-10-01,Pattaya_Beach,PassionFruit,53.25514752378437,exp_smoothing_4w,active SKU window only; historical active windows have complete daily rows; no pre-launch zero fill,63.08378602833415,65.0,0.2731614060626561,28.115,29.049,0.08900756564307966,0.06675567423230974,6,6.0,0.033220700693580074,40.360029115352845,66.15026593221589,58.458386168023196,44.303363664972075,72.6134086710743,5.203238644238823
2026-10-25,2026-10-01,Pattaya_Beach,PassionFruit,53.25514752378437,exp_smoothing_4w,active SKU window only; historical active windows have complete daily rows; no pre-launch zero fill,63.08378602833415,65.0,0.2731614060626561,28.115,29.049,0.08900756564307966,0.06675567423230974,6,6.0,0.033220700693580074,40.360029115352845,66.15026593221589,58.458386168023196,44.303363664972075,72.6134086710743,5.203238644238823
2026-10-26,2026-10-01,Pattaya_Beach,PassionFruit,53.25514752378437,exp_smoothing_4w,active SKU window only; historical active windows have complete daily rows; no pre-launch zero fill,63.08378602833415,65.0,0.2731614060626561,28.115,29.049,0.08900756564307966,0.06675567423230974,6,6.0,0.033220700693580074,40.360029115352845,66.15026593221589,58.458386168023196,44.303363664972075,72.6134086710743,5.203238644238823
2026-10-27,2026-10-01,Pattaya_Beach,PassionFruit,53.25514752378437,exp_smoothing_4w,active SKU window only; historical active windows have complete daily rows; no pre-launch zero fill,63.08378602833415,65.0,0.2731614060626561,28.115,29.049,0.08900756564307966,0.06675567423230974,6,6.0,0.033220700693580074,40.360029115352845,66.15026593221589,58.458386168023196,44.303363664972075,72.6134086710743,5.203238644238823
2026-10-28,2026-10-01,Pattaya_Beach,PassionFruit,53.25514752378437,exp_smoothing_4w,active SKU window only; historical active windows have complete daily rows; no pre-launch zero fill,63.08378602833415,65.0,0.2731614060626561,28.115,29.049,0.08900756564307966,0.06675567423230974,6,6.0,0.033220700693580074,40.360029115352845,66.15026593221589,58.458386168023196,44.303363664972075,72.6134086710743,5.203238644238823
2026-10-29,2026-10-01,Pattaya_Beach,PassionFruit,53.25514752378437,exp_smoothing_4w,active SKU window only; historical active windows have complete daily rows; no pre-launch zero fill,63.08378602833415,65.0,0.2731614060626561,28.115,29.049,0.08900756564307966,0.06675567423230974,6,6.0,0.033220700693580074,40.360029115352845,66.15026593221589,58.458386168023196,44.303363664972075,72.6134086710743,5.203238644238823
2026-10-30,2026-10-01,Pattaya_Beach,PassionFruit,53.25514752378437,exp_smoothing_4w,active SKU window only; historical active windows have complete daily rows; no pre-launch zero fill,63.08378602833415,65.0,0.2731614060626561,28.115,29.049,0.08900756564307966,0.06675567423230974,6,6.0,0.033220700693580074,40.360029115352845,66.15026593221589,58.458386168023196,44.303363664972075,72.6134086710743,5.203238644238823
2026-10-31,2026-10-01,Pattaya_Beach,PassionFruit,53.25514752378437,exp_smoothing_4w,active SKU window only; historical active windows have complete daily rows; no pre-launch zero fill,63.08378602833415,65.0,0.2731614060626561,28.115,29.049,0.08900756564307966,0.06675567423230974,6,6.0,0.033220700693580074,40.360029115352845,66.15026593221589,58.458386168023196,44.303363664972075,72.6134086710743,5.203238644238823
2026-11-01,2026-11-01,Pattaya_Beach,PassionFruit,53.25514752378437,exp_smoothing_4w,active SKU window only; historical active windows have complete daily rows; no pre-launch zero fill,63.08378602833415,65.0,0.2731614060626561,28.115,29.049,0.08900756564307966,0.06675567423230974,6,6.0,0.033220700693580074,40.360029115352845,66.15026593221589,58.458386168023196,44.303363664972075,72.6134086710743,5.203238644238823
2026-11-02,2026-11-01,Pattaya_Beach,PassionFruit,53.25514752378437,exp_smoothing_4w,active SKU window only; historical active windows have complete daily rows; no pre-launch zero fill,63.08378602833415,65.0,0.2731614060626561,28.115,29.049,0.08900756564307966,0.06675567423230974,6,6.0,0.033220700693580074,40.360029115352845,66.15026593221589,58.458386168023196,44.303363664972075,72.6134086710743,5.203238644238823
2026-11-03,2026-11-01,Pattaya_Beach,PassionFruit,53.25514752378437,exp_smoothing_4w,active SKU window only; historical active windows have complete daily rows; no pre-launch zero fill,63.08378602833415,65.0,0.2731614060626561,28.115,29.049,0.08900756564307966,0.06675567423230974,6,6.0,0.033220700693580074,40.360029115352845,66.15026593221589,58.458386168023196,44.303363664972075,72.6134086710743,5.203238644238823
2026-11-04,2026-11-01,Pattaya_Beach,PassionFruit,53.25514752378437,exp_smoothing_4w,active SKU window only; historical active windows have complete daily rows; no pre-launch zero fill,63.08378602833415,65.0,0.2731614060626561,28.115,29.049,0.08900756564307966,0.06675567423230974,6,6.0,0.033220700693580074,40.360029115352845,66.15026593221589,58.458386168023196,44.303363664972075,72.6134086710743,5.203238644238823
2026-11-05,2026-11-01,Pattaya_Beach,PassionFruit,53.25514752378437,exp_smoothing_4w,active SKU window only; historical active windows have complete daily rows; no pre-launch zero fill,63.08378602833415,65.0,0.2731614060626561,28.115,29.049,0.08900756564307966,0.06675567423230974,6,6.0,0.033220700693580074,40.360029115352845,66.15026593221589,58.458386168023196,44.303363664972075,72.6134086710743,5.203238644238823
2026-11-06,2026-11-01,Pattaya_Beach,PassionFruit,53.25514752378437,exp_smoothing_4w,active SKU window only; historical active windows have complete daily rows; no pre-launch zero fill,63.08378602833415,65.0,0.2731614060626561,28.115,29.049,0.08900756564307966,0.06675567423230974,6,6.0,0.033220700693580074,40.360029115352845,66.15026593221589,58.458386168023196,44.303363664972075,72.6134086710743,5.203238644238823
2026-11-07,2026-11-01,Pattaya_Beach,PassionFruit,53.25514752378437,exp_smoothing_4w,active SKU window only; historical active windows have complete daily rows; no pre-launch zero fill,63.08378602833415,65.0,0.2731614060626561,28.115,29.049,0.08900756564307966,0.06675567423230974,6,6.0,0.033220700693580074,40.360029115352845,66.15026593221589,58.458386168023196,44.303363664972075,72.6134086710743,5.203238644238823
2026-11-08,2026-11-01,Pattaya_Beach,PassionFruit,53.25514752378437,exp_smoothing_4w,active SKU window only; historical active windows have complete daily rows; no pre-launch zero fill,63.08378602833415,65.0,0.2731614060626561,28.115,29.049,0.08900756564307966,0.06675567423230974,6,6.0,0.033220700693580074,40.360029115352845,66.15026593221589,58.458386168023196,44.303363664972075,72.6134086710743,5.203238644238823
2026-11-09,2026-11-01,Pattaya_Beach,PassionFruit,53.25514752378437,exp_smoothing_4w,active SKU window only; historical active windows have complete daily rows; no pre-launch zero fill,63.08378602833415,65.0,0.2731614060626561,28.115,29.049,0.08900756564307966,0.06675567423230974,6,6.0,0.033220700693580074,40.360029115352845,66.15026593221589,58.458386168023196,44.303363664972075,72.6134086710743,5.203238644238823
2026-11-10,2026-11-01,Pattaya_Beach,PassionFruit,53.25514752378437,exp_smoothing_4w,active SKU window only; historical active windows have complete daily rows; no pre-launch zero fill,63.08378602833415,65.0,0.2731614060626561,28.115,29.049,0.08900756564307966,0.06675567423230974,6,6.0,0.033220700693580074,40.360029115352845,66.15026593221589,58.458386168023196,44.303363664972075,72.6134086710743,5.203238644238823
2026-11-11,2026-11-01,Pattaya_Beach,PassionFruit,53.25514752378437,exp_smoothing_4w,active SKU window only; historical active windows have complete daily rows; no pre-launch zero fill,63.08378602833415,65.0,0.2731614060626561,28.115,29.049,0.08900756564307966,0.06675567423230974,6,6.0,0.033220700693580074,40.360029115352845,66.15026593221589,58.458386168023196,44.303363664972075,72.6134086710743,5.203238644238823
2026-11-12,2026-11-01,Pattaya_Beach,PassionFruit,53.25514752378437,exp_smoothing_4w,active SKU window only; historical active windows have complete daily rows; no pre-launch zero fill,63.08378602833415,65.0,0.2731614060626561,28.115,29.049,0.08900756564307966,0.06675567423230974,6,6.0,0.033220700693580074,40.360029115352845,66.15026593221589,58.458386168023196,44.303363664972075,72.6134086710743,5.203238644238823
2026-11-13,2026-11-01,Pattaya_Beach,PassionFruit,53.25514752378437,exp_smoothing_4w,active SKU window only; historical active windows have complete daily rows; no pre-launch zero fill,63.08378602833415,65.0,0.2731614060626561,28.115,29.049,0.08900756564307966,0.06675567423230974,6,6.0,0.033220700693580074,40.360029115352845,66.15026593221589,58.458386168023196,44.303363664972075,72.6134086710743,5.203238644238823
2026-11-14,2026-11-01,Pattaya_Beach,PassionFruit,53.25514752378437,exp_smoothing_4w,active SKU window only; historical active windows have complete daily rows; no pre-launch zero fill,63.08378602833415,65.0,0.2731614060626561,28.115,29.049,0.08900756564307966,0.06675567423230974,6,6.0,0.033220700693580074,40.360029115352845,66.15026593221589,58.458386168023196,44.303363664972075,72.6134086710743,5.203238644238823
2026-11-15,2026-11-01,Pattaya_Beach,PassionFruit,53.25514752378437,exp_smoothing_4w,active SKU window only; historical active windows have complete daily rows; no pre-launch zero fill,63.08378602833415,65.0,0.2731614060626561,28.115,29.049,0.08900756564307966,0.06675567423230974,6,6.0,0.033220700693580074,40.360029115352845,66.15026593221589,58.458386168023196,44.303363664972075,72.6134086710743,5.203238644238823
2026-11-16,2026-11-01,Pattaya_Beach,PassionFruit,53.25514752378437,exp_smoothing_4w,active SKU window only; historical active windows have complete daily rows; no pre-launch zero fill,63.08378602833415,65.0,0.2731614060626561,28.115,29.049,0.08900756564307966,0.06675567423230974,6,6.0,0.033220700693580074,40.360029115352845,66.15026593221589,58.458386168023196,44.303363664972075,72.6134086710743,5.203238644238823
2026-11-17,2026-11-01,Pattaya_Beach,PassionFruit,53.25514752378437,exp_smoothing_4w,active SKU window only; historical active windows have complete daily rows; no pre-launch zero fill,63.08378602833415,65.0,0.2731614060626561,28.115,29.049,0.08900756564307966,0.06675567423230974,6,6.0,0.033220700693580074,40.360029115352845,66.15026593221589,58.458386168023196,44.303363664972075,72.6134086710743,5.203238644238823
2026-11-18,2026-11-01,Pattaya_Beach,PassionFruit,53.25514752378437,exp_smoothing_4w,active SKU window only; historical active windows have complete daily rows; no pre-launch zero fill,63.08378602833415,65.0,0.2731614060626561,28.115,29.049,0.08900756564307966,0.06675567423230974,6,6.0,0.033220700693580074,40.360029115352845,66.15026593221589,58.458386168023196,44.303363664972075,72.6134086710743,5.203238644238823
2026-11-19,2026-11-01,Pattaya_Beach,PassionFruit,53.25514752378437,exp_smoothing_4w,active SKU window only; historical active windows have complete daily rows; no pre-launch zero fill,63.08378602833415,65.0,0.2731614060626561,28.115,29.049,0.08900756564307966,0.06675567423230974,6,6.0,0.033220700693580074,40.360029115352845,66.15026593221589,58.458386168023196,44.303363664972075,72.6134086710743,5.203238644238823
2026-11-20,2026-11-01,Pattaya_Beach,PassionFruit,53.25514752378437,exp_smoothing_4w,active SKU window only; historical active windows have complete daily rows; no pre-launch zero fill,63.08378602833415,65.0,0.2731614060626561,28.115,29.049,0.08900756564307966,0.06675567423230974,6,6.0,0.033220700693580074,40.360029115352845,66.15026593221589,58.458386168023196,44.303363664972075,72.6134086710743,5.203238644238823
2026-11-21,2026-11-01,Pattaya_Beach,PassionFruit,53.25514752378437,exp_smoothing_4w,active SKU window only; historical active windows have complete daily rows; no pre-launch zero fill,63.08378602833415,65.0,0.2731614060626561,28.115,29.049,0.08900756564307966,0.06675567423230974,6,6.0,0.033220700693580074,40.360029115352845,66.15026593221589,58.458386168023196,44.303363664972075,72.6134086710743,5.203238644238823
2026-11-22,2026-11-01,Pattaya_Beach,PassionFruit,53.25514752378437,exp_smoothing_4w,active SKU window only; historical active windows have complete daily rows; no pre-launch zero fill,63.08378602833415,65.0,0.2731614060626561,28.115,29.049,0.08900756564307966,0.06675567423230974,6,6.0,0.033220700693580074,40.360029115352845,66.15026593221589,58.458386168023196,44.303363664972075,72.6134086710743,5.203238644238823
2026-11-23,2026-11-01,Pattaya_Beach,PassionFruit,53.25514752378437,exp_smoothing_4w,active SKU window only; historical active windows have complete daily rows; no pre-launch zero fill,63.08378602833415,65.0,0.2731614060626561,28.115,29.049,0.08900756564307966,0.06675567423230974,6,6.0,0.033220700693580074,40.360029115352845,66.15026593221589,58.458386168023196,44.303363664972075,72.6134086710743,5.203238644238823
2026-11-24,2026-11-01,Pattaya_Beach,PassionFruit,53.25514752378437,exp_smoothing_4w,active SKU window only; historical active windows have complete daily rows; no pre-launch zero fill,63.08378602833415,65.0,0.2731614060626561,28.115,29.049,0.08900756564307966,0.06675567423230974,6,6.0,0.033220700693580074,40.360029115352845,66.15026593221589,58.458386168023196,44.303363664972075,72.6134086710743,5.203238644238823
2026-11-25,2026-11-01,Pattaya_Beach,PassionFruit,53.25514752378437,exp_smoothing_4w,active SKU window only; historical active windows have complete daily rows; no pre-launch zero fill,63.08378602833415,65.0,0.2731614060626561,28.115,29.049,0.08900756564307966,0.06675567423230974,6,6.0,0.033220700693580074,40.360029115352845,66.15026593221589,58.458386168023196,44.303363664972075,72.6134086710743,5.203238644238823
2026-11-26,2026-11-01,Pattaya_Beach,PassionFruit,53.25514752378437,exp_smoothing_4w,active SKU window only; historical active windows have complete daily rows; no pre-launch zero fill,63.08378602833415,65.0,0.2731614060626561,28.115,29.049,0.08900756564307966,0.06675567423230974,6,6.0,0.033220700693580074,40.360029115352845,66.15026593221589,58.458386168023196,44.303363664972075,72.6134086710743,5.203238644238823
2026-11-27,2026-11-01,Pattaya_Beach,PassionFruit,53.25514752378437,exp_smoothing_4w,active SKU window only; historical active windows have complete daily rows; no pre-launch zero fill,63.08378602833415,65.0,0.2731614060626561,28.115,29.049,0.08900756564307966,0.06675567423230974,6,6.0,0.033220700693580074,40.360029115352845,66.15026593221589,58.458386168023196,44.303363664972075,72.6134086710743,5.203238644238823
2026-11-28,2026-11-01,Pattaya_Beach,PassionFruit,53.25514752378437,exp_smoothing_4w,active SKU window only; historical active windows have complete daily rows; no pre-launch zero fill,63.08378602833415,65.0,0.2731614060626561,28.115,29.049,0.08900756564307966,0.06675567423230974,6,6.0,0.033220700693580074,40.360029115352845,66.15026593221589,58.458386168023196,44.303363664972075,72.6134086710743,5.203238644238823
2026-11-29,2026-11-01,Pattaya_Beach,PassionFruit,53.25514752378437,exp_smoothing_4w,active SKU window only; historical active windows have complete daily rows; no pre-launch zero fill,63.08378602833415,65.0,0.2731614060626561,28.115,29.049,0.08900756564307966,0.06675567423230974,6,6.0,0.033220700693580074,40.360029115352845,66.15026593221589,58.458386168023196,44.303363664972075,72.6134086710743,5.203238644238823
2026-11-30,2026-11-01,Pattaya_Beach,PassionFruit,53.25514752378437,exp_smoothing_4w,active SKU window only; historical active windows have complete daily rows; no pre-launch zero fill,63.08378602833415,65.0,0.2731614060626561,28.115,29.049,0.08900756564307966,0.06675567423230974,6,6.0,0.033220700693580074,40.360029115352845,66.15026593221589,58.458386168023196,44.303363664972075,72.6134086710743,5.203238644238823
2026-09-01,2026-09-01,Pattaya_Beach,Pineapple,98.15852029824204,exp_smoothing_4w,active SKU window only; historical active windows have complete daily rows; no pre-launch zero fill,47.755436984804845,49.0,0.27199721193426646,10.435,10.681999999999999,0.042233425282982975,0.031675068962237235,6,5.0,0.0236703402012457,74.39056920061425,121.92647139586981,102.48689282902161,77.67087635376478,127.30290930427842,4.328372530779575
2026-09-02,2026-09-01,Pattaya_Beach,Pineapple,98.15852029824204,exp_smoothing_4w,active SKU window only; historical active windows have complete daily rows; no pre-launch zero fill,47.755436984804845,49.0,0.27199721193426646,10.435,10.681999999999999,0.042233425282982975,0.031675068962237235,6,5.0,0.0236703402012457,74.39056920061425,121.92647139586981,102.48689282902161,77.67087635376478,127.30290930427842,4.328372530779575
2026-09-03,2026-09-01,Pattaya_Beach,Pineapple,98.15852029824204,exp_smoothing_4w,active SKU window only; historical active windows have complete daily rows; no pre-launch zero fill,47.755436984804845,49.0,0.27199721193426646,10.435,10.681999999999999,0.042233425282982975,0.031675068962237235,6,5.0,0.0236703402012457,74.39056920061425,121.92647139586981,102.48689282902161,77.67087635376478,127.30290930427842,4.328372530779575
2026-09-04,2026-09-01,Pattaya_Beach,Pineapple,98.15852029824204,exp_smoothing_4w,active SKU window only; historical active windows have complete daily rows; no pre-launch zero fill,47.755436984804845,49.0,0.27199721193426646,10.435,10.681999999999999,0.042233425282982975,0.031675068962237235,6,5.0,0.0236703402012457,74.39056920061425,121.92647139586981,102.48689282902161,77.67087635376478,127.30290930427842,4.328372530779575
2026-09-05,2026-09-01,Pattaya_Beach,Pineapple,98.15852029824204,exp_smoothing_4w,active SKU window only; historical active windows have complete daily rows; no pre-launch zero fill,47.755436984804845,49.0,0.27199721193426646,10.435,10.681999999999999,0.042233425282982975,0.031675068962237235,6,5.0,0.0236703402012457,74.39056920061425,121.92647139586981,102.48689282902161,77.67087635376478,127.30290930427842,4.328372530779575
2026-09-06,2026-09-01,Pattaya_Beach,Pineapple,98.15852029824204,exp_smoothing_4w,active SKU window only; historical active windows have complete daily rows; no pre-launch zero fill,47.755436984804845,49.0,0.27199721193426646,10.435,10.681999999999999,0.042233425282982975,0.031675068962237235,6,5.0,0.0236703402012457,74.39056920061425,121.92647139586981,102.48689282902161,77.67087635376478,127.30290930427842,4.328372530779575
2026-09-07,2026-09-01,Pattaya_Beach,Pineapple,98.15852029824204,exp_smoothing_4w,active SKU window only; historical active windows have complete daily rows; no pre-launch zero fill,47.755436984804845,49.0,0.27199721193426646,10.435,10.681999999999999,0.042233425282982975,0.031675068962237235,6,5.0,0.0236703402012457,74.39056920061425,121.92647139586981,102.48689282902161,77.67087635376478,127.30290930427842,4.328372530779575
2026-09-08,2026-09-01,Pattaya_Beach,Pineapple,98.15852029824204,exp_smoothing_4w,active SKU window only; historical active windows have complete daily rows; no pre-launch zero fill,47.755436984804845,49.0,0.27199721193426646,10.435,10.681999999999999,0.042233425282982975,0.031675068962237235,6,5.0,0.0236703402012457,74.39056920061425,121.92647139586981,102.48689282902161,77.67087635376478,127.30290930427842,4.328372530779575
2026-09-09,2026-09-01,Pattaya_Beach,Pineapple,98.15852029824204,exp_smoothing_4w,active SKU window only; historical active windows have complete daily rows; no pre-launch zero fill,47.755436984804845,49.0,0.27199721193426646,10.435,10.681999999999999,0.042233425282982975,0.031675068962237235,6,5.0,0.0236703402012457,74.39056920061425,121.92647139586981,102.48689282902161,77.67087635376478,127.30290930427842,4.328372530779575
2026-09-10,2026-09-01,Pattaya_Beach,Pineapple,98.15852029824204,exp_smoothing_4w,active SKU window only; historical active windows have complete daily rows; no pre-launch zero fill,47.755436984804845,49.0,0.27199721193426646,10.435,10.681999999999999,0.042233425282982975,0.031675068962237235,6,5.0,0.0236703402012457,74.39056920061425,121.92647139586981,102.48689282902161,77.67087635376478,127.30290930427842,4.328372530779575
2026-09-11,2026-09-01,Pattaya_Beach,Pineapple,98.15852029824204,exp_smoothing_4w,active SKU window only; historical active windows have complete daily rows; no pre-launch zero fill,47.755436984804845,49.0,0.27199721193426646,10.435,10.681999999999999,0.042233425282982975,0.031675068962237235,6,5.0,0.0236703402012457,74.39056920061425,121.92647139586981,102.48689282902161,77.67087635376478,127.30290930427842,4.328372530779575
2026-09-12,2026-09-01,Pattaya_Beach,Pineapple,98.15852029824204,exp_smoothing_4w,active SKU window only; historical active windows have complete daily rows; no pre-launch zero fill,47.755436984804845,49.0,0.27199721193426646,10.435,10.681999999999999,0.042233425282982975,0.031675068962237235,6,5.0,0.0236703402012457,74.39056920061425,121.92647139586981,102.48689282902161,77.67087635376478,127.30290930427842,4.328372530779575
2026-09-13,2026-09-01,Pattaya_Beach,Pineapple,98.15852029824204,exp_smoothing_4w,active SKU window only; historical active windows have complete daily rows; no pre-launch zero fill,47.755436984804845,49.0,0.27199721193426646,10.435,10.681999999999999,0.042233425282982975,0.031675068962237235,6,5.0,0.0236703402012457,74.39056920061425,121.92647139586981,102.48689282902161,77.67087635376478,127.30290930427842,4.328372530779575
2026-09-14,2026-09-01,Pattaya_Beach,Pineapple,98.15852029824204,exp_smoothing_4w,active SKU window only; historical active windows have complete daily rows; no pre-launch zero fill,47.755436984804845,49.0,0.27199721193426646,10.435,10.681999999999999,0.042233425282982975,0.031675068962237235,6,5.0,0.0236703402012457,74.39056920061425,121.92647139586981,102.48689282902161,77.67087635376478,127.30290930427842,4.328372530779575
2026-09-15,2026-09-01,Pattaya_Beach,Pineapple,98.15852029824204,exp_smoothing_4w,active SKU window only; historical active windows have complete daily rows; no pre-launch zero fill,47.755436984804845,49.0,0.27199721193426646,10.435,10.681999999999999,0.042233425282982975,0.031675068962237235,6,5.0,0.0236703402012457,74.39056920061425,121.92647139586981,102.48689282902161,77.67087635376478,127.30290930427842,4.328372530779575
2026-09-16,2026-09-01,Pattaya_Beach,Pineapple,98.15852029824204,exp_smoothing_4w,active SKU window only; historical active windows have complete daily rows; no pre-launch zero fill,47.755436984804845,49.0,0.27199721193426646,10.435,10.681999999999999,0.042233425282982975,0.031675068962237235,6,5.0,0.0236703402012457,74.39056920061425,121.92647139586981,102.48689282902161,77.67087635376478,127.30290930427842,4.328372530779575
2026-09-17,2026-09-01,Pattaya_Beach,Pineapple,98.15852029824204,exp_smoothing_4w,active SKU window only; historical active windows have complete daily rows; no pre-launch zero fill,47.755436984804845,49.0,0.27199721193426646,10.435,10.681999999999999,0.042233425282982975,0.031675068962237235,6,5.0,0.0236703402012457,74.39056920061425,121.92647139586981,102.48689282902161,77.67087635376478,127.30290930427842,4.328372530779575
2026-09-18,2026-09-01,Pattaya_Beach,Pineapple,98.15852029824204,exp_smoothing_4w,active SKU window only; historical active windows have complete daily rows; no pre-launch zero fill,47.755436984804845,49.0,0.27199721193426646,10.435,10.681999999999999,0.042233425282982975,0.031675068962237235,6,5.0,0.0236703402012457,74.39056920061425,121.92647139586981,102.48689282902161,77.67087635376478,127.30290930427842,4.328372530779575
2026-09-19,2026-09-01,Pattaya_Beach,Pineapple,98.15852029824204,exp_smoothing_4w,active SKU window only; historical active windows have complete daily rows; no pre-launch zero fill,47.755436984804845,49.0,0.27199721193426646,10.435,10.681999999999999,0.042233425282982975,0.031675068962237235,6,5.0,0.0236703402012457,74.39056920061425,121.92647139586981,102.48689282902161,77.67087635376478,127.30290930427842,4.328372530779575
2026-09-20,2026-09-01,Pattaya_Beach,Pineapple,98.15852029824204,exp_smoothing_4w,active SKU window only; historical active windows have complete daily rows; no pre-launch zero fill,47.755436984804845,49.0,0.27199721193426646,10.435,10.681999999999999,0.042233425282982975,0.031675068962237235,6,5.0,0.0236703402012457,74.39056920061425,121.92647139586981,102.48689282902161,77.67087635376478,127.30290930427842,4.328372530779575
2026-09-21,2026-09-01,Pattaya_Beach,Pineapple,98.15852029824204,exp_smoothing_4w,active SKU window only; historical active windows have complete daily rows; no pre-launch zero fill,47.755436984804845,49.0,0.27199721193426646,10.435,10.681999999999999,0.042233425282982975,0.031675068962237235,6,5.0,0.0236703402012457,74.39056920061425,121.92647139586981,102.48689282902161,77.67087635376478,127.30290930427842,4.328372530779575
2026-09-22,2026-09-01,Pattaya_Beach,Pineapple,98.15852029824204,exp_smoothing_4w,active SKU window only; historical active windows have complete daily rows; no pre-launch zero fill,47.755436984804845,49.0,0.27199721193426646,10.435,10.681999999999999,0.042233425282982975,0.031675068962237235,6,5.0,0.0236703402012457,74.39056920061425,121.92647139586981,102.48689282902161,77.67087635376478,127.30290930427842,4.328372530779575
2026-09-23,2026-09-01,Pattaya_Beach,Pineapple,98.15852029824204,exp_smoothing_4w,active SKU window only; historical active windows have complete daily rows; no pre-launch zero fill,47.755436984804845,49.0,0.27199721193426646,10.435,10.681999999999999,0.042233425282982975,0.031675068962237235,6,5.0,0.0236703402012457,74.39056920061425,121.92647139586981,102.48689282902161,77.67087635376478,127.30290930427842,4.328372530779575
2026-09-24,2026-09-01,Pattaya_Beach,Pineapple,98.15852029824204,exp_smoothing_4w,active SKU window only; historical active windows have complete daily rows; no pre-launch zero fill,47.755436984804845,49.0,0.27199721193426646,10.435,10.681999999999999,0.042233425282982975,0.031675068962237235,6,5.0,0.0236703402012457,74.39056920061425,121.92647139586981,102.48689282902161,77.67087635376478,127.30290930427842,4.328372530779575
2026-09-25,2026-09-01,Pattaya_Beach,Pineapple,98.15852029824204,exp_smoothing_4w,active SKU window only; historical active windows have complete daily rows; no pre-launch zero fill,47.755436984804845,49.0,0.27199721193426646,10.435,10.681999999999999,0.042233425282982975,0.031675068962237235,6,5.0,0.0236703402012457,74.39056920061425,121.92647139586981,102.48689282902161,77.67087635376478,127.30290930427842,4.328372530779575
2026-09-26,2026-09-01,Pattaya_Beach,Pineapple,98.15852029824204,exp_smoothing_4w,active SKU window only; historical active windows have complete daily rows; no pre-launch zero fill,47.755436984804845,49.0,0.27199721193426646,10.435,10.681999999999999,0.042233425282982975,0.031675068962237235,6,5.0,0.0236703402012457,74.39056920061425,121.92647139586981,102.48689282902161,77.67087635376478,127.30290930427842,4.328372530779575
2026-09-27,2026-09-01,Pattaya_Beach,Pineapple,98.15852029824204,exp_smoothing_4w,active SKU window only; historical active windows have complete daily rows; no pre-launch zero fill,47.755436984804845,49.0,0.27199721193426646,10.435,10.681999999999999,0.042233425282982975,0.031675068962237235,6,5.0,0.0236703402012457,74.39056920061425,121.92647139586981,102.48689282902161,77.67087635376478,127.30290930427842,4.328372530779575
2026-09-28,2026-09-01,Pattaya_Beach,Pineapple,98.15852029824204,exp_smoothing_4w,active SKU window only; historical active windows have complete daily rows; no pre-launch zero fill,47.755436984804845,49.0,0.27199721193426646,10.435,10.681999999999999,0.042233425282982975,0.031675068962237235,6,5.0,0.0236703402012457,74.39056920061425,121.92647139586981,102.48689282902161,77.67087635376478,127.30290930427842,4.328372530779575
2026-09-29,2026-09-01,Pattaya_Beach,Pineapple,98.15852029824204,exp_smoothing_4w,active SKU window only; historical active windows have complete daily rows; no pre-launch zero fill,47.755436984804845,49.0,0.27199721193426646,10.435,10.681999999999999,0.042233425282982975,0.031675068962237235,6,5.0,0.0236703402012457,74.39056920061425,121.92647139586981,102.48689282902161,77.67087635376478,127.30290930427842,4.328372530779575
2026-09-30,2026-09-01,Pattaya_Beach,Pineapple,98.15852029824204,exp_smoothing_4w,active SKU window only; historical active windows have complete daily rows; no pre-launch zero fill,47.755436984804845,49.0,0.27199721193426646,10.435,10.681999999999999,0.042233425282982975,0.031675068962237235,6,5.0,0.0236703402012457,74.39056920061425,121.92647139586981,102.48689282902161,77.67087635376478,127.30290930427842,4.328372530779575
2026-10-01,2026-10-01,Pattaya_Beach,Pineapple,98.15852029824204,exp_smoothing_4w,active SKU window only; historical active windows have complete daily rows; no pre-launch zero fill,47.755436984804845,49.0,0.27199721193426646,10.435,10.681999999999999,0.042233425282982975,0.031675068962237235,6,5.0,0.0236703402012457,74.39056920061425,121.92647139586981,102.48689282902161,77.67087635376478,127.30290930427842,4.328372530779575
2026-10-02,2026-10-01,Pattaya_Beach,Pineapple,98.15852029824204,exp_smoothing_4w,active SKU window only; historical active windows have complete daily rows; no pre-launch zero fill,47.755436984804845,49.0,0.27199721193426646,10.435,10.681999999999999,0.042233425282982975,0.031675068962237235,6,5.0,0.0236703402012457,74.39056920061425,121.92647139586981,102.48689282902161,77.67087635376478,127.30290930427842,4.328372530779575
2026-10-03,2026-10-01,Pattaya_Beach,Pineapple,98.15852029824204,exp_smoothing_4w,active SKU window only; historical active windows have complete daily rows; no pre-launch zero fill,47.755436984804845,49.0,0.27199721193426646,10.435,10.681999999999999,0.042233425282982975,0.031675068962237235,6,5.0,0.0236703402012457,74.39056920061425,121.92647139586981,102.48689282902161,77.67087635376478,127.30290930427842,4.328372530779575
2026-10-04,2026-10-01,Pattaya_Beach,Pineapple,98.15852029824204,exp_smoothing_4w,active SKU window only; historical active windows have complete daily rows; no pre-launch zero fill,47.755436984804845,49.0,0.27199721193426646,10.435,10.681999999999999,0.042233425282982975,0.031675068962237235,6,5.0,0.0236703402012457,74.39056920061425,121.92647139586981,102.48689282902161,77.67087635376478,127.30290930427842,4.328372530779575
2026-10-05,2026-10-01,Pattaya_Beach,Pineapple,98.15852029824204,exp_smoothing_4w,active SKU window only; historical active windows have complete daily rows; no pre-launch zero fill,47.755436984804845,49.0,0.27199721193426646,10.435,10.681999999999999,0.042233425282982975,0.031675068962237235,6,5.0,0.0236703402012457,74.39056920061425,121.92647139586981,102.48689282902161,77.67087635376478,127.30290930427842,4.328372530779575
2026-10-06,2026-10-01,Pattaya_Beach,Pineapple,98.15852029824204,exp_smoothing_4w,active SKU window only; historical active windows have complete daily rows; no pre-launch zero fill,47.755436984804845,49.0,0.27199721193426646,10.435,10.681999999999999,0.042233425282982975,0.031675068962237235,6,5.0,0.0236703402012457,74.39056920061425,121.92647139586981,102.48689282902161,77.67087635376478,127.30290930427842,4.328372530779575
2026-10-07,2026-10-01,Pattaya_Beach,Pineapple,98.15852029824204,exp_smoothing_4w,active SKU window only; historical active windows have complete daily rows; no pre-launch zero fill,47.755436984804845,49.0,0.27199721193426646,10.435,10.681999999999999,0.042233425282982975,0.031675068962237235,6,5.0,0.0236703402012457,74.39056920061425,121.92647139586981,102.48689282902161,77.67087635376478,127.30290930427842,4.328372530779575
2026-10-08,2026-10-01,Pattaya_Beach,Pineapple,98.15852029824204,exp_smoothing_4w,active SKU window only; historical active windows have complete daily rows; no pre-launch zero fill,47.755436984804845,49.0,0.27199721193426646,10.435,10.681999999999999,0.042233425282982975,0.031675068962237235,6,5.0,0.0236703402012457,74.39056920061425,121.92647139586981,102.48689282902161,77.67087635376478,127.30290930427842,4.328372530779575
2026-10-09,2026-10-01,Pattaya_Beach,Pineapple,98.15852029824204,exp_smoothing_4w,active SKU window only; historical active windows have complete daily rows; no pre-launch zero fill,47.755436984804845,49.0,0.27199721193426646,10.435,10.681999999999999,0.042233425282982975,0.031675068962237235,6,5.0,0.0236703402012457,74.39056920061425,121.92647139586981,102.48689282902161,77.67087635376478,127.30290930427842,4.328372530779575
2026-10-10,2026-10-01,Pattaya_Beach,Pineapple,98.15852029824204,exp_smoothing_4w,active SKU window only; historical active windows have complete daily rows; no pre-launch zero fill,47.755436984804845,49.0,0.27199721193426646,10.435,10.681999999999999,0.042233425282982975,0.031675068962237235,6,5.0,0.0236703402012457,74.39056920061425,121.92647139586981,102.48689282902161,77.67087635376478,127.30290930427842,4.328372530779575
2026-10-11,2026-10-01,Pattaya_Beach,Pineapple,98.15852029824204,exp_smoothing_4w,active SKU window only; historical active windows have complete daily rows; no pre-launch zero fill,47.755436984804845,49.0,0.27199721193426646,10.435,10.681999999999999,0.042233425282982975,0.031675068962237235,6,5.0,0.0236703402012457,74.39056920061425,121.92647139586981,102.48689282902161,77.67087635376478,127.30290930427842,4.328372530779575
2026-10-12,2026-10-01,Pattaya_Beach,Pineapple,98.15852029824204,exp_smoothing_4w,active SKU window only; historical active windows have complete daily rows; no pre-launch zero fill,47.755436984804845,49.0,0.27199721193426646,10.435,10.681999999999999,0.042233425282982975,0.031675068962237235,6,5.0,0.0236703402012457,74.39056920061425,121.92647139586981,102.48689282902161,77.67087635376478,127.30290930427842,4.328372530779575
2026-10-13,2026-10-01,Pattaya_Beach,Pineapple,98.15852029824204,exp_smoothing_4w,active SKU window only; historical active windows have complete daily rows; no pre-launch zero fill,47.755436984804845,49.0,0.27199721193426646,10.435,10.681999999999999,0.042233425282982975,0.031675068962237235,6,5.0,0.0236703402012457,74.39056920061425,121.92647139586981,102.48689282902161,77.67087635376478,127.30290930427842,4.328372530779575
2026-10-14,2026-10-01,Pattaya_Beach,Pineapple,98.15852029824204,exp_smoothing_4w,active SKU window only; historical active windows have complete daily rows; no pre-launch zero fill,47.755436984804845,49.0,0.27199721193426646,10.435,10.681999999999999,0.042233425282982975,0.031675068962237235,6,5.0,0.0236703402012457,74.39056920061425,121.92647139586981,102.48689282902161,77.67087635376478,127.30290930427842,4.328372530779575
2026-10-15,2026-10-01,Pattaya_Beach,Pineapple,98.15852029824204,exp_smoothing_4w,active SKU window only; historical active windows have complete daily rows; no pre-launch zero fill,47.755436984804845,49.0,0.27199721193426646,10.435,10.681999999999999,0.042233425282982975,0.031675068962237235,6,5.0,0.0236703402012457,74.39056920061425,121.92647139586981,102.48689282902161,77.67087635376478,127.30290930427842,4.328372530779575
2026-10-16,2026-10-01,Pattaya_Beach,Pineapple,98.15852029824204,exp_smoothing_4w,active SKU window only; historical active windows have complete daily rows; no pre-launch zero fill,47.755436984804845,49.0,0.27199721193426646,10.435,10.681999999999999,0.042233425282982975,0.031675068962237235,6,5.0,0.0236703402012457,74.39056920061425,121.92647139586981,102.48689282902161,77.67087635376478,127.30290930427842,4.328372530779575
2026-10-17,2026-10-01,Pattaya_Beach,Pineapple,98.15852029824204,exp_smoothing_4w,active SKU window only; historical active windows have complete daily rows; no pre-launch zero fill,47.755436984804845,49.0,0.27199721193426646,10.435,10.681999999999999,0.042233425282982975,0.031675068962237235,6,5.0,0.0236703402012457,74.39056920061425,121.92647139586981,102.48689282902161,77.67087635376478,127.30290930427842,4.328372530779575
2026-10-18,2026-10-01,Pattaya_Beach,Pineapple,98.15852029824204,exp_smoothing_4w,active SKU window only; historical active windows have complete daily rows; no pre-launch zero fill,47.755436984804845,49.0,0.27199721193426646,10.435,10.681999999999999,0.042233425282982975,0.031675068962237235,6,5.0,0.0236703402012457,74.39056920061425,121.92647139586981,102.48689282902161,77.67087635376478,127.30290930427842,4.328372530779575
2026-10-19,2026-10-01,Pattaya_Beach,Pineapple,98.15852029824204,exp_smoothing_4w,active SKU window only; historical active windows have complete daily rows; no pre-launch zero fill,47.755436984804845,49.0,0.27199721193426646,10.435,10.681999999999999,0.042233425282982975,0.031675068962237235,6,5.0,0.0236703402012457,74.39056920061425,121.92647139586981,102.48689282902161,77.67087635376478,127.30290930427842,4.328372530779575
2026-10-20,2026-10-01,Pattaya_Beach,Pineapple,98.15852029824204,exp_smoothing_4w,active SKU window only; historical active windows have complete daily rows; no pre-launch zero fill,47.755436984804845,49.0,0.27199721193426646,10.435,10.681999999999999,0.042233425282982975,0.031675068962237235,6,5.0,0.0236703402012457,74.39056920061425,121.92647139586981,102.48689282902161,77.67087635376478,127.30290930427842,4.328372530779575
2026-10-21,2026-10-01,Pattaya_Beach,Pineapple,98.15852029824204,exp_smoothing_4w,active SKU window only; historical active windows have complete daily rows; no pre-launch zero fill,47.755436984804845,49.0,0.27199721193426646,10.435,10.681999999999999,0.042233425282982975,0.031675068962237235,6,5.0,0.0236703402012457,74.39056920061425,121.92647139586981,102.48689282902161,77.67087635376478,127.30290930427842,4.328372530779575
2026-10-22,2026-10-01,Pattaya_Beach,Pineapple,98.15852029824204,exp_smoothing_4w,active SKU window only; historical active windows have complete daily rows; no pre-launch zero fill,47.755436984804845,49.0,0.27199721193426646,10.435,10.681999999999999,0.042233425282982975,0.031675068962237235,6,5.0,0.0236703402012457,74.39056920061425,121.92647139586981,102.48689282902161,77.67087635376478,127.30290930427842,4.328372530779575
2026-10-23,2026-10-01,Pattaya_Beach,Pineapple,98.15852029824204,exp_smoothing_4w,active SKU window only; historical active windows have complete daily rows; no pre-launch zero fill,47.755436984804845,49.0,0.27199721193426646,10.435,10.681999999999999,0.042233425282982975,0.031675068962237235,6,5.0,0.0236703402012457,74.39056920061425,121.92647139586981,102.48689282902161,77.67087635376478,127.30290930427842,4.328372530779575
2026-10-24,2026-10-01,Pattaya_Beach,Pineapple,98.15852029824204,exp_smoothing_4w,active SKU window only; historical active windows have complete daily rows; no pre-launch zero fill,47.755436984804845,49.0,0.27199721193426646,10.435,10.681999999999999,0.042233425282982975,0.031675068962237235,6,5.0,0.0236703402012457,74.39056920061425,121.92647139586981,102.48689282902161,77.67087635376478,127.30290930427842,4.328372530779575
2026-10-25,2026-10-01,Pattaya_Beach,Pineapple,98.15852029824204,exp_smoothing_4w,active SKU window only; historical active windows have complete daily rows; no pre-launch zero fill,47.755436984804845,49.0,0.27199721193426646,10.435,10.681999999999999,0.042233425282982975,0.031675068962237235,6,5.0,0.0236703402012457,74.39056920061425,121.92647139586981,102.48689282902161,77.67087635376478,127.30290930427842,4.328372530779575
2026-10-26,2026-10-01,Pattaya_Beach,Pineapple,98.15852029824204,exp_smoothing_4w,active SKU window only; historical active windows have complete daily rows; no pre-launch zero fill,47.755436984804845,49.0,0.27199721193426646,10.435,10.681999999999999,0.042233425282982975,0.031675068962237235,6,5.0,0.0236703402012457,74.39056920061425,121.92647139586981,102.48689282902161,77.67087635376478,127.30290930427842,4.328372530779575
2026-10-27,2026-10-01,Pattaya_Beach,Pineapple,98.15852029824204,exp_smoothing_4w,active SKU window only; historical active windows have complete daily rows; no pre-launch zero fill,47.755436984804845,49.0,0.27199721193426646,10.435,10.681999999999999,0.042233425282982975,0.031675068962237235,6,5.0,0.0236703402012457,74.39056920061425,121.92647139586981,102.48689282902161,77.67087635376478,127.30290930427842,4.328372530779575
2026-10-28,2026-10-01,Pattaya_Beach,Pineapple,98.15852029824204,exp_smoothing_4w,active SKU window only; historical active windows have complete daily rows; no pre-launch zero fill,47.755436984804845,49.0,0.27199721193426646,10.435,10.681999999999999,0.042233425282982975,0.031675068962237235,6,5.0,0.0236703402012457,74.39056920061425,121.92647139586981,102.48689282902161,77.67087635376478,127.30290930427842,4.328372530779575
2026-10-29,2026-10-01,Pattaya_Beach,Pineapple,98.15852029824204,exp_smoothing_4w,active SKU window only; historical active windows have complete daily rows; no pre-launch zero fill,47.755436984804845,49.0,0.27199721193426646,10.435,10.681999999999999,0.042233425282982975,0.031675068962237235,6,5.0,0.0236703402012457,74.39056920061425,121.92647139586981,102.48689282902161,77.67087635376478,127.30290930427842,4.328372530779575
2026-10-30,2026-10-01,Pattaya_Beach,Pineapple,98.15852029824204,exp_smoothing_4w,active SKU window only; historical active windows have complete daily rows; no pre-launch zero fill,47.755436984804845,49.0,0.27199721193426646,10.435,10.681999999999999,0.042233425282982975,0.031675068962237235,6,5.0,0.0236703402012457,74.39056920061425,121.92647139586981,102.48689282902161,77.67087635376478,127.30290930427842,4.328372530779575
2026-10-31,2026-10-01,Pattaya_Beach,Pineapple,98.15852029824204,exp_smoothing_4w,active SKU window only; historical active windows have complete daily rows; no pre-launch zero fill,47.755436984804845,49.0,0.27199721193426646,10.435,10.681999999999999,0.042233425282982975,0.031675068962237235,6,5.0,0.0236703402012457,74.39056920061425,121.92647139586981,102.48689282902161,77.67087635376478,127.30290930427842,4.328372530779575
2026-11-01,2026-11-01,Pattaya_Beach,Pineapple,98.15852029824204,exp_smoothing_4w,active SKU window only; historical active windows have complete daily rows; no pre-launch zero fill,47.755436984804845,49.0,0.27199721193426646,10.435,10.681999999999999,0.042233425282982975,0.031675068962237235,6,5.0,0.0236703402012457,74.39056920061425,121.92647139586981,102.48689282902161,77.67087635376478,127.30290930427842,4.328372530779575
2026-11-02,2026-11-01,Pattaya_Beach,Pineapple,98.15852029824204,exp_smoothing_4w,active SKU window only; historical active windows have complete daily rows; no pre-launch zero fill,47.755436984804845,49.0,0.27199721193426646,10.435,10.681999999999999,0.042233425282982975,0.031675068962237235,6,5.0,0.0236703402012457,74.39056920061425,121.92647139586981,102.48689282902161,77.67087635376478,127.30290930427842,4.328372530779575
2026-11-03,2026-11-01,Pattaya_Beach,Pineapple,98.15852029824204,exp_smoothing_4w,active SKU window only; historical active windows have complete daily rows; no pre-launch zero fill,47.755436984804845,49.0,0.27199721193426646,10.435,10.681999999999999,0.042233425282982975,0.031675068962237235,6,5.0,0.0236703402012457,74.39056920061425,121.92647139586981,102.48689282902161,77.67087635376478,127.30290930427842,4.328372530779575
2026-11-04,2026-11-01,Pattaya_Beach,Pineapple,98.15852029824204,exp_smoothing_4w,active SKU window only; historical active windows have complete daily rows; no pre-launch zero fill,47.755436984804845,49.0,0.27199721193426646,10.435,10.681999999999999,0.042233425282982975,0.031675068962237235,6,5.0,0.0236703402012457,74.39056920061425,121.92647139586981,102.48689282902161,77.67087635376478,127.30290930427842,4.328372530779575
2026-11-05,2026-11-01,Pattaya_Beach,Pineapple,98.15852029824204,exp_smoothing_4w,active SKU window only; historical active windows have complete daily rows; no pre-launch zero fill,47.755436984804845,49.0,0.27199721193426646,10.435,10.681999999999999,0.042233425282982975,0.031675068962237235,6,5.0,0.0236703402012457,74.39056920061425,121.92647139586981,102.48689282902161,77.67087635376478,127.30290930427842,4.328372530779575
2026-11-06,2026-11-01,Pattaya_Beach,Pineapple,98.15852029824204,exp_smoothing_4w,active SKU window only; historical active windows have complete daily rows; no pre-launch zero fill,47.755436984804845,49.0,0.27199721193426646,10.435,10.681999999999999,0.042233425282982975,0.031675068962237235,6,5.0,0.0236703402012457,74.39056920061425,121.92647139586981,102.48689282902161,77.67087635376478,127.30290930427842,4.328372530779575
2026-11-07,2026-11-01,Pattaya_Beach,Pineapple,98.15852029824204,exp_smoothing_4w,active SKU window only; historical active windows have complete daily rows; no pre-launch zero fill,47.755436984804845,49.0,0.27199721193426646,10.435,10.681999999999999,0.042233425282982975,0.031675068962237235,6,5.0,0.0236703402012457,74.39056920061425,121.92647139586981,102.48689282902161,77.67087635376478,127.30290930427842,4.328372530779575
2026-11-08,2026-11-01,Pattaya_Beach,Pineapple,98.15852029824204,exp_smoothing_4w,active SKU window only; historical active windows have complete daily rows; no pre-launch zero fill,47.755436984804845,49.0,0.27199721193426646,10.435,10.681999999999999,0.042233425282982975,0.031675068962237235,6,5.0,0.0236703402012457,74.39056920061425,121.92647139586981,102.48689282902161,77.67087635376478,127.30290930427842,4.328372530779575
2026-11-09,2026-11-01,Pattaya_Beach,Pineapple,98.15852029824204,exp_smoothing_4w,active SKU window only; historical active windows have complete daily rows; no pre-launch zero fill,47.755436984804845,49.0,0.27199721193426646,10.435,10.681999999999999,0.042233425282982975,0.031675068962237235,6,5.0,0.0236703402012457,74.39056920061425,121.92647139586981,102.48689282902161,77.67087635376478,127.30290930427842,4.328372530779575
2026-11-10,2026-11-01,Pattaya_Beach,Pineapple,98.15852029824204,exp_smoothing_4w,active SKU window only; historical active windows have complete daily rows; no pre-launch zero fill,47.755436984804845,49.0,0.27199721193426646,10.435,10.681999999999999,0.042233425282982975,0.031675068962237235,6,5.0,0.0236703402012457,74.39056920061425,121.92647139586981,102.48689282902161,77.67087635376478,127.30290930427842,4.328372530779575
2026-11-11,2026-11-01,Pattaya_Beach,Pineapple,98.15852029824204,exp_smoothing_4w,active SKU window only; historical active windows have complete daily rows; no pre-launch zero fill,47.755436984804845,49.0,0.27199721193426646,10.435,10.681999999999999,0.042233425282982975,0.031675068962237235,6,5.0,0.0236703402012457,74.39056920061425,121.92647139586981,102.48689282902161,77.67087635376478,127.30290930427842,4.328372530779575
2026-11-12,2026-11-01,Pattaya_Beach,Pineapple,98.15852029824204,exp_smoothing_4w,active SKU window only; historical active windows have complete daily rows; no pre-launch zero fill,47.755436984804845,49.0,0.27199721193426646,10.435,10.681999999999999,0.042233425282982975,0.031675068962237235,6,5.0,0.0236703402012457,74.39056920061425,121.92647139586981,102.48689282902161,77.67087635376478,127.30290930427842,4.328372530779575
2026-11-13,2026-11-01,Pattaya_Beach,Pineapple,98.15852029824204,exp_smoothing_4w,active SKU window only; historical active windows have complete daily rows; no pre-launch zero fill,47.755436984804845,49.0,0.27199721193426646,10.435,10.681999999999999,0.042233425282982975,0.031675068962237235,6,5.0,0.0236703402012457,74.39056920061425,121.92647139586981,102.48689282902161,77.67087635376478,127.30290930427842,4.328372530779575
2026-11-14,2026-11-01,Pattaya_Beach,Pineapple,98.15852029824204,exp_smoothing_4w,active SKU window only; historical active windows have complete daily rows; no pre-launch zero fill,47.755436984804845,49.0,0.27199721193426646,10.435,10.681999999999999,0.042233425282982975,0.031675068962237235,6,5.0,0.0236703402012457,74.39056920061425,121.92647139586981,102.48689282902161,77.67087635376478,127.30290930427842,4.328372530779575
2026-11-15,2026-11-01,Pattaya_Beach,Pineapple,98.15852029824204,exp_smoothing_4w,active SKU window only; historical active windows have complete daily rows; no pre-launch zero fill,47.755436984804845,49.0,0.27199721193426646,10.435,10.681999999999999,0.042233425282982975,0.031675068962237235,6,5.0,0.0236703402012457,74.39056920061425,121.92647139586981,102.48689282902161,77.67087635376478,127.30290930427842,4.328372530779575
2026-11-16,2026-11-01,Pattaya_Beach,Pineapple,98.15852029824204,exp_smoothing_4w,active SKU window only; historical active windows have complete daily rows; no pre-launch zero fill,47.755436984804845,49.0,0.27199721193426646,10.435,10.681999999999999,0.042233425282982975,0.031675068962237235,6,5.0,0.0236703402012457,74.39056920061425,121.92647139586981,102.48689282902161,77.67087635376478,127.30290930427842,4.328372530779575
2026-11-17,2026-11-01,Pattaya_Beach,Pineapple,98.15852029824204,exp_smoothing_4w,active SKU window only; historical active windows have complete daily rows; no pre-launch zero fill,47.755436984804845,49.0,0.27199721193426646,10.435,10.681999999999999,0.042233425282982975,0.031675068962237235,6,5.0,0.0236703402012457,74.39056920061425,121.92647139586981,102.48689282902161,77.67087635376478,127.30290930427842,4.328372530779575
2026-11-18,2026-11-01,Pattaya_Beach,Pineapple,98.15852029824204,exp_smoothing_4w,active SKU window only; historical active windows have complete daily rows; no pre-launch zero fill,47.755436984804845,49.0,0.27199721193426646,10.435,10.681999999999999,0.042233425282982975,0.031675068962237235,6,5.0,0.0236703402012457,74.39056920061425,121.92647139586981,102.48689282902161,77.67087635376478,127.30290930427842,4.328372530779575
2026-11-19,2026-11-01,Pattaya_Beach,Pineapple,98.15852029824204,exp_smoothing_4w,active SKU window only; historical active windows have complete daily rows; no pre-launch zero fill,47.755436984804845,49.0,0.27199721193426646,10.435,10.681999999999999,0.042233425282982975,0.031675068962237235,6,5.0,0.0236703402012457,74.39056920061425,121.92647139586981,102.48689282902161,77.67087635376478,127.30290930427842,4.328372530779575
2026-11-20,2026-11-01,Pattaya_Beach,Pineapple,98.15852029824204,exp_smoothing_4w,active SKU window only; historical active windows have complete daily rows; no pre-launch zero fill,47.755436984804845,49.0,0.27199721193426646,10.435,10.681999999999999,0.042233425282982975,0.031675068962237235,6,5.0,0.0236703402012457,74.39056920061425,121.92647139586981,102.48689282902161,77.67087635376478,127.30290930427842,4.328372530779575
2026-11-21,2026-11-01,Pattaya_Beach,Pineapple,98.15852029824204,exp_smoothing_4w,active SKU window only; historical active windows have complete daily rows; no pre-launch zero fill,47.755436984804845,49.0,0.27199721193426646,10.435,10.681999999999999,0.042233425282982975,0.031675068962237235,6,5.0,0.0236703402012457,74.39056920061425,121.92647139586981,102.48689282902161,77.67087635376478,127.30290930427842,4.328372530779575
2026-11-22,2026-11-01,Pattaya_Beach,Pineapple,98.15852029824204,exp_smoothing_4w,active SKU window only; historical active windows have complete daily rows; no pre-launch zero fill,47.755436984804845,49.0,0.27199721193426646,10.435,10.681999999999999,0.042233425282982975,0.031675068962237235,6,5.0,0.0236703402012457,74.39056920061425,121.92647139586981,102.48689282902161,77.67087635376478,127.30290930427842,4.328372530779575
2026-11-23,2026-11-01,Pattaya_Beach,Pineapple,98.15852029824204,exp_smoothing_4w,active SKU window only; historical active windows have complete daily rows; no pre-launch zero fill,47.755436984804845,49.0,0.27199721193426646,10.435,10.681999999999999,0.042233425282982975,0.031675068962237235,6,5.0,0.0236703402012457,74.39056920061425,121.92647139586981,102.48689282902161,77.67087635376478,127.30290930427842,4.328372530779575
2026-11-24,2026-11-01,Pattaya_Beach,Pineapple,98.15852029824204,exp_smoothing_4w,active SKU window only; historical active windows have complete daily rows; no pre-launch zero fill,47.755436984804845,49.0,0.27199721193426646,10.435,10.681999999999999,0.042233425282982975,0.031675068962237235,6,5.0,0.0236703402012457,74.39056920061425,121.92647139586981,102.48689282902161,77.67087635376478,127.30290930427842,4.328372530779575
2026-11-25,2026-11-01,Pattaya_Beach,Pineapple,98.15852029824204,exp_smoothing_4w,active SKU window only; historical active windows have complete daily rows; no pre-launch zero fill,47.755436984804845,49.0,0.27199721193426646,10.435,10.681999999999999,0.042233425282982975,0.031675068962237235,6,5.0,0.0236703402012457,74.39056920061425,121.92647139586981,102.48689282902161,77.67087635376478,127.30290930427842,4.328372530779575
2026-11-26,2026-11-01,Pattaya_Beach,Pineapple,98.15852029824204,exp_smoothing_4w,active SKU window only; historical active windows have complete daily rows; no pre-launch zero fill,47.755436984804845,49.0,0.27199721193426646,10.435,10.681999999999999,0.042233425282982975,0.031675068962237235,6,5.0,0.0236703402012457,74.39056920061425,121.92647139586981,102.48689282902161,77.67087635376478,127.30290930427842,4.328372530779575
2026-11-27,2026-11-01,Pattaya_Beach,Pineapple,98.15852029824204,exp_smoothing_4w,active SKU window only; historical active windows have complete daily rows; no pre-launch zero fill,47.755436984804845,49.0,0.27199721193426646,10.435,10.681999999999999,0.042233425282982975,0.031675068962237235,6,5.0,0.0236703402012457,74.39056920061425,121.92647139586981,102.48689282902161,77.67087635376478,127.30290930427842,4.328372530779575
2026-11-28,2026-11-01,Pattaya_Beach,Pineapple,98.15852029824204,exp_smoothing_4w,active SKU window only; historical active windows have complete daily rows; no pre-launch zero fill,47.755436984804845,49.0,0.27199721193426646,10.435,10.681999999999999,0.042233425282982975,0.031675068962237235,6,5.0,0.0236703402012457,74.39056920061425,121.92647139586981,102.48689282902161,77.67087635376478,127.30290930427842,4.328372530779575
2026-11-29,2026-11-01,Pattaya_Beach,Pineapple,98.15852029824204,exp_smoothing_4w,active SKU window only; historical active windows have complete daily rows; no pre-launch zero fill,47.755436984804845,49.0,0.27199721193426646,10.435,10.681999999999999,0.042233425282982975,0.031675068962237235,6,5.0,0.0236703402012457,74.39056920061425,121.92647139586981,102.48689282902161,77.67087635376478,127.30290930427842,4.328372530779575
2026-11-30,2026-11-01,Pattaya_Beach,Pineapple,98.15852029824204,exp_smoothing_4w,active SKU window only; historical active windows have complete daily rows; no pre-launch zero fill,47.755436984804845,49.0,0.27199721193426646,10.435,10.681999999999999,0.042233425282982975,0.031675068962237235,6,5.0,0.0236703402012457,74.39056920061425,121.92647139586981,102.48689282902161,77.67087635376478,127.30290930427842,4.328372530779575
2026-09-01,2026-09-01,Pattaya_Beach,Watermelon,155.515512857461,exp_smoothing_4w,active SKU window only; historical active windows have complete daily rows; no pre-launch zero fill,44.01069549970777,45.0,0.2697136740843242,7.885,8.224,0.03236144275480709,0.024271082066105315,6,5.0,0.04299302473050104,117.8592289883893,193.17179672653268,160.71653169774885,121.80088123392606,199.6321821615716,5.201018840287844
2026-09-02,2026-09-01,Pattaya_Beach,Watermelon,155.515512857461,exp_smoothing_4w,active SKU window only; historical active windows have complete daily rows; no pre-launch zero fill,44.01069549970777,45.0,0.2697136740843242,7.885,8.224,0.03236144275480709,0.024271082066105315,6,5.0,0.04299302473050104,117.8592289883893,193.17179672653268,160.71653169774885,121.80088123392606,199.6321821615716,5.201018840287844
2026-09-03,2026-09-01,Pattaya_Beach,Watermelon,155.515512857461,exp_smoothing_4w,active SKU window only; historical active windows have complete daily rows; no pre-launch zero fill,44.01069549970777,45.0,0.2697136740843242,7.885,8.224,0.03236144275480709,0.024271082066105315,6,5.0,0.04299302473050104,117.8592289883893,193.17179672653268,160.71653169774885,121.80088123392606,199.6321821615716,5.201018840287844
2026-09-04,2026-09-01,Pattaya_Beach,Watermelon,155.515512857461,exp_smoothing_4w,active SKU window only; historical active windows have complete daily rows; no pre-launch zero fill,44.01069549970777,45.0,0.2697136740843242,7.885,8.224,0.03236144275480709,0.024271082066105315,6,5.0,0.04299302473050104,117.8592289883893,193.17179672653268,160.71653169774885,121.80088123392606,199.6321821615716,5.201018840287844
2026-09-05,2026-09-01,Pattaya_Beach,Watermelon,155.515512857461,exp_smoothing_4w,active SKU window only; historical active windows have complete daily rows; no pre-launch zero fill,44.01069549970777,45.0,0.2697136740843242,7.885,8.224,0.03236144275480709,0.024271082066105315,6,5.0,0.04299302473050104,117.8592289883893,193.17179672653268,160.71653169774885,121.80088123392606,199.6321821615716,5.201018840287844
2026-09-06,2026-09-01,Pattaya_Beach,Watermelon,155.515512857461,exp_smoothing_4w,active SKU window only; historical active windows have complete daily rows; no pre-launch zero fill,44.01069549970777,45.0,0.2697136740843242,7.885,8.224,0.03236144275480709,0.024271082066105315,6,5.0,0.04299302473050104,117.8592289883893,193.17179672653268,160.71653169774885,121.80088123392606,199.6321821615716,5.201018840287844
2026-09-07,2026-09-01,Pattaya_Beach,Watermelon,155.515512857461,exp_smoothing_4w,active SKU window only; historical active windows have complete daily rows; no pre-launch zero fill,44.01069549970777,45.0,0.2697136740843242,7.885,8.224,0.03236144275480709,0.024271082066105315,6,5.0,0.04299302473050104,117.8592289883893,193.17179672653268,160.71653169774885,121.80088123392606,199.6321821615716,5.201018840287844
2026-09-08,2026-09-01,Pattaya_Beach,Watermelon,155.515512857461,exp_smoothing_4w,active SKU window only; historical active windows have complete daily rows; no pre-launch zero fill,44.01069549970777,45.0,0.2697136740843242,7.885,8.224,0.03236144275480709,0.024271082066105315,6,5.0,0.04299302473050104,117.8592289883893,193.17179672653268,160.71653169774885,121.80088123392606,199.6321821615716,5.201018840287844
2026-09-09,2026-09-01,Pattaya_Beach,Watermelon,155.515512857461,exp_smoothing_4w,active SKU window only; historical active windows have complete daily rows; no pre-launch zero fill,44.01069549970777,45.0,0.2697136740843242,7.885,8.224,0.03236144275480709,0.024271082066105315,6,5.0,0.04299302473050104,117.8592289883893,193.17179672653268,160.71653169774885,121.80088123392606,199.6321821615716,5.201018840287844
2026-09-10,2026-09-01,Pattaya_Beach,Watermelon,155.515512857461,exp_smoothing_4w,active SKU window only; historical active windows have complete daily rows; no pre-launch zero fill,44.01069549970777,45.0,0.2697136740843242,7.885,8.224,0.03236144275480709,0.024271082066105315,6,5.0,0.04299302473050104,117.8592289883893,193.17179672653268,160.71653169774885,121.80088123392606,199.6321821615716,5.201018840287844
2026-09-11,2026-09-01,Pattaya_Beach,Watermelon,155.515512857461,exp_smoothing_4w,active SKU window only; historical active windows have complete daily rows; no pre-launch zero fill,44.01069549970777,45.0,0.2697136740843242,7.885,8.224,0.03236144275480709,0.024271082066105315,6,5.0,0.04299302473050104,117.8592289883893,193.17179672653268,160.71653169774885,121.80088123392606,199.6321821615716,5.201018840287844
2026-09-12,2026-09-01,Pattaya_Beach,Watermelon,155.515512857461,exp_smoothing_4w,active SKU window only; historical active windows have complete daily rows; no pre-launch zero fill,44.01069549970777,45.0,0.2697136740843242,7.885,8.224,0.03236144275480709,0.024271082066105315,6,5.0,0.04299302473050104,117.8592289883893,193.17179672653268,160.71653169774885,121.80088123392606,199.6321821615716,5.201018840287844
2026-09-13,2026-09-01,Pattaya_Beach,Watermelon,155.515512857461,exp_smoothing_4w,active SKU window only; historical active windows have complete daily rows; no pre-launch zero fill,44.01069549970777,45.0,0.2697136740843242,7.885,8.224,0.03236144275480709,0.024271082066105315,6,5.0,0.04299302473050104,117.8592289883893,193.17179672653268,160.71653169774885,121.80088123392606,199.6321821615716,5.201018840287844
2026-09-14,2026-09-01,Pattaya_Beach,Watermelon,155.515512857461,exp_smoothing_4w,active SKU window only; historical active windows have complete daily rows; no pre-launch zero fill,44.01069549970777,45.0,0.2697136740843242,7.885,8.224,0.03236144275480709,0.024271082066105315,6,5.0,0.04299302473050104,117.8592289883893,193.17179672653268,160.71653169774885,121.80088123392606,199.6321821615716,5.201018840287844
2026-09-15,2026-09-01,Pattaya_Beach,Watermelon,155.515512857461,exp_smoothing_4w,active SKU window only; historical active windows have complete daily rows; no pre-launch zero fill,44.01069549970777,45.0,0.2697136740843242,7.885,8.224,0.03236144275480709,0.024271082066105315,6,5.0,0.04299302473050104,117.8592289883893,193.17179672653268,160.71653169774885,121.80088123392606,199.6321821615716,5.201018840287844
2026-09-16,2026-09-01,Pattaya_Beach,Watermelon,155.515512857461,exp_smoothing_4w,active SKU window only; historical active windows have complete daily rows; no pre-launch zero fill,44.01069549970777,45.0,0.2697136740843242,7.885,8.224,0.03236144275480709,0.024271082066105315,6,5.0,0.04299302473050104,117.8592289883893,193.17179672653268,160.71653169774885,121.80088123392606,199.6321821615716,5.201018840287844
2026-09-17,2026-09-01,Pattaya_Beach,Watermelon,155.515512857461,exp_smoothing_4w,active SKU window only; historical active windows have complete daily rows; no pre-launch zero fill,44.01069549970777,45.0,0.2697136740843242,7.885,8.224,0.03236144275480709,0.024271082066105315,6,5.0,0.04299302473050104,117.8592289883893,193.17179672653268,160.71653169774885,121.80088123392606,199.6321821615716,5.201018840287844
2026-09-18,2026-09-01,Pattaya_Beach,Watermelon,155.515512857461,exp_smoothing_4w,active SKU window only; historical active windows have complete daily rows; no pre-launch zero fill,44.01069549970777,45.0,0.2697136740843242,7.885,8.224,0.03236144275480709,0.024271082066105315,6,5.0,0.04299302473050104,117.8592289883893,193.17179672653268,160.71653169774885,121.80088123392606,199.6321821615716,5.201018840287844
2026-09-19,2026-09-01,Pattaya_Beach,Watermelon,155.515512857461,exp_smoothing_4w,active SKU window only; historical active windows have complete daily rows; no pre-launch zero fill,44.01069549970777,45.0,0.2697136740843242,7.885,8.224,0.03236144275480709,0.024271082066105315,6,5.0,0.04299302473050104,117.8592289883893,193.17179672653268,160.71653169774885,121.80088123392606,199.6321821615716,5.201018840287844
2026-09-20,2026-09-01,Pattaya_Beach,Watermelon,155.515512857461,exp_smoothing_4w,active SKU window only; historical active windows have complete daily rows; no pre-launch zero fill,44.01069549970777,45.0,0.2697136740843242,7.885,8.224,0.03236144275480709,0.024271082066105315,6,5.0,0.04299302473050104,117.8592289883893,193.17179672653268,160.71653169774885,121.80088123392606,199.6321821615716,5.201018840287844
2026-09-21,2026-09-01,Pattaya_Beach,Watermelon,155.515512857461,exp_smoothing_4w,active SKU window only; historical active windows have complete daily rows; no pre-launch zero fill,44.01069549970777,45.0,0.2697136740843242,7.885,8.224,0.03236144275480709,0.024271082066105315,6,5.0,0.04299302473050104,117.8592289883893,193.17179672653268,160.71653169774885,121.80088123392606,199.6321821615716,5.201018840287844
2026-09-22,2026-09-01,Pattaya_Beach,Watermelon,155.515512857461,exp_smoothing_4w,active SKU window only; historical active windows have complete daily rows; no pre-launch zero fill,44.01069549970777,45.0,0.2697136740843242,7.885,8.224,0.03236144275480709,0.024271082066105315,6,5.0,0.04299302473050104,117.8592289883893,193.17179672653268,160.71653169774885,121.80088123392606,199.6321821615716,5.201018840287844
2026-09-23,2026-09-01,Pattaya_Beach,Watermelon,155.515512857461,exp_smoothing_4w,active SKU window only; historical active windows have complete daily rows; no pre-launch zero fill,44.01069549970777,45.0,0.2697136740843242,7.885,8.224,0.03236144275480709,0.024271082066105315,6,5.0,0.04299302473050104,117.8592289883893,193.17179672653268,160.71653169774885,121.80088123392606,199.6321821615716,5.201018840287844
2026-09-24,2026-09-01,Pattaya_Beach,Watermelon,155.515512857461,exp_smoothing_4w,active SKU window only; historical active windows have complete daily rows; no pre-launch zero fill,44.01069549970777,45.0,0.2697136740843242,7.885,8.224,0.03236144275480709,0.024271082066105315,6,5.0,0.04299302473050104,117.8592289883893,193.17179672653268,160.71653169774885,121.80088123392606,199.6321821615716,5.201018840287844
2026-09-25,2026-09-01,Pattaya_Beach,Watermelon,155.515512857461,exp_smoothing_4w,active SKU window only; historical active windows have complete daily rows; no pre-launch zero fill,44.01069549970777,45.0,0.2697136740843242,7.885,8.224,0.03236144275480709,0.024271082066105315,6,5.0,0.04299302473050104,117.8592289883893,193.17179672653268,160.71653169774885,121.80088123392606,199.6321821615716,5.201018840287844
2026-09-26,2026-09-01,Pattaya_Beach,Watermelon,155.515512857461,exp_smoothing_4w,active SKU window only; historical active windows have complete daily rows; no pre-launch zero fill,44.01069549970777,45.0,0.2697136740843242,7.885,8.224,0.03236144275480709,0.024271082066105315,6,5.0,0.04299302473050104,117.8592289883893,193.17179672653268,160.71653169774885,121.80088123392606,199.6321821615716,5.201018840287844
2026-09-27,2026-09-01,Pattaya_Beach,Watermelon,155.515512857461,exp_smoothing_4w,active SKU window only; historical active windows have complete daily rows; no pre-launch zero fill,44.01069549970777,45.0,0.2697136740843242,7.885,8.224,0.03236144275480709,0.024271082066105315,6,5.0,0.04299302473050104,117.8592289883893,193.17179672653268,160.71653169774885,121.80088123392606,199.6321821615716,5.201018840287844
2026-09-28,2026-09-01,Pattaya_Beach,Watermelon,155.515512857461,exp_smoothing_4w,active SKU window only; historical active windows have complete daily rows; no pre-launch zero fill,44.01069549970777,45.0,0.2697136740843242,7.885,8.224,0.03236144275480709,0.024271082066105315,6,5.0,0.04299302473050104,117.8592289883893,193.17179672653268,160.71653169774885,121.80088123392606,199.6321821615716,5.201018840287844
2026-09-29,2026-09-01,Pattaya_Beach,Watermelon,155.515512857461,exp_smoothing_4w,active SKU window only; historical active windows have complete daily rows; no pre-launch zero fill,44.01069549970777,45.0,0.2697136740843242,7.885,8.224,0.03236144275480709,0.024271082066105315,6,5.0,0.04299302473050104,117.8592289883893,193.17179672653268,160.71653169774885,121.80088123392606,199.6321821615716,5.201018840287844
2026-09-30,2026-09-01,Pattaya_Beach,Watermelon,155.515512857461,exp_smoothing_4w,active SKU window only; historical active windows have complete daily rows; no pre-launch zero fill,44.01069549970777,45.0,0.2697136740843242,7.885,8.224,0.03236144275480709,0.024271082066105315,6,5.0,0.04299302473050104,117.8592289883893,193.17179672653268,160.71653169774885,121.80088123392606,199.6321821615716,5.201018840287844
2026-10-01,2026-10-01,Pattaya_Beach,Watermelon,155.515512857461,exp_smoothing_4w,active SKU window only; historical active windows have complete daily rows; no pre-launch zero fill,44.01069549970777,45.0,0.2697136740843242,7.885,8.224,0.03236144275480709,0.024271082066105315,6,5.0,0.04299302473050104,117.8592289883893,193.17179672653268,160.71653169774885,121.80088123392606,199.6321821615716,5.201018840287844
2026-10-02,2026-10-01,Pattaya_Beach,Watermelon,155.515512857461,exp_smoothing_4w,active SKU window only; historical active windows have complete daily rows; no pre-launch zero fill,44.01069549970777,45.0,0.2697136740843242,7.885,8.224,0.03236144275480709,0.024271082066105315,6,5.0,0.04299302473050104,117.8592289883893,193.17179672653268,160.71653169774885,121.80088123392606,199.6321821615716,5.201018840287844
2026-10-03,2026-10-01,Pattaya_Beach,Watermelon,155.515512857461,exp_smoothing_4w,active SKU window only; historical active windows have complete daily rows; no pre-launch zero fill,44.01069549970777,45.0,0.2697136740843242,7.885,8.224,0.03236144275480709,0.024271082066105315,6,5.0,0.04299302473050104,117.8592289883893,193.17179672653268,160.71653169774885,121.80088123392606,199.6321821615716,5.201018840287844
2026-10-04,2026-10-01,Pattaya_Beach,Watermelon,155.515512857461,exp_smoothing_4w,active SKU window only; historical active windows have complete daily rows; no pre-launch zero fill,44.01069549970777,45.0,0.2697136740843242,7.885,8.224,0.03236144275480709,0.024271082066105315,6,5.0,0.04299302473050104,117.8592289883893,193.17179672653268,160.71653169774885,121.80088123392606,199.6321821615716,5.201018840287844
2026-10-05,2026-10-01,Pattaya_Beach,Watermelon,155.515512857461,exp_smoothing_4w,active SKU window only; historical active windows have complete daily rows; no pre-launch zero fill,44.01069549970777,45.0,0.2697136740843242,7.885,8.224,0.03236144275480709,0.024271082066105315,6,5.0,0.04299302473050104,117.8592289883893,193.17179672653268,160.71653169774885,121.80088123392606,199.6321821615716,5.201018840287844
2026-10-06,2026-10-01,Pattaya_Beach,Watermelon,155.515512857461,exp_smoothing_4w,active SKU window only; historical active windows have complete daily rows; no pre-launch zero fill,44.01069549970777,45.0,0.2697136740843242,7.885,8.224,0.03236144275480709,0.024271082066105315,6,5.0,0.04299302473050104,117.8592289883893,193.17179672653268,160.71653169774885,121.80088123392606,199.6321821615716,5.201018840287844
2026-10-07,2026-10-01,Pattaya_Beach,Watermelon,155.515512857461,exp_smoothing_4w,active SKU window only; historical active windows have complete daily rows; no pre-launch zero fill,44.01069549970777,45.0,0.2697136740843242,7.885,8.224,0.03236144275480709,0.024271082066105315,6,5.0,0.04299302473050104,117.8592289883893,193.17179672653268,160.71653169774885,121.80088123392606,199.6321821615716,5.201018840287844
2026-10-08,2026-10-01,Pattaya_Beach,Watermelon,155.515512857461,exp_smoothing_4w,active SKU window only; historical active windows have complete daily rows; no pre-launch zero fill,44.01069549970777,45.0,0.2697136740843242,7.885,8.224,0.03236144275480709,0.024271082066105315,6,5.0,0.04299302473050104,117.8592289883893,193.17179672653268,160.71653169774885,121.80088123392606,199.6321821615716,5.201018840287844
2026-10-09,2026-10-01,Pattaya_Beach,Watermelon,155.515512857461,exp_smoothing_4w,active SKU window only; historical active windows have complete daily rows; no pre-launch zero fill,44.01069549970777,45.0,0.2697136740843242,7.885,8.224,0.03236144275480709,0.024271082066105315,6,5.0,0.04299302473050104,117.8592289883893,193.17179672653268,160.71653169774885,121.80088123392606,199.6321821615716,5.201018840287844
2026-10-10,2026-10-01,Pattaya_Beach,Watermelon,155.515512857461,exp_smoothing_4w,active SKU window only; historical active windows have complete daily rows; no pre-launch zero fill,44.01069549970777,45.0,0.2697136740843242,7.885,8.224,0.03236144275480709,0.024271082066105315,6,5.0,0.04299302473050104,117.8592289883893,193.17179672653268,160.71653169774885,121.80088123392606,199.6321821615716,5.201018840287844
2026-10-11,2026-10-01,Pattaya_Beach,Watermelon,155.515512857461,exp_smoothing_4w,active SKU window only; historical active windows have complete daily rows; no pre-launch zero fill,44.01069549970777,45.0,0.2697136740843242,7.885,8.224,0.03236144275480709,0.024271082066105315,6,5.0,0.04299302473050104,117.8592289883893,193.17179672653268,160.71653169774885,121.80088123392606,199.6321821615716,5.201018840287844
2026-10-12,2026-10-01,Pattaya_Beach,Watermelon,155.515512857461,exp_smoothing_4w,active SKU window only; historical active windows have complete daily rows; no pre-launch zero fill,44.01069549970777,45.0,0.2697136740843242,7.885,8.224,0.03236144275480709,0.024271082066105315,6,5.0,0.04299302473050104,117.8592289883893,193.17179672653268,160.71653169774885,121.80088123392606,199.6321821615716,5.201018840287844
2026-10-13,2026-10-01,Pattaya_Beach,Watermelon,155.515512857461,exp_smoothing_4w,active SKU window only; historical active windows have complete daily rows; no pre-launch zero fill,44.01069549970777,45.0,0.2697136740843242,7.885,8.224,0.03236144275480709,0.024271082066105315,6,5.0,0.04299302473050104,117.8592289883893,193.17179672653268,160.71653169774885,121.80088123392606,199.6321821615716,5.201018840287844
2026-10-14,2026-10-01,Pattaya_Beach,Watermelon,155.515512857461,exp_smoothing_4w,active SKU window only; historical active windows have complete daily rows; no pre-launch zero fill,44.01069549970777,45.0,0.2697136740843242,7.885,8.224,0.03236144275480709,0.024271082066105315,6,5.0,0.04299302473050104,117.8592289883893,193.17179672653268,160.71653169774885,121.80088123392606,199.6321821615716,5.201018840287844
2026-10-15,2026-10-01,Pattaya_Beach,Watermelon,155.515512857461,exp_smoothing_4w,active SKU window only; historical active windows have complete daily rows; no pre-launch zero fill,44.01069549970777,45.0,0.2697136740843242,7.885,8.224,0.03236144275480709,0.024271082066105315,6,5.0,0.04299302473050104,117.8592289883893,193.17179672653268,160.71653169774885,121.80088123392606,199.6321821615716,5.201018840287844
2026-10-16,2026-10-01,Pattaya_Beach,Watermelon,155.515512857461,exp_smoothing_4w,active SKU window only; historical active windows have complete daily rows; no pre-launch zero fill,44.01069549970777,45.0,0.2697136740843242,7.885,8.224,0.03236144275480709,0.024271082066105315,6,5.0,0.04299302473050104,117.8592289883893,193.17179672653268,160.71653169774885,121.80088123392606,199.6321821615716,5.201018840287844
2026-10-17,2026-10-01,Pattaya_Beach,Watermelon,155.515512857461,exp_smoothing_4w,active SKU window only; historical active windows have complete daily rows; no pre-launch zero fill,44.01069549970777,45.0,0.2697136740843242,7.885,8.224,0.03236144275480709,0.024271082066105315,6,5.0,0.04299302473050104,117.8592289883893,193.17179672653268,160.71653169774885,121.80088123392606,199.6321821615716,5.201018840287844
2026-10-18,2026-10-01,Pattaya_Beach,Watermelon,155.515512857461,exp_smoothing_4w,active SKU window only; historical active windows have complete daily rows; no pre-launch zero fill,44.01069549970777,45.0,0.2697136740843242,7.885,8.224,0.03236144275480709,0.024271082066105315,6,5.0,0.04299302473050104,117.8592289883893,193.17179672653268,160.71653169774885,121.80088123392606,199.6321821615716,5.201018840287844
2026-10-19,2026-10-01,Pattaya_Beach,Watermelon,155.515512857461,exp_smoothing_4w,active SKU window only; historical active windows have complete daily rows; no pre-launch zero fill,44.01069549970777,45.0,0.2697136740843242,7.885,8.224,0.03236144275480709,0.024271082066105315,6,5.0,0.04299302473050104,117.8592289883893,193.17179672653268,160.71653169774885,121.80088123392606,199.6321821615716,5.201018840287844
2026-10-20,2026-10-01,Pattaya_Beach,Watermelon,155.515512857461,exp_smoothing_4w,active SKU window only; historical active windows have complete daily rows; no pre-launch zero fill,44.01069549970777,45.0,0.2697136740843242,7.885,8.224,0.03236144275480709,0.024271082066105315,6,5.0,0.04299302473050104,117.8592289883893,193.17179672653268,160.71653169774885,121.80088123392606,199.6321821615716,5.201018840287844
2026-10-21,2026-10-01,Pattaya_Beach,Watermelon,155.515512857461,exp_smoothing_4w,active SKU window only; historical active windows have complete daily rows; no pre-launch zero fill,44.01069549970777,45.0,0.2697136740843242,7.885,8.224,0.03236144275480709,0.024271082066105315,6,5.0,0.04299302473050104,117.8592289883893,193.17179672653268,160.71653169774885,121.80088123392606,199.6321821615716,5.201018840287844
2026-10-22,2026-10-01,Pattaya_Beach,Watermelon,155.515512857461,exp_smoothing_4w,active SKU window only; historical active windows have complete daily rows; no pre-launch zero fill,44.01069549970777,45.0,0.2697136740843242,7.885,8.224,0.03236144275480709,0.024271082066105315,6,5.0,0.04299302473050104,117.8592289883893,193.17179672653268,160.71653169774885,121.80088123392606,199.6321821615716,5.201018840287844
2026-10-23,2026-10-01,Pattaya_Beach,Watermelon,155.515512857461,exp_smoothing_4w,active SKU window only; historical active windows have complete daily rows; no pre-launch zero fill,44.01069549970777,45.0,0.2697136740843242,7.885,8.224,0.03236144275480709,0.024271082066105315,6,5.0,0.04299302473050104,117.8592289883893,193.17179672653268,160.71653169774885,121.80088123392606,199.6321821615716,5.201018840287844
2026-10-24,2026-10-01,Pattaya_Beach,Watermelon,155.515512857461,exp_smoothing_4w,active SKU window only; historical active windows have complete daily rows; no pre-launch zero fill,44.01069549970777,45.0,0.2697136740843242,7.885,8.224,0.03236144275480709,0.024271082066105315,6,5.0,0.04299302473050104,117.8592289883893,193.17179672653268,160.71653169774885,121.80088123392606,199.6321821615716,5.201018840287844
2026-10-25,2026-10-01,Pattaya_Beach,Watermelon,155.515512857461,exp_smoothing_4w,active SKU window only; historical active windows have complete daily rows; no pre-launch zero fill,44.01069549970777,45.0,0.2697136740843242,7.885,8.224,0.03236144275480709,0.024271082066105315,6,5.0,0.04299302473050104,117.8592289883893,193.17179672653268,160.71653169774885,121.80088123392606,199.6321821615716,5.201018840287844
2026-10-26,2026-10-01,Pattaya_Beach,Watermelon,155.515512857461,exp_smoothing_4w,active SKU window only; historical active windows have complete daily rows; no pre-launch zero fill,44.01069549970777,45.0,0.2697136740843242,7.885,8.224,0.03236144275480709,0.024271082066105315,6,5.0,0.04299302473050104,117.8592289883893,193.17179672653268,160.71653169774885,121.80088123392606,199.6321821615716,5.201018840287844
2026-10-27,2026-10-01,Pattaya_Beach,Watermelon,155.515512857461,exp_smoothing_4w,active SKU window only; historical active windows have complete daily rows; no pre-launch zero fill,44.01069549970777,45.0,0.2697136740843242,7.885,8.224,0.03236144275480709,0.024271082066105315,6,5.0,0.04299302473050104,117.8592289883893,193.17179672653268,160.71653169774885,121.80088123392606,199.6321821615716,5.201018840287844
2026-10-28,2026-10-01,Pattaya_Beach,Watermelon,155.515512857461,exp_smoothing_4w,active SKU window only; historical active windows have complete daily rows; no pre-launch zero fill,44.01069549970777,45.0,0.2697136740843242,7.885,8.224,0.03236144275480709,0.024271082066105315,6,5.0,0.04299302473050104,117.8592289883893,193.17179672653268,160.71653169774885,121.80088123392606,199.6321821615716,5.201018840287844
2026-10-29,2026-10-01,Pattaya_Beach,Watermelon,155.515512857461,exp_smoothing_4w,active SKU window only; historical active windows have complete daily rows; no pre-launch zero fill,44.01069549970777,45.0,0.2697136740843242,7.885,8.224,0.03236144275480709,0.024271082066105315,6,5.0,0.04299302473050104,117.8592289883893,193.17179672653268,160.71653169774885,121.80088123392606,199.6321821615716,5.201018840287844
2026-10-30,2026-10-01,Pattaya_Beach,Watermelon,155.515512857461,exp_smoothing_4w,active SKU window only; historical active windows have complete daily rows; no pre-launch zero fill,44.01069549970777,45.0,0.2697136740843242,7.885,8.224,0.03236144275480709,0.024271082066105315,6,5.0,0.04299302473050104,117.8592289883893,193.17179672653268,160.71653169774885,121.80088123392606,199.6321821615716,5.201018840287844
2026-10-31,2026-10-01,Pattaya_Beach,Watermelon,155.515512857461,exp_smoothing_4w,active SKU window only; historical active windows have complete daily rows; no pre-launch zero fill,44.01069549970777,45.0,0.2697136740843242,7.885,8.224,0.03236144275480709,0.024271082066105315,6,5.0,0.04299302473050104,117.8592289883893,193.17179672653268,160.71653169774885,121.80088123392606,199.6321821615716,5.201018840287844
2026-11-01,2026-11-01,Pattaya_Beach,Watermelon,155.515512857461,exp_smoothing_4w,active SKU window only; historical active windows have complete daily rows; no pre-launch zero fill,44.01069549970777,45.0,0.2697136740843242,7.885,8.224,0.03236144275480709,0.024271082066105315,6,5.0,0.04299302473050104,117.8592289883893,193.17179672653268,160.71653169774885,121.80088123392606,199.6321821615716,5.201018840287844
2026-11-02,2026-11-01,Pattaya_Beach,Watermelon,155.515512857461,exp_smoothing_4w,active SKU window only; historical active windows have complete daily rows; no pre-launch zero fill,44.01069549970777,45.0,0.2697136740843242,7.885,8.224,0.03236144275480709,0.024271082066105315,6,5.0,0.04299302473050104,117.8592289883893,193.17179672653268,160.71653169774885,121.80088123392606,199.6321821615716,5.201018840287844
2026-11-03,2026-11-01,Pattaya_Beach,Watermelon,155.515512857461,exp_smoothing_4w,active SKU window only; historical active windows have complete daily rows; no pre-launch zero fill,44.01069549970777,45.0,0.2697136740843242,7.885,8.224,0.03236144275480709,0.024271082066105315,6,5.0,0.04299302473050104,117.8592289883893,193.17179672653268,160.71653169774885,121.80088123392606,199.6321821615716,5.201018840287844
2026-11-04,2026-11-01,Pattaya_Beach,Watermelon,155.515512857461,exp_smoothing_4w,active SKU window only; historical active windows have complete daily rows; no pre-launch zero fill,44.01069549970777,45.0,0.2697136740843242,7.885,8.224,0.03236144275480709,0.024271082066105315,6,5.0,0.04299302473050104,117.8592289883893,193.17179672653268,160.71653169774885,121.80088123392606,199.6321821615716,5.201018840287844
2026-11-05,2026-11-01,Pattaya_Beach,Watermelon,155.515512857461,exp_smoothing_4w,active SKU window only; historical active windows have complete daily rows; no pre-launch zero fill,44.01069549970777,45.0,0.2697136740843242,7.885,8.224,0.03236144275480709,0.024271082066105315,6,5.0,0.04299302473050104,117.8592289883893,193.17179672653268,160.71653169774885,121.80088123392606,199.6321821615716,5.201018840287844
2026-11-06,2026-11-01,Pattaya_Beach,Watermelon,155.515512857461,exp_smoothing_4w,active SKU window only; historical active windows have complete daily rows; no pre-launch zero fill,44.01069549970777,45.0,0.2697136740843242,7.885,8.224,0.03236144275480709,0.024271082066105315,6,5.0,0.04299302473050104,117.8592289883893,193.17179672653268,160.71653169774885,121.80088123392606,199.6321821615716,5.201018840287844
2026-11-07,2026-11-01,Pattaya_Beach,Watermelon,155.515512857461,exp_smoothing_4w,active SKU window only; historical active windows have complete daily rows; no pre-launch zero fill,44.01069549970777,45.0,0.2697136740843242,7.885,8.224,0.03236144275480709,0.024271082066105315,6,5.0,0.04299302473050104,117.8592289883893,193.17179672653268,160.71653169774885,121.80088123392606,199.6321821615716,5.201018840287844
2026-11-08,2026-11-01,Pattaya_Beach,Watermelon,155.515512857461,exp_smoothing_4w,active SKU window only; historical active windows have complete daily rows; no pre-launch zero fill,44.01069549970777,45.0,0.2697136740843242,7.885,8.224,0.03236144275480709,0.024271082066105315,6,5.0,0.04299302473050104,117.8592289883893,193.17179672653268,160.71653169774885,121.80088123392606,199.6321821615716,5.201018840287844
2026-11-09,2026-11-01,Pattaya_Beach,Watermelon,155.515512857461,exp_smoothing_4w,active SKU window only; historical active windows have complete daily rows; no pre-launch zero fill,44.01069549970777,45.0,0.2697136740843242,7.885,8.224,0.03236144275480709,0.024271082066105315,6,5.0,0.04299302473050104,117.8592289883893,193.17179672653268,160.71653169774885,121.80088123392606,199.6321821615716,5.201018840287844
2026-11-10,2026-11-01,Pattaya_Beach,Watermelon,155.515512857461,exp_smoothing_4w,active SKU window only; historical active windows have complete daily rows; no pre-launch zero fill,44.01069549970777,45.0,0.2697136740843242,7.885,8.224,0.03236144275480709,0.024271082066105315,6,5.0,0.04299302473050104,117.8592289883893,193.17179672653268,160.71653169774885,121.80088123392606,199.6321821615716,5.201018840287844
2026-11-11,2026-11-01,Pattaya_Beach,Watermelon,155.515512857461,exp_smoothing_4w,active SKU window only; historical active windows have complete daily rows; no pre-launch zero fill,44.01069549970777,45.0,0.2697136740843242,7.885,8.224,0.03236144275480709,0.024271082066105315,6,5.0,0.04299302473050104,117.8592289883893,193.17179672653268,160.71653169774885,121.80088123392606,199.6321821615716,5.201018840287844
2026-11-12,2026-11-01,Pattaya_Beach,Watermelon,155.515512857461,exp_smoothing_4w,active SKU window only; historical active windows have complete daily rows; no pre-launch zero fill,44.01069549970777,45.0,0.2697136740843242,7.885,8.224,0.03236144275480709,0.024271082066105315,6,5.0,0.04299302473050104,117.8592289883893,193.17179672653268,160.71653169774885,121.80088123392606,199.6321821615716,5.201018840287844
2026-11-13,2026-11-01,Pattaya_Beach,Watermelon,155.515512857461,exp_smoothing_4w,active SKU window only; historical active windows have complete daily rows; no pre-launch zero fill,44.01069549970777,45.0,0.2697136740843242,7.885,8.224,0.03236144275480709,0.024271082066105315,6,5.0,0.04299302473050104,117.8592289883893,193.17179672653268,160.71653169774885,121.80088123392606,199.6321821615716,5.201018840287844
2026-11-14,2026-11-01,Pattaya_Beach,Watermelon,155.515512857461,exp_smoothing_4w,active SKU window only; historical active windows have complete daily rows; no pre-launch zero fill,44.01069549970777,45.0,0.2697136740843242,7.885,8.224,0.03236144275480709,0.024271082066105315,6,5.0,0.04299302473050104,117.8592289883893,193.17179672653268,160.71653169774885,121.80088123392606,199.6321821615716,5.201018840287844
2026-11-15,2026-11-01,Pattaya_Beach,Watermelon,155.515512857461,exp_smoothing_4w,active SKU window only; historical active windows have complete daily rows; no pre-launch zero fill,44.01069549970777,45.0,0.2697136740843242,7.885,8.224,0.03236144275480709,0.024271082066105315,6,5.0,0.04299302473050104,117.8592289883893,193.17179672653268,160.71653169774885,121.80088123392606,199.6321821615716,5.201018840287844
2026-11-16,2026-11-01,Pattaya_Beach,Watermelon,155.515512857461,exp_smoothing_4w,active SKU window only; historical active windows have complete daily rows; no pre-launch zero fill,44.01069549970777,45.0,0.2697136740843242,7.885,8.224,0.03236144275480709,0.024271082066105315,6,5.0,0.04299302473050104,117.8592289883893,193.17179672653268,160.71653169774885,121.80088123392606,199.6321821615716,5.201018840287844
2026-11-17,2026-11-01,Pattaya_Beach,Watermelon,155.515512857461,exp_smoothing_4w,active SKU window only; historical active windows have complete daily rows; no pre-launch zero fill,44.01069549970777,45.0,0.2697136740843242,7.885,8.224,0.03236144275480709,0.024271082066105315,6,5.0,0.04299302473050104,117.8592289883893,193.17179672653268,160.71653169774885,121.80088123392606,199.6321821615716,5.201018840287844
2026-11-18,2026-11-01,Pattaya_Beach,Watermelon,155.515512857461,exp_smoothing_4w,active SKU window only; historical active windows have complete daily rows; no pre-launch zero fill,44.01069549970777,45.0,0.2697136740843242,7.885,8.224,0.03236144275480709,0.024271082066105315,6,5.0,0.04299302473050104,117.8592289883893,193.17179672653268,160.71653169774885,121.80088123392606,199.6321821615716,5.201018840287844
2026-11-19,2026-11-01,Pattaya_Beach,Watermelon,155.515512857461,exp_smoothing_4w,active SKU window only; historical active windows have complete daily rows; no pre-launch zero fill,44.01069549970777,45.0,0.2697136740843242,7.885,8.224,0.03236144275480709,0.024271082066105315,6,5.0,0.04299302473050104,117.8592289883893,193.17179672653268,160.71653169774885,121.80088123392606,199.6321821615716,5.201018840287844
2026-11-20,2026-11-01,Pattaya_Beach,Watermelon,155.515512857461,exp_smoothing_4w,active SKU window only; historical active windows have complete daily rows; no pre-launch zero fill,44.01069549970777,45.0,0.2697136740843242,7.885,8.224,0.03236144275480709,0.024271082066105315,6,5.0,0.04299302473050104,117.8592289883893,193.17179672653268,160.71653169774885,121.80088123392606,199.6321821615716,5.201018840287844
2026-11-21,2026-11-01,Pattaya_Beach,Watermelon,155.515512857461,exp_smoothing_4w,active SKU window only; historical active windows have complete daily rows; no pre-launch zero fill,44.01069549970777,45.0,0.2697136740843242,7.885,8.224,0.03236144275480709,0.024271082066105315,6,5.0,0.04299302473050104,117.8592289883893,193.17179672653268,160.71653169774885,121.80088123392606,199.6321821615716,5.201018840287844
2026-11-22,2026-11-01,Pattaya_Beach,Watermelon,155.515512857461,exp_smoothing_4w,active SKU window only; historical active windows have complete daily rows; no pre-launch zero fill,44.01069549970777,45.0,0.2697136740843242,7.885,8.224,0.03236144275480709,0.024271082066105315,6,5.0,0.04299302473050104,117.8592289883893,193.17179672653268,160.71653169774885,121.80088123392606,199.6321821615716,5.201018840287844
2026-11-23,2026-11-01,Pattaya_Beach,Watermelon,155.515512857461,exp_smoothing_4w,active SKU window only; historical active windows have complete daily rows; no pre-launch zero fill,44.01069549970777,45.0,0.2697136740843242,7.885,8.224,0.03236144275480709,0.024271082066105315,6,5.0,0.04299302473050104,117.8592289883893,193.17179672653268,160.71653169774885,121.80088123392606,199.6321821615716,5.201018840287844
2026-11-24,2026-11-01,Pattaya_Beach,Watermelon,155.515512857461,exp_smoothing_4w,active SKU window only; historical active windows have complete daily rows; no pre-launch zero fill,44.01069549970777,45.0,0.2697136740843242,7.885,8.224,0.03236144275480709,0.024271082066105315,6,5.0,0.04299302473050104,117.8592289883893,193.17179672653268,160.71653169774885,121.80088123392606,199.6321821615716,5.201018840287844
2026-11-25,2026-11-01,Pattaya_Beach,Watermelon,155.515512857461,exp_smoothing_4w,active SKU window only; historical active windows have complete daily rows; no pre-launch zero fill,44.01069549970777,45.0,0.2697136740843242,7.885,8.224,0.03236144275480709,0.024271082066105315,6,5.0,0.04299302473050104,117.8592289883893,193.17179672653268,160.71653169774885,121.80088123392606,199.6321821615716,5.201018840287844
2026-11-26,2026-11-01,Pattaya_Beach,Watermelon,155.515512857461,exp_smoothing_4w,active SKU window only; historical active windows have complete daily rows; no pre-launch zero fill,44.01069549970777,45.0,0.2697136740843242,7.885,8.224,0.03236144275480709,0.024271082066105315,6,5.0,0.04299302473050104,117.8592289883893,193.17179672653268,160.71653169774885,121.80088123392606,199.6321821615716,5.201018840287844
2026-11-27,2026-11-01,Pattaya_Beach,Watermelon,155.515512857461,exp_smoothing_4w,active SKU window only; historical active windows have complete daily rows; no pre-launch zero fill,44.01069549970777,45.0,0.2697136740843242,7.885,8.224,0.03236144275480709,0.024271082066105315,6,5.0,0.04299302473050104,117.8592289883893,193.17179672653268,160.71653169774885,121.80088123392606,199.6321821615716,5.201018840287844
2026-11-28,2026-11-01,Pattaya_Beach,Watermelon,155.515512857461,exp_smoothing_4w,active SKU window only; historical active windows have complete daily rows; no pre-launch zero fill,44.01069549970777,45.0,0.2697136740843242,7.885,8.224,0.03236144275480709,0.024271082066105315,6,5.0,0.04299302473050104,117.8592289883893,193.17179672653268,160.71653169774885,121.80088123392606,199.6321821615716,5.201018840287844
2026-11-29,2026-11-01,Pattaya_Beach,Watermelon,155.515512857461,exp_smoothing_4w,active SKU window only; historical active windows have complete daily rows; no pre-launch zero fill,44.01069549970777,45.0,0.2697136740843242,7.885,8.224,0.03236144275480709,0.024271082066105315,6,5.0,0.04299302473050104,117.8592289883893,193.17179672653268,160.71653169774885,121.80088123392606,199.6321821615716,5.201018840287844
2026-11-30,2026-11-01,Pattaya_Beach,Watermelon,155.515512857461,exp_smoothing_4w,active SKU window only; historical active windows have complete daily rows; no pre-launch zero fill,44.01069549970777,45.0,0.2697136740843242,7.885,8.224,0.03236144275480709,0.024271082066105315,6,5.0,0.04299302473050104,117.8592289883893,193.17179672653268,160.71653169774885,121.80088123392606,199.6321821615716,5.201018840287844
2026-09-01,2026-09-01,Pattaya_Central,Guava,75.36282253437386,exp_smoothing_4w,active SKU window only; historical active windows have complete daily rows; no pre-launch zero fill,47.85507074181193,49.0,0.2740250742751767,10.23,10.763,0.05384217143702389,0.04038162857776792,6,5.5,0.05210166177908104,57.11458615984613,93.61105890890158,79.65142839734769,60.364755684145976,98.93810111054938,4.288605862973824
2026-09-02,2026-09-01,Pattaya_Central,Guava,75.36282253437386,exp_smoothing_4w,active SKU window only; historical active windows have complete daily rows; no pre-launch zero fill,47.85507074181193,49.0,0.2740250742751767,10.23,10.763,0.05384217143702389,0.04038162857776792,6,5.5,0.05210166177908104,57.11458615984613,93.61105890890158,79.65142839734769,60.364755684145976,98.93810111054938,4.288605862973824
2026-09-03,2026-09-01,Pattaya_Central,Guava,75.36282253437386,exp_smoothing_4w,active SKU window only; historical active windows have complete daily rows; no pre-launch zero fill,47.85507074181193,49.0,0.2740250742751767,10.23,10.763,0.05384217143702389,0.04038162857776792,6,5.5,0.05210166177908104,57.11458615984613,93.61105890890158,79.65142839734769,60.364755684145976,98.93810111054938,4.288605862973824
2026-09-04,2026-09-01,Pattaya_Central,Guava,75.36282253437386,exp_smoothing_4w,active SKU window only; historical active windows have complete daily rows; no pre-launch zero fill,47.85507074181193,49.0,0.2740250742751767,10.23,10.763,0.05384217143702389,0.04038162857776792,6,5.5,0.05210166177908104,57.11458615984613,93.61105890890158,79.65142839734769,60.364755684145976,98.93810111054938,4.288605862973824
2026-09-05,2026-09-01,Pattaya_Central,Guava,75.36282253437386,exp_smoothing_4w,active SKU window only; historical active windows have complete daily rows; no pre-launch zero fill,47.85507074181193,49.0,0.2740250742751767,10.23,10.763,0.05384217143702389,0.04038162857776792,6,5.5,0.05210166177908104,57.11458615984613,93.61105890890158,79.65142839734769,60.364755684145976,98.93810111054938,4.288605862973824
2026-09-06,2026-09-01,Pattaya_Central,Guava,75.36282253437386,exp_smoothing_4w,active SKU window only; historical active windows have complete daily rows; no pre-launch zero fill,47.85507074181193,49.0,0.2740250742751767,10.23,10.763,0.05384217143702389,0.04038162857776792,6,5.5,0.05210166177908104,57.11458615984613,93.61105890890158,79.65142839734769,60.364755684145976,98.93810111054938,4.288605862973824
2026-09-07,2026-09-01,Pattaya_Central,Guava,75.36282253437386,exp_smoothing_4w,active SKU window only; historical active windows have complete daily rows; no pre-launch zero fill,47.85507074181193,49.0,0.2740250742751767,10.23,10.763,0.05384217143702389,0.04038162857776792,6,5.5,0.05210166177908104,57.11458615984613,93.61105890890158,79.65142839734769,60.364755684145976,98.93810111054938,4.288605862973824
2026-09-08,2026-09-01,Pattaya_Central,Guava,75.36282253437386,exp_smoothing_4w,active SKU window only; historical active windows have complete daily rows; no pre-launch zero fill,47.85507074181193,49.0,0.2740250742751767,10.23,10.763,0.05384217143702389,0.04038162857776792,6,5.5,0.05210166177908104,57.11458615984613,93.61105890890158,79.65142839734769,60.364755684145976,98.93810111054938,4.288605862973824
2026-09-09,2026-09-01,Pattaya_Central,Guava,75.36282253437386,exp_smoothing_4w,active SKU window only; historical active windows have complete daily rows; no pre-launch zero fill,47.85507074181193,49.0,0.2740250742751767,10.23,10.763,0.05384217143702389,0.04038162857776792,6,5.5,0.05210166177908104,57.11458615984613,93.61105890890158,79.65142839734769,60.364755684145976,98.93810111054938,4.288605862973824
2026-09-10,2026-09-01,Pattaya_Central,Guava,75.36282253437386,exp_smoothing_4w,active SKU window only; historical active windows have complete daily rows; no pre-launch zero fill,47.85507074181193,49.0,0.2740250742751767,10.23,10.763,0.05384217143702389,0.04038162857776792,6,5.5,0.05210166177908104,57.11458615984613,93.61105890890158,79.65142839734769,60.364755684145976,98.93810111054938,4.288605862973824
2026-09-11,2026-09-01,Pattaya_Central,Guava,75.36282253437386,exp_smoothing_4w,active SKU window only; historical active windows have complete daily rows; no pre-launch zero fill,47.85507074181193,49.0,0.2740250742751767,10.23,10.763,0.05384217143702389,0.04038162857776792,6,5.5,0.05210166177908104,57.11458615984613,93.61105890890158,79.65142839734769,60.364755684145976,98.93810111054938,4.288605862973824
2026-09-12,2026-09-01,Pattaya_Central,Guava,75.36282253437386,exp_smoothing_4w,active SKU window only; historical active windows have complete daily rows; no pre-launch zero fill,47.85507074181193,49.0,0.2740250742751767,10.23,10.763,0.05384217143702389,0.04038162857776792,6,5.5,0.05210166177908104,57.11458615984613,93.61105890890158,79.65142839734769,60.364755684145976,98.93810111054938,4.288605862973824
2026-09-13,2026-09-01,Pattaya_Central,Guava,75.36282253437386,exp_smoothing_4w,active SKU window only; historical active windows have complete daily rows; no pre-launch zero fill,47.85507074181193,49.0,0.2740250742751767,10.23,10.763,0.05384217143702389,0.04038162857776792,6,5.5,0.05210166177908104,57.11458615984613,93.61105890890158,79.65142839734769,60.364755684145976,98.93810111054938,4.288605862973824
2026-09-14,2026-09-01,Pattaya_Central,Guava,75.36282253437386,exp_smoothing_4w,active SKU window only; historical active windows have complete daily rows; no pre-launch zero fill,47.85507074181193,49.0,0.2740250742751767,10.23,10.763,0.05384217143702389,0.04038162857776792,6,5.5,0.05210166177908104,57.11458615984613,93.61105890890158,79.65142839734769,60.364755684145976,98.93810111054938,4.288605862973824
2026-09-15,2026-09-01,Pattaya_Central,Guava,75.36282253437386,exp_smoothing_4w,active SKU window only; historical active windows have complete daily rows; no pre-launch zero fill,47.85507074181193,49.0,0.2740250742751767,10.23,10.763,0.05384217143702389,0.04038162857776792,6,5.5,0.05210166177908104,57.11458615984613,93.61105890890158,79.65142839734769,60.364755684145976,98.93810111054938,4.288605862973824
2026-09-16,2026-09-01,Pattaya_Central,Guava,75.36282253437386,exp_smoothing_4w,active SKU window only; historical active windows have complete daily rows; no pre-launch zero fill,47.85507074181193,49.0,0.2740250742751767,10.23,10.763,0.05384217143702389,0.04038162857776792,6,5.5,0.05210166177908104,57.11458615984613,93.61105890890158,79.65142839734769,60.364755684145976,98.93810111054938,4.288605862973824
2026-09-17,2026-09-01,Pattaya_Central,Guava,75.36282253437386,exp_smoothing_4w,active SKU window only; historical active windows have complete daily rows; no pre-launch zero fill,47.85507074181193,49.0,0.2740250742751767,10.23,10.763,0.05384217143702389,0.04038162857776792,6,5.5,0.05210166177908104,57.11458615984613,93.61105890890158,79.65142839734769,60.364755684145976,98.93810111054938,4.288605862973824
2026-09-18,2026-09-01,Pattaya_Central,Guava,75.36282253437386,exp_smoothing_4w,active SKU window only; historical active windows have complete daily rows; no pre-launch zero fill,47.85507074181193,49.0,0.2740250742751767,10.23,10.763,0.05384217143702389,0.04038162857776792,6,5.5,0.05210166177908104,57.11458615984613,93.61105890890158,79.65142839734769,60.364755684145976,98.93810111054938,4.288605862973824
2026-09-19,2026-09-01,Pattaya_Central,Guava,75.36282253437386,exp_smoothing_4w,active SKU window only; historical active windows have complete daily rows; no pre-launch zero fill,47.85507074181193,49.0,0.2740250742751767,10.23,10.763,0.05384217143702389,0.04038162857776792,6,5.5,0.05210166177908104,57.11458615984613,93.61105890890158,79.65142839734769,60.364755684145976,98.93810111054938,4.288605862973824
2026-09-20,2026-09-01,Pattaya_Central,Guava,75.36282253437386,exp_smoothing_4w,active SKU window only; historical active windows have complete daily rows; no pre-launch zero fill,47.85507074181193,49.0,0.2740250742751767,10.23,10.763,0.05384217143702389,0.04038162857776792,6,5.5,0.05210166177908104,57.11458615984613,93.61105890890158,79.65142839734769,60.364755684145976,98.93810111054938,4.288605862973824
2026-09-21,2026-09-01,Pattaya_Central,Guava,75.36282253437386,exp_smoothing_4w,active SKU window only; historical active windows have complete daily rows; no pre-launch zero fill,47.85507074181193,49.0,0.2740250742751767,10.23,10.763,0.05384217143702389,0.04038162857776792,6,5.5,0.05210166177908104,57.11458615984613,93.61105890890158,79.65142839734769,60.364755684145976,98.93810111054938,4.288605862973824
2026-09-22,2026-09-01,Pattaya_Central,Guava,75.36282253437386,exp_smoothing_4w,active SKU window only; historical active windows have complete daily rows; no pre-launch zero fill,47.85507074181193,49.0,0.2740250742751767,10.23,10.763,0.05384217143702389,0.04038162857776792,6,5.5,0.05210166177908104,57.11458615984613,93.61105890890158,79.65142839734769,60.364755684145976,98.93810111054938,4.288605862973824
2026-09-23,2026-09-01,Pattaya_Central,Guava,75.36282253437386,exp_smoothing_4w,active SKU window only; historical active windows have complete daily rows; no pre-launch zero fill,47.85507074181193,49.0,0.2740250742751767,10.23,10.763,0.05384217143702389,0.04038162857776792,6,5.5,0.05210166177908104,57.11458615984613,93.61105890890158,79.65142839734769,60.364755684145976,98.93810111054938,4.288605862973824
2026-09-24,2026-09-01,Pattaya_Central,Guava,75.36282253437386,exp_smoothing_4w,active SKU window only; historical active windows have complete daily rows; no pre-launch zero fill,47.85507074181193,49.0,0.2740250742751767,10.23,10.763,0.05384217143702389,0.04038162857776792,6,5.5,0.05210166177908104,57.11458615984613,93.61105890890158,79.65142839734769,60.364755684145976,98.93810111054938,4.288605862973824
2026-09-25,2026-09-01,Pattaya_Central,Guava,75.36282253437386,exp_smoothing_4w,active SKU window only; historical active windows have complete daily rows; no pre-launch zero fill,47.85507074181193,49.0,0.2740250742751767,10.23,10.763,0.05384217143702389,0.04038162857776792,6,5.5,0.05210166177908104,57.11458615984613,93.61105890890158,79.65142839734769,60.364755684145976,98.93810111054938,4.288605862973824
2026-09-26,2026-09-01,Pattaya_Central,Guava,75.36282253437386,exp_smoothing_4w,active SKU window only; historical active windows have complete daily rows; no pre-launch zero fill,47.85507074181193,49.0,0.2740250742751767,10.23,10.763,0.05384217143702389,0.04038162857776792,6,5.5,0.05210166177908104,57.11458615984613,93.61105890890158,79.65142839734769,60.364755684145976,98.93810111054938,4.288605862973824
2026-09-27,2026-09-01,Pattaya_Central,Guava,75.36282253437386,exp_smoothing_4w,active SKU window only; historical active windows have complete daily rows; no pre-launch zero fill,47.85507074181193,49.0,0.2740250742751767,10.23,10.763,0.05384217143702389,0.04038162857776792,6,5.5,0.05210166177908104,57.11458615984613,93.61105890890158,79.65142839734769,60.364755684145976,98.93810111054938,4.288605862973824
2026-09-28,2026-09-01,Pattaya_Central,Guava,75.36282253437386,exp_smoothing_4w,active SKU window only; historical active windows have complete daily rows; no pre-launch zero fill,47.85507074181193,49.0,0.2740250742751767,10.23,10.763,0.05384217143702389,0.04038162857776792,6,5.5,0.05210166177908104,57.11458615984613,93.61105890890158,79.65142839734769,60.364755684145976,98.93810111054938,4.288605862973824
2026-09-29,2026-09-01,Pattaya_Central,Guava,75.36282253437386,exp_smoothing_4w,active SKU window only; historical active windows have complete daily rows; no pre-launch zero fill,47.85507074181193,49.0,0.2740250742751767,10.23,10.763,0.05384217143702389,0.04038162857776792,6,5.5,0.05210166177908104,57.11458615984613,93.61105890890158,79.65142839734769,60.364755684145976,98.93810111054938,4.288605862973824
2026-09-30,2026-09-01,Pattaya_Central,Guava,75.36282253437386,exp_smoothing_4w,active SKU window only; historical active windows have complete daily rows; no pre-launch zero fill,47.85507074181193,49.0,0.2740250742751767,10.23,10.763,0.05384217143702389,0.04038162857776792,6,5.5,0.05210166177908104,57.11458615984613,93.61105890890158,79.65142839734769,60.364755684145976,98.93810111054938,4.288605862973824
2026-10-01,2026-10-01,Pattaya_Central,Guava,75.36282253437386,exp_smoothing_4w,active SKU window only; historical active windows have complete daily rows; no pre-launch zero fill,47.85507074181193,49.0,0.2740250742751767,10.23,10.763,0.05384217143702389,0.04038162857776792,6,5.5,0.05210166177908104,57.11458615984613,93.61105890890158,79.65142839734769,60.364755684145976,98.93810111054938,4.288605862973824
2026-10-02,2026-10-01,Pattaya_Central,Guava,75.36282253437386,exp_smoothing_4w,active SKU window only; historical active windows have complete daily rows; no pre-launch zero fill,47.85507074181193,49.0,0.2740250742751767,10.23,10.763,0.05384217143702389,0.04038162857776792,6,5.5,0.05210166177908104,57.11458615984613,93.61105890890158,79.65142839734769,60.364755684145976,98.93810111054938,4.288605862973824
2026-10-03,2026-10-01,Pattaya_Central,Guava,75.36282253437386,exp_smoothing_4w,active SKU window only; historical active windows have complete daily rows; no pre-launch zero fill,47.85507074181193,49.0,0.2740250742751767,10.23,10.763,0.05384217143702389,0.04038162857776792,6,5.5,0.05210166177908104,57.11458615984613,93.61105890890158,79.65142839734769,60.364755684145976,98.93810111054938,4.288605862973824
2026-10-04,2026-10-01,Pattaya_Central,Guava,75.36282253437386,exp_smoothing_4w,active SKU window only; historical active windows have complete daily rows; no pre-launch zero fill,47.85507074181193,49.0,0.2740250742751767,10.23,10.763,0.05384217143702389,0.04038162857776792,6,5.5,0.05210166177908104,57.11458615984613,93.61105890890158,79.65142839734769,60.364755684145976,98.93810111054938,4.288605862973824
2026-10-05,2026-10-01,Pattaya_Central,Guava,75.36282253437386,exp_smoothing_4w,active SKU window only; historical active windows have complete daily rows; no pre-launch zero fill,47.85507074181193,49.0,0.2740250742751767,10.23,10.763,0.05384217143702389,0.04038162857776792,6,5.5,0.05210166177908104,57.11458615984613,93.61105890890158,79.65142839734769,60.364755684145976,98.93810111054938,4.288605862973824
2026-10-06,2026-10-01,Pattaya_Central,Guava,75.36282253437386,exp_smoothing_4w,active SKU window only; historical active windows have complete daily rows; no pre-launch zero fill,47.85507074181193,49.0,0.2740250742751767,10.23,10.763,0.05384217143702389,0.04038162857776792,6,5.5,0.05210166177908104,57.11458615984613,93.61105890890158,79.65142839734769,60.364755684145976,98.93810111054938,4.288605862973824
2026-10-07,2026-10-01,Pattaya_Central,Guava,75.36282253437386,exp_smoothing_4w,active SKU window only; historical active windows have complete daily rows; no pre-launch zero fill,47.85507074181193,49.0,0.2740250742751767,10.23,10.763,0.05384217143702389,0.04038162857776792,6,5.5,0.05210166177908104,57.11458615984613,93.61105890890158,79.65142839734769,60.364755684145976,98.93810111054938,4.288605862973824
2026-10-08,2026-10-01,Pattaya_Central,Guava,75.36282253437386,exp_smoothing_4w,active SKU window only; historical active windows have complete daily rows; no pre-launch zero fill,47.85507074181193,49.0,0.2740250742751767,10.23,10.763,0.05384217143702389,0.04038162857776792,6,5.5,0.05210166177908104,57.11458615984613,93.61105890890158,79.65142839734769,60.364755684145976,98.93810111054938,4.288605862973824
2026-10-09,2026-10-01,Pattaya_Central,Guava,75.36282253437386,exp_smoothing_4w,active SKU window only; historical active windows have complete daily rows; no pre-launch zero fill,47.85507074181193,49.0,0.2740250742751767,10.23,10.763,0.05384217143702389,0.04038162857776792,6,5.5,0.05210166177908104,57.11458615984613,93.61105890890158,79.65142839734769,60.364755684145976,98.93810111054938,4.288605862973824
2026-10-10,2026-10-01,Pattaya_Central,Guava,75.36282253437386,exp_smoothing_4w,active SKU window only; historical active windows have complete daily rows; no pre-launch zero fill,47.85507074181193,49.0,0.2740250742751767,10.23,10.763,0.05384217143702389,0.04038162857776792,6,5.5,0.05210166177908104,57.11458615984613,93.61105890890158,79.65142839734769,60.364755684145976,98.93810111054938,4.288605862973824
2026-10-11,2026-10-01,Pattaya_Central,Guava,75.36282253437386,exp_smoothing_4w,active SKU window only; historical active windows have complete daily rows; no pre-launch zero fill,47.85507074181193,49.0,0.2740250742751767,10.23,10.763,0.05384217143702389,0.04038162857776792,6,5.5,0.05210166177908104,57.11458615984613,93.61105890890158,79.65142839734769,60.364755684145976,98.93810111054938,4.288605862973824
2026-10-12,2026-10-01,Pattaya_Central,Guava,75.36282253437386,exp_smoothing_4w,active SKU window only; historical active windows have complete daily rows; no pre-launch zero fill,47.85507074181193,49.0,0.2740250742751767,10.23,10.763,0.05384217143702389,0.04038162857776792,6,5.5,0.05210166177908104,57.11458615984613,93.61105890890158,79.65142839734769,60.364755684145976,98.93810111054938,4.288605862973824
2026-10-13,2026-10-01,Pattaya_Central,Guava,75.36282253437386,exp_smoothing_4w,active SKU window only; historical active windows have complete daily rows; no pre-launch zero fill,47.85507074181193,49.0,0.2740250742751767,10.23,10.763,0.05384217143702389,0.04038162857776792,6,5.5,0.05210166177908104,57.11458615984613,93.61105890890158,79.65142839734769,60.364755684145976,98.93810111054938,4.288605862973824
2026-10-14,2026-10-01,Pattaya_Central,Guava,75.36282253437386,exp_smoothing_4w,active SKU window only; historical active windows have complete daily rows; no pre-launch zero fill,47.85507074181193,49.0,0.2740250742751767,10.23,10.763,0.05384217143702389,0.04038162857776792,6,5.5,0.05210166177908104,57.11458615984613,93.61105890890158,79.65142839734769,60.364755684145976,98.93810111054938,4.288605862973824
2026-10-15,2026-10-01,Pattaya_Central,Guava,75.36282253437386,exp_smoothing_4w,active SKU window only; historical active windows have complete daily rows; no pre-launch zero fill,47.85507074181193,49.0,0.2740250742751767,10.23,10.763,0.05384217143702389,0.04038162857776792,6,5.5,0.05210166177908104,57.11458615984613,93.61105890890158,79.65142839734769,60.364755684145976,98.93810111054938,4.288605862973824
2026-10-16,2026-10-01,Pattaya_Central,Guava,75.36282253437386,exp_smoothing_4w,active SKU window only; historical active windows have complete daily rows; no pre-launch zero fill,47.85507074181193,49.0,0.2740250742751767,10.23,10.763,0.05384217143702389,0.04038162857776792,6,5.5,0.05210166177908104,57.11458615984613,93.61105890890158,79.65142839734769,60.364755684145976,98.93810111054938,4.288605862973824
2026-10-17,2026-10-01,Pattaya_Central,Guava,75.36282253437386,exp_smoothing_4w,active SKU window only; historical active windows have complete daily rows; no pre-launch zero fill,47.85507074181193,49.0,0.2740250742751767,10.23,10.763,0.05384217143702389,0.04038162857776792,6,5.5,0.05210166177908104,57.11458615984613,93.61105890890158,79.65142839734769,60.364755684145976,98.93810111054938,4.288605862973824
2026-10-18,2026-10-01,Pattaya_Central,Guava,75.36282253437386,exp_smoothing_4w,active SKU window only; historical active windows have complete daily rows; no pre-launch zero fill,47.85507074181193,49.0,0.2740250742751767,10.23,10.763,0.05384217143702389,0.04038162857776792,6,5.5,0.05210166177908104,57.11458615984613,93.61105890890158,79.65142839734769,60.364755684145976,98.93810111054938,4.288605862973824
2026-10-19,2026-10-01,Pattaya_Central,Guava,75.36282253437386,exp_smoothing_4w,active SKU window only; historical active windows have complete daily rows; no pre-launch zero fill,47.85507074181193,49.0,0.2740250742751767,10.23,10.763,0.05384217143702389,0.04038162857776792,6,5.5,0.05210166177908104,57.11458615984613,93.61105890890158,79.65142839734769,60.364755684145976,98.93810111054938,4.288605862973824
2026-10-20,2026-10-01,Pattaya_Central,Guava,75.36282253437386,exp_smoothing_4w,active SKU window only; historical active windows have complete daily rows; no pre-launch zero fill,47.85507074181193,49.0,0.2740250742751767,10.23,10.763,0.05384217143702389,0.04038162857776792,6,5.5,0.05210166177908104,57.11458615984613,93.61105890890158,79.65142839734769,60.364755684145976,98.93810111054938,4.288605862973824
2026-10-21,2026-10-01,Pattaya_Central,Guava,75.36282253437386,exp_smoothing_4w,active SKU window only; historical active windows have complete daily rows; no pre-launch zero fill,47.85507074181193,49.0,0.2740250742751767,10.23,10.763,0.05384217143702389,0.04038162857776792,6,5.5,0.05210166177908104,57.11458615984613,93.61105890890158,79.65142839734769,60.364755684145976,98.93810111054938,4.288605862973824
2026-10-22,2026-10-01,Pattaya_Central,Guava,75.36282253437386,exp_smoothing_4w,active SKU window only; historical active windows have complete daily rows; no pre-launch zero fill,47.85507074181193,49.0,0.2740250742751767,10.23,10.763,0.05384217143702389,0.04038162857776792,6,5.5,0.05210166177908104,57.11458615984613,93.61105890890158,79.65142839734769,60.364755684145976,98.93810111054938,4.288605862973824
2026-10-23,2026-10-01,Pattaya_Central,Guava,75.36282253437386,exp_smoothing_4w,active SKU window only; historical active windows have complete daily rows; no pre-launch zero fill,47.85507074181193,49.0,0.2740250742751767,10.23,10.763,0.05384217143702389,0.04038162857776792,6,5.5,0.05210166177908104,57.11458615984613,93.61105890890158,79.65142839734769,60.364755684145976,98.93810111054938,4.288605862973824
2026-10-24,2026-10-01,Pattaya_Central,Guava,75.36282253437386,exp_smoothing_4w,active SKU window only; historical active windows have complete daily rows; no pre-launch zero fill,47.85507074181193,49.0,0.2740250742751767,10.23,10.763,0.05384217143702389,0.04038162857776792,6,5.5,0.05210166177908104,57.11458615984613,93.61105890890158,79.65142839734769,60.364755684145976,98.93810111054938,4.288605862973824
2026-10-25,2026-10-01,Pattaya_Central,Guava,75.36282253437386,exp_smoothing_4w,active SKU window only; historical active windows have complete daily rows; no pre-launch zero fill,47.85507074181193,49.0,0.2740250742751767,10.23,10.763,0.05384217143702389,0.04038162857776792,6,5.5,0.05210166177908104,57.11458615984613,93.61105890890158,79.65142839734769,60.364755684145976,98.93810111054938,4.288605862973824
2026-10-26,2026-10-01,Pattaya_Central,Guava,75.36282253437386,exp_smoothing_4w,active SKU window only; historical active windows have complete daily rows; no pre-launch zero fill,47.85507074181193,49.0,0.2740250742751767,10.23,10.763,0.05384217143702389,0.04038162857776792,6,5.5,0.05210166177908104,57.11458615984613,93.61105890890158,79.65142839734769,60.364755684145976,98.93810111054938,4.288605862973824
2026-10-27,2026-10-01,Pattaya_Central,Guava,75.36282253437386,exp_smoothing_4w,active SKU window only; historical active windows have complete daily rows; no pre-launch zero fill,47.85507074181193,49.0,0.2740250742751767,10.23,10.763,0.05384217143702389,0.04038162857776792,6,5.5,0.05210166177908104,57.11458615984613,93.61105890890158,79.65142839734769,60.364755684145976,98.93810111054938,4.288605862973824
2026-10-28,2026-10-01,Pattaya_Central,Guava,75.36282253437386,exp_smoothing_4w,active SKU window only; historical active windows have complete daily rows; no pre-launch zero fill,47.85507074181193,49.0,0.2740250742751767,10.23,10.763,0.05384217143702389,0.04038162857776792,6,5.5,0.05210166177908104,57.11458615984613,93.61105890890158,79.65142839734769,60.364755684145976,98.93810111054938,4.288605862973824
2026-10-29,2026-10-01,Pattaya_Central,Guava,75.36282253437386,exp_smoothing_4w,active SKU window only; historical active windows have complete daily rows; no pre-launch zero fill,47.85507074181193,49.0,0.2740250742751767,10.23,10.763,0.05384217143702389,0.04038162857776792,6,5.5,0.05210166177908104,57.11458615984613,93.61105890890158,79.65142839734769,60.364755684145976,98.93810111054938,4.288605862973824
2026-10-30,2026-10-01,Pattaya_Central,Guava,75.36282253437386,exp_smoothing_4w,active SKU window only; historical active windows have complete daily rows; no pre-launch zero fill,47.85507074181193,49.0,0.2740250742751767,10.23,10.763,0.05384217143702389,0.04038162857776792,6,5.5,0.05210166177908104,57.11458615984613,93.61105890890158,79.65142839734769,60.364755684145976,98.93810111054938,4.288605862973824
2026-10-31,2026-10-01,Pattaya_Central,Guava,75.36282253437386,exp_smoothing_4w,active SKU window only; historical active windows have complete daily rows; no pre-launch zero fill,47.85507074181193,49.0,0.2740250742751767,10.23,10.763,0.05384217143702389,0.04038162857776792,6,5.5,0.05210166177908104,57.11458615984613,93.61105890890158,79.65142839734769,60.364755684145976,98.93810111054938,4.288605862973824
2026-11-01,2026-11-01,Pattaya_Central,Guava,75.36282253437386,exp_smoothing_4w,active SKU window only; historical active windows have complete daily rows; no pre-launch zero fill,47.85507074181193,49.0,0.2740250742751767,10.23,10.763,0.05384217143702389,0.04038162857776792,6,5.5,0.05210166177908104,57.11458615984613,93.61105890890158,79.65142839734769,60.364755684145976,98.93810111054938,4.288605862973824
2026-11-02,2026-11-01,Pattaya_Central,Guava,75.36282253437386,exp_smoothing_4w,active SKU window only; historical active windows have complete daily rows; no pre-launch zero fill,47.85507074181193,49.0,0.2740250742751767,10.23,10.763,0.05384217143702389,0.04038162857776792,6,5.5,0.05210166177908104,57.11458615984613,93.61105890890158,79.65142839734769,60.364755684145976,98.93810111054938,4.288605862973824
2026-11-03,2026-11-01,Pattaya_Central,Guava,75.36282253437386,exp_smoothing_4w,active SKU window only; historical active windows have complete daily rows; no pre-launch zero fill,47.85507074181193,49.0,0.2740250742751767,10.23,10.763,0.05384217143702389,0.04038162857776792,6,5.5,0.05210166177908104,57.11458615984613,93.61105890890158,79.65142839734769,60.364755684145976,98.93810111054938,4.288605862973824
2026-11-04,2026-11-01,Pattaya_Central,Guava,75.36282253437386,exp_smoothing_4w,active SKU window only; historical active windows have complete daily rows; no pre-launch zero fill,47.85507074181193,49.0,0.2740250742751767,10.23,10.763,0.05384217143702389,0.04038162857776792,6,5.5,0.05210166177908104,57.11458615984613,93.61105890890158,79.65142839734769,60.364755684145976,98.93810111054938,4.288605862973824
2026-11-05,2026-11-01,Pattaya_Central,Guava,75.36282253437386,exp_smoothing_4w,active SKU window only; historical active windows have complete daily rows; no pre-launch zero fill,47.85507074181193,49.0,0.2740250742751767,10.23,10.763,0.05384217143702389,0.04038162857776792,6,5.5,0.05210166177908104,57.11458615984613,93.61105890890158,79.65142839734769,60.364755684145976,98.93810111054938,4.288605862973824
2026-11-06,2026-11-01,Pattaya_Central,Guava,75.36282253437386,exp_smoothing_4w,active SKU window only; historical active windows have complete daily rows; no pre-launch zero fill,47.85507074181193,49.0,0.2740250742751767,10.23,10.763,0.05384217143702389,0.04038162857776792,6,5.5,0.05210166177908104,57.11458615984613,93.61105890890158,79.65142839734769,60.364755684145976,98.93810111054938,4.288605862973824
2026-11-07,2026-11-01,Pattaya_Central,Guava,75.36282253437386,exp_smoothing_4w,active SKU window only; historical active windows have complete daily rows; no pre-launch zero fill,47.85507074181193,49.0,0.2740250742751767,10.23,10.763,0.05384217143702389,0.04038162857776792,6,5.5,0.05210166177908104,57.11458615984613,93.61105890890158,79.65142839734769,60.364755684145976,98.93810111054938,4.288605862973824
2026-11-08,2026-11-01,Pattaya_Central,Guava,75.36282253437386,exp_smoothing_4w,active SKU window only; historical active windows have complete daily rows; no pre-launch zero fill,47.85507074181193,49.0,0.2740250742751767,10.23,10.763,0.05384217143702389,0.04038162857776792,6,5.5,0.05210166177908104,57.11458615984613,93.61105890890158,79.65142839734769,60.364755684145976,98.93810111054938,4.288605862973824
2026-11-09,2026-11-01,Pattaya_Central,Guava,75.36282253437386,exp_smoothing_4w,active SKU window only; historical active windows have complete daily rows; no pre-launch zero fill,47.85507074181193,49.0,0.2740250742751767,10.23,10.763,0.05384217143702389,0.04038162857776792,6,5.5,0.05210166177908104,57.11458615984613,93.61105890890158,79.65142839734769,60.364755684145976,98.93810111054938,4.288605862973824
2026-11-10,2026-11-01,Pattaya_Central,Guava,75.36282253437386,exp_smoothing_4w,active SKU window only; historical active windows have complete daily rows; no pre-launch zero fill,47.85507074181193,49.0,0.2740250742751767,10.23,10.763,0.05384217143702389,0.04038162857776792,6,5.5,0.05210166177908104,57.11458615984613,93.61105890890158,79.65142839734769,60.364755684145976,98.93810111054938,4.288605862973824
2026-11-11,2026-11-01,Pattaya_Central,Guava,75.36282253437386,exp_smoothing_4w,active SKU window only; historical active windows have complete daily rows; no pre-launch zero fill,47.85507074181193,49.0,0.2740250742751767,10.23,10.763,0.05384217143702389,0.04038162857776792,6,5.5,0.05210166177908104,57.11458615984613,93.61105890890158,79.65142839734769,60.364755684145976,98.93810111054938,4.288605862973824
2026-11-12,2026-11-01,Pattaya_Central,Guava,75.36282253437386,exp_smoothing_4w,active SKU window only; historical active windows have complete daily rows; no pre-launch zero fill,47.85507074181193,49.0,0.2740250742751767,10.23,10.763,0.05384217143702389,0.04038162857776792,6,5.5,0.05210166177908104,57.11458615984613,93.61105890890158,79.65142839734769,60.364755684145976,98.93810111054938,4.288605862973824
2026-11-13,2026-11-01,Pattaya_Central,Guava,75.36282253437386,exp_smoothing_4w,active SKU window only; historical active windows have complete daily rows; no pre-launch zero fill,47.85507074181193,49.0,0.2740250742751767,10.23,10.763,0.05384217143702389,0.04038162857776792,6,5.5,0.05210166177908104,57.11458615984613,93.61105890890158,79.65142839734769,60.364755684145976,98.93810111054938,4.288605862973824
2026-11-14,2026-11-01,Pattaya_Central,Guava,75.36282253437386,exp_smoothing_4w,active SKU window only; historical active windows have complete daily rows; no pre-launch zero fill,47.85507074181193,49.0,0.2740250742751767,10.23,10.763,0.05384217143702389,0.04038162857776792,6,5.5,0.05210166177908104,57.11458615984613,93.61105890890158,79.65142839734769,60.364755684145976,98.93810111054938,4.288605862973824
2026-11-15,2026-11-01,Pattaya_Central,Guava,75.36282253437386,exp_smoothing_4w,active SKU window only; historical active windows have complete daily rows; no pre-launch zero fill,47.85507074181193,49.0,0.2740250742751767,10.23,10.763,0.05384217143702389,0.04038162857776792,6,5.5,0.05210166177908104,57.11458615984613,93.61105890890158,79.65142839734769,60.364755684145976,98.93810111054938,4.288605862973824
2026-11-16,2026-11-01,Pattaya_Central,Guava,75.36282253437386,exp_smoothing_4w,active SKU window only; historical active windows have complete daily rows; no pre-launch zero fill,47.85507074181193,49.0,0.2740250742751767,10.23,10.763,0.05384217143702389,0.04038162857776792,6,5.5,0.05210166177908104,57.11458615984613,93.61105890890158,79.65142839734769,60.364755684145976,98.93810111054938,4.288605862973824
2026-11-17,2026-11-01,Pattaya_Central,Guava,75.36282253437386,exp_smoothing_4w,active SKU window only; historical active windows have complete daily rows; no pre-launch zero fill,47.85507074181193,49.0,0.2740250742751767,10.23,10.763,0.05384217143702389,0.04038162857776792,6,5.5,0.05210166177908104,57.11458615984613,93.61105890890158,79.65142839734769,60.364755684145976,98.93810111054938,4.288605862973824
2026-11-18,2026-11-01,Pattaya_Central,Guava,75.36282253437386,exp_smoothing_4w,active SKU window only; historical active windows have complete daily rows; no pre-launch zero fill,47.85507074181193,49.0,0.2740250742751767,10.23,10.763,0.05384217143702389,0.04038162857776792,6,5.5,0.05210166177908104,57.11458615984613,93.61105890890158,79.65142839734769,60.364755684145976,98.93810111054938,4.288605862973824
2026-11-19,2026-11-01,Pattaya_Central,Guava,75.36282253437386,exp_smoothing_4w,active SKU window only; historical active windows have complete daily rows; no pre-launch zero fill,47.85507074181193,49.0,0.2740250742751767,10.23,10.763,0.05384217143702389,0.04038162857776792,6,5.5,0.05210166177908104,57.11458615984613,93.61105890890158,79.65142839734769,60.364755684145976,98.93810111054938,4.288605862973824
2026-11-20,2026-11-01,Pattaya_Central,Guava,75.36282253437386,exp_smoothing_4w,active SKU window only; historical active windows have complete daily rows; no pre-launch zero fill,47.85507074181193,49.0,0.2740250742751767,10.23,10.763,0.05384217143702389,0.04038162857776792,6,5.5,0.05210166177908104,57.11458615984613,93.61105890890158,79.65142839734769,60.364755684145976,98.93810111054938,4.288605862973824
2026-11-21,2026-11-01,Pattaya_Central,Guava,75.36282253437386,exp_smoothing_4w,active SKU window only; historical active windows have complete daily rows; no pre-launch zero fill,47.85507074181193,49.0,0.2740250742751767,10.23,10.763,0.05384217143702389,0.04038162857776792,6,5.5,0.05210166177908104,57.11458615984613,93.61105890890158,79.65142839734769,60.364755684145976,98.93810111054938,4.288605862973824
2026-11-22,2026-11-01,Pattaya_Central,Guava,75.36282253437386,exp_smoothing_4w,active SKU window only; historical active windows have complete daily rows; no pre-launch zero fill,47.85507074181193,49.0,0.2740250742751767,10.23,10.763,0.05384217143702389,0.04038162857776792,6,5.5,0.05210166177908104,57.11458615984613,93.61105890890158,79.65142839734769,60.364755684145976,98.93810111054938,4.288605862973824
2026-11-23,2026-11-01,Pattaya_Central,Guava,75.36282253437386,exp_smoothing_4w,active SKU window only; historical active windows have complete daily rows; no pre-launch zero fill,47.85507074181193,49.0,0.2740250742751767,10.23,10.763,0.05384217143702389,0.04038162857776792,6,5.5,0.05210166177908104,57.11458615984613,93.61105890890158,79.65142839734769,60.364755684145976,98.93810111054938,4.288605862973824
2026-11-24,2026-11-01,Pattaya_Central,Guava,75.36282253437386,exp_smoothing_4w,active SKU window only; historical active windows have complete daily rows; no pre-launch zero fill,47.85507074181193,49.0,0.2740250742751767,10.23,10.763,0.05384217143702389,0.04038162857776792,6,5.5,0.05210166177908104,57.11458615984613,93.61105890890158,79.65142839734769,60.364755684145976,98.93810111054938,4.288605862973824
2026-11-25,2026-11-01,Pattaya_Central,Guava,75.36282253437386,exp_smoothing_4w,active SKU window only; historical active windows have complete daily rows; no pre-launch zero fill,47.85507074181193,49.0,0.2740250742751767,10.23,10.763,0.05384217143702389,0.04038162857776792,6,5.5,0.05210166177908104,57.11458615984613,93.61105890890158,79.65142839734769,60.364755684145976,98.93810111054938,4.288605862973824
2026-11-26,2026-11-01,Pattaya_Central,Guava,75.36282253437386,exp_smoothing_4w,active SKU window only; historical active windows have complete daily rows; no pre-launch zero fill,47.85507074181193,49.0,0.2740250742751767,10.23,10.763,0.05384217143702389,0.04038162857776792,6,5.5,0.05210166177908104,57.11458615984613,93.61105890890158,79.65142839734769,60.364755684145976,98.93810111054938,4.288605862973824
2026-11-27,2026-11-01,Pattaya_Central,Guava,75.36282253437386,exp_smoothing_4w,active SKU window only; historical active windows have complete daily rows; no pre-launch zero fill,47.85507074181193,49.0,0.2740250742751767,10.23,10.763,0.05384217143702389,0.04038162857776792,6,5.5,0.05210166177908104,57.11458615984613,93.61105890890158,79.65142839734769,60.364755684145976,98.93810111054938,4.288605862973824
2026-11-28,2026-11-01,Pattaya_Central,Guava,75.36282253437386,exp_smoothing_4w,active SKU window only; historical active windows have complete daily rows; no pre-launch zero fill,47.85507074181193,49.0,0.2740250742751767,10.23,10.763,0.05384217143702389,0.04038162857776792,6,5.5,0.05210166177908104,57.11458615984613,93.61105890890158,79.65142839734769,60.364755684145976,98.93810111054938,4.288605862973824
2026-11-29,2026-11-01,Pattaya_Central,Guava,75.36282253437386,exp_smoothing_4w,active SKU window only; historical active windows have complete daily rows; no pre-launch zero fill,47.85507074181193,49.0,0.2740250742751767,10.23,10.763,0.05384217143702389,0.04038162857776792,6,5.5,0.05210166177908104,57.11458615984613,93.61105890890158,79.65142839734769,60.364755684145976,98.93810111054938,4.288605862973824
2026-11-30,2026-11-01,Pattaya_Central,Guava,75.36282253437386,exp_smoothing_4w,active SKU window only; historical active windows have complete daily rows; no pre-launch zero fill,47.85507074181193,49.0,0.2740250742751767,10.23,10.763,0.05384217143702389,0.04038162857776792,6,5.5,0.05210166177908104,57.11458615984613,93.61105890890158,79.65142839734769,60.364755684145976,98.93810111054938,4.288605862973824
2026-09-01,2026-09-01,Pattaya_Central,MixedBerryPremium,24.227469467776135,exp_smoothing_4w,active SKU window only; historical active windows have complete daily rows; no pre-launch zero fill,86.5322130974942,89.0,0.27024767614113815,49.16,53.002,0.20131180625630676,0.15098385469223008,8,7.0,0.07815296989422316,18.361067776106722,30.093871159445545,30.334077375320465,22.98903116376723,37.6791235868737,6.10660790754433
2026-09-02,2026-09-01,Pattaya_Central,MixedBerryPremium,24.227469467776135,exp_smoothing_4w,active SKU window only; historical active windows have complete daily rows; no pre-launch zero fill,86.5322130974942,89.0,0.27024767614113815,49.16,53.002,0.20131180625630676,0.15098385469223008,8,7.0,0.07815296989422316,18.361067776106722,30.093871159445545,30.334077375320465,22.98903116376723,37.6791235868737,6.10660790754433
2026-09-03,2026-09-01,Pattaya_Central,MixedBerryPremium,24.227469467776135,exp_smoothing_4w,active SKU window only; historical active windows have complete daily rows; no pre-launch zero fill,86.5322130974942,89.0,0.27024767614113815,49.16,53.002,0.20131180625630676,0.15098385469223008,8,7.0,0.07815296989422316,18.361067776106722,30.093871159445545,30.334077375320465,22.98903116376723,37.6791235868737,6.10660790754433
2026-09-04,2026-09-01,Pattaya_Central,MixedBerryPremium,24.227469467776135,exp_smoothing_4w,active SKU window only; historical active windows have complete daily rows; no pre-launch zero fill,86.5322130974942,89.0,0.27024767614113815,49.16,53.002,0.20131180625630676,0.15098385469223008,8,7.0,0.07815296989422316,18.361067776106722,30.093871159445545,30.334077375320465,22.98903116376723,37.6791235868737,6.10660790754433
2026-09-05,2026-09-01,Pattaya_Central,MixedBerryPremium,24.227469467776135,exp_smoothing_4w,active SKU window only; historical active windows have complete daily rows; no pre-launch zero fill,86.5322130974942,89.0,0.27024767614113815,49.16,53.002,0.20131180625630676,0.15098385469223008,8,7.0,0.07815296989422316,18.361067776106722,30.093871159445545,30.334077375320465,22.98903116376723,37.6791235868737,6.10660790754433
2026-09-06,2026-09-01,Pattaya_Central,MixedBerryPremium,24.227469467776135,exp_smoothing_4w,active SKU window only; historical active windows have complete daily rows; no pre-launch zero fill,86.5322130974942,89.0,0.27024767614113815,49.16,53.002,0.20131180625630676,0.15098385469223008,8,7.0,0.07815296989422316,18.361067776106722,30.093871159445545,30.334077375320465,22.98903116376723,37.6791235868737,6.10660790754433
2026-09-07,2026-09-01,Pattaya_Central,MixedBerryPremium,24.227469467776135,exp_smoothing_4w,active SKU window only; historical active windows have complete daily rows; no pre-launch zero fill,86.5322130974942,89.0,0.27024767614113815,49.16,53.002,0.20131180625630676,0.15098385469223008,8,7.0,0.07815296989422316,18.361067776106722,30.093871159445545,30.334077375320465,22.98903116376723,37.6791235868737,6.10660790754433
2026-09-08,2026-09-01,Pattaya_Central,MixedBerryPremium,24.227469467776135,exp_smoothing_4w,active SKU window only; historical active windows have complete daily rows; no pre-launch zero fill,86.5322130974942,89.0,0.27024767614113815,49.16,53.002,0.20131180625630676,0.15098385469223008,8,7.0,0.07815296989422316,18.361067776106722,30.093871159445545,30.334077375320465,22.98903116376723,37.6791235868737,6.10660790754433
2026-09-09,2026-09-01,Pattaya_Central,MixedBerryPremium,24.227469467776135,exp_smoothing_4w,active SKU window only; historical active windows have complete daily rows; no pre-launch zero fill,86.5322130974942,89.0,0.27024767614113815,49.16,53.002,0.20131180625630676,0.15098385469223008,8,7.0,0.07815296989422316,18.361067776106722,30.093871159445545,30.334077375320465,22.98903116376723,37.6791235868737,6.10660790754433
2026-09-10,2026-09-01,Pattaya_Central,MixedBerryPremium,24.227469467776135,exp_smoothing_4w,active SKU window only; historical active windows have complete daily rows; no pre-launch zero fill,86.5322130974942,89.0,0.27024767614113815,49.16,53.002,0.20131180625630676,0.15098385469223008,8,7.0,0.07815296989422316,18.361067776106722,30.093871159445545,30.334077375320465,22.98903116376723,37.6791235868737,6.10660790754433
2026-09-11,2026-09-01,Pattaya_Central,MixedBerryPremium,24.227469467776135,exp_smoothing_4w,active SKU window only; historical active windows have complete daily rows; no pre-launch zero fill,86.5322130974942,89.0,0.27024767614113815,49.16,53.002,0.20131180625630676,0.15098385469223008,8,7.0,0.07815296989422316,18.361067776106722,30.093871159445545,30.334077375320465,22.98903116376723,37.6791235868737,6.10660790754433
2026-09-12,2026-09-01,Pattaya_Central,MixedBerryPremium,24.227469467776135,exp_smoothing_4w,active SKU window only; historical active windows have complete daily rows; no pre-launch zero fill,86.5322130974942,89.0,0.27024767614113815,49.16,53.002,0.20131180625630676,0.15098385469223008,8,7.0,0.07815296989422316,18.361067776106722,30.093871159445545,30.334077375320465,22.98903116376723,37.6791235868737,6.10660790754433
2026-09-13,2026-09-01,Pattaya_Central,MixedBerryPremium,24.227469467776135,exp_smoothing_4w,active SKU window only; historical active windows have complete daily rows; no pre-launch zero fill,86.5322130974942,89.0,0.27024767614113815,49.16,53.002,0.20131180625630676,0.15098385469223008,8,7.0,0.07815296989422316,18.361067776106722,30.093871159445545,30.334077375320465,22.98903116376723,37.6791235868737,6.10660790754433
2026-09-14,2026-09-01,Pattaya_Central,MixedBerryPremium,24.227469467776135,exp_smoothing_4w,active SKU window only; historical active windows have complete daily rows; no pre-launch zero fill,86.5322130974942,89.0,0.27024767614113815,49.16,53.002,0.20131180625630676,0.15098385469223008,8,7.0,0.07815296989422316,18.361067776106722,30.093871159445545,30.334077375320465,22.98903116376723,37.6791235868737,6.10660790754433
2026-09-15,2026-09-01,Pattaya_Central,MixedBerryPremium,24.227469467776135,exp_smoothing_4w,active SKU window only; historical active windows have complete daily rows; no pre-launch zero fill,86.5322130974942,89.0,0.27024767614113815,49.16,53.002,0.20131180625630676,0.15098385469223008,8,7.0,0.07815296989422316,18.361067776106722,30.093871159445545,30.334077375320465,22.98903116376723,37.6791235868737,6.10660790754433
2026-09-16,2026-09-01,Pattaya_Central,MixedBerryPremium,24.227469467776135,exp_smoothing_4w,active SKU window only; historical active windows have complete daily rows; no pre-launch zero fill,86.5322130974942,89.0,0.27024767614113815,49.16,53.002,0.20131180625630676,0.15098385469223008,8,7.0,0.07815296989422316,18.361067776106722,30.093871159445545,30.334077375320465,22.98903116376723,37.6791235868737,6.10660790754433
2026-09-17,2026-09-01,Pattaya_Central,MixedBerryPremium,24.227469467776135,exp_smoothing_4w,active SKU window only; historical active windows have complete daily rows; no pre-launch zero fill,86.5322130974942,89.0,0.27024767614113815,49.16,53.002,0.20131180625630676,0.15098385469223008,8,7.0,0.07815296989422316,18.361067776106722,30.093871159445545,30.334077375320465,22.98903116376723,37.6791235868737,6.10660790754433
2026-09-18,2026-09-01,Pattaya_Central,MixedBerryPremium,24.227469467776135,exp_smoothing_4w,active SKU window only; historical active windows have complete daily rows; no pre-launch zero fill,86.5322130974942,89.0,0.27024767614113815,49.16,53.002,0.20131180625630676,0.15098385469223008,8,7.0,0.07815296989422316,18.361067776106722,30.093871159445545,30.334077375320465,22.98903116376723,37.6791235868737,6.10660790754433
2026-09-19,2026-09-01,Pattaya_Central,MixedBerryPremium,24.227469467776135,exp_smoothing_4w,active SKU window only; historical active windows have complete daily rows; no pre-launch zero fill,86.5322130974942,89.0,0.27024767614113815,49.16,53.002,0.20131180625630676,0.15098385469223008,8,7.0,0.07815296989422316,18.361067776106722,30.093871159445545,30.334077375320465,22.98903116376723,37.6791235868737,6.10660790754433
2026-09-20,2026-09-01,Pattaya_Central,MixedBerryPremium,24.227469467776135,exp_smoothing_4w,active SKU window only; historical active windows have complete daily rows; no pre-launch zero fill,86.5322130974942,89.0,0.27024767614113815,49.16,53.002,0.20131180625630676,0.15098385469223008,8,7.0,0.07815296989422316,18.361067776106722,30.093871159445545,30.334077375320465,22.98903116376723,37.6791235868737,6.10660790754433
2026-09-21,2026-09-01,Pattaya_Central,MixedBerryPremium,24.227469467776135,exp_smoothing_4w,active SKU window only; historical active windows have complete daily rows; no pre-launch zero fill,86.5322130974942,89.0,0.27024767614113815,49.16,53.002,0.20131180625630676,0.15098385469223008,8,7.0,0.07815296989422316,18.361067776106722,30.093871159445545,30.334077375320465,22.98903116376723,37.6791235868737,6.10660790754433
2026-09-22,2026-09-01,Pattaya_Central,MixedBerryPremium,24.227469467776135,exp_smoothing_4w,active SKU window only; historical active windows have complete daily rows; no pre-launch zero fill,86.5322130974942,89.0,0.27024767614113815,49.16,53.002,0.20131180625630676,0.15098385469223008,8,7.0,0.07815296989422316,18.361067776106722,30.093871159445545,30.334077375320465,22.98903116376723,37.6791235868737,6.10660790754433
2026-09-23,2026-09-01,Pattaya_Central,MixedBerryPremium,24.227469467776135,exp_smoothing_4w,active SKU window only; historical active windows have complete daily rows; no pre-launch zero fill,86.5322130974942,89.0,0.27024767614113815,49.16,53.002,0.20131180625630676,0.15098385469223008,8,7.0,0.07815296989422316,18.361067776106722,30.093871159445545,30.334077375320465,22.98903116376723,37.6791235868737,6.10660790754433
2026-09-24,2026-09-01,Pattaya_Central,MixedBerryPremium,24.227469467776135,exp_smoothing_4w,active SKU window only; historical active windows have complete daily rows; no pre-launch zero fill,86.5322130974942,89.0,0.27024767614113815,49.16,53.002,0.20131180625630676,0.15098385469223008,8,7.0,0.07815296989422316,18.361067776106722,30.093871159445545,30.334077375320465,22.98903116376723,37.6791235868737,6.10660790754433
2026-09-25,2026-09-01,Pattaya_Central,MixedBerryPremium,24.227469467776135,exp_smoothing_4w,active SKU window only; historical active windows have complete daily rows; no pre-launch zero fill,86.5322130974942,89.0,0.27024767614113815,49.16,53.002,0.20131180625630676,0.15098385469223008,8,7.0,0.07815296989422316,18.361067776106722,30.093871159445545,30.334077375320465,22.98903116376723,37.6791235868737,6.10660790754433
2026-09-26,2026-09-01,Pattaya_Central,MixedBerryPremium,24.227469467776135,exp_smoothing_4w,active SKU window only; historical active windows have complete daily rows; no pre-launch zero fill,86.5322130974942,89.0,0.27024767614113815,49.16,53.002,0.20131180625630676,0.15098385469223008,8,7.0,0.07815296989422316,18.361067776106722,30.093871159445545,30.334077375320465,22.98903116376723,37.6791235868737,6.10660790754433
2026-09-27,2026-09-01,Pattaya_Central,MixedBerryPremium,24.227469467776135,exp_smoothing_4w,active SKU window only; historical active windows have complete daily rows; no pre-launch zero fill,86.5322130974942,89.0,0.27024767614113815,49.16,53.002,0.20131180625630676,0.15098385469223008,8,7.0,0.07815296989422316,18.361067776106722,30.093871159445545,30.334077375320465,22.98903116376723,37.6791235868737,6.10660790754433
2026-09-28,2026-09-01,Pattaya_Central,MixedBerryPremium,24.227469467776135,exp_smoothing_4w,active SKU window only; historical active windows have complete daily rows; no pre-launch zero fill,86.5322130974942,89.0,0.27024767614113815,49.16,53.002,0.20131180625630676,0.15098385469223008,8,7.0,0.07815296989422316,18.361067776106722,30.093871159445545,30.334077375320465,22.98903116376723,37.6791235868737,6.10660790754433
2026-09-29,2026-09-01,Pattaya_Central,MixedBerryPremium,24.227469467776135,exp_smoothing_4w,active SKU window only; historical active windows have complete daily rows; no pre-launch zero fill,86.5322130974942,89.0,0.27024767614113815,49.16,53.002,0.20131180625630676,0.15098385469223008,8,7.0,0.07815296989422316,18.361067776106722,30.093871159445545,30.334077375320465,22.98903116376723,37.6791235868737,6.10660790754433
2026-09-30,2026-09-01,Pattaya_Central,MixedBerryPremium,24.227469467776135,exp_smoothing_4w,active SKU window only; historical active windows have complete daily rows; no pre-launch zero fill,86.5322130974942,89.0,0.27024767614113815,49.16,53.002,0.20131180625630676,0.15098385469223008,8,7.0,0.07815296989422316,18.361067776106722,30.093871159445545,30.334077375320465,22.98903116376723,37.6791235868737,6.10660790754433
2026-10-01,2026-10-01,Pattaya_Central,MixedBerryPremium,24.227469467776135,exp_smoothing_4w,active SKU window only; historical active windows have complete daily rows; no pre-launch zero fill,86.5322130974942,89.0,0.27024767614113815,49.16,53.002,0.20131180625630676,0.15098385469223008,8,7.0,0.07815296989422316,18.361067776106722,30.093871159445545,30.334077375320465,22.98903116376723,37.6791235868737,6.10660790754433
2026-10-02,2026-10-01,Pattaya_Central,MixedBerryPremium,24.227469467776135,exp_smoothing_4w,active SKU window only; historical active windows have complete daily rows; no pre-launch zero fill,86.5322130974942,89.0,0.27024767614113815,49.16,53.002,0.20131180625630676,0.15098385469223008,8,7.0,0.07815296989422316,18.361067776106722,30.093871159445545,30.334077375320465,22.98903116376723,37.6791235868737,6.10660790754433
2026-10-03,2026-10-01,Pattaya_Central,MixedBerryPremium,24.227469467776135,exp_smoothing_4w,active SKU window only; historical active windows have complete daily rows; no pre-launch zero fill,86.5322130974942,89.0,0.27024767614113815,49.16,53.002,0.20131180625630676,0.15098385469223008,8,7.0,0.07815296989422316,18.361067776106722,30.093871159445545,30.334077375320465,22.98903116376723,37.6791235868737,6.10660790754433
2026-10-04,2026-10-01,Pattaya_Central,MixedBerryPremium,24.227469467776135,exp_smoothing_4w,active SKU window only; historical active windows have complete daily rows; no pre-launch zero fill,86.5322130974942,89.0,0.27024767614113815,49.16,53.002,0.20131180625630676,0.15098385469223008,8,7.0,0.07815296989422316,18.361067776106722,30.093871159445545,30.334077375320465,22.98903116376723,37.6791235868737,6.10660790754433
2026-10-05,2026-10-01,Pattaya_Central,MixedBerryPremium,24.227469467776135,exp_smoothing_4w,active SKU window only; historical active windows have complete daily rows; no pre-launch zero fill,86.5322130974942,89.0,0.27024767614113815,49.16,53.002,0.20131180625630676,0.15098385469223008,8,7.0,0.07815296989422316,18.361067776106722,30.093871159445545,30.334077375320465,22.98903116376723,37.6791235868737,6.10660790754433
2026-10-06,2026-10-01,Pattaya_Central,MixedBerryPremium,24.227469467776135,exp_smoothing_4w,active SKU window only; historical active windows have complete daily rows; no pre-launch zero fill,86.5322130974942,89.0,0.27024767614113815,49.16,53.002,0.20131180625630676,0.15098385469223008,8,7.0,0.07815296989422316,18.361067776106722,30.093871159445545,30.334077375320465,22.98903116376723,37.6791235868737,6.10660790754433
2026-10-07,2026-10-01,Pattaya_Central,MixedBerryPremium,24.227469467776135,exp_smoothing_4w,active SKU window only; historical active windows have complete daily rows; no pre-launch zero fill,86.5322130974942,89.0,0.27024767614113815,49.16,53.002,0.20131180625630676,0.15098385469223008,8,7.0,0.07815296989422316,18.361067776106722,30.093871159445545,30.334077375320465,22.98903116376723,37.6791235868737,6.10660790754433
2026-10-08,2026-10-01,Pattaya_Central,MixedBerryPremium,24.227469467776135,exp_smoothing_4w,active SKU window only; historical active windows have complete daily rows; no pre-launch zero fill,86.5322130974942,89.0,0.27024767614113815,49.16,53.002,0.20131180625630676,0.15098385469223008,8,7.0,0.07815296989422316,18.361067776106722,30.093871159445545,30.334077375320465,22.98903116376723,37.6791235868737,6.10660790754433
2026-10-09,2026-10-01,Pattaya_Central,MixedBerryPremium,24.227469467776135,exp_smoothing_4w,active SKU window only; historical active windows have complete daily rows; no pre-launch zero fill,86.5322130974942,89.0,0.27024767614113815,49.16,53.002,0.20131180625630676,0.15098385469223008,8,7.0,0.07815296989422316,18.361067776106722,30.093871159445545,30.334077375320465,22.98903116376723,37.6791235868737,6.10660790754433
2026-10-10,2026-10-01,Pattaya_Central,MixedBerryPremium,24.227469467776135,exp_smoothing_4w,active SKU window only; historical active windows have complete daily rows; no pre-launch zero fill,86.5322130974942,89.0,0.27024767614113815,49.16,53.002,0.20131180625630676,0.15098385469223008,8,7.0,0.07815296989422316,18.361067776106722,30.093871159445545,30.334077375320465,22.98903116376723,37.6791235868737,6.10660790754433
2026-10-11,2026-10-01,Pattaya_Central,MixedBerryPremium,24.227469467776135,exp_smoothing_4w,active SKU window only; historical active windows have complete daily rows; no pre-launch zero fill,86.5322130974942,89.0,0.27024767614113815,49.16,53.002,0.20131180625630676,0.15098385469223008,8,7.0,0.07815296989422316,18.361067776106722,30.093871159445545,30.334077375320465,22.98903116376723,37.6791235868737,6.10660790754433
2026-10-12,2026-10-01,Pattaya_Central,MixedBerryPremium,24.227469467776135,exp_smoothing_4w,active SKU window only; historical active windows have complete daily rows; no pre-launch zero fill,86.5322130974942,89.0,0.27024767614113815,49.16,53.002,0.20131180625630676,0.15098385469223008,8,7.0,0.07815296989422316,18.361067776106722,30.093871159445545,30.334077375320465,22.98903116376723,37.6791235868737,6.10660790754433
2026-10-13,2026-10-01,Pattaya_Central,MixedBerryPremium,24.227469467776135,exp_smoothing_4w,active SKU window only; historical active windows have complete daily rows; no pre-launch zero fill,86.5322130974942,89.0,0.27024767614113815,49.16,53.002,0.20131180625630676,0.15098385469223008,8,7.0,0.07815296989422316,18.361067776106722,30.093871159445545,30.334077375320465,22.98903116376723,37.6791235868737,6.10660790754433
2026-10-14,2026-10-01,Pattaya_Central,MixedBerryPremium,24.227469467776135,exp_smoothing_4w,active SKU window only; historical active windows have complete daily rows; no pre-launch zero fill,86.5322130974942,89.0,0.27024767614113815,49.16,53.002,0.20131180625630676,0.15098385469223008,8,7.0,0.07815296989422316,18.361067776106722,30.093871159445545,30.334077375320465,22.98903116376723,37.6791235868737,6.10660790754433
2026-10-15,2026-10-01,Pattaya_Central,MixedBerryPremium,24.227469467776135,exp_smoothing_4w,active SKU window only; historical active windows have complete daily rows; no pre-launch zero fill,86.5322130974942,89.0,0.27024767614113815,49.16,53.002,0.20131180625630676,0.15098385469223008,8,7.0,0.07815296989422316,18.361067776106722,30.093871159445545,30.334077375320465,22.98903116376723,37.6791235868737,6.10660790754433
2026-10-16,2026-10-01,Pattaya_Central,MixedBerryPremium,24.227469467776135,exp_smoothing_4w,active SKU window only; historical active windows have complete daily rows; no pre-launch zero fill,86.5322130974942,89.0,0.27024767614113815,49.16,53.002,0.20131180625630676,0.15098385469223008,8,7.0,0.07815296989422316,18.361067776106722,30.093871159445545,30.334077375320465,22.98903116376723,37.6791235868737,6.10660790754433
2026-10-17,2026-10-01,Pattaya_Central,MixedBerryPremium,24.227469467776135,exp_smoothing_4w,active SKU window only; historical active windows have complete daily rows; no pre-launch zero fill,86.5322130974942,89.0,0.27024767614113815,49.16,53.002,0.20131180625630676,0.15098385469223008,8,7.0,0.07815296989422316,18.361067776106722,30.093871159445545,30.334077375320465,22.98903116376723,37.6791235868737,6.10660790754433
2026-10-18,2026-10-01,Pattaya_Central,MixedBerryPremium,24.227469467776135,exp_smoothing_4w,active SKU window only; historical active windows have complete daily rows; no pre-launch zero fill,86.5322130974942,89.0,0.27024767614113815,49.16,53.002,0.20131180625630676,0.15098385469223008,8,7.0,0.07815296989422316,18.361067776106722,30.093871159445545,30.334077375320465,22.98903116376723,37.6791235868737,6.10660790754433
2026-10-19,2026-10-01,Pattaya_Central,MixedBerryPremium,24.227469467776135,exp_smoothing_4w,active SKU window only; historical active windows have complete daily rows; no pre-launch zero fill,86.5322130974942,89.0,0.27024767614113815,49.16,53.002,0.20131180625630676,0.15098385469223008,8,7.0,0.07815296989422316,18.361067776106722,30.093871159445545,30.334077375320465,22.98903116376723,37.6791235868737,6.10660790754433
2026-10-20,2026-10-01,Pattaya_Central,MixedBerryPremium,24.227469467776135,exp_smoothing_4w,active SKU window only; historical active windows have complete daily rows; no pre-launch zero fill,86.5322130974942,89.0,0.27024767614113815,49.16,53.002,0.20131180625630676,0.15098385469223008,8,7.0,0.07815296989422316,18.361067776106722,30.093871159445545,30.334077375320465,22.98903116376723,37.6791235868737,6.10660790754433
2026-10-21,2026-10-01,Pattaya_Central,MixedBerryPremium,24.227469467776135,exp_smoothing_4w,active SKU window only; historical active windows have complete daily rows; no pre-launch zero fill,86.5322130974942,89.0,0.27024767614113815,49.16,53.002,0.20131180625630676,0.15098385469223008,8,7.0,0.07815296989422316,18.361067776106722,30.093871159445545,30.334077375320465,22.98903116376723,37.6791235868737,6.10660790754433
2026-10-22,2026-10-01,Pattaya_Central,MixedBerryPremium,24.227469467776135,exp_smoothing_4w,active SKU window only; historical active windows have complete daily rows; no pre-launch zero fill,86.5322130974942,89.0,0.27024767614113815,49.16,53.002,0.20131180625630676,0.15098385469223008,8,7.0,0.07815296989422316,18.361067776106722,30.093871159445545,30.334077375320465,22.98903116376723,37.6791235868737,6.10660790754433
2026-10-23,2026-10-01,Pattaya_Central,MixedBerryPremium,24.227469467776135,exp_smoothing_4w,active SKU window only; historical active windows have complete daily rows; no pre-launch zero fill,86.5322130974942,89.0,0.27024767614113815,49.16,53.002,0.20131180625630676,0.15098385469223008,8,7.0,0.07815296989422316,18.361067776106722,30.093871159445545,30.334077375320465,22.98903116376723,37.6791235868737,6.10660790754433
2026-10-24,2026-10-01,Pattaya_Central,MixedBerryPremium,24.227469467776135,exp_smoothing_4w,active SKU window only; historical active windows have complete daily rows; no pre-launch zero fill,86.5322130974942,89.0,0.27024767614113815,49.16,53.002,0.20131180625630676,0.15098385469223008,8,7.0,0.07815296989422316,18.361067776106722,30.093871159445545,30.334077375320465,22.98903116376723,37.6791235868737,6.10660790754433
2026-10-25,2026-10-01,Pattaya_Central,MixedBerryPremium,24.227469467776135,exp_smoothing_4w,active SKU window only; historical active windows have complete daily rows; no pre-launch zero fill,86.5322130974942,89.0,0.27024767614113815,49.16,53.002,0.20131180625630676,0.15098385469223008,8,7.0,0.07815296989422316,18.361067776106722,30.093871159445545,30.334077375320465,22.98903116376723,37.6791235868737,6.10660790754433
2026-10-26,2026-10-01,Pattaya_Central,MixedBerryPremium,24.227469467776135,exp_smoothing_4w,active SKU window only; historical active windows have complete daily rows; no pre-launch zero fill,86.5322130974942,89.0,0.27024767614113815,49.16,53.002,0.20131180625630676,0.15098385469223008,8,7.0,0.07815296989422316,18.361067776106722,30.093871159445545,30.334077375320465,22.98903116376723,37.6791235868737,6.10660790754433
2026-10-27,2026-10-01,Pattaya_Central,MixedBerryPremium,24.227469467776135,exp_smoothing_4w,active SKU window only; historical active windows have complete daily rows; no pre-launch zero fill,86.5322130974942,89.0,0.27024767614113815,49.16,53.002,0.20131180625630676,0.15098385469223008,8,7.0,0.07815296989422316,18.361067776106722,30.093871159445545,30.334077375320465,22.98903116376723,37.6791235868737,6.10660790754433
2026-10-28,2026-10-01,Pattaya_Central,MixedBerryPremium,24.227469467776135,exp_smoothing_4w,active SKU window only; historical active windows have complete daily rows; no pre-launch zero fill,86.5322130974942,89.0,0.27024767614113815,49.16,53.002,0.20131180625630676,0.15098385469223008,8,7.0,0.07815296989422316,18.361067776106722,30.093871159445545,30.334077375320465,22.98903116376723,37.6791235868737,6.10660790754433
2026-10-29,2026-10-01,Pattaya_Central,MixedBerryPremium,24.227469467776135,exp_smoothing_4w,active SKU window only; historical active windows have complete daily rows; no pre-launch zero fill,86.5322130974942,89.0,0.27024767614113815,49.16,53.002,0.20131180625630676,0.15098385469223008,8,7.0,0.07815296989422316,18.361067776106722,30.093871159445545,30.334077375320465,22.98903116376723,37.6791235868737,6.10660790754433
2026-10-30,2026-10-01,Pattaya_Central,MixedBerryPremium,24.227469467776135,exp_smoothing_4w,active SKU window only; historical active windows have complete daily rows; no pre-launch zero fill,86.5322130974942,89.0,0.27024767614113815,49.16,53.002,0.20131180625630676,0.15098385469223008,8,7.0,0.07815296989422316,18.361067776106722,30.093871159445545,30.334077375320465,22.98903116376723,37.6791235868737,6.10660790754433
2026-10-31,2026-10-01,Pattaya_Central,MixedBerryPremium,24.227469467776135,exp_smoothing_4w,active SKU window only; historical active windows have complete daily rows; no pre-launch zero fill,86.5322130974942,89.0,0.27024767614113815,49.16,53.002,0.20131180625630676,0.15098385469223008,8,7.0,0.07815296989422316,18.361067776106722,30.093871159445545,30.334077375320465,22.98903116376723,37.6791235868737,6.10660790754433
2026-11-01,2026-11-01,Pattaya_Central,MixedBerryPremium,24.227469467776135,exp_smoothing_4w,active SKU window only; historical active windows have complete daily rows; no pre-launch zero fill,86.5322130974942,89.0,0.27024767614113815,49.16,53.002,0.20131180625630676,0.15098385469223008,8,7.0,0.07815296989422316,18.361067776106722,30.093871159445545,30.334077375320465,22.98903116376723,37.6791235868737,6.10660790754433
2026-11-02,2026-11-01,Pattaya_Central,MixedBerryPremium,24.227469467776135,exp_smoothing_4w,active SKU window only; historical active windows have complete daily rows; no pre-launch zero fill,86.5322130974942,89.0,0.27024767614113815,49.16,53.002,0.20131180625630676,0.15098385469223008,8,7.0,0.07815296989422316,18.361067776106722,30.093871159445545,30.334077375320465,22.98903116376723,37.6791235868737,6.10660790754433
2026-11-03,2026-11-01,Pattaya_Central,MixedBerryPremium,24.227469467776135,exp_smoothing_4w,active SKU window only; historical active windows have complete daily rows; no pre-launch zero fill,86.5322130974942,89.0,0.27024767614113815,49.16,53.002,0.20131180625630676,0.15098385469223008,8,7.0,0.07815296989422316,18.361067776106722,30.093871159445545,30.334077375320465,22.98903116376723,37.6791235868737,6.10660790754433
2026-11-04,2026-11-01,Pattaya_Central,MixedBerryPremium,24.227469467776135,exp_smoothing_4w,active SKU window only; historical active windows have complete daily rows; no pre-launch zero fill,86.5322130974942,89.0,0.27024767614113815,49.16,53.002,0.20131180625630676,0.15098385469223008,8,7.0,0.07815296989422316,18.361067776106722,30.093871159445545,30.334077375320465,22.98903116376723,37.6791235868737,6.10660790754433
2026-11-05,2026-11-01,Pattaya_Central,MixedBerryPremium,24.227469467776135,exp_smoothing_4w,active SKU window only; historical active windows have complete daily rows; no pre-launch zero fill,86.5322130974942,89.0,0.27024767614113815,49.16,53.002,0.20131180625630676,0.15098385469223008,8,7.0,0.07815296989422316,18.361067776106722,30.093871159445545,30.334077375320465,22.98903116376723,37.6791235868737,6.10660790754433
2026-11-06,2026-11-01,Pattaya_Central,MixedBerryPremium,24.227469467776135,exp_smoothing_4w,active SKU window only; historical active windows have complete daily rows; no pre-launch zero fill,86.5322130974942,89.0,0.27024767614113815,49.16,53.002,0.20131180625630676,0.15098385469223008,8,7.0,0.07815296989422316,18.361067776106722,30.093871159445545,30.334077375320465,22.98903116376723,37.6791235868737,6.10660790754433
2026-11-07,2026-11-01,Pattaya_Central,MixedBerryPremium,24.227469467776135,exp_smoothing_4w,active SKU window only; historical active windows have complete daily rows; no pre-launch zero fill,86.5322130974942,89.0,0.27024767614113815,49.16,53.002,0.20131180625630676,0.15098385469223008,8,7.0,0.07815296989422316,18.361067776106722,30.093871159445545,30.334077375320465,22.98903116376723,37.6791235868737,6.10660790754433
2026-11-08,2026-11-01,Pattaya_Central,MixedBerryPremium,24.227469467776135,exp_smoothing_4w,active SKU window only; historical active windows have complete daily rows; no pre-launch zero fill,86.5322130974942,89.0,0.27024767614113815,49.16,53.002,0.20131180625630676,0.15098385469223008,8,7.0,0.07815296989422316,18.361067776106722,30.093871159445545,30.334077375320465,22.98903116376723,37.6791235868737,6.10660790754433
2026-11-09,2026-11-01,Pattaya_Central,MixedBerryPremium,24.227469467776135,exp_smoothing_4w,active SKU window only; historical active windows have complete daily rows; no pre-launch zero fill,86.5322130974942,89.0,0.27024767614113815,49.16,53.002,0.20131180625630676,0.15098385469223008,8,7.0,0.07815296989422316,18.361067776106722,30.093871159445545,30.334077375320465,22.98903116376723,37.6791235868737,6.10660790754433
2026-11-10,2026-11-01,Pattaya_Central,MixedBerryPremium,24.227469467776135,exp_smoothing_4w,active SKU window only; historical active windows have complete daily rows; no pre-launch zero fill,86.5322130974942,89.0,0.27024767614113815,49.16,53.002,0.20131180625630676,0.15098385469223008,8,7.0,0.07815296989422316,18.361067776106722,30.093871159445545,30.334077375320465,22.98903116376723,37.6791235868737,6.10660790754433
2026-11-11,2026-11-01,Pattaya_Central,MixedBerryPremium,24.227469467776135,exp_smoothing_4w,active SKU window only; historical active windows have complete daily rows; no pre-launch zero fill,86.5322130974942,89.0,0.27024767614113815,49.16,53.002,0.20131180625630676,0.15098385469223008,8,7.0,0.07815296989422316,18.361067776106722,30.093871159445545,30.334077375320465,22.98903116376723,37.6791235868737,6.10660790754433
2026-11-12,2026-11-01,Pattaya_Central,MixedBerryPremium,24.227469467776135,exp_smoothing_4w,active SKU window only; historical active windows have complete daily rows; no pre-launch zero fill,86.5322130974942,89.0,0.27024767614113815,49.16,53.002,0.20131180625630676,0.15098385469223008,8,7.0,0.07815296989422316,18.361067776106722,30.093871159445545,30.334077375320465,22.98903116376723,37.6791235868737,6.10660790754433
2026-11-13,2026-11-01,Pattaya_Central,MixedBerryPremium,24.227469467776135,exp_smoothing_4w,active SKU window only; historical active windows have complete daily rows; no pre-launch zero fill,86.5322130974942,89.0,0.27024767614113815,49.16,53.002,0.20131180625630676,0.15098385469223008,8,7.0,0.07815296989422316,18.361067776106722,30.093871159445545,30.334077375320465,22.98903116376723,37.6791235868737,6.10660790754433
2026-11-14,2026-11-01,Pattaya_Central,MixedBerryPremium,24.227469467776135,exp_smoothing_4w,active SKU window only; historical active windows have complete daily rows; no pre-launch zero fill,86.5322130974942,89.0,0.27024767614113815,49.16,53.002,0.20131180625630676,0.15098385469223008,8,7.0,0.07815296989422316,18.361067776106722,30.093871159445545,30.334077375320465,22.98903116376723,37.6791235868737,6.10660790754433
2026-11-15,2026-11-01,Pattaya_Central,MixedBerryPremium,24.227469467776135,exp_smoothing_4w,active SKU window only; historical active windows have complete daily rows; no pre-launch zero fill,86.5322130974942,89.0,0.27024767614113815,49.16,53.002,0.20131180625630676,0.15098385469223008,8,7.0,0.07815296989422316,18.361067776106722,30.093871159445545,30.334077375320465,22.98903116376723,37.6791235868737,6.10660790754433
2026-11-16,2026-11-01,Pattaya_Central,MixedBerryPremium,24.227469467776135,exp_smoothing_4w,active SKU window only; historical active windows have complete daily rows; no pre-launch zero fill,86.5322130974942,89.0,0.27024767614113815,49.16,53.002,0.20131180625630676,0.15098385469223008,8,7.0,0.07815296989422316,18.361067776106722,30.093871159445545,30.334077375320465,22.98903116376723,37.6791235868737,6.10660790754433
2026-11-17,2026-11-01,Pattaya_Central,MixedBerryPremium,24.227469467776135,exp_smoothing_4w,active SKU window only; historical active windows have complete daily rows; no pre-launch zero fill,86.5322130974942,89.0,0.27024767614113815,49.16,53.002,0.20131180625630676,0.15098385469223008,8,7.0,0.07815296989422316,18.361067776106722,30.093871159445545,30.334077375320465,22.98903116376723,37.6791235868737,6.10660790754433
2026-11-18,2026-11-01,Pattaya_Central,MixedBerryPremium,24.227469467776135,exp_smoothing_4w,active SKU window only; historical active windows have complete daily rows; no pre-launch zero fill,86.5322130974942,89.0,0.27024767614113815,49.16,53.002,0.20131180625630676,0.15098385469223008,8,7.0,0.07815296989422316,18.361067776106722,30.093871159445545,30.334077375320465,22.98903116376723,37.6791235868737,6.10660790754433
2026-11-19,2026-11-01,Pattaya_Central,MixedBerryPremium,24.227469467776135,exp_smoothing_4w,active SKU window only; historical active windows have complete daily rows; no pre-launch zero fill,86.5322130974942,89.0,0.27024767614113815,49.16,53.002,0.20131180625630676,0.15098385469223008,8,7.0,0.07815296989422316,18.361067776106722,30.093871159445545,30.334077375320465,22.98903116376723,37.6791235868737,6.10660790754433
2026-11-20,2026-11-01,Pattaya_Central,MixedBerryPremium,24.227469467776135,exp_smoothing_4w,active SKU window only; historical active windows have complete daily rows; no pre-launch zero fill,86.5322130974942,89.0,0.27024767614113815,49.16,53.002,0.20131180625630676,0.15098385469223008,8,7.0,0.07815296989422316,18.361067776106722,30.093871159445545,30.334077375320465,22.98903116376723,37.6791235868737,6.10660790754433
2026-11-21,2026-11-01,Pattaya_Central,MixedBerryPremium,24.227469467776135,exp_smoothing_4w,active SKU window only; historical active windows have complete daily rows; no pre-launch zero fill,86.5322130974942,89.0,0.27024767614113815,49.16,53.002,0.20131180625630676,0.15098385469223008,8,7.0,0.07815296989422316,18.361067776106722,30.093871159445545,30.334077375320465,22.98903116376723,37.6791235868737,6.10660790754433
2026-11-22,2026-11-01,Pattaya_Central,MixedBerryPremium,24.227469467776135,exp_smoothing_4w,active SKU window only; historical active windows have complete daily rows; no pre-launch zero fill,86.5322130974942,89.0,0.27024767614113815,49.16,53.002,0.20131180625630676,0.15098385469223008,8,7.0,0.07815296989422316,18.361067776106722,30.093871159445545,30.334077375320465,22.98903116376723,37.6791235868737,6.10660790754433
2026-11-23,2026-11-01,Pattaya_Central,MixedBerryPremium,24.227469467776135,exp_smoothing_4w,active SKU window only; historical active windows have complete daily rows; no pre-launch zero fill,86.5322130974942,89.0,0.27024767614113815,49.16,53.002,0.20131180625630676,0.15098385469223008,8,7.0,0.07815296989422316,18.361067776106722,30.093871159445545,30.334077375320465,22.98903116376723,37.6791235868737,6.10660790754433
2026-11-24,2026-11-01,Pattaya_Central,MixedBerryPremium,24.227469467776135,exp_smoothing_4w,active SKU window only; historical active windows have complete daily rows; no pre-launch zero fill,86.5322130974942,89.0,0.27024767614113815,49.16,53.002,0.20131180625630676,0.15098385469223008,8,7.0,0.07815296989422316,18.361067776106722,30.093871159445545,30.334077375320465,22.98903116376723,37.6791235868737,6.10660790754433
2026-11-25,2026-11-01,Pattaya_Central,MixedBerryPremium,24.227469467776135,exp_smoothing_4w,active SKU window only; historical active windows have complete daily rows; no pre-launch zero fill,86.5322130974942,89.0,0.27024767614113815,49.16,53.002,0.20131180625630676,0.15098385469223008,8,7.0,0.07815296989422316,18.361067776106722,30.093871159445545,30.334077375320465,22.98903116376723,37.6791235868737,6.10660790754433
2026-11-26,2026-11-01,Pattaya_Central,MixedBerryPremium,24.227469467776135,exp_smoothing_4w,active SKU window only; historical active windows have complete daily rows; no pre-launch zero fill,86.5322130974942,89.0,0.27024767614113815,49.16,53.002,0.20131180625630676,0.15098385469223008,8,7.0,0.07815296989422316,18.361067776106722,30.093871159445545,30.334077375320465,22.98903116376723,37.6791235868737,6.10660790754433
2026-11-27,2026-11-01,Pattaya_Central,MixedBerryPremium,24.227469467776135,exp_smoothing_4w,active SKU window only; historical active windows have complete daily rows; no pre-launch zero fill,86.5322130974942,89.0,0.27024767614113815,49.16,53.002,0.20131180625630676,0.15098385469223008,8,7.0,0.07815296989422316,18.361067776106722,30.093871159445545,30.334077375320465,22.98903116376723,37.6791235868737,6.10660790754433
2026-11-28,2026-11-01,Pattaya_Central,MixedBerryPremium,24.227469467776135,exp_smoothing_4w,active SKU window only; historical active windows have complete daily rows; no pre-launch zero fill,86.5322130974942,89.0,0.27024767614113815,49.16,53.002,0.20131180625630676,0.15098385469223008,8,7.0,0.07815296989422316,18.361067776106722,30.093871159445545,30.334077375320465,22.98903116376723,37.6791235868737,6.10660790754433
2026-11-29,2026-11-01,Pattaya_Central,MixedBerryPremium,24.227469467776135,exp_smoothing_4w,active SKU window only; historical active windows have complete daily rows; no pre-launch zero fill,86.5322130974942,89.0,0.27024767614113815,49.16,53.002,0.20131180625630676,0.15098385469223008,8,7.0,0.07815296989422316,18.361067776106722,30.093871159445545,30.334077375320465,22.98903116376723,37.6791235868737,6.10660790754433
2026-11-30,2026-11-01,Pattaya_Central,MixedBerryPremium,24.227469467776135,exp_smoothing_4w,active SKU window only; historical active windows have complete daily rows; no pre-launch zero fill,86.5322130974942,89.0,0.27024767614113815,49.16,53.002,0.20131180625630676,0.15098385469223008,8,7.0,0.07815296989422316,18.361067776106722,30.093871159445545,30.334077375320465,22.98903116376723,37.6791235868737,6.10660790754433
2026-09-01,2026-09-01,Pattaya_Central,PassionFruit,60.13388721798228,exp_smoothing_4w,active SKU window only; historical active windows have complete daily rows; no pre-launch zero fill,63.08378602833415,65.0,0.2731614060626561,28.115,29.049,0.08900756564307966,0.06675567423230974,6,6.0,0.033220700693580074,45.57316150242904,74.69461293353551,66.00920594958778,50.025839714683954,81.99257218449159,5.875318731605503
2026-09-02,2026-09-01,Pattaya_Central,PassionFruit,60.13388721798228,exp_smoothing_4w,active SKU window only; historical active windows have complete daily rows; no pre-launch zero fill,63.08378602833415,65.0,0.2731614060626561,28.115,29.049,0.08900756564307966,0.06675567423230974,6,6.0,0.033220700693580074,45.57316150242904,74.69461293353551,66.00920594958778,50.025839714683954,81.99257218449159,5.875318731605503
2026-09-03,2026-09-01,Pattaya_Central,PassionFruit,60.13388721798228,exp_smoothing_4w,active SKU window only; historical active windows have complete daily rows; no pre-launch zero fill,63.08378602833415,65.0,0.2731614060626561,28.115,29.049,0.08900756564307966,0.06675567423230974,6,6.0,0.033220700693580074,45.57316150242904,74.69461293353551,66.00920594958778,50.025839714683954,81.99257218449159,5.875318731605503
2026-09-04,2026-09-01,Pattaya_Central,PassionFruit,60.13388721798228,exp_smoothing_4w,active SKU window only; historical active windows have complete daily rows; no pre-launch zero fill,63.08378602833415,65.0,0.2731614060626561,28.115,29.049,0.08900756564307966,0.06675567423230974,6,6.0,0.033220700693580074,45.57316150242904,74.69461293353551,66.00920594958778,50.025839714683954,81.99257218449159,5.875318731605503
2026-09-05,2026-09-01,Pattaya_Central,PassionFruit,60.13388721798228,exp_smoothing_4w,active SKU window only; historical active windows have complete daily rows; no pre-launch zero fill,63.08378602833415,65.0,0.2731614060626561,28.115,29.049,0.08900756564307966,0.06675567423230974,6,6.0,0.033220700693580074,45.57316150242904,74.69461293353551,66.00920594958778,50.025839714683954,81.99257218449159,5.875318731605503
2026-09-06,2026-09-01,Pattaya_Central,PassionFruit,60.13388721798228,exp_smoothing_4w,active SKU window only; historical active windows have complete daily rows; no pre-launch zero fill,63.08378602833415,65.0,0.2731614060626561,28.115,29.049,0.08900756564307966,0.06675567423230974,6,6.0,0.033220700693580074,45.57316150242904,74.69461293353551,66.00920594958778,50.025839714683954,81.99257218449159,5.875318731605503
2026-09-07,2026-09-01,Pattaya_Central,PassionFruit,60.13388721798228,exp_smoothing_4w,active SKU window only; historical active windows have complete daily rows; no pre-launch zero fill,63.08378602833415,65.0,0.2731614060626561,28.115,29.049,0.08900756564307966,0.06675567423230974,6,6.0,0.033220700693580074,45.57316150242904,74.69461293353551,66.00920594958778,50.025839714683954,81.99257218449159,5.875318731605503
2026-09-08,2026-09-01,Pattaya_Central,PassionFruit,60.13388721798228,exp_smoothing_4w,active SKU window only; historical active windows have complete daily rows; no pre-launch zero fill,63.08378602833415,65.0,0.2731614060626561,28.115,29.049,0.08900756564307966,0.06675567423230974,6,6.0,0.033220700693580074,45.57316150242904,74.69461293353551,66.00920594958778,50.025839714683954,81.99257218449159,5.875318731605503
2026-09-09,2026-09-01,Pattaya_Central,PassionFruit,60.13388721798228,exp_smoothing_4w,active SKU window only; historical active windows have complete daily rows; no pre-launch zero fill,63.08378602833415,65.0,0.2731614060626561,28.115,29.049,0.08900756564307966,0.06675567423230974,6,6.0,0.033220700693580074,45.57316150242904,74.69461293353551,66.00920594958778,50.025839714683954,81.99257218449159,5.875318731605503
2026-09-10,2026-09-01,Pattaya_Central,PassionFruit,60.13388721798228,exp_smoothing_4w,active SKU window only; historical active windows have complete daily rows; no pre-launch zero fill,63.08378602833415,65.0,0.2731614060626561,28.115,29.049,0.08900756564307966,0.06675567423230974,6,6.0,0.033220700693580074,45.57316150242904,74.69461293353551,66.00920594958778,50.025839714683954,81.99257218449159,5.875318731605503
2026-09-11,2026-09-01,Pattaya_Central,PassionFruit,60.13388721798228,exp_smoothing_4w,active SKU window only; historical active windows have complete daily rows; no pre-launch zero fill,63.08378602833415,65.0,0.2731614060626561,28.115,29.049,0.08900756564307966,0.06675567423230974,6,6.0,0.033220700693580074,45.57316150242904,74.69461293353551,66.00920594958778,50.025839714683954,81.99257218449159,5.875318731605503
2026-09-12,2026-09-01,Pattaya_Central,PassionFruit,60.13388721798228,exp_smoothing_4w,active SKU window only; historical active windows have complete daily rows; no pre-launch zero fill,63.08378602833415,65.0,0.2731614060626561,28.115,29.049,0.08900756564307966,0.06675567423230974,6,6.0,0.033220700693580074,45.57316150242904,74.69461293353551,66.00920594958778,50.025839714683954,81.99257218449159,5.875318731605503
2026-09-13,2026-09-01,Pattaya_Central,PassionFruit,60.13388721798228,exp_smoothing_4w,active SKU window only; historical active windows have complete daily rows; no pre-launch zero fill,63.08378602833415,65.0,0.2731614060626561,28.115,29.049,0.08900756564307966,0.06675567423230974,6,6.0,0.033220700693580074,45.57316150242904,74.69461293353551,66.00920594958778,50.025839714683954,81.99257218449159,5.875318731605503
2026-09-14,2026-09-01,Pattaya_Central,PassionFruit,60.13388721798228,exp_smoothing_4w,active SKU window only; historical active windows have complete daily rows; no pre-launch zero fill,63.08378602833415,65.0,0.2731614060626561,28.115,29.049,0.08900756564307966,0.06675567423230974,6,6.0,0.033220700693580074,45.57316150242904,74.69461293353551,66.00920594958778,50.025839714683954,81.99257218449159,5.875318731605503
2026-09-15,2026-09-01,Pattaya_Central,PassionFruit,60.13388721798228,exp_smoothing_4w,active SKU window only; historical active windows have complete daily rows; no pre-launch zero fill,63.08378602833415,65.0,0.2731614060626561,28.115,29.049,0.08900756564307966,0.06675567423230974,6,6.0,0.033220700693580074,45.57316150242904,74.69461293353551,66.00920594958778,50.025839714683954,81.99257218449159,5.875318731605503
2026-09-16,2026-09-01,Pattaya_Central,PassionFruit,60.13388721798228,exp_smoothing_4w,active SKU window only; historical active windows have complete daily rows; no pre-launch zero fill,63.08378602833415,65.0,0.2731614060626561,28.115,29.049,0.08900756564307966,0.06675567423230974,6,6.0,0.033220700693580074,45.57316150242904,74.69461293353551,66.00920594958778,50.025839714683954,81.99257218449159,5.875318731605503
2026-09-17,2026-09-01,Pattaya_Central,PassionFruit,60.13388721798228,exp_smoothing_4w,active SKU window only; historical active windows have complete daily rows; no pre-launch zero fill,63.08378602833415,65.0,0.2731614060626561,28.115,29.049,0.08900756564307966,0.06675567423230974,6,6.0,0.033220700693580074,45.57316150242904,74.69461293353551,66.00920594958778,50.025839714683954,81.99257218449159,5.875318731605503
2026-09-18,2026-09-01,Pattaya_Central,PassionFruit,60.13388721798228,exp_smoothing_4w,active SKU window only; historical active windows have complete daily rows; no pre-launch zero fill,63.08378602833415,65.0,0.2731614060626561,28.115,29.049,0.08900756564307966,0.06675567423230974,6,6.0,0.033220700693580074,45.57316150242904,74.69461293353551,66.00920594958778,50.025839714683954,81.99257218449159,5.875318731605503
2026-09-19,2026-09-01,Pattaya_Central,PassionFruit,60.13388721798228,exp_smoothing_4w,active SKU window only; historical active windows have complete daily rows; no pre-launch zero fill,63.08378602833415,65.0,0.2731614060626561,28.115,29.049,0.08900756564307966,0.06675567423230974,6,6.0,0.033220700693580074,45.57316150242904,74.69461293353551,66.00920594958778,50.025839714683954,81.99257218449159,5.875318731605503
2026-09-20,2026-09-01,Pattaya_Central,PassionFruit,60.13388721798228,exp_smoothing_4w,active SKU window only; historical active windows have complete daily rows; no pre-launch zero fill,63.08378602833415,65.0,0.2731614060626561,28.115,29.049,0.08900756564307966,0.06675567423230974,6,6.0,0.033220700693580074,45.57316150242904,74.69461293353551,66.00920594958778,50.025839714683954,81.99257218449159,5.875318731605503
2026-09-21,2026-09-01,Pattaya_Central,PassionFruit,60.13388721798228,exp_smoothing_4w,active SKU window only; historical active windows have complete daily rows; no pre-launch zero fill,63.08378602833415,65.0,0.2731614060626561,28.115,29.049,0.08900756564307966,0.06675567423230974,6,6.0,0.033220700693580074,45.57316150242904,74.69461293353551,66.00920594958778,50.025839714683954,81.99257218449159,5.875318731605503
2026-09-22,2026-09-01,Pattaya_Central,PassionFruit,60.13388721798228,exp_smoothing_4w,active SKU window only; historical active windows have complete daily rows; no pre-launch zero fill,63.08378602833415,65.0,0.2731614060626561,28.115,29.049,0.08900756564307966,0.06675567423230974,6,6.0,0.033220700693580074,45.57316150242904,74.69461293353551,66.00920594958778,50.025839714683954,81.99257218449159,5.875318731605503
2026-09-23,2026-09-01,Pattaya_Central,PassionFruit,60.13388721798228,exp_smoothing_4w,active SKU window only; historical active windows have complete daily rows; no pre-launch zero fill,63.08378602833415,65.0,0.2731614060626561,28.115,29.049,0.08900756564307966,0.06675567423230974,6,6.0,0.033220700693580074,45.57316150242904,74.69461293353551,66.00920594958778,50.025839714683954,81.99257218449159,5.875318731605503
2026-09-24,2026-09-01,Pattaya_Central,PassionFruit,60.13388721798228,exp_smoothing_4w,active SKU window only; historical active windows have complete daily rows; no pre-launch zero fill,63.08378602833415,65.0,0.2731614060626561,28.115,29.049,0.08900756564307966,0.06675567423230974,6,6.0,0.033220700693580074,45.57316150242904,74.69461293353551,66.00920594958778,50.025839714683954,81.99257218449159,5.875318731605503
2026-09-25,2026-09-01,Pattaya_Central,PassionFruit,60.13388721798228,exp_smoothing_4w,active SKU window only; historical active windows have complete daily rows; no pre-launch zero fill,63.08378602833415,65.0,0.2731614060626561,28.115,29.049,0.08900756564307966,0.06675567423230974,6,6.0,0.033220700693580074,45.57316150242904,74.69461293353551,66.00920594958778,50.025839714683954,81.99257218449159,5.875318731605503
2026-09-26,2026-09-01,Pattaya_Central,PassionFruit,60.13388721798228,exp_smoothing_4w,active SKU window only; historical active windows have complete daily rows; no pre-launch zero fill,63.08378602833415,65.0,0.2731614060626561,28.115,29.049,0.08900756564307966,0.06675567423230974,6,6.0,0.033220700693580074,45.57316150242904,74.69461293353551,66.00920594958778,50.025839714683954,81.99257218449159,5.875318731605503
2026-09-27,2026-09-01,Pattaya_Central,PassionFruit,60.13388721798228,exp_smoothing_4w,active SKU window only; historical active windows have complete daily rows; no pre-launch zero fill,63.08378602833415,65.0,0.2731614060626561,28.115,29.049,0.08900756564307966,0.06675567423230974,6,6.0,0.033220700693580074,45.57316150242904,74.69461293353551,66.00920594958778,50.025839714683954,81.99257218449159,5.875318731605503
2026-09-28,2026-09-01,Pattaya_Central,PassionFruit,60.13388721798228,exp_smoothing_4w,active SKU window only; historical active windows have complete daily rows; no pre-launch zero fill,63.08378602833415,65.0,0.2731614060626561,28.115,29.049,0.08900756564307966,0.06675567423230974,6,6.0,0.033220700693580074,45.57316150242904,74.69461293353551,66.00920594958778,50.025839714683954,81.99257218449159,5.875318731605503
2026-09-29,2026-09-01,Pattaya_Central,PassionFruit,60.13388721798228,exp_smoothing_4w,active SKU window only; historical active windows have complete daily rows; no pre-launch zero fill,63.08378602833415,65.0,0.2731614060626561,28.115,29.049,0.08900756564307966,0.06675567423230974,6,6.0,0.033220700693580074,45.57316150242904,74.69461293353551,66.00920594958778,50.025839714683954,81.99257218449159,5.875318731605503
2026-09-30,2026-09-01,Pattaya_Central,PassionFruit,60.13388721798228,exp_smoothing_4w,active SKU window only; historical active windows have complete daily rows; no pre-launch zero fill,63.08378602833415,65.0,0.2731614060626561,28.115,29.049,0.08900756564307966,0.06675567423230974,6,6.0,0.033220700693580074,45.57316150242904,74.69461293353551,66.00920594958778,50.025839714683954,81.99257218449159,5.875318731605503
2026-10-01,2026-10-01,Pattaya_Central,PassionFruit,60.13388721798228,exp_smoothing_4w,active SKU window only; historical active windows have complete daily rows; no pre-launch zero fill,63.08378602833415,65.0,0.2731614060626561,28.115,29.049,0.08900756564307966,0.06675567423230974,6,6.0,0.033220700693580074,45.57316150242904,74.69461293353551,66.00920594958778,50.025839714683954,81.99257218449159,5.875318731605503
2026-10-02,2026-10-01,Pattaya_Central,PassionFruit,60.13388721798228,exp_smoothing_4w,active SKU window only; historical active windows have complete daily rows; no pre-launch zero fill,63.08378602833415,65.0,0.2731614060626561,28.115,29.049,0.08900756564307966,0.06675567423230974,6,6.0,0.033220700693580074,45.57316150242904,74.69461293353551,66.00920594958778,50.025839714683954,81.99257218449159,5.875318731605503
2026-10-03,2026-10-01,Pattaya_Central,PassionFruit,60.13388721798228,exp_smoothing_4w,active SKU window only; historical active windows have complete daily rows; no pre-launch zero fill,63.08378602833415,65.0,0.2731614060626561,28.115,29.049,0.08900756564307966,0.06675567423230974,6,6.0,0.033220700693580074,45.57316150242904,74.69461293353551,66.00920594958778,50.025839714683954,81.99257218449159,5.875318731605503
2026-10-04,2026-10-01,Pattaya_Central,PassionFruit,60.13388721798228,exp_smoothing_4w,active SKU window only; historical active windows have complete daily rows; no pre-launch zero fill,63.08378602833415,65.0,0.2731614060626561,28.115,29.049,0.08900756564307966,0.06675567423230974,6,6.0,0.033220700693580074,45.57316150242904,74.69461293353551,66.00920594958778,50.025839714683954,81.99257218449159,5.875318731605503
2026-10-05,2026-10-01,Pattaya_Central,PassionFruit,60.13388721798228,exp_smoothing_4w,active SKU window only; historical active windows have complete daily rows; no pre-launch zero fill,63.08378602833415,65.0,0.2731614060626561,28.115,29.049,0.08900756564307966,0.06675567423230974,6,6.0,0.033220700693580074,45.57316150242904,74.69461293353551,66.00920594958778,50.025839714683954,81.99257218449159,5.875318731605503
2026-10-06,2026-10-01,Pattaya_Central,PassionFruit,60.13388721798228,exp_smoothing_4w,active SKU window only; historical active windows have complete daily rows; no pre-launch zero fill,63.08378602833415,65.0,0.2731614060626561,28.115,29.049,0.08900756564307966,0.06675567423230974,6,6.0,0.033220700693580074,45.57316150242904,74.69461293353551,66.00920594958778,50.025839714683954,81.99257218449159,5.875318731605503
2026-10-07,2026-10-01,Pattaya_Central,PassionFruit,60.13388721798228,exp_smoothing_4w,active SKU window only; historical active windows have complete daily rows; no pre-launch zero fill,63.08378602833415,65.0,0.2731614060626561,28.115,29.049,0.08900756564307966,0.06675567423230974,6,6.0,0.033220700693580074,45.57316150242904,74.69461293353551,66.00920594958778,50.025839714683954,81.99257218449159,5.875318731605503
2026-10-08,2026-10-01,Pattaya_Central,PassionFruit,60.13388721798228,exp_smoothing_4w,active SKU window only; historical active windows have complete daily rows; no pre-launch zero fill,63.08378602833415,65.0,0.2731614060626561,28.115,29.049,0.08900756564307966,0.06675567423230974,6,6.0,0.033220700693580074,45.57316150242904,74.69461293353551,66.00920594958778,50.025839714683954,81.99257218449159,5.875318731605503
2026-10-09,2026-10-01,Pattaya_Central,PassionFruit,60.13388721798228,exp_smoothing_4w,active SKU window only; historical active windows have complete daily rows; no pre-launch zero fill,63.08378602833415,65.0,0.2731614060626561,28.115,29.049,0.08900756564307966,0.06675567423230974,6,6.0,0.033220700693580074,45.57316150242904,74.69461293353551,66.00920594958778,50.025839714683954,81.99257218449159,5.875318731605503
2026-10-10,2026-10-01,Pattaya_Central,PassionFruit,60.13388721798228,exp_smoothing_4w,active SKU window only; historical active windows have complete daily rows; no pre-launch zero fill,63.08378602833415,65.0,0.2731614060626561,28.115,29.049,0.08900756564307966,0.06675567423230974,6,6.0,0.033220700693580074,45.57316150242904,74.69461293353551,66.00920594958778,50.025839714683954,81.99257218449159,5.875318731605503
2026-10-11,2026-10-01,Pattaya_Central,PassionFruit,60.13388721798228,exp_smoothing_4w,active SKU window only; historical active windows have complete daily rows; no pre-launch zero fill,63.08378602833415,65.0,0.2731614060626561,28.115,29.049,0.08900756564307966,0.06675567423230974,6,6.0,0.033220700693580074,45.57316150242904,74.69461293353551,66.00920594958778,50.025839714683954,81.99257218449159,5.875318731605503
2026-10-12,2026-10-01,Pattaya_Central,PassionFruit,60.13388721798228,exp_smoothing_4w,active SKU window only; historical active windows have complete daily rows; no pre-launch zero fill,63.08378602833415,65.0,0.2731614060626561,28.115,29.049,0.08900756564307966,0.06675567423230974,6,6.0,0.033220700693580074,45.57316150242904,74.69461293353551,66.00920594958778,50.025839714683954,81.99257218449159,5.875318731605503
2026-10-13,2026-10-01,Pattaya_Central,PassionFruit,60.13388721798228,exp_smoothing_4w,active SKU window only; historical active windows have complete daily rows; no pre-launch zero fill,63.08378602833415,65.0,0.2731614060626561,28.115,29.049,0.08900756564307966,0.06675567423230974,6,6.0,0.033220700693580074,45.57316150242904,74.69461293353551,66.00920594958778,50.025839714683954,81.99257218449159,5.875318731605503
2026-10-14,2026-10-01,Pattaya_Central,PassionFruit,60.13388721798228,exp_smoothing_4w,active SKU window only; historical active windows have complete daily rows; no pre-launch zero fill,63.08378602833415,65.0,0.2731614060626561,28.115,29.049,0.08900756564307966,0.06675567423230974,6,6.0,0.033220700693580074,45.57316150242904,74.69461293353551,66.00920594958778,50.025839714683954,81.99257218449159,5.875318731605503
2026-10-15,2026-10-01,Pattaya_Central,PassionFruit,60.13388721798228,exp_smoothing_4w,active SKU window only; historical active windows have complete daily rows; no pre-launch zero fill,63.08378602833415,65.0,0.2731614060626561,28.115,29.049,0.08900756564307966,0.06675567423230974,6,6.0,0.033220700693580074,45.57316150242904,74.69461293353551,66.00920594958778,50.025839714683954,81.99257218449159,5.875318731605503
2026-10-16,2026-10-01,Pattaya_Central,PassionFruit,60.13388721798228,exp_smoothing_4w,active SKU window only; historical active windows have complete daily rows; no pre-launch zero fill,63.08378602833415,65.0,0.2731614060626561,28.115,29.049,0.08900756564307966,0.06675567423230974,6,6.0,0.033220700693580074,45.57316150242904,74.69461293353551,66.00920594958778,50.025839714683954,81.99257218449159,5.875318731605503
2026-10-17,2026-10-01,Pattaya_Central,PassionFruit,60.13388721798228,exp_smoothing_4w,active SKU window only; historical active windows have complete daily rows; no pre-launch zero fill,63.08378602833415,65.0,0.2731614060626561,28.115,29.049,0.08900756564307966,0.06675567423230974,6,6.0,0.033220700693580074,45.57316150242904,74.69461293353551,66.00920594958778,50.025839714683954,81.99257218449159,5.875318731605503
2026-10-18,2026-10-01,Pattaya_Central,PassionFruit,60.13388721798228,exp_smoothing_4w,active SKU window only; historical active windows have complete daily rows; no pre-launch zero fill,63.08378602833415,65.0,0.2731614060626561,28.115,29.049,0.08900756564307966,0.06675567423230974,6,6.0,0.033220700693580074,45.57316150242904,74.69461293353551,66.00920594958778,50.025839714683954,81.99257218449159,5.875318731605503
2026-10-19,2026-10-01,Pattaya_Central,PassionFruit,60.13388721798228,exp_smoothing_4w,active SKU window only; historical active windows have complete daily rows; no pre-launch zero fill,63.08378602833415,65.0,0.2731614060626561,28.115,29.049,0.08900756564307966,0.06675567423230974,6,6.0,0.033220700693580074,45.57316150242904,74.69461293353551,66.00920594958778,50.025839714683954,81.99257218449159,5.875318731605503
2026-10-20,2026-10-01,Pattaya_Central,PassionFruit,60.13388721798228,exp_smoothing_4w,active SKU window only; historical active windows have complete daily rows; no pre-launch zero fill,63.08378602833415,65.0,0.2731614060626561,28.115,29.049,0.08900756564307966,0.06675567423230974,6,6.0,0.033220700693580074,45.57316150242904,74.69461293353551,66.00920594958778,50.025839714683954,81.99257218449159,5.875318731605503
2026-10-21,2026-10-01,Pattaya_Central,PassionFruit,60.13388721798228,exp_smoothing_4w,active SKU window only; historical active windows have complete daily rows; no pre-launch zero fill,63.08378602833415,65.0,0.2731614060626561,28.115,29.049,0.08900756564307966,0.06675567423230974,6,6.0,0.033220700693580074,45.57316150242904,74.69461293353551,66.00920594958778,50.025839714683954,81.99257218449159,5.875318731605503
2026-10-22,2026-10-01,Pattaya_Central,PassionFruit,60.13388721798228,exp_smoothing_4w,active SKU window only; historical active windows have complete daily rows; no pre-launch zero fill,63.08378602833415,65.0,0.2731614060626561,28.115,29.049,0.08900756564307966,0.06675567423230974,6,6.0,0.033220700693580074,45.57316150242904,74.69461293353551,66.00920594958778,50.025839714683954,81.99257218449159,5.875318731605503
2026-10-23,2026-10-01,Pattaya_Central,PassionFruit,60.13388721798228,exp_smoothing_4w,active SKU window only; historical active windows have complete daily rows; no pre-launch zero fill,63.08378602833415,65.0,0.2731614060626561,28.115,29.049,0.08900756564307966,0.06675567423230974,6,6.0,0.033220700693580074,45.57316150242904,74.69461293353551,66.00920594958778,50.025839714683954,81.99257218449159,5.875318731605503
2026-10-24,2026-10-01,Pattaya_Central,PassionFruit,60.13388721798228,exp_smoothing_4w,active SKU window only; historical active windows have complete daily rows; no pre-launch zero fill,63.08378602833415,65.0,0.2731614060626561,28.115,29.049,0.08900756564307966,0.06675567423230974,6,6.0,0.033220700693580074,45.57316150242904,74.69461293353551,66.00920594958778,50.025839714683954,81.99257218449159,5.875318731605503
2026-10-25,2026-10-01,Pattaya_Central,PassionFruit,60.13388721798228,exp_smoothing_4w,active SKU window only; historical active windows have complete daily rows; no pre-launch zero fill,63.08378602833415,65.0,0.2731614060626561,28.115,29.049,0.08900756564307966,0.06675567423230974,6,6.0,0.033220700693580074,45.57316150242904,74.69461293353551,66.00920594958778,50.025839714683954,81.99257218449159,5.875318731605503
2026-10-26,2026-10-01,Pattaya_Central,PassionFruit,60.13388721798228,exp_smoothing_4w,active SKU window only; historical active windows have complete daily rows; no pre-launch zero fill,63.08378602833415,65.0,0.2731614060626561,28.115,29.049,0.08900756564307966,0.06675567423230974,6,6.0,0.033220700693580074,45.57316150242904,74.69461293353551,66.00920594958778,50.025839714683954,81.99257218449159,5.875318731605503
2026-10-27,2026-10-01,Pattaya_Central,PassionFruit,60.13388721798228,exp_smoothing_4w,active SKU window only; historical active windows have complete daily rows; no pre-launch zero fill,63.08378602833415,65.0,0.2731614060626561,28.115,29.049,0.08900756564307966,0.06675567423230974,6,6.0,0.033220700693580074,45.57316150242904,74.69461293353551,66.00920594958778,50.025839714683954,81.99257218449159,5.875318731605503
2026-10-28,2026-10-01,Pattaya_Central,PassionFruit,60.13388721798228,exp_smoothing_4w,active SKU window only; historical active windows have complete daily rows; no pre-launch zero fill,63.08378602833415,65.0,0.2731614060626561,28.115,29.049,0.08900756564307966,0.06675567423230974,6,6.0,0.033220700693580074,45.57316150242904,74.69461293353551,66.00920594958778,50.025839714683954,81.99257218449159,5.875318731605503
2026-10-29,2026-10-01,Pattaya_Central,PassionFruit,60.13388721798228,exp_smoothing_4w,active SKU window only; historical active windows have complete daily rows; no pre-launch zero fill,63.08378602833415,65.0,0.2731614060626561,28.115,29.049,0.08900756564307966,0.06675567423230974,6,6.0,0.033220700693580074,45.57316150242904,74.69461293353551,66.00920594958778,50.025839714683954,81.99257218449159,5.875318731605503
2026-10-30,2026-10-01,Pattaya_Central,PassionFruit,60.13388721798228,exp_smoothing_4w,active SKU window only; historical active windows have complete daily rows; no pre-launch zero fill,63.08378602833415,65.0,0.2731614060626561,28.115,29.049,0.08900756564307966,0.06675567423230974,6,6.0,0.033220700693580074,45.57316150242904,74.69461293353551,66.00920594958778,50.025839714683954,81.99257218449159,5.875318731605503
2026-10-31,2026-10-01,Pattaya_Central,PassionFruit,60.13388721798228,exp_smoothing_4w,active SKU window only; historical active windows have complete daily rows; no pre-launch zero fill,63.08378602833415,65.0,0.2731614060626561,28.115,29.049,0.08900756564307966,0.06675567423230974,6,6.0,0.033220700693580074,45.57316150242904,74.69461293353551,66.00920594958778,50.025839714683954,81.99257218449159,5.875318731605503
2026-11-01,2026-11-01,Pattaya_Central,PassionFruit,60.13388721798228,exp_smoothing_4w,active SKU window only; historical active windows have complete daily rows; no pre-launch zero fill,63.08378602833415,65.0,0.2731614060626561,28.115,29.049,0.08900756564307966,0.06675567423230974,6,6.0,0.033220700693580074,45.57316150242904,74.69461293353551,66.00920594958778,50.025839714683954,81.99257218449159,5.875318731605503
2026-11-02,2026-11-01,Pattaya_Central,PassionFruit,60.13388721798228,exp_smoothing_4w,active SKU window only; historical active windows have complete daily rows; no pre-launch zero fill,63.08378602833415,65.0,0.2731614060626561,28.115,29.049,0.08900756564307966,0.06675567423230974,6,6.0,0.033220700693580074,45.57316150242904,74.69461293353551,66.00920594958778,50.025839714683954,81.99257218449159,5.875318731605503
2026-11-03,2026-11-01,Pattaya_Central,PassionFruit,60.13388721798228,exp_smoothing_4w,active SKU window only; historical active windows have complete daily rows; no pre-launch zero fill,63.08378602833415,65.0,0.2731614060626561,28.115,29.049,0.08900756564307966,0.06675567423230974,6,6.0,0.033220700693580074,45.57316150242904,74.69461293353551,66.00920594958778,50.025839714683954,81.99257218449159,5.875318731605503
2026-11-04,2026-11-01,Pattaya_Central,PassionFruit,60.13388721798228,exp_smoothing_4w,active SKU window only; historical active windows have complete daily rows; no pre-launch zero fill,63.08378602833415,65.0,0.2731614060626561,28.115,29.049,0.08900756564307966,0.06675567423230974,6,6.0,0.033220700693580074,45.57316150242904,74.69461293353551,66.00920594958778,50.025839714683954,81.99257218449159,5.875318731605503
2026-11-05,2026-11-01,Pattaya_Central,PassionFruit,60.13388721798228,exp_smoothing_4w,active SKU window only; historical active windows have complete daily rows; no pre-launch zero fill,63.08378602833415,65.0,0.2731614060626561,28.115,29.049,0.08900756564307966,0.06675567423230974,6,6.0,0.033220700693580074,45.57316150242904,74.69461293353551,66.00920594958778,50.025839714683954,81.99257218449159,5.875318731605503
2026-11-06,2026-11-01,Pattaya_Central,PassionFruit,60.13388721798228,exp_smoothing_4w,active SKU window only; historical active windows have complete daily rows; no pre-launch zero fill,63.08378602833415,65.0,0.2731614060626561,28.115,29.049,0.08900756564307966,0.06675567423230974,6,6.0,0.033220700693580074,45.57316150242904,74.69461293353551,66.00920594958778,50.025839714683954,81.99257218449159,5.875318731605503
2026-11-07,2026-11-01,Pattaya_Central,PassionFruit,60.13388721798228,exp_smoothing_4w,active SKU window only; historical active windows have complete daily rows; no pre-launch zero fill,63.08378602833415,65.0,0.2731614060626561,28.115,29.049,0.08900756564307966,0.06675567423230974,6,6.0,0.033220700693580074,45.57316150242904,74.69461293353551,66.00920594958778,50.025839714683954,81.99257218449159,5.875318731605503
2026-11-08,2026-11-01,Pattaya_Central,PassionFruit,60.13388721798228,exp_smoothing_4w,active SKU window only; historical active windows have complete daily rows; no pre-launch zero fill,63.08378602833415,65.0,0.2731614060626561,28.115,29.049,0.08900756564307966,0.06675567423230974,6,6.0,0.033220700693580074,45.57316150242904,74.69461293353551,66.00920594958778,50.025839714683954,81.99257218449159,5.875318731605503
2026-11-09,2026-11-01,Pattaya_Central,PassionFruit,60.13388721798228,exp_smoothing_4w,active SKU window only; historical active windows have complete daily rows; no pre-launch zero fill,63.08378602833415,65.0,0.2731614060626561,28.115,29.049,0.08900756564307966,0.06675567423230974,6,6.0,0.033220700693580074,45.57316150242904,74.69461293353551,66.00920594958778,50.025839714683954,81.99257218449159,5.875318731605503
2026-11-10,2026-11-01,Pattaya_Central,PassionFruit,60.13388721798228,exp_smoothing_4w,active SKU window only; historical active windows have complete daily rows; no pre-launch zero fill,63.08378602833415,65.0,0.2731614060626561,28.115,29.049,0.08900756564307966,0.06675567423230974,6,6.0,0.033220700693580074,45.57316150242904,74.69461293353551,66.00920594958778,50.025839714683954,81.99257218449159,5.875318731605503
2026-11-11,2026-11-01,Pattaya_Central,PassionFruit,60.13388721798228,exp_smoothing_4w,active SKU window only; historical active windows have complete daily rows; no pre-launch zero fill,63.08378602833415,65.0,0.2731614060626561,28.115,29.049,0.08900756564307966,0.06675567423230974,6,6.0,0.033220700693580074,45.57316150242904,74.69461293353551,66.00920594958778,50.025839714683954,81.99257218449159,5.875318731605503
2026-11-12,2026-11-01,Pattaya_Central,PassionFruit,60.13388721798228,exp_smoothing_4w,active SKU window only; historical active windows have complete daily rows; no pre-launch zero fill,63.08378602833415,65.0,0.2731614060626561,28.115,29.049,0.08900756564307966,0.06675567423230974,6,6.0,0.033220700693580074,45.57316150242904,74.69461293353551,66.00920594958778,50.025839714683954,81.99257218449159,5.875318731605503
2026-11-13,2026-11-01,Pattaya_Central,PassionFruit,60.13388721798228,exp_smoothing_4w,active SKU window only; historical active windows have complete daily rows; no pre-launch zero fill,63.08378602833415,65.0,0.2731614060626561,28.115,29.049,0.08900756564307966,0.06675567423230974,6,6.0,0.033220700693580074,45.57316150242904,74.69461293353551,66.00920594958778,50.025839714683954,81.99257218449159,5.875318731605503
2026-11-14,2026-11-01,Pattaya_Central,PassionFruit,60.13388721798228,exp_smoothing_4w,active SKU window only; historical active windows have complete daily rows; no pre-launch zero fill,63.08378602833415,65.0,0.2731614060626561,28.115,29.049,0.08900756564307966,0.06675567423230974,6,6.0,0.033220700693580074,45.57316150242904,74.69461293353551,66.00920594958778,50.025839714683954,81.99257218449159,5.875318731605503
2026-11-15,2026-11-01,Pattaya_Central,PassionFruit,60.13388721798228,exp_smoothing_4w,active SKU window only; historical active windows have complete daily rows; no pre-launch zero fill,63.08378602833415,65.0,0.2731614060626561,28.115,29.049,0.08900756564307966,0.06675567423230974,6,6.0,0.033220700693580074,45.57316150242904,74.69461293353551,66.00920594958778,50.025839714683954,81.99257218449159,5.875318731605503
2026-11-16,2026-11-01,Pattaya_Central,PassionFruit,60.13388721798228,exp_smoothing_4w,active SKU window only; historical active windows have complete daily rows; no pre-launch zero fill,63.08378602833415,65.0,0.2731614060626561,28.115,29.049,0.08900756564307966,0.06675567423230974,6,6.0,0.033220700693580074,45.57316150242904,74.69461293353551,66.00920594958778,50.025839714683954,81.99257218449159,5.875318731605503
2026-11-17,2026-11-01,Pattaya_Central,PassionFruit,60.13388721798228,exp_smoothing_4w,active SKU window only; historical active windows have complete daily rows; no pre-launch zero fill,63.08378602833415,65.0,0.2731614060626561,28.115,29.049,0.08900756564307966,0.06675567423230974,6,6.0,0.033220700693580074,45.57316150242904,74.69461293353551,66.00920594958778,50.025839714683954,81.99257218449159,5.875318731605503
2026-11-18,2026-11-01,Pattaya_Central,PassionFruit,60.13388721798228,exp_smoothing_4w,active SKU window only; historical active windows have complete daily rows; no pre-launch zero fill,63.08378602833415,65.0,0.2731614060626561,28.115,29.049,0.08900756564307966,0.06675567423230974,6,6.0,0.033220700693580074,45.57316150242904,74.69461293353551,66.00920594958778,50.025839714683954,81.99257218449159,5.875318731605503
2026-11-19,2026-11-01,Pattaya_Central,PassionFruit,60.13388721798228,exp_smoothing_4w,active SKU window only; historical active windows have complete daily rows; no pre-launch zero fill,63.08378602833415,65.0,0.2731614060626561,28.115,29.049,0.08900756564307966,0.06675567423230974,6,6.0,0.033220700693580074,45.57316150242904,74.69461293353551,66.00920594958778,50.025839714683954,81.99257218449159,5.875318731605503
2026-11-20,2026-11-01,Pattaya_Central,PassionFruit,60.13388721798228,exp_smoothing_4w,active SKU window only; historical active windows have complete daily rows; no pre-launch zero fill,63.08378602833415,65.0,0.2731614060626561,28.115,29.049,0.08900756564307966,0.06675567423230974,6,6.0,0.033220700693580074,45.57316150242904,74.69461293353551,66.00920594958778,50.025839714683954,81.99257218449159,5.875318731605503
2026-11-21,2026-11-01,Pattaya_Central,PassionFruit,60.13388721798228,exp_smoothing_4w,active SKU window only; historical active windows have complete daily rows; no pre-launch zero fill,63.08378602833415,65.0,0.2731614060626561,28.115,29.049,0.08900756564307966,0.06675567423230974,6,6.0,0.033220700693580074,45.57316150242904,74.69461293353551,66.00920594958778,50.025839714683954,81.99257218449159,5.875318731605503
2026-11-22,2026-11-01,Pattaya_Central,PassionFruit,60.13388721798228,exp_smoothing_4w,active SKU window only; historical active windows have complete daily rows; no pre-launch zero fill,63.08378602833415,65.0,0.2731614060626561,28.115,29.049,0.08900756564307966,0.06675567423230974,6,6.0,0.033220700693580074,45.57316150242904,74.69461293353551,66.00920594958778,50.025839714683954,81.99257218449159,5.875318731605503
2026-11-23,2026-11-01,Pattaya_Central,PassionFruit,60.13388721798228,exp_smoothing_4w,active SKU window only; historical active windows have complete daily rows; no pre-launch zero fill,63.08378602833415,65.0,0.2731614060626561,28.115,29.049,0.08900756564307966,0.06675567423230974,6,6.0,0.033220700693580074,45.57316150242904,74.69461293353551,66.00920594958778,50.025839714683954,81.99257218449159,5.875318731605503
2026-11-24,2026-11-01,Pattaya_Central,PassionFruit,60.13388721798228,exp_smoothing_4w,active SKU window only; historical active windows have complete daily rows; no pre-launch zero fill,63.08378602833415,65.0,0.2731614060626561,28.115,29.049,0.08900756564307966,0.06675567423230974,6,6.0,0.033220700693580074,45.57316150242904,74.69461293353551,66.00920594958778,50.025839714683954,81.99257218449159,5.875318731605503
2026-11-25,2026-11-01,Pattaya_Central,PassionFruit,60.13388721798228,exp_smoothing_4w,active SKU window only; historical active windows have complete daily rows; no pre-launch zero fill,63.08378602833415,65.0,0.2731614060626561,28.115,29.049,0.08900756564307966,0.06675567423230974,6,6.0,0.033220700693580074,45.57316150242904,74.69461293353551,66.00920594958778,50.025839714683954,81.99257218449159,5.875318731605503
2026-11-26,2026-11-01,Pattaya_Central,PassionFruit,60.13388721798228,exp_smoothing_4w,active SKU window only; historical active windows have complete daily rows; no pre-launch zero fill,63.08378602833415,65.0,0.2731614060626561,28.115,29.049,0.08900756564307966,0.06675567423230974,6,6.0,0.033220700693580074,45.57316150242904,74.69461293353551,66.00920594958778,50.025839714683954,81.99257218449159,5.875318731605503
2026-11-27,2026-11-01,Pattaya_Central,PassionFruit,60.13388721798228,exp_smoothing_4w,active SKU window only; historical active windows have complete daily rows; no pre-launch zero fill,63.08378602833415,65.0,0.2731614060626561,28.115,29.049,0.08900756564307966,0.06675567423230974,6,6.0,0.033220700693580074,45.57316150242904,74.69461293353551,66.00920594958778,50.025839714683954,81.99257218449159,5.875318731605503
2026-11-28,2026-11-01,Pattaya_Central,PassionFruit,60.13388721798228,exp_smoothing_4w,active SKU window only; historical active windows have complete daily rows; no pre-launch zero fill,63.08378602833415,65.0,0.2731614060626561,28.115,29.049,0.08900756564307966,0.06675567423230974,6,6.0,0.033220700693580074,45.57316150242904,74.69461293353551,66.00920594958778,50.025839714683954,81.99257218449159,5.875318731605503
2026-11-29,2026-11-01,Pattaya_Central,PassionFruit,60.13388721798228,exp_smoothing_4w,active SKU window only; historical active windows have complete daily rows; no pre-launch zero fill,63.08378602833415,65.0,0.2731614060626561,28.115,29.049,0.08900756564307966,0.06675567423230974,6,6.0,0.033220700693580074,45.57316150242904,74.69461293353551,66.00920594958778,50.025839714683954,81.99257218449159,5.875318731605503
2026-11-30,2026-11-01,Pattaya_Central,PassionFruit,60.13388721798228,exp_smoothing_4w,active SKU window only; historical active windows have complete daily rows; no pre-launch zero fill,63.08378602833415,65.0,0.2731614060626561,28.115,29.049,0.08900756564307966,0.06675567423230974,6,6.0,0.033220700693580074,45.57316150242904,74.69461293353551,66.00920594958778,50.025839714683954,81.99257218449159,5.875318731605503
2026-09-01,2026-09-01,Pattaya_Central,Pineapple,115.9131082802731,exp_smoothing_4w,active SKU window only; historical active windows have complete daily rows; no pre-launch zero fill,47.755436984804845,49.0,0.27199721193426646,10.435,10.681999999999999,0.042233425282982975,0.031675068962237235,6,5.0,0.0236703402012457,87.84608892414587,143.98012763640028,121.02438249582988,91.71972716849197,150.32903782316777,5.11127421555679
2026-09-02,2026-09-01,Pattaya_Central,Pineapple,115.9131082802731,exp_smoothing_4w,active SKU window only; historical active windows have complete daily rows; no pre-launch zero fill,47.755436984804845,49.0,0.27199721193426646,10.435,10.681999999999999,0.042233425282982975,0.031675068962237235,6,5.0,0.0236703402012457,87.84608892414587,143.98012763640028,121.02438249582988,91.71972716849197,150.32903782316777,5.11127421555679
2026-09-03,2026-09-01,Pattaya_Central,Pineapple,115.9131082802731,exp_smoothing_4w,active SKU window only; historical active windows have complete daily rows; no pre-launch zero fill,47.755436984804845,49.0,0.27199721193426646,10.435,10.681999999999999,0.042233425282982975,0.031675068962237235,6,5.0,0.0236703402012457,87.84608892414587,143.98012763640028,121.02438249582988,91.71972716849197,150.32903782316777,5.11127421555679
2026-09-04,2026-09-01,Pattaya_Central,Pineapple,115.9131082802731,exp_smoothing_4w,active SKU window only; historical active windows have complete daily rows; no pre-launch zero fill,47.755436984804845,49.0,0.27199721193426646,10.435,10.681999999999999,0.042233425282982975,0.031675068962237235,6,5.0,0.0236703402012457,87.84608892414587,143.98012763640028,121.02438249582988,91.71972716849197,150.32903782316777,5.11127421555679
2026-09-05,2026-09-01,Pattaya_Central,Pineapple,115.9131082802731,exp_smoothing_4w,active SKU window only; historical active windows have complete daily rows; no pre-launch zero fill,47.755436984804845,49.0,0.27199721193426646,10.435,10.681999999999999,0.042233425282982975,0.031675068962237235,6,5.0,0.0236703402012457,87.84608892414587,143.98012763640028,121.02438249582988,91.71972716849197,150.32903782316777,5.11127421555679
2026-09-06,2026-09-01,Pattaya_Central,Pineapple,115.9131082802731,exp_smoothing_4w,active SKU window only; historical active windows have complete daily rows; no pre-launch zero fill,47.755436984804845,49.0,0.27199721193426646,10.435,10.681999999999999,0.042233425282982975,0.031675068962237235,6,5.0,0.0236703402012457,87.84608892414587,143.98012763640028,121.02438249582988,91.71972716849197,150.32903782316777,5.11127421555679
2026-09-07,2026-09-01,Pattaya_Central,Pineapple,115.9131082802731,exp_smoothing_4w,active SKU window only; historical active windows have complete daily rows; no pre-launch zero fill,47.755436984804845,49.0,0.27199721193426646,10.435,10.681999999999999,0.042233425282982975,0.031675068962237235,6,5.0,0.0236703402012457,87.84608892414587,143.98012763640028,121.02438249582988,91.71972716849197,150.32903782316777,5.11127421555679
2026-09-08,2026-09-01,Pattaya_Central,Pineapple,115.9131082802731,exp_smoothing_4w,active SKU window only; historical active windows have complete daily rows; no pre-launch zero fill,47.755436984804845,49.0,0.27199721193426646,10.435,10.681999999999999,0.042233425282982975,0.031675068962237235,6,5.0,0.0236703402012457,87.84608892414587,143.98012763640028,121.02438249582988,91.71972716849197,150.32903782316777,5.11127421555679
2026-09-09,2026-09-01,Pattaya_Central,Pineapple,115.9131082802731,exp_smoothing_4w,active SKU window only; historical active windows have complete daily rows; no pre-launch zero fill,47.755436984804845,49.0,0.27199721193426646,10.435,10.681999999999999,0.042233425282982975,0.031675068962237235,6,5.0,0.0236703402012457,87.84608892414587,143.98012763640028,121.02438249582988,91.71972716849197,150.32903782316777,5.11127421555679
2026-09-10,2026-09-01,Pattaya_Central,Pineapple,115.9131082802731,exp_smoothing_4w,active SKU window only; historical active windows have complete daily rows; no pre-launch zero fill,47.755436984804845,49.0,0.27199721193426646,10.435,10.681999999999999,0.042233425282982975,0.031675068962237235,6,5.0,0.0236703402012457,87.84608892414587,143.98012763640028,121.02438249582988,91.71972716849197,150.32903782316777,5.11127421555679
2026-09-11,2026-09-01,Pattaya_Central,Pineapple,115.9131082802731,exp_smoothing_4w,active SKU window only; historical active windows have complete daily rows; no pre-launch zero fill,47.755436984804845,49.0,0.27199721193426646,10.435,10.681999999999999,0.042233425282982975,0.031675068962237235,6,5.0,0.0236703402012457,87.84608892414587,143.98012763640028,121.02438249582988,91.71972716849197,150.32903782316777,5.11127421555679
2026-09-12,2026-09-01,Pattaya_Central,Pineapple,115.9131082802731,exp_smoothing_4w,active SKU window only; historical active windows have complete daily rows; no pre-launch zero fill,47.755436984804845,49.0,0.27199721193426646,10.435,10.681999999999999,0.042233425282982975,0.031675068962237235,6,5.0,0.0236703402012457,87.84608892414587,143.98012763640028,121.02438249582988,91.71972716849197,150.32903782316777,5.11127421555679
2026-09-13,2026-09-01,Pattaya_Central,Pineapple,115.9131082802731,exp_smoothing_4w,active SKU window only; historical active windows have complete daily rows; no pre-launch zero fill,47.755436984804845,49.0,0.27199721193426646,10.435,10.681999999999999,0.042233425282982975,0.031675068962237235,6,5.0,0.0236703402012457,87.84608892414587,143.98012763640028,121.02438249582988,91.71972716849197,150.32903782316777,5.11127421555679
2026-09-14,2026-09-01,Pattaya_Central,Pineapple,115.9131082802731,exp_smoothing_4w,active SKU window only; historical active windows have complete daily rows; no pre-launch zero fill,47.755436984804845,49.0,0.27199721193426646,10.435,10.681999999999999,0.042233425282982975,0.031675068962237235,6,5.0,0.0236703402012457,87.84608892414587,143.98012763640028,121.02438249582988,91.71972716849197,150.32903782316777,5.11127421555679
2026-09-15,2026-09-01,Pattaya_Central,Pineapple,115.9131082802731,exp_smoothing_4w,active SKU window only; historical active windows have complete daily rows; no pre-launch zero fill,47.755436984804845,49.0,0.27199721193426646,10.435,10.681999999999999,0.042233425282982975,0.031675068962237235,6,5.0,0.0236703402012457,87.84608892414587,143.98012763640028,121.02438249582988,91.71972716849197,150.32903782316777,5.11127421555679
2026-09-16,2026-09-01,Pattaya_Central,Pineapple,115.9131082802731,exp_smoothing_4w,active SKU window only; historical active windows have complete daily rows; no pre-launch zero fill,47.755436984804845,49.0,0.27199721193426646,10.435,10.681999999999999,0.042233425282982975,0.031675068962237235,6,5.0,0.0236703402012457,87.84608892414587,143.98012763640028,121.02438249582988,91.71972716849197,150.32903782316777,5.11127421555679
2026-09-17,2026-09-01,Pattaya_Central,Pineapple,115.9131082802731,exp_smoothing_4w,active SKU window only; historical active windows have complete daily rows; no pre-launch zero fill,47.755436984804845,49.0,0.27199721193426646,10.435,10.681999999999999,0.042233425282982975,0.031675068962237235,6,5.0,0.0236703402012457,87.84608892414587,143.98012763640028,121.02438249582988,91.71972716849197,150.32903782316777,5.11127421555679
2026-09-18,2026-09-01,Pattaya_Central,Pineapple,115.9131082802731,exp_smoothing_4w,active SKU window only; historical active windows have complete daily rows; no pre-launch zero fill,47.755436984804845,49.0,0.27199721193426646,10.435,10.681999999999999,0.042233425282982975,0.031675068962237235,6,5.0,0.0236703402012457,87.84608892414587,143.98012763640028,121.02438249582988,91.71972716849197,150.32903782316777,5.11127421555679
2026-09-19,2026-09-01,Pattaya_Central,Pineapple,115.9131082802731,exp_smoothing_4w,active SKU window only; historical active windows have complete daily rows; no pre-launch zero fill,47.755436984804845,49.0,0.27199721193426646,10.435,10.681999999999999,0.042233425282982975,0.031675068962237235,6,5.0,0.0236703402012457,87.84608892414587,143.98012763640028,121.02438249582988,91.71972716849197,150.32903782316777,5.11127421555679
2026-09-20,2026-09-01,Pattaya_Central,Pineapple,115.9131082802731,exp_smoothing_4w,active SKU window only; historical active windows have complete daily rows; no pre-launch zero fill,47.755436984804845,49.0,0.27199721193426646,10.435,10.681999999999999,0.042233425282982975,0.031675068962237235,6,5.0,0.0236703402012457,87.84608892414587,143.98012763640028,121.02438249582988,91.71972716849197,150.32903782316777,5.11127421555679
2026-09-21,2026-09-01,Pattaya_Central,Pineapple,115.9131082802731,exp_smoothing_4w,active SKU window only; historical active windows have complete daily rows; no pre-launch zero fill,47.755436984804845,49.0,0.27199721193426646,10.435,10.681999999999999,0.042233425282982975,0.031675068962237235,6,5.0,0.0236703402012457,87.84608892414587,143.98012763640028,121.02438249582988,91.71972716849197,150.32903782316777,5.11127421555679
2026-09-22,2026-09-01,Pattaya_Central,Pineapple,115.9131082802731,exp_smoothing_4w,active SKU window only; historical active windows have complete daily rows; no pre-launch zero fill,47.755436984804845,49.0,0.27199721193426646,10.435,10.681999999999999,0.042233425282982975,0.031675068962237235,6,5.0,0.0236703402012457,87.84608892414587,143.98012763640028,121.02438249582988,91.71972716849197,150.32903782316777,5.11127421555679
2026-09-23,2026-09-01,Pattaya_Central,Pineapple,115.9131082802731,exp_smoothing_4w,active SKU window only; historical active windows have complete daily rows; no pre-launch zero fill,47.755436984804845,49.0,0.27199721193426646,10.435,10.681999999999999,0.042233425282982975,0.031675068962237235,6,5.0,0.0236703402012457,87.84608892414587,143.98012763640028,121.02438249582988,91.71972716849197,150.32903782316777,5.11127421555679
2026-09-24,2026-09-01,Pattaya_Central,Pineapple,115.9131082802731,exp_smoothing_4w,active SKU window only; historical active windows have complete daily rows; no pre-launch zero fill,47.755436984804845,49.0,0.27199721193426646,10.435,10.681999999999999,0.042233425282982975,0.031675068962237235,6,5.0,0.0236703402012457,87.84608892414587,143.98012763640028,121.02438249582988,91.71972716849197,150.32903782316777,5.11127421555679
2026-09-25,2026-09-01,Pattaya_Central,Pineapple,115.9131082802731,exp_smoothing_4w,active SKU window only; historical active windows have complete daily rows; no pre-launch zero fill,47.755436984804845,49.0,0.27199721193426646,10.435,10.681999999999999,0.042233425282982975,0.031675068962237235,6,5.0,0.0236703402012457,87.84608892414587,143.98012763640028,121.02438249582988,91.71972716849197,150.32903782316777,5.11127421555679
2026-09-26,2026-09-01,Pattaya_Central,Pineapple,115.9131082802731,exp_smoothing_4w,active SKU window only; historical active windows have complete daily rows; no pre-launch zero fill,47.755436984804845,49.0,0.27199721193426646,10.435,10.681999999999999,0.042233425282982975,0.031675068962237235,6,5.0,0.0236703402012457,87.84608892414587,143.98012763640028,121.02438249582988,91.71972716849197,150.32903782316777,5.11127421555679
2026-09-27,2026-09-01,Pattaya_Central,Pineapple,115.9131082802731,exp_smoothing_4w,active SKU window only; historical active windows have complete daily rows; no pre-launch zero fill,47.755436984804845,49.0,0.27199721193426646,10.435,10.681999999999999,0.042233425282982975,0.031675068962237235,6,5.0,0.0236703402012457,87.84608892414587,143.98012763640028,121.02438249582988,91.71972716849197,150.32903782316777,5.11127421555679
2026-09-28,2026-09-01,Pattaya_Central,Pineapple,115.9131082802731,exp_smoothing_4w,active SKU window only; historical active windows have complete daily rows; no pre-launch zero fill,47.755436984804845,49.0,0.27199721193426646,10.435,10.681999999999999,0.042233425282982975,0.031675068962237235,6,5.0,0.0236703402012457,87.84608892414587,143.98012763640028,121.02438249582988,91.71972716849197,150.32903782316777,5.11127421555679
2026-09-29,2026-09-01,Pattaya_Central,Pineapple,115.9131082802731,exp_smoothing_4w,active SKU window only; historical active windows have complete daily rows; no pre-launch zero fill,47.755436984804845,49.0,0.27199721193426646,10.435,10.681999999999999,0.042233425282982975,0.031675068962237235,6,5.0,0.0236703402012457,87.84608892414587,143.98012763640028,121.02438249582988,91.71972716849197,150.32903782316777,5.11127421555679
2026-09-30,2026-09-01,Pattaya_Central,Pineapple,115.9131082802731,exp_smoothing_4w,active SKU window only; historical active windows have complete daily rows; no pre-launch zero fill,47.755436984804845,49.0,0.27199721193426646,10.435,10.681999999999999,0.042233425282982975,0.031675068962237235,6,5.0,0.0236703402012457,87.84608892414587,143.98012763640028,121.02438249582988,91.71972716849197,150.32903782316777,5.11127421555679
2026-10-01,2026-10-01,Pattaya_Central,Pineapple,115.9131082802731,exp_smoothing_4w,active SKU window only; historical active windows have complete daily rows; no pre-launch zero fill,47.755436984804845,49.0,0.27199721193426646,10.435,10.681999999999999,0.042233425282982975,0.031675068962237235,6,5.0,0.0236703402012457,87.84608892414587,143.98012763640028,121.02438249582988,91.71972716849197,150.32903782316777,5.11127421555679
2026-10-02,2026-10-01,Pattaya_Central,Pineapple,115.9131082802731,exp_smoothing_4w,active SKU window only; historical active windows have complete daily rows; no pre-launch zero fill,47.755436984804845,49.0,0.27199721193426646,10.435,10.681999999999999,0.042233425282982975,0.031675068962237235,6,5.0,0.0236703402012457,87.84608892414587,143.98012763640028,121.02438249582988,91.71972716849197,150.32903782316777,5.11127421555679
2026-10-03,2026-10-01,Pattaya_Central,Pineapple,115.9131082802731,exp_smoothing_4w,active SKU window only; historical active windows have complete daily rows; no pre-launch zero fill,47.755436984804845,49.0,0.27199721193426646,10.435,10.681999999999999,0.042233425282982975,0.031675068962237235,6,5.0,0.0236703402012457,87.84608892414587,143.98012763640028,121.02438249582988,91.71972716849197,150.32903782316777,5.11127421555679
2026-10-04,2026-10-01,Pattaya_Central,Pineapple,115.9131082802731,exp_smoothing_4w,active SKU window only; historical active windows have complete daily rows; no pre-launch zero fill,47.755436984804845,49.0,0.27199721193426646,10.435,10.681999999999999,0.042233425282982975,0.031675068962237235,6,5.0,0.0236703402012457,87.84608892414587,143.98012763640028,121.02438249582988,91.71972716849197,150.32903782316777,5.11127421555679
2026-10-05,2026-10-01,Pattaya_Central,Pineapple,115.9131082802731,exp_smoothing_4w,active SKU window only; historical active windows have complete daily rows; no pre-launch zero fill,47.755436984804845,49.0,0.27199721193426646,10.435,10.681999999999999,0.042233425282982975,0.031675068962237235,6,5.0,0.0236703402012457,87.84608892414587,143.98012763640028,121.02438249582988,91.71972716849197,150.32903782316777,5.11127421555679
2026-10-06,2026-10-01,Pattaya_Central,Pineapple,115.9131082802731,exp_smoothing_4w,active SKU window only; historical active windows have complete daily rows; no pre-launch zero fill,47.755436984804845,49.0,0.27199721193426646,10.435,10.681999999999999,0.042233425282982975,0.031675068962237235,6,5.0,0.0236703402012457,87.84608892414587,143.98012763640028,121.02438249582988,91.71972716849197,150.32903782316777,5.11127421555679
2026-10-07,2026-10-01,Pattaya_Central,Pineapple,115.9131082802731,exp_smoothing_4w,active SKU window only; historical active windows have complete daily rows; no pre-launch zero fill,47.755436984804845,49.0,0.27199721193426646,10.435,10.681999999999999,0.042233425282982975,0.031675068962237235,6,5.0,0.0236703402012457,87.84608892414587,143.98012763640028,121.02438249582988,91.71972716849197,150.32903782316777,5.11127421555679
2026-10-08,2026-10-01,Pattaya_Central,Pineapple,115.9131082802731,exp_smoothing_4w,active SKU window only; historical active windows have complete daily rows; no pre-launch zero fill,47.755436984804845,49.0,0.27199721193426646,10.435,10.681999999999999,0.042233425282982975,0.031675068962237235,6,5.0,0.0236703402012457,87.84608892414587,143.98012763640028,121.02438249582988,91.71972716849197,150.32903782316777,5.11127421555679
2026-10-09,2026-10-01,Pattaya_Central,Pineapple,115.9131082802731,exp_smoothing_4w,active SKU window only; historical active windows have complete daily rows; no pre-launch zero fill,47.755436984804845,49.0,0.27199721193426646,10.435,10.681999999999999,0.042233425282982975,0.031675068962237235,6,5.0,0.0236703402012457,87.84608892414587,143.98012763640028,121.02438249582988,91.71972716849197,150.32903782316777,5.11127421555679
2026-10-10,2026-10-01,Pattaya_Central,Pineapple,115.9131082802731,exp_smoothing_4w,active SKU window only; historical active windows have complete daily rows; no pre-launch zero fill,47.755436984804845,49.0,0.27199721193426646,10.435,10.681999999999999,0.042233425282982975,0.031675068962237235,6,5.0,0.0236703402012457,87.84608892414587,143.98012763640028,121.02438249582988,91.71972716849197,150.32903782316777,5.11127421555679
2026-10-11,2026-10-01,Pattaya_Central,Pineapple,115.9131082802731,exp_smoothing_4w,active SKU window only; historical active windows have complete daily rows; no pre-launch zero fill,47.755436984804845,49.0,0.27199721193426646,10.435,10.681999999999999,0.042233425282982975,0.031675068962237235,6,5.0,0.0236703402012457,87.84608892414587,143.98012763640028,121.02438249582988,91.71972716849197,150.32903782316777,5.11127421555679
2026-10-12,2026-10-01,Pattaya_Central,Pineapple,115.9131082802731,exp_smoothing_4w,active SKU window only; historical active windows have complete daily rows; no pre-launch zero fill,47.755436984804845,49.0,0.27199721193426646,10.435,10.681999999999999,0.042233425282982975,0.031675068962237235,6,5.0,0.0236703402012457,87.84608892414587,143.98012763640028,121.02438249582988,91.71972716849197,150.32903782316777,5.11127421555679
2026-10-13,2026-10-01,Pattaya_Central,Pineapple,115.9131082802731,exp_smoothing_4w,active SKU window only; historical active windows have complete daily rows; no pre-launch zero fill,47.755436984804845,49.0,0.27199721193426646,10.435,10.681999999999999,0.042233425282982975,0.031675068962237235,6,5.0,0.0236703402012457,87.84608892414587,143.98012763640028,121.02438249582988,91.71972716849197,150.32903782316777,5.11127421555679
2026-10-14,2026-10-01,Pattaya_Central,Pineapple,115.9131082802731,exp_smoothing_4w,active SKU window only; historical active windows have complete daily rows; no pre-launch zero fill,47.755436984804845,49.0,0.27199721193426646,10.435,10.681999999999999,0.042233425282982975,0.031675068962237235,6,5.0,0.0236703402012457,87.84608892414587,143.98012763640028,121.02438249582988,91.71972716849197,150.32903782316777,5.11127421555679
2026-10-15,2026-10-01,Pattaya_Central,Pineapple,115.9131082802731,exp_smoothing_4w,active SKU window only; historical active windows have complete daily rows; no pre-launch zero fill,47.755436984804845,49.0,0.27199721193426646,10.435,10.681999999999999,0.042233425282982975,0.031675068962237235,6,5.0,0.0236703402012457,87.84608892414587,143.98012763640028,121.02438249582988,91.71972716849197,150.32903782316777,5.11127421555679
2026-10-16,2026-10-01,Pattaya_Central,Pineapple,115.9131082802731,exp_smoothing_4w,active SKU window only; historical active windows have complete daily rows; no pre-launch zero fill,47.755436984804845,49.0,0.27199721193426646,10.435,10.681999999999999,0.042233425282982975,0.031675068962237235,6,5.0,0.0236703402012457,87.84608892414587,143.98012763640028,121.02438249582988,91.71972716849197,150.32903782316777,5.11127421555679
2026-10-17,2026-10-01,Pattaya_Central,Pineapple,115.9131082802731,exp_smoothing_4w,active SKU window only; historical active windows have complete daily rows; no pre-launch zero fill,47.755436984804845,49.0,0.27199721193426646,10.435,10.681999999999999,0.042233425282982975,0.031675068962237235,6,5.0,0.0236703402012457,87.84608892414587,143.98012763640028,121.02438249582988,91.71972716849197,150.32903782316777,5.11127421555679
2026-10-18,2026-10-01,Pattaya_Central,Pineapple,115.9131082802731,exp_smoothing_4w,active SKU window only; historical active windows have complete daily rows; no pre-launch zero fill,47.755436984804845,49.0,0.27199721193426646,10.435,10.681999999999999,0.042233425282982975,0.031675068962237235,6,5.0,0.0236703402012457,87.84608892414587,143.98012763640028,121.02438249582988,91.71972716849197,150.32903782316777,5.11127421555679
2026-10-19,2026-10-01,Pattaya_Central,Pineapple,115.9131082802731,exp_smoothing_4w,active SKU window only; historical active windows have complete daily rows; no pre-launch zero fill,47.755436984804845,49.0,0.27199721193426646,10.435,10.681999999999999,0.042233425282982975,0.031675068962237235,6,5.0,0.0236703402012457,87.84608892414587,143.98012763640028,121.02438249582988,91.71972716849197,150.32903782316777,5.11127421555679
2026-10-20,2026-10-01,Pattaya_Central,Pineapple,115.9131082802731,exp_smoothing_4w,active SKU window only; historical active windows have complete daily rows; no pre-launch zero fill,47.755436984804845,49.0,0.27199721193426646,10.435,10.681999999999999,0.042233425282982975,0.031675068962237235,6,5.0,0.0236703402012457,87.84608892414587,143.98012763640028,121.02438249582988,91.71972716849197,150.32903782316777,5.11127421555679
2026-10-21,2026-10-01,Pattaya_Central,Pineapple,115.9131082802731,exp_smoothing_4w,active SKU window only; historical active windows have complete daily rows; no pre-launch zero fill,47.755436984804845,49.0,0.27199721193426646,10.435,10.681999999999999,0.042233425282982975,0.031675068962237235,6,5.0,0.0236703402012457,87.84608892414587,143.98012763640028,121.02438249582988,91.71972716849197,150.32903782316777,5.11127421555679
2026-10-22,2026-10-01,Pattaya_Central,Pineapple,115.9131082802731,exp_smoothing_4w,active SKU window only; historical active windows have complete daily rows; no pre-launch zero fill,47.755436984804845,49.0,0.27199721193426646,10.435,10.681999999999999,0.042233425282982975,0.031675068962237235,6,5.0,0.0236703402012457,87.84608892414587,143.98012763640028,121.02438249582988,91.71972716849197,150.32903782316777,5.11127421555679
2026-10-23,2026-10-01,Pattaya_Central,Pineapple,115.9131082802731,exp_smoothing_4w,active SKU window only; historical active windows have complete daily rows; no pre-launch zero fill,47.755436984804845,49.0,0.27199721193426646,10.435,10.681999999999999,0.042233425282982975,0.031675068962237235,6,5.0,0.0236703402012457,87.84608892414587,143.98012763640028,121.02438249582988,91.71972716849197,150.32903782316777,5.11127421555679
2026-10-24,2026-10-01,Pattaya_Central,Pineapple,115.9131082802731,exp_smoothing_4w,active SKU window only; historical active windows have complete daily rows; no pre-launch zero fill,47.755436984804845,49.0,0.27199721193426646,10.435,10.681999999999999,0.042233425282982975,0.031675068962237235,6,5.0,0.0236703402012457,87.84608892414587,143.98012763640028,121.02438249582988,91.71972716849197,150.32903782316777,5.11127421555679
2026-10-25,2026-10-01,Pattaya_Central,Pineapple,115.9131082802731,exp_smoothing_4w,active SKU window only; historical active windows have complete daily rows; no pre-launch zero fill,47.755436984804845,49.0,0.27199721193426646,10.435,10.681999999999999,0.042233425282982975,0.031675068962237235,6,5.0,0.0236703402012457,87.84608892414587,143.98012763640028,121.02438249582988,91.71972716849197,150.32903782316777,5.11127421555679
2026-10-26,2026-10-01,Pattaya_Central,Pineapple,115.9131082802731,exp_smoothing_4w,active SKU window only; historical active windows have complete daily rows; no pre-launch zero fill,47.755436984804845,49.0,0.27199721193426646,10.435,10.681999999999999,0.042233425282982975,0.031675068962237235,6,5.0,0.0236703402012457,87.84608892414587,143.98012763640028,121.02438249582988,91.71972716849197,150.32903782316777,5.11127421555679
2026-10-27,2026-10-01,Pattaya_Central,Pineapple,115.9131082802731,exp_smoothing_4w,active SKU window only; historical active windows have complete daily rows; no pre-launch zero fill,47.755436984804845,49.0,0.27199721193426646,10.435,10.681999999999999,0.042233425282982975,0.031675068962237235,6,5.0,0.0236703402012457,87.84608892414587,143.98012763640028,121.02438249582988,91.71972716849197,150.32903782316777,5.11127421555679
2026-10-28,2026-10-01,Pattaya_Central,Pineapple,115.9131082802731,exp_smoothing_4w,active SKU window only; historical active windows have complete daily rows; no pre-launch zero fill,47.755436984804845,49.0,0.27199721193426646,10.435,10.681999999999999,0.042233425282982975,0.031675068962237235,6,5.0,0.0236703402012457,87.84608892414587,143.98012763640028,121.02438249582988,91.71972716849197,150.32903782316777,5.11127421555679
2026-10-29,2026-10-01,Pattaya_Central,Pineapple,115.9131082802731,exp_smoothing_4w,active SKU window only; historical active windows have complete daily rows; no pre-launch zero fill,47.755436984804845,49.0,0.27199721193426646,10.435,10.681999999999999,0.042233425282982975,0.031675068962237235,6,5.0,0.0236703402012457,87.84608892414587,143.98012763640028,121.02438249582988,91.71972716849197,150.32903782316777,5.11127421555679
2026-10-30,2026-10-01,Pattaya_Central,Pineapple,115.9131082802731,exp_smoothing_4w,active SKU window only; historical active windows have complete daily rows; no pre-launch zero fill,47.755436984804845,49.0,0.27199721193426646,10.435,10.681999999999999,0.042233425282982975,0.031675068962237235,6,5.0,0.0236703402012457,87.84608892414587,143.98012763640028,121.02438249582988,91.71972716849197,150.32903782316777,5.11127421555679
2026-10-31,2026-10-01,Pattaya_Central,Pineapple,115.9131082802731,exp_smoothing_4w,active SKU window only; historical active windows have complete daily rows; no pre-launch zero fill,47.755436984804845,49.0,0.27199721193426646,10.435,10.681999999999999,0.042233425282982975,0.031675068962237235,6,5.0,0.0236703402012457,87.84608892414587,143.98012763640028,121.02438249582988,91.71972716849197,150.32903782316777,5.11127421555679
2026-11-01,2026-11-01,Pattaya_Central,Pineapple,115.9131082802731,exp_smoothing_4w,active SKU window only; historical active windows have complete daily rows; no pre-launch zero fill,47.755436984804845,49.0,0.27199721193426646,10.435,10.681999999999999,0.042233425282982975,0.031675068962237235,6,5.0,0.0236703402012457,87.84608892414587,143.98012763640028,121.02438249582988,91.71972716849197,150.32903782316777,5.11127421555679
2026-11-02,2026-11-01,Pattaya_Central,Pineapple,115.9131082802731,exp_smoothing_4w,active SKU window only; historical active windows have complete daily rows; no pre-launch zero fill,47.755436984804845,49.0,0.27199721193426646,10.435,10.681999999999999,0.042233425282982975,0.031675068962237235,6,5.0,0.0236703402012457,87.84608892414587,143.98012763640028,121.02438249582988,91.71972716849197,150.32903782316777,5.11127421555679
2026-11-03,2026-11-01,Pattaya_Central,Pineapple,115.9131082802731,exp_smoothing_4w,active SKU window only; historical active windows have complete daily rows; no pre-launch zero fill,47.755436984804845,49.0,0.27199721193426646,10.435,10.681999999999999,0.042233425282982975,0.031675068962237235,6,5.0,0.0236703402012457,87.84608892414587,143.98012763640028,121.02438249582988,91.71972716849197,150.32903782316777,5.11127421555679
2026-11-04,2026-11-01,Pattaya_Central,Pineapple,115.9131082802731,exp_smoothing_4w,active SKU window only; historical active windows have complete daily rows; no pre-launch zero fill,47.755436984804845,49.0,0.27199721193426646,10.435,10.681999999999999,0.042233425282982975,0.031675068962237235,6,5.0,0.0236703402012457,87.84608892414587,143.98012763640028,121.02438249582988,91.71972716849197,150.32903782316777,5.11127421555679
2026-11-05,2026-11-01,Pattaya_Central,Pineapple,115.9131082802731,exp_smoothing_4w,active SKU window only; historical active windows have complete daily rows; no pre-launch zero fill,47.755436984804845,49.0,0.27199721193426646,10.435,10.681999999999999,0.042233425282982975,0.031675068962237235,6,5.0,0.0236703402012457,87.84608892414587,143.98012763640028,121.02438249582988,91.71972716849197,150.32903782316777,5.11127421555679
2026-11-06,2026-11-01,Pattaya_Central,Pineapple,115.9131082802731,exp_smoothing_4w,active SKU window only; historical active windows have complete daily rows; no pre-launch zero fill,47.755436984804845,49.0,0.27199721193426646,10.435,10.681999999999999,0.042233425282982975,0.031675068962237235,6,5.0,0.0236703402012457,87.84608892414587,143.98012763640028,121.02438249582988,91.71972716849197,150.32903782316777,5.11127421555679
2026-11-07,2026-11-01,Pattaya_Central,Pineapple,115.9131082802731,exp_smoothing_4w,active SKU window only; historical active windows have complete daily rows; no pre-launch zero fill,47.755436984804845,49.0,0.27199721193426646,10.435,10.681999999999999,0.042233425282982975,0.031675068962237235,6,5.0,0.0236703402012457,87.84608892414587,143.98012763640028,121.02438249582988,91.71972716849197,150.32903782316777,5.11127421555679
2026-11-08,2026-11-01,Pattaya_Central,Pineapple,115.9131082802731,exp_smoothing_4w,active SKU window only; historical active windows have complete daily rows; no pre-launch zero fill,47.755436984804845,49.0,0.27199721193426646,10.435,10.681999999999999,0.042233425282982975,0.031675068962237235,6,5.0,0.0236703402012457,87.84608892414587,143.98012763640028,121.02438249582988,91.71972716849197,150.32903782316777,5.11127421555679
2026-11-09,2026-11-01,Pattaya_Central,Pineapple,115.9131082802731,exp_smoothing_4w,active SKU window only; historical active windows have complete daily rows; no pre-launch zero fill,47.755436984804845,49.0,0.27199721193426646,10.435,10.681999999999999,0.042233425282982975,0.031675068962237235,6,5.0,0.0236703402012457,87.84608892414587,143.98012763640028,121.02438249582988,91.71972716849197,150.32903782316777,5.11127421555679
2026-11-10,2026-11-01,Pattaya_Central,Pineapple,115.9131082802731,exp_smoothing_4w,active SKU window only; historical active windows have complete daily rows; no pre-launch zero fill,47.755436984804845,49.0,0.27199721193426646,10.435,10.681999999999999,0.042233425282982975,0.031675068962237235,6,5.0,0.0236703402012457,87.84608892414587,143.98012763640028,121.02438249582988,91.71972716849197,150.32903782316777,5.11127421555679
2026-11-11,2026-11-01,Pattaya_Central,Pineapple,115.9131082802731,exp_smoothing_4w,active SKU window only; historical active windows have complete daily rows; no pre-launch zero fill,47.755436984804845,49.0,0.27199721193426646,10.435,10.681999999999999,0.042233425282982975,0.031675068962237235,6,5.0,0.0236703402012457,87.84608892414587,143.98012763640028,121.02438249582988,91.71972716849197,150.32903782316777,5.11127421555679
2026-11-12,2026-11-01,Pattaya_Central,Pineapple,115.9131082802731,exp_smoothing_4w,active SKU window only; historical active windows have complete daily rows; no pre-launch zero fill,47.755436984804845,49.0,0.27199721193426646,10.435,10.681999999999999,0.042233425282982975,0.031675068962237235,6,5.0,0.0236703402012457,87.84608892414587,143.98012763640028,121.02438249582988,91.71972716849197,150.32903782316777,5.11127421555679
2026-11-13,2026-11-01,Pattaya_Central,Pineapple,115.9131082802731,exp_smoothing_4w,active SKU window only; historical active windows have complete daily rows; no pre-launch zero fill,47.755436984804845,49.0,0.27199721193426646,10.435,10.681999999999999,0.042233425282982975,0.031675068962237235,6,5.0,0.0236703402012457,87.84608892414587,143.98012763640028,121.02438249582988,91.71972716849197,150.32903782316777,5.11127421555679
2026-11-14,2026-11-01,Pattaya_Central,Pineapple,115.9131082802731,exp_smoothing_4w,active SKU window only; historical active windows have complete daily rows; no pre-launch zero fill,47.755436984804845,49.0,0.27199721193426646,10.435,10.681999999999999,0.042233425282982975,0.031675068962237235,6,5.0,0.0236703402012457,87.84608892414587,143.98012763640028,121.02438249582988,91.71972716849197,150.32903782316777,5.11127421555679
2026-11-15,2026-11-01,Pattaya_Central,Pineapple,115.9131082802731,exp_smoothing_4w,active SKU window only; historical active windows have complete daily rows; no pre-launch zero fill,47.755436984804845,49.0,0.27199721193426646,10.435,10.681999999999999,0.042233425282982975,0.031675068962237235,6,5.0,0.0236703402012457,87.84608892414587,143.98012763640028,121.02438249582988,91.71972716849197,150.32903782316777,5.11127421555679
2026-11-16,2026-11-01,Pattaya_Central,Pineapple,115.9131082802731,exp_smoothing_4w,active SKU window only; historical active windows have complete daily rows; no pre-launch zero fill,47.755436984804845,49.0,0.27199721193426646,10.435,10.681999999999999,0.042233425282982975,0.031675068962237235,6,5.0,0.0236703402012457,87.84608892414587,143.98012763640028,121.02438249582988,91.71972716849197,150.32903782316777,5.11127421555679
2026-11-17,2026-11-01,Pattaya_Central,Pineapple,115.9131082802731,exp_smoothing_4w,active SKU window only; historical active windows have complete daily rows; no pre-launch zero fill,47.755436984804845,49.0,0.27199721193426646,10.435,10.681999999999999,0.042233425282982975,0.031675068962237235,6,5.0,0.0236703402012457,87.84608892414587,143.98012763640028,121.02438249582988,91.71972716849197,150.32903782316777,5.11127421555679
2026-11-18,2026-11-01,Pattaya_Central,Pineapple,115.9131082802731,exp_smoothing_4w,active SKU window only; historical active windows have complete daily rows; no pre-launch zero fill,47.755436984804845,49.0,0.27199721193426646,10.435,10.681999999999999,0.042233425282982975,0.031675068962237235,6,5.0,0.0236703402012457,87.84608892414587,143.98012763640028,121.02438249582988,91.71972716849197,150.32903782316777,5.11127421555679
2026-11-19,2026-11-01,Pattaya_Central,Pineapple,115.9131082802731,exp_smoothing_4w,active SKU window only; historical active windows have complete daily rows; no pre-launch zero fill,47.755436984804845,49.0,0.27199721193426646,10.435,10.681999999999999,0.042233425282982975,0.031675068962237235,6,5.0,0.0236703402012457,87.84608892414587,143.98012763640028,121.02438249582988,91.71972716849197,150.32903782316777,5.11127421555679
2026-11-20,2026-11-01,Pattaya_Central,Pineapple,115.9131082802731,exp_smoothing_4w,active SKU window only; historical active windows have complete daily rows; no pre-launch zero fill,47.755436984804845,49.0,0.27199721193426646,10.435,10.681999999999999,0.042233425282982975,0.031675068962237235,6,5.0,0.0236703402012457,87.84608892414587,143.98012763640028,121.02438249582988,91.71972716849197,150.32903782316777,5.11127421555679
2026-11-21,2026-11-01,Pattaya_Central,Pineapple,115.9131082802731,exp_smoothing_4w,active SKU window only; historical active windows have complete daily rows; no pre-launch zero fill,47.755436984804845,49.0,0.27199721193426646,10.435,10.681999999999999,0.042233425282982975,0.031675068962237235,6,5.0,0.0236703402012457,87.84608892414587,143.98012763640028,121.02438249582988,91.71972716849197,150.32903782316777,5.11127421555679
2026-11-22,2026-11-01,Pattaya_Central,Pineapple,115.9131082802731,exp_smoothing_4w,active SKU window only; historical active windows have complete daily rows; no pre-launch zero fill,47.755436984804845,49.0,0.27199721193426646,10.435,10.681999999999999,0.042233425282982975,0.031675068962237235,6,5.0,0.0236703402012457,87.84608892414587,143.98012763640028,121.02438249582988,91.71972716849197,150.32903782316777,5.11127421555679
2026-11-23,2026-11-01,Pattaya_Central,Pineapple,115.9131082802731,exp_smoothing_4w,active SKU window only; historical active windows have complete daily rows; no pre-launch zero fill,47.755436984804845,49.0,0.27199721193426646,10.435,10.681999999999999,0.042233425282982975,0.031675068962237235,6,5.0,0.0236703402012457,87.84608892414587,143.98012763640028,121.02438249582988,91.71972716849197,150.32903782316777,5.11127421555679
2026-11-24,2026-11-01,Pattaya_Central,Pineapple,115.9131082802731,exp_smoothing_4w,active SKU window only; historical active windows have complete daily rows; no pre-launch zero fill,47.755436984804845,49.0,0.27199721193426646,10.435,10.681999999999999,0.042233425282982975,0.031675068962237235,6,5.0,0.0236703402012457,87.84608892414587,143.98012763640028,121.02438249582988,91.71972716849197,150.32903782316777,5.11127421555679
2026-11-25,2026-11-01,Pattaya_Central,Pineapple,115.9131082802731,exp_smoothing_4w,active SKU window only; historical active windows have complete daily rows; no pre-launch zero fill,47.755436984804845,49.0,0.27199721193426646,10.435,10.681999999999999,0.042233425282982975,0.031675068962237235,6,5.0,0.0236703402012457,87.84608892414587,143.98012763640028,121.02438249582988,91.71972716849197,150.32903782316777,5.11127421555679
2026-11-26,2026-11-01,Pattaya_Central,Pineapple,115.9131082802731,exp_smoothing_4w,active SKU window only; historical active windows have complete daily rows; no pre-launch zero fill,47.755436984804845,49.0,0.27199721193426646,10.435,10.681999999999999,0.042233425282982975,0.031675068962237235,6,5.0,0.0236703402012457,87.84608892414587,143.98012763640028,121.02438249582988,91.71972716849197,150.32903782316777,5.11127421555679
2026-11-27,2026-11-01,Pattaya_Central,Pineapple,115.9131082802731,exp_smoothing_4w,active SKU window only; historical active windows have complete daily rows; no pre-launch zero fill,47.755436984804845,49.0,0.27199721193426646,10.435,10.681999999999999,0.042233425282982975,0.031675068962237235,6,5.0,0.0236703402012457,87.84608892414587,143.98012763640028,121.02438249582988,91.71972716849197,150.32903782316777,5.11127421555679
2026-11-28,2026-11-01,Pattaya_Central,Pineapple,115.9131082802731,exp_smoothing_4w,active SKU window only; historical active windows have complete daily rows; no pre-launch zero fill,47.755436984804845,49.0,0.27199721193426646,10.435,10.681999999999999,0.042233425282982975,0.031675068962237235,6,5.0,0.0236703402012457,87.84608892414587,143.98012763640028,121.02438249582988,91.71972716849197,150.32903782316777,5.11127421555679
2026-11-29,2026-11-01,Pattaya_Central,Pineapple,115.9131082802731,exp_smoothing_4w,active SKU window only; historical active windows have complete daily rows; no pre-launch zero fill,47.755436984804845,49.0,0.27199721193426646,10.435,10.681999999999999,0.042233425282982975,0.031675068962237235,6,5.0,0.0236703402012457,87.84608892414587,143.98012763640028,121.02438249582988,91.71972716849197,150.32903782316777,5.11127421555679
2026-11-30,2026-11-01,Pattaya_Central,Pineapple,115.9131082802731,exp_smoothing_4w,active SKU window only; historical active windows have complete daily rows; no pre-launch zero fill,47.755436984804845,49.0,0.27199721193426646,10.435,10.681999999999999,0.042233425282982975,0.031675068962237235,6,5.0,0.0236703402012457,87.84608892414587,143.98012763640028,121.02438249582988,91.71972716849197,150.32903782316777,5.11127421555679
2026-09-01,2026-09-01,Pattaya_Central,Watermelon,182.49738993248977,exp_smoothing_4w,active SKU window only; historical active windows have complete daily rows; no pre-launch zero fill,44.01069549970777,45.0,0.2697136740843242,7.885,8.224,0.03236144275480709,0.024271082066105315,6,5.0,0.04299302473050104,138.3077564072398,226.6870234577397,188.60078338759934,142.93328368496748,234.26828309023117,6.103393455109568
2026-09-02,2026-09-01,Pattaya_Central,Watermelon,182.49738993248977,exp_smoothing_4w,active SKU window only; historical active windows have complete daily rows; no pre-launch zero fill,44.01069549970777,45.0,0.2697136740843242,7.885,8.224,0.03236144275480709,0.024271082066105315,6,5.0,0.04299302473050104,138.3077564072398,226.6870234577397,188.60078338759934,142.93328368496748,234.26828309023117,6.103393455109568
2026-09-03,2026-09-01,Pattaya_Central,Watermelon,182.49738993248977,exp_smoothing_4w,active SKU window only; historical active windows have complete daily rows; no pre-launch zero fill,44.01069549970777,45.0,0.2697136740843242,7.885,8.224,0.03236144275480709,0.024271082066105315,6,5.0,0.04299302473050104,138.3077564072398,226.6870234577397,188.60078338759934,142.93328368496748,234.26828309023117,6.103393455109568
2026-09-04,2026-09-01,Pattaya_Central,Watermelon,182.49738993248977,exp_smoothing_4w,active SKU window only; historical active windows have complete daily rows; no pre-launch zero fill,44.01069549970777,45.0,0.2697136740843242,7.885,8.224,0.03236144275480709,0.024271082066105315,6,5.0,0.04299302473050104,138.3077564072398,226.6870234577397,188.60078338759934,142.93328368496748,234.26828309023117,6.103393455109568
2026-09-05,2026-09-01,Pattaya_Central,Watermelon,182.49738993248977,exp_smoothing_4w,active SKU window only; historical active windows have complete daily rows; no pre-launch zero fill,44.01069549970777,45.0,0.2697136740843242,7.885,8.224,0.03236144275480709,0.024271082066105315,6,5.0,0.04299302473050104,138.3077564072398,226.6870234577397,188.60078338759934,142.93328368496748,234.26828309023117,6.103393455109568
2026-09-06,2026-09-01,Pattaya_Central,Watermelon,182.49738993248977,exp_smoothing_4w,active SKU window only; historical active windows have complete daily rows; no pre-launch zero fill,44.01069549970777,45.0,0.2697136740843242,7.885,8.224,0.03236144275480709,0.024271082066105315,6,5.0,0.04299302473050104,138.3077564072398,226.6870234577397,188.60078338759934,142.93328368496748,234.26828309023117,6.103393455109568
2026-09-07,2026-09-01,Pattaya_Central,Watermelon,182.49738993248977,exp_smoothing_4w,active SKU window only; historical active windows have complete daily rows; no pre-launch zero fill,44.01069549970777,45.0,0.2697136740843242,7.885,8.224,0.03236144275480709,0.024271082066105315,6,5.0,0.04299302473050104,138.3077564072398,226.6870234577397,188.60078338759934,142.93328368496748,234.26828309023117,6.103393455109568
2026-09-08,2026-09-01,Pattaya_Central,Watermelon,182.49738993248977,exp_smoothing_4w,active SKU window only; historical active windows have complete daily rows; no pre-launch zero fill,44.01069549970777,45.0,0.2697136740843242,7.885,8.224,0.03236144275480709,0.024271082066105315,6,5.0,0.04299302473050104,138.3077564072398,226.6870234577397,188.60078338759934,142.93328368496748,234.26828309023117,6.103393455109568
2026-09-09,2026-09-01,Pattaya_Central,Watermelon,182.49738993248977,exp_smoothing_4w,active SKU window only; historical active windows have complete daily rows; no pre-launch zero fill,44.01069549970777,45.0,0.2697136740843242,7.885,8.224,0.03236144275480709,0.024271082066105315,6,5.0,0.04299302473050104,138.3077564072398,226.6870234577397,188.60078338759934,142.93328368496748,234.26828309023117,6.103393455109568
2026-09-10,2026-09-01,Pattaya_Central,Watermelon,182.49738993248977,exp_smoothing_4w,active SKU window only; historical active windows have complete daily rows; no pre-launch zero fill,44.01069549970777,45.0,0.2697136740843242,7.885,8.224,0.03236144275480709,0.024271082066105315,6,5.0,0.04299302473050104,138.3077564072398,226.6870234577397,188.60078338759934,142.93328368496748,234.26828309023117,6.103393455109568
2026-09-11,2026-09-01,Pattaya_Central,Watermelon,182.49738993248977,exp_smoothing_4w,active SKU window only; historical active windows have complete daily rows; no pre-launch zero fill,44.01069549970777,45.0,0.2697136740843242,7.885,8.224,0.03236144275480709,0.024271082066105315,6,5.0,0.04299302473050104,138.3077564072398,226.6870234577397,188.60078338759934,142.93328368496748,234.26828309023117,6.103393455109568
2026-09-12,2026-09-01,Pattaya_Central,Watermelon,182.49738993248977,exp_smoothing_4w,active SKU window only; historical active windows have complete daily rows; no pre-launch zero fill,44.01069549970777,45.0,0.2697136740843242,7.885,8.224,0.03236144275480709,0.024271082066105315,6,5.0,0.04299302473050104,138.3077564072398,226.6870234577397,188.60078338759934,142.93328368496748,234.26828309023117,6.103393455109568
2026-09-13,2026-09-01,Pattaya_Central,Watermelon,182.49738993248977,exp_smoothing_4w,active SKU window only; historical active windows have complete daily rows; no pre-launch zero fill,44.01069549970777,45.0,0.2697136740843242,7.885,8.224,0.03236144275480709,0.024271082066105315,6,5.0,0.04299302473050104,138.3077564072398,226.6870234577397,188.60078338759934,142.93328368496748,234.26828309023117,6.103393455109568
2026-09-14,2026-09-01,Pattaya_Central,Watermelon,182.49738993248977,exp_smoothing_4w,active SKU window only; historical active windows have complete daily rows; no pre-launch zero fill,44.01069549970777,45.0,0.2697136740843242,7.885,8.224,0.03236144275480709,0.024271082066105315,6,5.0,0.04299302473050104,138.3077564072398,226.6870234577397,188.60078338759934,142.93328368496748,234.26828309023117,6.103393455109568
2026-09-15,2026-09-01,Pattaya_Central,Watermelon,182.49738993248977,exp_smoothing_4w,active SKU window only; historical active windows have complete daily rows; no pre-launch zero fill,44.01069549970777,45.0,0.2697136740843242,7.885,8.224,0.03236144275480709,0.024271082066105315,6,5.0,0.04299302473050104,138.3077564072398,226.6870234577397,188.60078338759934,142.93328368496748,234.26828309023117,6.103393455109568
2026-09-16,2026-09-01,Pattaya_Central,Watermelon,182.49738993248977,exp_smoothing_4w,active SKU window only; historical active windows have complete daily rows; no pre-launch zero fill,44.01069549970777,45.0,0.2697136740843242,7.885,8.224,0.03236144275480709,0.024271082066105315,6,5.0,0.04299302473050104,138.3077564072398,226.6870234577397,188.60078338759934,142.93328368496748,234.26828309023117,6.103393455109568
2026-09-17,2026-09-01,Pattaya_Central,Watermelon,182.49738993248977,exp_smoothing_4w,active SKU window only; historical active windows have complete daily rows; no pre-launch zero fill,44.01069549970777,45.0,0.2697136740843242,7.885,8.224,0.03236144275480709,0.024271082066105315,6,5.0,0.04299302473050104,138.3077564072398,226.6870234577397,188.60078338759934,142.93328368496748,234.26828309023117,6.103393455109568
2026-09-18,2026-09-01,Pattaya_Central,Watermelon,182.49738993248977,exp_smoothing_4w,active SKU window only; historical active windows have complete daily rows; no pre-launch zero fill,44.01069549970777,45.0,0.2697136740843242,7.885,8.224,0.03236144275480709,0.024271082066105315,6,5.0,0.04299302473050104,138.3077564072398,226.6870234577397,188.60078338759934,142.93328368496748,234.26828309023117,6.103393455109568
2026-09-19,2026-09-01,Pattaya_Central,Watermelon,182.49738993248977,exp_smoothing_4w,active SKU window only; historical active windows have complete daily rows; no pre-launch zero fill,44.01069549970777,45.0,0.2697136740843242,7.885,8.224,0.03236144275480709,0.024271082066105315,6,5.0,0.04299302473050104,138.3077564072398,226.6870234577397,188.60078338759934,142.93328368496748,234.26828309023117,6.103393455109568
2026-09-20,2026-09-01,Pattaya_Central,Watermelon,182.49738993248977,exp_smoothing_4w,active SKU window only; historical active windows have complete daily rows; no pre-launch zero fill,44.01069549970777,45.0,0.2697136740843242,7.885,8.224,0.03236144275480709,0.024271082066105315,6,5.0,0.04299302473050104,138.3077564072398,226.6870234577397,188.60078338759934,142.93328368496748,234.26828309023117,6.103393455109568
2026-09-21,2026-09-01,Pattaya_Central,Watermelon,182.49738993248977,exp_smoothing_4w,active SKU window only; historical active windows have complete daily rows; no pre-launch zero fill,44.01069549970777,45.0,0.2697136740843242,7.885,8.224,0.03236144275480709,0.024271082066105315,6,5.0,0.04299302473050104,138.3077564072398,226.6870234577397,188.60078338759934,142.93328368496748,234.26828309023117,6.103393455109568
2026-09-22,2026-09-01,Pattaya_Central,Watermelon,182.49738993248977,exp_smoothing_4w,active SKU window only; historical active windows have complete daily rows; no pre-launch zero fill,44.01069549970777,45.0,0.2697136740843242,7.885,8.224,0.03236144275480709,0.024271082066105315,6,5.0,0.04299302473050104,138.3077564072398,226.6870234577397,188.60078338759934,142.93328368496748,234.26828309023117,6.103393455109568
2026-09-23,2026-09-01,Pattaya_Central,Watermelon,182.49738993248977,exp_smoothing_4w,active SKU window only; historical active windows have complete daily rows; no pre-launch zero fill,44.01069549970777,45.0,0.2697136740843242,7.885,8.224,0.03236144275480709,0.024271082066105315,6,5.0,0.04299302473050104,138.3077564072398,226.6870234577397,188.60078338759934,142.93328368496748,234.26828309023117,6.103393455109568
2026-09-24,2026-09-01,Pattaya_Central,Watermelon,182.49738993248977,exp_smoothing_4w,active SKU window only; historical active windows have complete daily rows; no pre-launch zero fill,44.01069549970777,45.0,0.2697136740843242,7.885,8.224,0.03236144275480709,0.024271082066105315,6,5.0,0.04299302473050104,138.3077564072398,226.6870234577397,188.60078338759934,142.93328368496748,234.26828309023117,6.103393455109568
2026-09-25,2026-09-01,Pattaya_Central,Watermelon,182.49738993248977,exp_smoothing_4w,active SKU window only; historical active windows have complete daily rows; no pre-launch zero fill,44.01069549970777,45.0,0.2697136740843242,7.885,8.224,0.03236144275480709,0.024271082066105315,6,5.0,0.04299302473050104,138.3077564072398,226.6870234577397,188.60078338759934,142.93328368496748,234.26828309023117,6.103393455109568
2026-09-26,2026-09-01,Pattaya_Central,Watermelon,182.49738993248977,exp_smoothing_4w,active SKU window only; historical active windows have complete daily rows; no pre-launch zero fill,44.01069549970777,45.0,0.2697136740843242,7.885,8.224,0.03236144275480709,0.024271082066105315,6,5.0,0.04299302473050104,138.3077564072398,226.6870234577397,188.60078338759934,142.93328368496748,234.26828309023117,6.103393455109568
2026-09-27,2026-09-01,Pattaya_Central,Watermelon,182.49738993248977,exp_smoothing_4w,active SKU window only; historical active windows have complete daily rows; no pre-launch zero fill,44.01069549970777,45.0,0.2697136740843242,7.885,8.224,0.03236144275480709,0.024271082066105315,6,5.0,0.04299302473050104,138.3077564072398,226.6870234577397,188.60078338759934,142.93328368496748,234.26828309023117,6.103393455109568
2026-09-28,2026-09-01,Pattaya_Central,Watermelon,182.49738993248977,exp_smoothing_4w,active SKU window only; historical active windows have complete daily rows; no pre-launch zero fill,44.01069549970777,45.0,0.2697136740843242,7.885,8.224,0.03236144275480709,0.024271082066105315,6,5.0,0.04299302473050104,138.3077564072398,226.6870234577397,188.60078338759934,142.93328368496748,234.26828309023117,6.103393455109568
2026-09-29,2026-09-01,Pattaya_Central,Watermelon,182.49738993248977,exp_smoothing_4w,active SKU window only; historical active windows have complete daily rows; no pre-launch zero fill,44.01069549970777,45.0,0.2697136740843242,7.885,8.224,0.03236144275480709,0.024271082066105315,6,5.0,0.04299302473050104,138.3077564072398,226.6870234577397,188.60078338759934,142.93328368496748,234.26828309023117,6.103393455109568
2026-09-30,2026-09-01,Pattaya_Central,Watermelon,182.49738993248977,exp_smoothing_4w,active SKU window only; historical active windows have complete daily rows; no pre-launch zero fill,44.01069549970777,45.0,0.2697136740843242,7.885,8.224,0.03236144275480709,0.024271082066105315,6,5.0,0.04299302473050104,138.3077564072398,226.6870234577397,188.60078338759934,142.93328368496748,234.26828309023117,6.103393455109568
2026-10-01,2026-10-01,Pattaya_Central,Watermelon,182.49738993248977,exp_smoothing_4w,active SKU window only; historical active windows have complete daily rows; no pre-launch zero fill,44.01069549970777,45.0,0.2697136740843242,7.885,8.224,0.03236144275480709,0.024271082066105315,6,5.0,0.04299302473050104,138.3077564072398,226.6870234577397,188.60078338759934,142.93328368496748,234.26828309023117,6.103393455109568
2026-10-02,2026-10-01,Pattaya_Central,Watermelon,182.49738993248977,exp_smoothing_4w,active SKU window only; historical active windows have complete daily rows; no pre-launch zero fill,44.01069549970777,45.0,0.2697136740843242,7.885,8.224,0.03236144275480709,0.024271082066105315,6,5.0,0.04299302473050104,138.3077564072398,226.6870234577397,188.60078338759934,142.93328368496748,234.26828309023117,6.103393455109568
2026-10-03,2026-10-01,Pattaya_Central,Watermelon,182.49738993248977,exp_smoothing_4w,active SKU window only; historical active windows have complete daily rows; no pre-launch zero fill,44.01069549970777,45.0,0.2697136740843242,7.885,8.224,0.03236144275480709,0.024271082066105315,6,5.0,0.04299302473050104,138.3077564072398,226.6870234577397,188.60078338759934,142.93328368496748,234.26828309023117,6.103393455109568
2026-10-04,2026-10-01,Pattaya_Central,Watermelon,182.49738993248977,exp_smoothing_4w,active SKU window only; historical active windows have complete daily rows; no pre-launch zero fill,44.01069549970777,45.0,0.2697136740843242,7.885,8.224,0.03236144275480709,0.024271082066105315,6,5.0,0.04299302473050104,138.3077564072398,226.6870234577397,188.60078338759934,142.93328368496748,234.26828309023117,6.103393455109568
2026-10-05,2026-10-01,Pattaya_Central,Watermelon,182.49738993248977,exp_smoothing_4w,active SKU window only; historical active windows have complete daily rows; no pre-launch zero fill,44.01069549970777,45.0,0.2697136740843242,7.885,8.224,0.03236144275480709,0.024271082066105315,6,5.0,0.04299302473050104,138.3077564072398,226.6870234577397,188.60078338759934,142.93328368496748,234.26828309023117,6.103393455109568
2026-10-06,2026-10-01,Pattaya_Central,Watermelon,182.49738993248977,exp_smoothing_4w,active SKU window only; historical active windows have complete daily rows; no pre-launch zero fill,44.01069549970777,45.0,0.2697136740843242,7.885,8.224,0.03236144275480709,0.024271082066105315,6,5.0,0.04299302473050104,138.3077564072398,226.6870234577397,188.60078338759934,142.93328368496748,234.26828309023117,6.103393455109568
2026-10-07,2026-10-01,Pattaya_Central,Watermelon,182.49738993248977,exp_smoothing_4w,active SKU window only; historical active windows have complete daily rows; no pre-launch zero fill,44.01069549970777,45.0,0.2697136740843242,7.885,8.224,0.03236144275480709,0.024271082066105315,6,5.0,0.04299302473050104,138.3077564072398,226.6870234577397,188.60078338759934,142.93328368496748,234.26828309023117,6.103393455109568
2026-10-08,2026-10-01,Pattaya_Central,Watermelon,182.49738993248977,exp_smoothing_4w,active SKU window only; historical active windows have complete daily rows; no pre-launch zero fill,44.01069549970777,45.0,0.2697136740843242,7.885,8.224,0.03236144275480709,0.024271082066105315,6,5.0,0.04299302473050104,138.3077564072398,226.6870234577397,188.60078338759934,142.93328368496748,234.26828309023117,6.103393455109568
2026-10-09,2026-10-01,Pattaya_Central,Watermelon,182.49738993248977,exp_smoothing_4w,active SKU window only; historical active windows have complete daily rows; no pre-launch zero fill,44.01069549970777,45.0,0.2697136740843242,7.885,8.224,0.03236144275480709,0.024271082066105315,6,5.0,0.04299302473050104,138.3077564072398,226.6870234577397,188.60078338759934,142.93328368496748,234.26828309023117,6.103393455109568
2026-10-10,2026-10-01,Pattaya_Central,Watermelon,182.49738993248977,exp_smoothing_4w,active SKU window only; historical active windows have complete daily rows; no pre-launch zero fill,44.01069549970777,45.0,0.2697136740843242,7.885,8.224,0.03236144275480709,0.024271082066105315,6,5.0,0.04299302473050104,138.3077564072398,226.6870234577397,188.60078338759934,142.93328368496748,234.26828309023117,6.103393455109568
2026-10-11,2026-10-01,Pattaya_Central,Watermelon,182.49738993248977,exp_smoothing_4w,active SKU window only; historical active windows have complete daily rows; no pre-launch zero fill,44.01069549970777,45.0,0.2697136740843242,7.885,8.224,0.03236144275480709,0.024271082066105315,6,5.0,0.04299302473050104,138.3077564072398,226.6870234577397,188.60078338759934,142.93328368496748,234.26828309023117,6.103393455109568
2026-10-12,2026-10-01,Pattaya_Central,Watermelon,182.49738993248977,exp_smoothing_4w,active SKU window only; historical active windows have complete daily rows; no pre-launch zero fill,44.01069549970777,45.0,0.2697136740843242,7.885,8.224,0.03236144275480709,0.024271082066105315,6,5.0,0.04299302473050104,138.3077564072398,226.6870234577397,188.60078338759934,142.93328368496748,234.26828309023117,6.103393455109568
2026-10-13,2026-10-01,Pattaya_Central,Watermelon,182.49738993248977,exp_smoothing_4w,active SKU window only; historical active windows have complete daily rows; no pre-launch zero fill,44.01069549970777,45.0,0.2697136740843242,7.885,8.224,0.03236144275480709,0.024271082066105315,6,5.0,0.04299302473050104,138.3077564072398,226.6870234577397,188.60078338759934,142.93328368496748,234.26828309023117,6.103393455109568
2026-10-14,2026-10-01,Pattaya_Central,Watermelon,182.49738993248977,exp_smoothing_4w,active SKU window only; historical active windows have complete daily rows; no pre-launch zero fill,44.01069549970777,45.0,0.2697136740843242,7.885,8.224,0.03236144275480709,0.024271082066105315,6,5.0,0.04299302473050104,138.3077564072398,226.6870234577397,188.60078338759934,142.93328368496748,234.26828309023117,6.103393455109568
2026-10-15,2026-10-01,Pattaya_Central,Watermelon,182.49738993248977,exp_smoothing_4w,active SKU window only; historical active windows have complete daily rows; no pre-launch zero fill,44.01069549970777,45.0,0.2697136740843242,7.885,8.224,0.03236144275480709,0.024271082066105315,6,5.0,0.04299302473050104,138.3077564072398,226.6870234577397,188.60078338759934,142.93328368496748,234.26828309023117,6.103393455109568
2026-10-16,2026-10-01,Pattaya_Central,Watermelon,182.49738993248977,exp_smoothing_4w,active SKU window only; historical active windows have complete daily rows; no pre-launch zero fill,44.01069549970777,45.0,0.2697136740843242,7.885,8.224,0.03236144275480709,0.024271082066105315,6,5.0,0.04299302473050104,138.3077564072398,226.6870234577397,188.60078338759934,142.93328368496748,234.26828309023117,6.103393455109568
2026-10-17,2026-10-01,Pattaya_Central,Watermelon,182.49738993248977,exp_smoothing_4w,active SKU window only; historical active windows have complete daily rows; no pre-launch zero fill,44.01069549970777,45.0,0.2697136740843242,7.885,8.224,0.03236144275480709,0.024271082066105315,6,5.0,0.04299302473050104,138.3077564072398,226.6870234577397,188.60078338759934,142.93328368496748,234.26828309023117,6.103393455109568
2026-10-18,2026-10-01,Pattaya_Central,Watermelon,182.49738993248977,exp_smoothing_4w,active SKU window only; historical active windows have complete daily rows; no pre-launch zero fill,44.01069549970777,45.0,0.2697136740843242,7.885,8.224,0.03236144275480709,0.024271082066105315,6,5.0,0.04299302473050104,138.3077564072398,226.6870234577397,188.60078338759934,142.93328368496748,234.26828309023117,6.103393455109568
2026-10-19,2026-10-01,Pattaya_Central,Watermelon,182.49738993248977,exp_smoothing_4w,active SKU window only; historical active windows have complete daily rows; no pre-launch zero fill,44.01069549970777,45.0,0.2697136740843242,7.885,8.224,0.03236144275480709,0.024271082066105315,6,5.0,0.04299302473050104,138.3077564072398,226.6870234577397,188.60078338759934,142.93328368496748,234.26828309023117,6.103393455109568
2026-10-20,2026-10-01,Pattaya_Central,Watermelon,182.49738993248977,exp_smoothing_4w,active SKU window only; historical active windows have complete daily rows; no pre-launch zero fill,44.01069549970777,45.0,0.2697136740843242,7.885,8.224,0.03236144275480709,0.024271082066105315,6,5.0,0.04299302473050104,138.3077564072398,226.6870234577397,188.60078338759934,142.93328368496748,234.26828309023117,6.103393455109568
2026-10-21,2026-10-01,Pattaya_Central,Watermelon,182.49738993248977,exp_smoothing_4w,active SKU window only; historical active windows have complete daily rows; no pre-launch zero fill,44.01069549970777,45.0,0.2697136740843242,7.885,8.224,0.03236144275480709,0.024271082066105315,6,5.0,0.04299302473050104,138.3077564072398,226.6870234577397,188.60078338759934,142.93328368496748,234.26828309023117,6.103393455109568
2026-10-22,2026-10-01,Pattaya_Central,Watermelon,182.49738993248977,exp_smoothing_4w,active SKU window only; historical active windows have complete daily rows; no pre-launch zero fill,44.01069549970777,45.0,0.2697136740843242,7.885,8.224,0.03236144275480709,0.024271082066105315,6,5.0,0.04299302473050104,138.3077564072398,226.6870234577397,188.60078338759934,142.93328368496748,234.26828309023117,6.103393455109568
2026-10-23,2026-10-01,Pattaya_Central,Watermelon,182.49738993248977,exp_smoothing_4w,active SKU window only; historical active windows have complete daily rows; no pre-launch zero fill,44.01069549970777,45.0,0.2697136740843242,7.885,8.224,0.03236144275480709,0.024271082066105315,6,5.0,0.04299302473050104,138.3077564072398,226.6870234577397,188.60078338759934,142.93328368496748,234.26828309023117,6.103393455109568
2026-10-24,2026-10-01,Pattaya_Central,Watermelon,182.49738993248977,exp_smoothing_4w,active SKU window only; historical active windows have complete daily rows; no pre-launch zero fill,44.01069549970777,45.0,0.2697136740843242,7.885,8.224,0.03236144275480709,0.024271082066105315,6,5.0,0.04299302473050104,138.3077564072398,226.6870234577397,188.60078338759934,142.93328368496748,234.26828309023117,6.103393455109568
2026-10-25,2026-10-01,Pattaya_Central,Watermelon,182.49738993248977,exp_smoothing_4w,active SKU window only; historical active windows have complete daily rows; no pre-launch zero fill,44.01069549970777,45.0,0.2697136740843242,7.885,8.224,0.03236144275480709,0.024271082066105315,6,5.0,0.04299302473050104,138.3077564072398,226.6870234577397,188.60078338759934,142.93328368496748,234.26828309023117,6.103393455109568
2026-10-26,2026-10-01,Pattaya_Central,Watermelon,182.49738993248977,exp_smoothing_4w,active SKU window only; historical active windows have complete daily rows; no pre-launch zero fill,44.01069549970777,45.0,0.2697136740843242,7.885,8.224,0.03236144275480709,0.024271082066105315,6,5.0,0.04299302473050104,138.3077564072398,226.6870234577397,188.60078338759934,142.93328368496748,234.26828309023117,6.103393455109568
2026-10-27,2026-10-01,Pattaya_Central,Watermelon,182.49738993248977,exp_smoothing_4w,active SKU window only; historical active windows have complete daily rows; no pre-launch zero fill,44.01069549970777,45.0,0.2697136740843242,7.885,8.224,0.03236144275480709,0.024271082066105315,6,5.0,0.04299302473050104,138.3077564072398,226.6870234577397,188.60078338759934,142.93328368496748,234.26828309023117,6.103393455109568
2026-10-28,2026-10-01,Pattaya_Central,Watermelon,182.49738993248977,exp_smoothing_4w,active SKU window only; historical active windows have complete daily rows; no pre-launch zero fill,44.01069549970777,45.0,0.2697136740843242,7.885,8.224,0.03236144275480709,0.024271082066105315,6,5.0,0.04299302473050104,138.3077564072398,226.6870234577397,188.60078338759934,142.93328368496748,234.26828309023117,6.103393455109568
2026-10-29,2026-10-01,Pattaya_Central,Watermelon,182.49738993248977,exp_smoothing_4w,active SKU window only; historical active windows have complete daily rows; no pre-launch zero fill,44.01069549970777,45.0,0.2697136740843242,7.885,8.224,0.03236144275480709,0.024271082066105315,6,5.0,0.04299302473050104,138.3077564072398,226.6870234577397,188.60078338759934,142.93328368496748,234.26828309023117,6.103393455109568
2026-10-30,2026-10-01,Pattaya_Central,Watermelon,182.49738993248977,exp_smoothing_4w,active SKU window only; historical active windows have complete daily rows; no pre-launch zero fill,44.01069549970777,45.0,0.2697136740843242,7.885,8.224,0.03236144275480709,0.024271082066105315,6,5.0,0.04299302473050104,138.3077564072398,226.6870234577397,188.60078338759934,142.93328368496748,234.26828309023117,6.103393455109568
2026-10-31,2026-10-01,Pattaya_Central,Watermelon,182.49738993248977,exp_smoothing_4w,active SKU window only; historical active windows have complete daily rows; no pre-launch zero fill,44.01069549970777,45.0,0.2697136740843242,7.885,8.224,0.03236144275480709,0.024271082066105315,6,5.0,0.04299302473050104,138.3077564072398,226.6870234577397,188.60078338759934,142.93328368496748,234.26828309023117,6.103393455109568
2026-11-01,2026-11-01,Pattaya_Central,Watermelon,182.49738993248977,exp_smoothing_4w,active SKU window only; historical active windows have complete daily rows; no pre-launch zero fill,44.01069549970777,45.0,0.2697136740843242,7.885,8.224,0.03236144275480709,0.024271082066105315,6,5.0,0.04299302473050104,138.3077564072398,226.6870234577397,188.60078338759934,142.93328368496748,234.26828309023117,6.103393455109568
2026-11-02,2026-11-01,Pattaya_Central,Watermelon,182.49738993248977,exp_smoothing_4w,active SKU window only; historical active windows have complete daily rows; no pre-launch zero fill,44.01069549970777,45.0,0.2697136740843242,7.885,8.224,0.03236144275480709,0.024271082066105315,6,5.0,0.04299302473050104,138.3077564072398,226.6870234577397,188.60078338759934,142.93328368496748,234.26828309023117,6.103393455109568
2026-11-03,2026-11-01,Pattaya_Central,Watermelon,182.49738993248977,exp_smoothing_4w,active SKU window only; historical active windows have complete daily rows; no pre-launch zero fill,44.01069549970777,45.0,0.2697136740843242,7.885,8.224,0.03236144275480709,0.024271082066105315,6,5.0,0.04299302473050104,138.3077564072398,226.6870234577397,188.60078338759934,142.93328368496748,234.26828309023117,6.103393455109568
2026-11-04,2026-11-01,Pattaya_Central,Watermelon,182.49738993248977,exp_smoothing_4w,active SKU window only; historical active windows have complete daily rows; no pre-launch zero fill,44.01069549970777,45.0,0.2697136740843242,7.885,8.224,0.03236144275480709,0.024271082066105315,6,5.0,0.04299302473050104,138.3077564072398,226.6870234577397,188.60078338759934,142.93328368496748,234.26828309023117,6.103393455109568
2026-11-05,2026-11-01,Pattaya_Central,Watermelon,182.49738993248977,exp_smoothing_4w,active SKU window only; historical active windows have complete daily rows; no pre-launch zero fill,44.01069549970777,45.0,0.2697136740843242,7.885,8.224,0.03236144275480709,0.024271082066105315,6,5.0,0.04299302473050104,138.3077564072398,226.6870234577397,188.60078338759934,142.93328368496748,234.26828309023117,6.103393455109568
2026-11-06,2026-11-01,Pattaya_Central,Watermelon,182.49738993248977,exp_smoothing_4w,active SKU window only; historical active windows have complete daily rows; no pre-launch zero fill,44.01069549970777,45.0,0.2697136740843242,7.885,8.224,0.03236144275480709,0.024271082066105315,6,5.0,0.04299302473050104,138.3077564072398,226.6870234577397,188.60078338759934,142.93328368496748,234.26828309023117,6.103393455109568
2026-11-07,2026-11-01,Pattaya_Central,Watermelon,182.49738993248977,exp_smoothing_4w,active SKU window only; historical active windows have complete daily rows; no pre-launch zero fill,44.01069549970777,45.0,0.2697136740843242,7.885,8.224,0.03236144275480709,0.024271082066105315,6,5.0,0.04299302473050104,138.3077564072398,226.6870234577397,188.60078338759934,142.93328368496748,234.26828309023117,6.103393455109568
2026-11-08,2026-11-01,Pattaya_Central,Watermelon,182.49738993248977,exp_smoothing_4w,active SKU window only; historical active windows have complete daily rows; no pre-launch zero fill,44.01069549970777,45.0,0.2697136740843242,7.885,8.224,0.03236144275480709,0.024271082066105315,6,5.0,0.04299302473050104,138.3077564072398,226.6870234577397,188.60078338759934,142.93328368496748,234.26828309023117,6.103393455109568
2026-11-09,2026-11-01,Pattaya_Central,Watermelon,182.49738993248977,exp_smoothing_4w,active SKU window only; historical active windows have complete daily rows; no pre-launch zero fill,44.01069549970777,45.0,0.2697136740843242,7.885,8.224,0.03236144275480709,0.024271082066105315,6,5.0,0.04299302473050104,138.3077564072398,226.6870234577397,188.60078338759934,142.93328368496748,234.26828309023117,6.103393455109568
2026-11-10,2026-11-01,Pattaya_Central,Watermelon,182.49738993248977,exp_smoothing_4w,active SKU window only; historical active windows have complete daily rows; no pre-launch zero fill,44.01069549970777,45.0,0.2697136740843242,7.885,8.224,0.03236144275480709,0.024271082066105315,6,5.0,0.04299302473050104,138.3077564072398,226.6870234577397,188.60078338759934,142.93328368496748,234.26828309023117,6.103393455109568
2026-11-11,2026-11-01,Pattaya_Central,Watermelon,182.49738993248977,exp_smoothing_4w,active SKU window only; historical active windows have complete daily rows; no pre-launch zero fill,44.01069549970777,45.0,0.2697136740843242,7.885,8.224,0.03236144275480709,0.024271082066105315,6,5.0,0.04299302473050104,138.3077564072398,226.6870234577397,188.60078338759934,142.93328368496748,234.26828309023117,6.103393455109568
2026-11-12,2026-11-01,Pattaya_Central,Watermelon,182.49738993248977,exp_smoothing_4w,active SKU window only; historical active windows have complete daily rows; no pre-launch zero fill,44.01069549970777,45.0,0.2697136740843242,7.885,8.224,0.03236144275480709,0.024271082066105315,6,5.0,0.04299302473050104,138.3077564072398,226.6870234577397,188.60078338759934,142.93328368496748,234.26828309023117,6.103393455109568
2026-11-13,2026-11-01,Pattaya_Central,Watermelon,182.49738993248977,exp_smoothing_4w,active SKU window only; historical active windows have complete daily rows; no pre-launch zero fill,44.01069549970777,45.0,0.2697136740843242,7.885,8.224,0.03236144275480709,0.024271082066105315,6,5.0,0.04299302473050104,138.3077564072398,226.6870234577397,188.60078338759934,142.93328368496748,234.26828309023117,6.103393455109568
2026-11-14,2026-11-01,Pattaya_Central,Watermelon,182.49738993248977,exp_smoothing_4w,active SKU window only; historical active windows have complete daily rows; no pre-launch zero fill,44.01069549970777,45.0,0.2697136740843242,7.885,8.224,0.03236144275480709,0.024271082066105315,6,5.0,0.04299302473050104,138.3077564072398,226.6870234577397,188.60078338759934,142.93328368496748,234.26828309023117,6.103393455109568
2026-11-15,2026-11-01,Pattaya_Central,Watermelon,182.49738993248977,exp_smoothing_4w,active SKU window only; historical active windows have complete daily rows; no pre-launch zero fill,44.01069549970777,45.0,0.2697136740843242,7.885,8.224,0.03236144275480709,0.024271082066105315,6,5.0,0.04299302473050104,138.3077564072398,226.6870234577397,188.60078338759934,142.93328368496748,234.26828309023117,6.103393455109568
2026-11-16,2026-11-01,Pattaya_Central,Watermelon,182.49738993248977,exp_smoothing_4w,active SKU window only; historical active windows have complete daily rows; no pre-launch zero fill,44.01069549970777,45.0,0.2697136740843242,7.885,8.224,0.03236144275480709,0.024271082066105315,6,5.0,0.04299302473050104,138.3077564072398,226.6870234577397,188.60078338759934,142.93328368496748,234.26828309023117,6.103393455109568
2026-11-17,2026-11-01,Pattaya_Central,Watermelon,182.49738993248977,exp_smoothing_4w,active SKU window only; historical active windows have complete daily rows; no pre-launch zero fill,44.01069549970777,45.0,0.2697136740843242,7.885,8.224,0.03236144275480709,0.024271082066105315,6,5.0,0.04299302473050104,138.3077564072398,226.6870234577397,188.60078338759934,142.93328368496748,234.26828309023117,6.103393455109568
2026-11-18,2026-11-01,Pattaya_Central,Watermelon,182.49738993248977,exp_smoothing_4w,active SKU window only; historical active windows have complete daily rows; no pre-launch zero fill,44.01069549970777,45.0,0.2697136740843242,7.885,8.224,0.03236144275480709,0.024271082066105315,6,5.0,0.04299302473050104,138.3077564072398,226.6870234577397,188.60078338759934,142.93328368496748,234.26828309023117,6.103393455109568
2026-11-19,2026-11-01,Pattaya_Central,Watermelon,182.49738993248977,exp_smoothing_4w,active SKU window only; historical active windows have complete daily rows; no pre-launch zero fill,44.01069549970777,45.0,0.2697136740843242,7.885,8.224,0.03236144275480709,0.024271082066105315,6,5.0,0.04299302473050104,138.3077564072398,226.6870234577397,188.60078338759934,142.93328368496748,234.26828309023117,6.103393455109568
2026-11-20,2026-11-01,Pattaya_Central,Watermelon,182.49738993248977,exp_smoothing_4w,active SKU window only; historical active windows have complete daily rows; no pre-launch zero fill,44.01069549970777,45.0,0.2697136740843242,7.885,8.224,0.03236144275480709,0.024271082066105315,6,5.0,0.04299302473050104,138.3077564072398,226.6870234577397,188.60078338759934,142.93328368496748,234.26828309023117,6.103393455109568
2026-11-21,2026-11-01,Pattaya_Central,Watermelon,182.49738993248977,exp_smoothing_4w,active SKU window only; historical active windows have complete daily rows; no pre-launch zero fill,44.01069549970777,45.0,0.2697136740843242,7.885,8.224,0.03236144275480709,0.024271082066105315,6,5.0,0.04299302473050104,138.3077564072398,226.6870234577397,188.60078338759934,142.93328368496748,234.26828309023117,6.103393455109568
2026-11-22,2026-11-01,Pattaya_Central,Watermelon,182.49738993248977,exp_smoothing_4w,active SKU window only; historical active windows have complete daily rows; no pre-launch zero fill,44.01069549970777,45.0,0.2697136740843242,7.885,8.224,0.03236144275480709,0.024271082066105315,6,5.0,0.04299302473050104,138.3077564072398,226.6870234577397,188.60078338759934,142.93328368496748,234.26828309023117,6.103393455109568
2026-11-23,2026-11-01,Pattaya_Central,Watermelon,182.49738993248977,exp_smoothing_4w,active SKU window only; historical active windows have complete daily rows; no pre-launch zero fill,44.01069549970777,45.0,0.2697136740843242,7.885,8.224,0.03236144275480709,0.024271082066105315,6,5.0,0.04299302473050104,138.3077564072398,226.6870234577397,188.60078338759934,142.93328368496748,234.26828309023117,6.103393455109568
2026-11-24,2026-11-01,Pattaya_Central,Watermelon,182.49738993248977,exp_smoothing_4w,active SKU window only; historical active windows have complete daily rows; no pre-launch zero fill,44.01069549970777,45.0,0.2697136740843242,7.885,8.224,0.03236144275480709,0.024271082066105315,6,5.0,0.04299302473050104,138.3077564072398,226.6870234577397,188.60078338759934,142.93328368496748,234.26828309023117,6.103393455109568
2026-11-25,2026-11-01,Pattaya_Central,Watermelon,182.49738993248977,exp_smoothing_4w,active SKU window only; historical active windows have complete daily rows; no pre-launch zero fill,44.01069549970777,45.0,0.2697136740843242,7.885,8.224,0.03236144275480709,0.024271082066105315,6,5.0,0.04299302473050104,138.3077564072398,226.6870234577397,188.60078338759934,142.93328368496748,234.26828309023117,6.103393455109568
2026-11-26,2026-11-01,Pattaya_Central,Watermelon,182.49738993248977,exp_smoothing_4w,active SKU window only; historical active windows have complete daily rows; no pre-launch zero fill,44.01069549970777,45.0,0.2697136740843242,7.885,8.224,0.03236144275480709,0.024271082066105315,6,5.0,0.04299302473050104,138.3077564072398,226.6870234577397,188.60078338759934,142.93328368496748,234.26828309023117,6.103393455109568
2026-11-27,2026-11-01,Pattaya_Central,Watermelon,182.49738993248977,exp_smoothing_4w,active SKU window only; historical active windows have complete daily rows; no pre-launch zero fill,44.01069549970777,45.0,0.2697136740843242,7.885,8.224,0.03236144275480709,0.024271082066105315,6,5.0,0.04299302473050104,138.3077564072398,226.6870234577397,188.60078338759934,142.93328368496748,234.26828309023117,6.103393455109568
2026-11-28,2026-11-01,Pattaya_Central,Watermelon,182.49738993248977,exp_smoothing_4w,active SKU window only; historical active windows have complete daily rows; no pre-launch zero fill,44.01069549970777,45.0,0.2697136740843242,7.885,8.224,0.03236144275480709,0.024271082066105315,6,5.0,0.04299302473050104,138.3077564072398,226.6870234577397,188.60078338759934,142.93328368496748,234.26828309023117,6.103393455109568
2026-11-29,2026-11-01,Pattaya_Central,Watermelon,182.49738993248977,exp_smoothing_4w,active SKU window only; historical active windows have complete daily rows; no pre-launch zero fill,44.01069549970777,45.0,0.2697136740843242,7.885,8.224,0.03236144275480709,0.024271082066105315,6,5.0,0.04299302473050104,138.3077564072398,226.6870234577397,188.60078338759934,142.93328368496748,234.26828309023117,6.103393455109568
2026-11-30,2026-11-01,Pattaya_Central,Watermelon,182.49738993248977,exp_smoothing_4w,active SKU window only; historical active windows have complete daily rows; no pre-launch zero fill,44.01069549970777,45.0,0.2697136740843242,7.885,8.224,0.03236144275480709,0.024271082066105315,6,5.0,0.04299302473050104,138.3077564072398,226.6870234577397,188.60078338759934,142.93328368496748,234.26828309023117,6.103393455109568
